2025-08-08 17:32:20,344 - INFO - 📄 Starting fresh RL loop memory
2025-08-08 17:32:20,345 - INFO - 🔄 RL LOOP AGENT INITIALIZED (IMPROVED)
2025-08-08 17:32:20,345 - INFO -    Strategy tracking: 8 strategies
2025-08-08 17:32:20,345 - INFO -    Past sessions: 0
2025-08-08 17:32:20,345 - INFO -    Exploration rate: 0.60
2025-08-08 17:32:20,345 - INFO -    Max rounds per optimization: 15
2025-08-08 17:32:20,345 - INFO -    Min rounds before convergence: 5
2025-08-08 17:32:20,346 - INFO -    Adaptive convergence: ENABLED
2025-08-08 17:32:20,357 - INFO - 🔄 Initialized reproducibility system for pre-optimization
2025-08-08 17:32:20,357 - INFO - Starting episodic optimization: 2 episodes, 63 prompts per episode
2025-08-08 17:32:20,357 - INFO - Target score: 0.99, Max rounds per prompt: 17
2025-08-08 17:32:20,357 - INFO - 
============================================================
2025-08-08 17:32:20,357 - INFO - STARTING EPISODE 1/2
2025-08-08 17:32:20,357 - INFO - ============================================================
2025-08-08 17:32:20,357 - INFO - 🔍 Checking server health at episode start...
2025-08-08 17:32:20,364 - INFO - ✅ Server health check passed
2025-08-08 17:32:20,365 - INFO - 
--- Episode 1, Prompt 1 (Total: 63) ---
2025-08-08 17:32:20,365 - INFO - Optimizing: 'white wooden golf club head'
2025-08-08 17:32:20,365 - INFO - 🔍 Checking server availability before optimization...
2025-08-08 17:32:20,370 - INFO - ✅ Server is available (status: completed)
2025-08-08 17:32:20,370 - INFO - 📝 Marked server as used at 1754674340.3708212
2025-08-08 17:32:20,370 - INFO - ✅ Server is available and marked as used
2025-08-08 17:32:20,371 - INFO - 🔄 Reproducibility optimization returned no result
2025-08-08 17:32:20,371 - INFO -       🔧 Overriding endpoint: generate/
2025-08-08 17:32:20,371 - INFO -       🔧 Using endpoint: generate/baolei/
2025-08-08 17:32:20,373 - INFO - 
🔄 RL LOOP OPTIMIZATION: 'white wooden golf club head'
2025-08-08 17:32:20,374 - INFO -    Session: rl_session_1754674340_7856
2025-08-08 17:32:20,374 - INFO -    Max rounds: 17
2025-08-08 17:32:20,374 - INFO -    Min rounds before convergence: 5
2025-08-08 17:32:20,374 - INFO -    Target score: 0.99
2025-08-08 17:32:20,374 - INFO - 
   🔄 RL Round 1/17
2025-08-08 17:32:20,374 - INFO -       🎯 Strategy: conservative_enhancement (exploit)
2025-08-08 17:32:24,205 - INFO - [TRELLIS] GPU cache cleared: {'status': 'cache_cleared', 'available_memory_gb': 20.652752896}
2025-08-08 17:32:24,207 - INFO -       🔍 Validating...
2025-08-08 17:32:24,207 - INFO -       📝 Using optimized prompt for generation: 'a precision-crafted white wooden golf club head with subtle grain patterns and a slight curvature, front view, accurate, complete, white background...'
2025-08-08 17:32:24,207 - INFO -       🎯 Computing scores against original prompt: 'white wooden golf club head...'
2025-08-08 17:33:19,964 - INFO -       📊 Validation score: 0.9053
2025-08-08 17:33:19,965 - INFO -       🎯 New best score: 0.9053
2025-08-08 17:33:19,965 - INFO - 
   🔄 RL Round 2/17
2025-08-08 17:33:19,965 - INFO -       🎯 Strategy: conservative_enhancement (exploit)
2025-08-08 17:33:23,240 - INFO - [TRELLIS] GPU cache cleared: {'status': 'cache_cleared', 'available_memory_gb': 20.648558592}
2025-08-08 17:33:23,240 - INFO -       🔍 Validating...
2025-08-08 17:33:23,241 - INFO -       📝 Using optimized prompt for generation: 'a precision-crafted white wooden golf club head with a slight taper and a delicate balance point, front view, accurate, complete, white background...'
2025-08-08 17:33:23,241 - INFO -       🎯 Computing scores against original prompt: 'white wooden golf club head...'
2025-08-08 17:34:20,346 - INFO -       📊 Validation score: 0.8104
2025-08-08 17:34:20,347 - INFO -       📉 Score declined: Consider different approach
2025-08-08 17:34:20,347 - INFO - 
   🔄 RL Round 3/17
2025-08-08 17:34:20,347 - INFO -       🎯 Strategy: conservative_enhancement (exploit)
2025-08-08 17:34:23,653 - INFO - [TRELLIS] GPU cache cleared: {'status': 'cache_cleared', 'available_memory_gb': 20.64646144}
2025-08-08 17:34:23,654 - INFO -       🔍 Validating...
2025-08-08 17:34:23,654 - INFO -       📝 Using optimized prompt for generation: 'a precision-crafted white wooden golf club head with a subtle curvature, finely textured grain patterns, and a delicate balance point...'
2025-08-08 17:34:23,654 - INFO -       🎯 Computing scores against original prompt: 'white wooden golf club head...'
2025-08-08 17:35:22,849 - INFO -       📊 Validation score: 0.8700
2025-08-08 17:35:22,849 - INFO -       📈 Improvement detected: conservative_enhancement working better
2025-08-08 17:35:22,849 - INFO - 
   🔄 RL Round 4/17
2025-08-08 17:35:22,849 - INFO -       🎯 Strategy: conservative_enhancement (exploit)
2025-08-08 17:35:27,328 - INFO - [TRELLIS] GPU cache cleared: {'status': 'cache_cleared', 'available_memory_gb': 20.64646144}
2025-08-08 17:35:27,329 - INFO -       🔍 Validating...
2025-08-08 17:35:27,329 - INFO -       📝 Using optimized prompt for generation: 'a precision-crafted white wooden golf club head with finely textured wood grain and a delicate, slightly curved shape, front view, accurate, complete, white background...'
2025-08-08 17:35:27,329 - INFO -       🎯 Computing scores against original prompt: 'white wooden golf club head...'
2025-08-08 17:36:23,125 - INFO -       📊 Validation score: 0.8467
2025-08-08 17:36:23,126 - INFO -       📉 Score declined: Consider different approach
2025-08-08 17:36:23,126 - INFO - 
   🔄 RL Round 5/17
2025-08-08 17:36:23,126 - INFO -       🎯 Strategy: aggressive_transformation (explore)
2025-08-08 17:36:26,192 - INFO - [TRELLIS] GPU cache cleared: {'status': 'cache_cleared', 'available_memory_gb': 20.64646144}
2025-08-08 17:36:26,192 - INFO -       🔍 Validating...
2025-08-08 17:36:26,193 - INFO -       📝 Using optimized prompt for generation: 'a white wooden golf club head with a delicate balance point, featuring intricate grain patterns that evoke a sense of rustic elegance, front view, accurate, complete, white background...'
2025-08-08 17:36:26,193 - INFO -       🎯 Computing scores against original prompt: 'white wooden golf club head...'
2025-08-08 17:37:22,804 - INFO -       📊 Validation score: 0.8491
2025-08-08 17:37:22,805 - INFO -       📈 Improvement detected: aggressive_transformation working better
2025-08-08 17:37:22,805 - INFO - 
   🔄 RL Round 6/17
2025-08-08 17:37:22,805 - INFO -       🎯 Strategy: material_focus (explore)
2025-08-08 17:37:26,276 - INFO - [TRELLIS] GPU cache cleared: {'status': 'cache_cleared', 'available_memory_gb': 20.64646144}
2025-08-08 17:37:26,276 - INFO -       🔍 Validating...
2025-08-08 17:37:26,276 - INFO -       📝 Using optimized prompt for generation: 'a precision-crafted white wooden golf club head with a delicate balance point and finely textured wood grain that gradually tapers towards the shaft, featuring a subtle curvature and a smooth, matte finish, front view, accurate, complete, white background...'
2025-08-08 17:37:26,276 - INFO -       🎯 Computing scores against original prompt: 'white wooden golf club head...'
2025-08-08 17:38:24,196 - INFO -       📊 Validation score: 0.6754
2025-08-08 17:38:24,196 - INFO -       📉 Score declined: Consider different approach
2025-08-08 17:38:24,197 - INFO - 
   🔄 RL Round 7/17
2025-08-08 17:38:24,197 - INFO -       🎯 Strategy: conservative_enhancement (exploit)
2025-08-08 17:38:27,433 - INFO - [TRELLIS] GPU cache cleared: {'status': 'cache_cleared', 'available_memory_gb': 20.64646144}
2025-08-08 17:38:27,433 - INFO -       🔍 Validating...
2025-08-08 17:38:27,434 - INFO -       📝 Using optimized prompt for generation: 'a precision-crafted white wooden golf club head with subtly textured wood grain and a slight curvature, front view, accurate, complete, white background...'
2025-08-08 17:38:27,434 - INFO -       🎯 Computing scores against original prompt: 'white wooden golf club head...'
2025-08-08 17:39:24,165 - INFO -       📊 Validation score: 0.7087
2025-08-08 17:39:24,166 - INFO -       📈 Improvement detected: conservative_enhancement working better
2025-08-08 17:39:24,166 - INFO - 
   🔄 RL Round 8/17
2025-08-08 17:39:24,166 - INFO -       🎯 Strategy: artistic_elaboration (explore)
2025-08-08 17:39:27,659 - INFO - [TRELLIS] GPU cache cleared: {'status': 'cache_cleared', 'available_memory_gb': 20.64646144}
2025-08-08 17:39:27,659 - INFO -       🔍 Validating...
2025-08-08 17:39:27,659 - INFO -       📝 Using optimized prompt for generation: 'a precision-crafted white wooden golf club head with intricate wood grain patterns and a delicate balance point, front view, accurate, complete, white background...'
2025-08-08 17:39:27,659 - INFO -       🎯 Computing scores against original prompt: 'white wooden golf club head...'
2025-08-08 17:40:23,255 - INFO -       📊 Validation score: 0.9461
2025-08-08 17:40:23,255 - INFO -       🎯 New best score: 0.9461
2025-08-08 17:40:23,255 - INFO -       📈 Improvement detected: artistic_elaboration working better
2025-08-08 17:40:23,255 - INFO - 
   🔄 RL Round 9/17
2025-08-08 17:40:23,255 - INFO -       🎯 Strategy: technical_precision (explore)
2025-08-08 17:40:27,450 - INFO - [TRELLIS] GPU cache cleared: {'status': 'cache_cleared', 'available_memory_gb': 20.64646144}
2025-08-08 17:40:27,451 - INFO -       🔍 Validating...
2025-08-08 17:40:27,451 - INFO -       📝 Using optimized prompt for generation: 'a precision-crafted white wooden golf club head with finely textured wood grain and a delicate balance point, featuring subtle ridges and a slight taper, front view, accurate, complete, white background...'
2025-08-08 17:40:27,451 - INFO -       🎯 Computing scores against original prompt: 'white wooden golf club head...'
2025-08-08 17:41:22,795 - INFO -       📊 Validation score: 0.9183
2025-08-08 17:41:22,795 - INFO -       📉 Score declined: Consider different approach
2025-08-08 17:41:22,795 - INFO - 
   🔄 RL Round 10/17
2025-08-08 17:41:22,795 - INFO -       🎯 Strategy: conservative_enhancement (exploit)
2025-08-08 17:41:26,155 - INFO - [TRELLIS] GPU cache cleared: {'status': 'cache_cleared', 'available_memory_gb': 20.64646144}
2025-08-08 17:41:26,156 - INFO -       🔍 Validating...
2025-08-08 17:41:26,156 - INFO -       📝 Using optimized prompt for generation: 'a precision-crafted white wooden golf club head with finely textured wood grain and a subtle, gentle curvature, front view, accurate, complete, white background...'
2025-08-08 17:41:26,156 - INFO -       🎯 Computing scores against original prompt: 'white wooden golf club head...'
2025-08-08 17:42:22,221 - INFO -       📊 Validation score: 0.8421
2025-08-08 17:42:22,221 - INFO -       📉 Score declined: Consider different approach
2025-08-08 17:42:22,221 - INFO - 
   🔄 RL Round 11/17
2025-08-08 17:42:22,222 - INFO -       🎯 Strategy: conservative_enhancement (exploit)
2025-08-08 17:42:25,402 - INFO - [TRELLIS] GPU cache cleared: {'status': 'cache_cleared', 'available_memory_gb': 20.642267136}
2025-08-08 17:42:25,402 - INFO -       🔍 Validating...
2025-08-08 17:42:25,403 - INFO -       📝 Using optimized prompt for generation: 'a precision-crafted white wooden golf club head with a subtle, gentle taper and finely textured wood grain, front view, accurate, complete, white background...'
2025-08-08 17:42:25,403 - INFO -       🎯 Computing scores against original prompt: 'white wooden golf club head...'
2025-08-08 17:43:20,935 - INFO -       📊 Validation score: 0.7001
2025-08-08 17:43:20,935 - INFO -       📉 Score declined: Consider different approach
2025-08-08 17:43:20,936 - INFO - 
   🔄 RL Round 12/17
2025-08-08 17:43:20,936 - INFO -       🎯 Strategy: contextual_scene_building (explore)
2025-08-08 17:43:24,407 - INFO - [TRELLIS] GPU cache cleared: {'status': 'cache_cleared', 'available_memory_gb': 20.642267136}
2025-08-08 17:43:24,407 - INFO -       🔍 Validating...
2025-08-08 17:43:24,407 - INFO -       📝 Using optimized prompt for generation: 'a precision-crafted white wooden golf club head with finely textured wood grain and a delicate balance point, exhibiting subtle curvature and weight distribution., front view, accurate, complete, white background...'
2025-08-08 17:43:24,408 - INFO -       🎯 Computing scores against original prompt: 'white wooden golf club head...'
2025-08-08 17:44:21,979 - INFO -       📊 Validation score: 0.8111
2025-08-08 17:44:21,979 - INFO -       📈 Improvement detected: contextual_scene_building working better
2025-08-08 17:44:21,979 - INFO - 
   🔄 RL Round 13/17
2025-08-08 17:44:21,979 - INFO -       🎯 Strategy: minimalist_refinement (explore)
2025-08-08 17:44:24,977 - INFO - [TRELLIS] GPU cache cleared: {'status': 'cache_cleared', 'available_memory_gb': 20.638072832}
2025-08-08 17:44:24,977 - INFO -       🔍 Validating...
2025-08-08 17:44:24,978 - INFO -       📝 Using optimized prompt for generation: 'a precision-crafted white wooden golf club head with finely textured wood grain, subtly tapered edges, and a delicate balance point...'
2025-08-08 17:44:24,978 - INFO -       🎯 Computing scores against original prompt: 'white wooden golf club head...'
2025-08-08 17:45:22,373 - INFO -       📊 Validation score: 0.8888
2025-08-08 17:45:22,374 - INFO -       📈 Improvement detected: minimalist_refinement working better
2025-08-08 17:45:22,374 - INFO - 
   🔄 RL Round 14/17
2025-08-08 17:45:22,374 - INFO -       🔍 Explore performing better - increasing epsilon to 0.55
2025-08-08 17:45:22,374 - INFO -       🎯 Strategy: conservative_enhancement (exploit)
2025-08-08 17:45:26,091 - INFO - [TRELLIS] GPU cache cleared: {'status': 'cache_cleared', 'available_memory_gb': 20.631781376}
2025-08-08 17:45:26,091 - INFO -       🔍 Validating...
2025-08-08 17:45:26,091 - INFO -       📝 Using optimized prompt for generation: 'a precision-crafted white wooden golf club head with subtly textured wood grain and a delicate balance point, featuring intricate knot patterns that add to its natural beauty, front view, accurate, complete, white background...'
2025-08-08 17:45:26,091 - INFO -       🎯 Computing scores against original prompt: 'white wooden golf club head...'
2025-08-08 17:46:22,183 - INFO -       📊 Validation score: 0.3626
2025-08-08 17:46:22,184 - INFO -       📉 Score declined: Consider different approach
2025-08-08 17:46:22,184 - INFO -       🔍 Increasing exploration to 0.65
2025-08-08 17:46:22,184 - INFO - 
   🔄 RL Round 15/17
2025-08-08 17:46:22,184 - INFO -       🔍 Explore performing better - increasing epsilon to 0.70
2025-08-08 17:46:22,185 - INFO -       🎯 Strategy: conservative_enhancement (exploit)
2025-08-08 17:46:26,273 - INFO - [TRELLIS] GPU cache cleared: {'status': 'cache_cleared', 'available_memory_gb': 20.631781376}
2025-08-08 17:46:26,273 - INFO -       🔍 Validating...
2025-08-08 17:46:26,273 - INFO -       📝 Using optimized prompt for generation: 'a precision-crafted white wooden golf club head with a delicate balance point, finely textured wood grain that resembles the intricate patterns found in traditional Japanese lacquerware, subtly tapered edges, and a slight curvature, front view, accurate, complete, white background...'
2025-08-08 17:46:26,273 - INFO -       🎯 Computing scores against original prompt: 'white wooden golf club head...'
2025-08-08 17:47:21,981 - INFO -       📊 Validation score: 0.8842
2025-08-08 17:47:21,981 - INFO -       📈 Improvement detected: conservative_enhancement working better
2025-08-08 17:47:21,981 - INFO - 
   🔄 RL Round 16/17
2025-08-08 17:47:21,981 - INFO -       🔍 Explore performing better - increasing epsilon to 0.75
2025-08-08 17:47:21,982 - INFO -       🎯 Strategy: hybrid_approach (explore)
2025-08-08 17:47:25,251 - INFO - [TRELLIS] GPU cache cleared: {'status': 'cache_cleared', 'available_memory_gb': 20.631781376}
2025-08-08 17:47:25,252 - INFO -       🔍 Validating...
2025-08-08 17:47:25,252 - INFO -       📝 Using optimized prompt for generation: 'a precision-crafted white wooden golf club head with finely textured wood grain and a delicate balance point, subtly tapered edge, front view, accurate, complete, white background...'
2025-08-08 17:47:25,252 - INFO -       🎯 Computing scores against original prompt: 'white wooden golf club head...'
2025-08-08 17:48:21,820 - INFO -       📊 Validation score: 0.7346
2025-08-08 17:48:21,821 - INFO -       📉 Score declined: Consider different approach
2025-08-08 17:48:21,821 - INFO - 
   🔄 RL Round 17/17
2025-08-08 17:48:21,821 - INFO -       🔍 Explore performing better - increasing epsilon to 0.80
2025-08-08 17:48:21,821 - INFO -       🎯 Strategy: aggressive_transformation (explore)
2025-08-08 17:48:25,215 - INFO - [TRELLIS] GPU cache cleared: {'status': 'cache_cleared', 'available_memory_gb': 20.631781376}
2025-08-08 17:48:25,215 - INFO -       🔍 Validating...
2025-08-08 17:48:25,215 - INFO -       📝 Using optimized prompt for generation: 'a precision-crafted white wooden golf club head with a fine grain texture, subtle curvature, and finely tapered edges, front view, accurate, complete, white background...'
2025-08-08 17:48:25,215 - INFO -       🎯 Computing scores against original prompt: 'white wooden golf club head...'
2025-08-08 17:49:20,459 - INFO -       📊 Validation score: 0.9300
2025-08-08 17:49:20,462 - INFO - 
🎯 RL LOOP COMPLETE:
2025-08-08 17:49:20,462 - INFO -    Best prompt: a precision-crafted white wooden golf club head with intricate wood grain patterns and a delicate balance point, front view, accurate, complete, white background
2025-08-08 17:49:20,462 - INFO -    Best score: 0.9461
2025-08-08 17:49:20,462 - INFO -    Rounds: 17
2025-08-08 17:49:20,462 - INFO -    Convergence: False
2025-08-08 17:49:20,462 - INFO -    Convergence reason: Not converged
2025-08-08 17:49:20,462 - INFO -    Exploration ratio: 47.1%
2025-08-08 17:49:20,462 - INFO -    Insights learned: 3
2025-08-08 17:49:20,462 - INFO -    Total time: 1020.09s
2025-08-08 17:49:20,463 - INFO - Prompt optimized in 17 rounds: 0.905 → 0.946 (+0.041)
2025-08-08 17:49:20,463 - INFO - ⏰ Max rounds reached
2025-08-08 17:49:20,463 - INFO - 
--- Episode 1, Prompt 2 (Total: 63) ---
2025-08-08 17:49:20,463 - INFO - Optimizing: 'enormous black robot with round body'
2025-08-08 17:49:20,463 - INFO - 🔍 Checking server availability before optimization...
2025-08-08 17:49:20,471 - INFO - ✅ Server is available (status: completed)
2025-08-08 17:49:20,471 - INFO - 📝 Marked server as used at 1754675360.4716895
2025-08-08 17:49:20,471 - INFO - ✅ Server is available and marked as used
2025-08-08 17:49:20,471 - INFO - 🔄 Reproducibility optimization returned no result
2025-08-08 17:49:20,472 - INFO -       🔧 Overriding endpoint: generate/baolei/
2025-08-08 17:49:20,472 - INFO -       🔧 Using endpoint: generate/baolei/
2025-08-08 17:49:20,475 - INFO - 
🔄 RL LOOP OPTIMIZATION: 'enormous black robot with round body'
2025-08-08 17:49:20,475 - INFO -    Session: rl_session_1754675360_1911
2025-08-08 17:49:20,475 - INFO -    Max rounds: 17
2025-08-08 17:49:20,475 - INFO -    Min rounds before convergence: 5
2025-08-08 17:49:20,475 - INFO -    Target score: 0.99
2025-08-08 17:49:20,475 - INFO - 
   🔄 RL Round 1/17
2025-08-08 17:49:20,475 - INFO -       🔍 Explore performing better - increasing epsilon to 0.80
2025-08-08 17:49:20,476 - INFO -       🎯 Strategy: material_focus (explore)
2025-08-08 17:49:24,138 - INFO - [TRELLIS] GPU cache cleared: {'status': 'cache_cleared', 'available_memory_gb': 20.631781376}
2025-08-08 17:49:24,139 - INFO -       🔍 Validating...
2025-08-08 17:49:24,139 - INFO -       📝 Using optimized prompt for generation: 'a sleek black enormous robot with round metallic body, precision-crafted joints, and glowing red optics set against a darkened urban cityscape, front view, accurate, complete, white background...'
2025-08-08 17:49:24,139 - INFO -       🎯 Computing scores against original prompt: 'enormous black robot with round body...'
2025-08-08 17:50:24,513 - INFO -       📊 Validation score: 0.7161
2025-08-08 17:50:24,513 - INFO -       🎯 New best score: 0.7161
2025-08-08 17:50:24,514 - INFO - 
   🔄 RL Round 2/17
2025-08-08 17:50:24,514 - INFO -       🔍 Explore performing better - increasing epsilon to 0.80
2025-08-08 17:50:24,514 - INFO -       🎯 Strategy: artistic_elaboration (explore)
2025-08-08 17:50:28,725 - INFO - [TRELLIS] GPU cache cleared: {'status': 'cache_cleared', 'available_memory_gb': 20.631781376}
2025-08-08 17:50:28,725 - INFO -       🔍 Validating...
2025-08-08 17:50:28,726 - INFO -       📝 Using optimized prompt for generation: 'a sleek, aerodynamically-shaped enormous black robot with a rounded metallic body, precision-crafted joints, and glowing red optics embedded in its angular shoulders, front view, accurate, complete, white background...'
2025-08-08 17:50:28,726 - INFO -       🎯 Computing scores against original prompt: 'enormous black robot with round body...'
2025-08-08 17:51:28,228 - INFO -       📊 Validation score: 0.9138
2025-08-08 17:51:28,228 - INFO -       🎯 New best score: 0.9138
2025-08-08 17:51:28,229 - INFO -       📈 Improvement detected: artistic_elaboration working better
2025-08-08 17:51:28,229 - INFO - 
   🔄 RL Round 3/17
2025-08-08 17:51:28,229 - INFO -       🔍 Explore performing better - increasing epsilon to 0.80
2025-08-08 17:51:28,229 - INFO -       🎯 Strategy: technical_precision (explore)
2025-08-08 17:51:32,845 - INFO - [TRELLIS] GPU cache cleared: {'status': 'cache_cleared', 'available_memory_gb': 20.631781376}
2025-08-08 17:51:32,845 - INFO -       🔍 Validating...
2025-08-08 17:51:32,846 - INFO -       📝 Using optimized prompt for generation: 'an enormous black robot with a round metallic body, precision-crafted joints featuring intricate gears and hydraulic systems, and a holographic display projecting real-time data on its surface...'
2025-08-08 17:51:32,846 - INFO -       🎯 Computing scores against original prompt: 'enormous black robot with round body...'
2025-08-08 17:52:33,547 - INFO -       📊 Validation score: 0.8983
2025-08-08 17:52:33,547 - INFO -       📉 Score declined: Consider different approach
2025-08-08 17:52:33,547 - INFO - 
   🔄 RL Round 4/17
2025-08-08 17:52:33,547 - INFO -       🔍 Explore performing better - increasing epsilon to 0.80
2025-08-08 17:52:33,547 - INFO -       🎯 Strategy: contextual_scene_building (explore)
2025-08-08 17:52:37,111 - INFO - [TRELLIS] GPU cache cleared: {'status': 'cache_cleared', 'available_memory_gb': 20.631781376}
2025-08-08 17:52:37,112 - INFO -       🔍 Validating...
2025-08-08 17:52:37,112 - INFO -       📝 Using optimized prompt for generation: 'an enormous black robot with a round metallic body, precision-crafted joints featuring interlocking gears and hydraulic pistons, precision-machined for optimal performance, front view, accurate, complete, white background...'
2025-08-08 17:52:37,112 - INFO -       🎯 Computing scores against original prompt: 'enormous black robot with round body...'
2025-08-08 17:53:35,558 - INFO -       📊 Validation score: 0.8957
2025-08-08 17:53:35,559 - INFO -       📉 Score declined: Consider different approach
2025-08-08 17:53:35,559 - INFO - 
   🔄 RL Round 5/17
2025-08-08 17:53:35,559 - INFO -       🔍 Explore performing better - increasing epsilon to 0.80
2025-08-08 17:53:35,559 - INFO -       🎯 Strategy: minimalist_refinement (explore)
2025-08-08 17:53:39,397 - INFO - [TRELLIS] GPU cache cleared: {'status': 'cache_cleared', 'available_memory_gb': 20.631781376}
2025-08-08 17:53:39,397 - INFO -       🔍 Validating...
2025-08-08 17:53:39,397 - INFO -       📝 Using optimized prompt for generation: 'a sturdy, cylindrical enormous black robot with a metallic body and precision-crafted joints featuring intricate gears and mechanical details, front view, accurate, complete, white background...'
2025-08-08 17:53:39,397 - INFO -       🎯 Computing scores against original prompt: 'enormous black robot with round body...'
2025-08-08 17:54:38,767 - INFO -       📊 Validation score: 0.7514
2025-08-08 17:54:38,767 - INFO -       🔍 Explore performing better - stricter convergence threshold: 0.005
2025-08-08 17:54:38,767 - INFO -       📉 Score declined: Consider different approach
2025-08-08 17:54:38,768 - INFO - 
   🔄 RL Round 6/17
2025-08-08 17:54:38,768 - INFO -       🔍 Explore performing better - increasing epsilon to 0.80
2025-08-08 17:54:38,768 - INFO -       🎯 Strategy: hybrid_approach (explore)
2025-08-08 17:54:43,109 - INFO - [TRELLIS] GPU cache cleared: {'status': 'cache_cleared', 'available_memory_gb': 20.631781376}
2025-08-08 17:54:43,110 - INFO -       🔍 Validating...
2025-08-08 17:54:43,110 - INFO -       📝 Using optimized prompt for generation: 'a sleek, aerodynamically-shaped enormous black robot with a rounded metallic body, precision-crafted joints featuring integrated ventilation systems and a retractable arm for enhanced maneuverability, front view, accurate, complete, white background...'
2025-08-08 17:54:43,110 - INFO -       🎯 Computing scores against original prompt: 'enormous black robot with round body...'
2025-08-08 17:55:41,563 - INFO -       📊 Validation score: 0.9107
2025-08-08 17:55:41,563 - INFO -       🔍 Explore performing better - stricter convergence threshold: 0.005
2025-08-08 17:55:41,564 - INFO -       📈 Improvement detected: hybrid_approach working better
2025-08-08 17:55:41,564 - INFO - 
   🔄 RL Round 7/17
2025-08-08 17:55:41,564 - INFO -       🔍 Explore performing better - increasing epsilon to 0.80
2025-08-08 17:55:41,564 - INFO -       🎯 Strategy: conservative_enhancement (exploit)
2025-08-08 17:55:44,691 - INFO - [TRELLIS] GPU cache cleared: {'status': 'cache_cleared', 'available_memory_gb': 20.631781376}
2025-08-08 17:55:44,691 - INFO -       🔍 Validating...
2025-08-08 17:55:44,692 - INFO -       📝 Using optimized prompt for generation: 'a sturdy, aerodynamically-shaped enormous black robot with a rounded metallic body featuring precision-crafted joints with intricate gears and hydraulic systems, front view, accurate, complete, white background...'
2025-08-08 17:55:44,692 - INFO -       🎯 Computing scores against original prompt: 'enormous black robot with round body...'
2025-08-08 17:56:42,996 - INFO -       📊 Validation score: 0.8989
2025-08-08 17:56:42,997 - INFO -       🔍 Explore performing better - stricter convergence threshold: 0.005
2025-08-08 17:56:42,997 - INFO -       📉 Score declined: Consider different approach
2025-08-08 17:56:42,997 - INFO - 
   🔄 RL Round 8/17
2025-08-08 17:56:42,997 - INFO -       🔍 Explore performing better - increasing epsilon to 0.80
2025-08-08 17:56:42,997 - INFO -       🎯 Strategy: aggressive_transformation (explore)
2025-08-08 17:56:46,242 - INFO - [TRELLIS] GPU cache cleared: {'status': 'cache_cleared', 'available_memory_gb': 20.631781376}
2025-08-08 17:56:46,242 - INFO -       🔍 Validating...
2025-08-08 17:56:46,242 - INFO -       📝 Using optimized prompt for generation: 'an enormous black robot with round metallic body and precision-crafted joints featuring intricate mechanical components, front view, accurate, complete, white background...'
2025-08-08 17:56:46,243 - INFO -       🎯 Computing scores against original prompt: 'enormous black robot with round body...'
2025-08-08 17:57:44,873 - INFO -       📊 Validation score: 0.9126
2025-08-08 17:57:44,874 - INFO -       🔍 Explore performing better - stricter convergence threshold: 0.005
2025-08-08 17:57:44,874 - INFO -       📈 Improvement detected: aggressive_transformation working better
2025-08-08 17:57:44,874 - INFO - 
   🔄 RL Round 9/17
2025-08-08 17:57:44,874 - INFO -       🔍 Explore performing better - increasing epsilon to 0.80
2025-08-08 17:57:44,874 - INFO -       🎯 Strategy: conservative_enhancement (exploit)
2025-08-08 17:57:48,348 - INFO - [TRELLIS] GPU cache cleared: {'status': 'cache_cleared', 'available_memory_gb': 20.631781376}
2025-08-08 17:57:48,348 - INFO -       🔍 Validating...
2025-08-08 17:57:48,348 - INFO -       📝 Using optimized prompt for generation: 'an enormous black robot with a rounded metallic body, precision-crafted joints featuring intricate mechanical patterns and a subtle sheen, front view, accurate, complete, white background...'
2025-08-08 17:57:48,348 - INFO -       🎯 Computing scores against original prompt: 'enormous black robot with round body...'
2025-08-08 17:58:47,859 - INFO -       📊 Validation score: 0.8925
2025-08-08 17:58:47,860 - INFO -       🔍 Explore performing better - stricter convergence threshold: 0.005
2025-08-08 17:58:47,860 - INFO -       📉 Score declined: Consider different approach
2025-08-08 17:58:47,860 - INFO - 
   🔄 RL Round 10/17
2025-08-08 17:58:47,860 - INFO -       🔍 Explore performing better - increasing epsilon to 0.80
2025-08-08 17:58:47,861 - INFO -       🎯 Strategy: material_focus (explore)
2025-08-08 17:58:51,763 - INFO - [TRELLIS] GPU cache cleared: {'status': 'cache_cleared', 'available_memory_gb': 20.631781376}
2025-08-08 17:58:51,763 - INFO -       🔍 Validating...
2025-08-08 17:58:51,763 - INFO -       📝 Using optimized prompt for generation: 'a sleek, aerodynamically-shaped enormous black robot with a rounded metallic body featuring precision-crafted joints with intricate mechanisms and subtle LED lighting along its edges, front view, accurate, complete, white background...'
2025-08-08 17:58:51,764 - INFO -       🎯 Computing scores against original prompt: 'enormous black robot with round body...'
2025-08-08 17:59:51,616 - INFO -       📊 Validation score: 0.8635
2025-08-08 17:59:51,617 - INFO -       🔍 Explore performing better - stricter convergence threshold: 0.005
2025-08-08 17:59:51,617 - INFO -       📉 Score declined: Consider different approach
2025-08-08 17:59:51,617 - INFO - 
   🔄 RL Round 11/17
2025-08-08 17:59:51,617 - INFO -       🔍 Explore performing better - increasing epsilon to 0.80
2025-08-08 17:59:51,617 - INFO -       🎯 Strategy: artistic_elaboration (explore)
2025-08-08 17:59:55,827 - INFO - [TRELLIS] GPU cache cleared: {'status': 'cache_cleared', 'available_memory_gb': 20.631781376}
2025-08-08 17:59:55,827 - INFO -       🔍 Validating...
2025-08-08 17:59:55,827 - INFO -       📝 Using optimized prompt for generation: 'a sleek, aerodynamically-shaped enormous black robot with precision-crafted joints featuring intricate gears, front view, accurate, complete, white background...'
2025-08-08 17:59:55,827 - INFO -       🎯 Computing scores against original prompt: 'enormous black robot with round body...'
2025-08-08 18:00:55,528 - INFO -       📊 Validation score: 0.8998
2025-08-08 18:00:55,529 - INFO -       🔍 Explore performing better - stricter convergence threshold: 0.005
2025-08-08 18:00:55,530 - INFO -       📈 Improvement detected: artistic_elaboration working better
2025-08-08 18:00:55,530 - INFO - 
   🔄 RL Round 12/17
2025-08-08 18:00:55,530 - INFO -       🔍 Explore performing better - increasing epsilon to 0.80
2025-08-08 18:00:55,530 - INFO -       🎯 Strategy: conservative_enhancement (exploit)
2025-08-08 18:00:59,706 - INFO - [TRELLIS] GPU cache cleared: {'status': 'cache_cleared', 'available_memory_gb': 20.631781376}
2025-08-08 18:00:59,706 - INFO -       🔍 Validating...
2025-08-08 18:00:59,707 - INFO -       📝 Using optimized prompt for generation: 'an enormous black robot with a round metallic body featuring precision-crafted joints with intricate mechanical lines and subtle textures, front view, accurate, complete, white background...'
2025-08-08 18:00:59,707 - INFO -       🎯 Computing scores against original prompt: 'enormous black robot with round body...'
2025-08-08 18:01:58,836 - INFO -       📊 Validation score: 0.9086
2025-08-08 18:01:58,837 - INFO -       🔍 Explore performing better - stricter convergence threshold: 0.005
2025-08-08 18:01:58,837 - INFO -       📈 Improvement detected: conservative_enhancement working better
2025-08-08 18:01:58,837 - INFO - 
   🔄 RL Round 13/17
2025-08-08 18:01:58,837 - INFO -       🔍 Explore performing better - increasing epsilon to 0.80
2025-08-08 18:01:58,837 - INFO -       🎯 Strategy: artistic_elaboration (explore)
2025-08-08 18:02:02,632 - INFO - [TRELLIS] GPU cache cleared: {'status': 'cache_cleared', 'available_memory_gb': 20.631781376}
2025-08-08 18:02:02,632 - INFO -       🔍 Validating...
2025-08-08 18:02:02,633 - INFO -       📝 Using optimized prompt for generation: 'an enormous black robot with a round metallic body featuring precision-crafted joints with intricate gear patterns and subtle ridges on its surface, front view, accurate, complete, white background...'
2025-08-08 18:02:02,633 - INFO -       🎯 Computing scores against original prompt: 'enormous black robot with round body...'
2025-08-08 18:03:03,872 - INFO -       📊 Validation score: 0.8767
2025-08-08 18:03:03,873 - INFO -       🔍 Explore performing better - stricter convergence threshold: 0.005
2025-08-08 18:03:03,873 - INFO -       📉 Score declined: Consider different approach
2025-08-08 18:03:03,873 - INFO - 
   🔄 RL Round 14/17
2025-08-08 18:03:03,873 - INFO -       🔍 Explore performing better - increasing epsilon to 0.80
2025-08-08 18:03:03,873 - INFO -       🎯 Strategy: artistic_elaboration (explore)
2025-08-08 18:03:07,199 - INFO - [TRELLIS] GPU cache cleared: {'status': 'cache_cleared', 'available_memory_gb': 20.631781376}
2025-08-08 18:03:07,199 - INFO -       🔍 Validating...
2025-08-08 18:03:07,199 - INFO -       📝 Using optimized prompt for generation: 'an enormous black robot with a metallic body, precision-crafted joints featuring intricate mechanisms and subtle LED lighting details...'
2025-08-08 18:03:07,199 - INFO -       🎯 Computing scores against original prompt: 'enormous black robot with round body...'
2025-08-08 18:04:06,155 - INFO -       📊 Validation score: 0.9269
2025-08-08 18:04:06,155 - INFO -       🎯 New best score: 0.9269
2025-08-08 18:04:06,155 - INFO -       🔍 Explore performing better - stricter convergence threshold: 0.005
2025-08-08 18:04:06,156 - INFO -       📈 Improvement detected: artistic_elaboration working better
2025-08-08 18:04:06,156 - INFO - 
   🔄 RL Round 15/17
2025-08-08 18:04:06,156 - INFO -       🔍 Explore performing better - increasing epsilon to 0.80
2025-08-08 18:04:06,157 - INFO -       🎯 Strategy: technical_precision (explore)
2025-08-08 18:04:09,569 - INFO - [TRELLIS] GPU cache cleared: {'status': 'cache_cleared', 'available_memory_gb': 20.631781376}
2025-08-08 18:04:09,569 - INFO -       🔍 Validating...
2025-08-08 18:04:09,569 - INFO -       📝 Using optimized prompt for generation: 'an enormous black robot with a rounded metallic body, precision-crafted joints featuring intricate gear mechanisms and subtle LED accents, front view, accurate, complete, white background...'
2025-08-08 18:04:09,569 - INFO -       🎯 Computing scores against original prompt: 'enormous black robot with round body...'
2025-08-08 18:05:09,594 - INFO -       📊 Validation score: 0.8914
2025-08-08 18:05:09,594 - INFO -       🔍 Explore performing better - stricter convergence threshold: 0.005
2025-08-08 18:05:09,595 - INFO -       📉 Score declined: Consider different approach
2025-08-08 18:05:09,595 - INFO - 
   🔄 RL Round 16/17
2025-08-08 18:05:09,595 - INFO -       🔍 Explore performing better - increasing epsilon to 0.80
2025-08-08 18:05:09,595 - INFO -       🎯 Strategy: technical_precision (explore)
2025-08-08 18:05:14,016 - INFO - [TRELLIS] GPU cache cleared: {'status': 'cache_cleared', 'available_memory_gb': 20.631781376}
2025-08-08 18:05:14,017 - INFO -       🔍 Validating...
2025-08-08 18:05:14,017 - INFO -       📝 Using optimized prompt for generation: 'an enormous black robot with a rounded metallic body, precision-crafted joints featuring intricate mechanical components and subtle LED lighting accents, front view, accurate, complete, white background...'
2025-08-08 18:05:14,017 - INFO -       🎯 Computing scores against original prompt: 'enormous black robot with round body...'
2025-08-08 18:06:11,769 - INFO -       📊 Validation score: 0.8152
2025-08-08 18:06:11,770 - INFO -       🔍 Explore performing better - stricter convergence threshold: 0.005
2025-08-08 18:06:11,770 - INFO -       📉 Score declined: Consider different approach
2025-08-08 18:06:11,770 - INFO - 
   🔄 RL Round 17/17
2025-08-08 18:06:11,770 - INFO -       🔍 Explore performing better - increasing epsilon to 0.80
2025-08-08 18:06:11,770 - INFO -       🎯 Strategy: technical_precision (explore)
2025-08-08 18:06:15,978 - INFO - [TRELLIS] GPU cache cleared: {'status': 'cache_cleared', 'available_memory_gb': 20.631781376}
2025-08-08 18:06:15,978 - INFO -       🔍 Validating...
2025-08-08 18:06:15,978 - INFO -       📝 Using optimized prompt for generation: 'an enormous black robot with a metallic body featuring precision-crafted joints with intricate mechanisms and subtle LED lighting accents, front view, accurate, complete, white background...'
2025-08-08 18:06:15,978 - INFO -       🎯 Computing scores against original prompt: 'enormous black robot with round body...'
2025-08-08 18:07:13,518 - INFO -       📊 Validation score: 0.8693
2025-08-08 18:07:13,518 - INFO -       🔍 Explore performing better - stricter convergence threshold: 0.005
2025-08-08 18:07:13,521 - INFO - 
🎯 RL LOOP COMPLETE:
2025-08-08 18:07:13,522 - INFO -    Best prompt: an enormous black robot with a metallic body, precision-crafted joints featuring intricate mechanisms and subtle LED lighting details
2025-08-08 18:07:13,522 - INFO -    Best score: 0.9269
2025-08-08 18:07:13,522 - INFO -    Rounds: 17
2025-08-08 18:07:13,522 - INFO -    Convergence: False
2025-08-08 18:07:13,522 - INFO -    Convergence reason: Not converged
2025-08-08 18:07:13,522 - INFO -    Exploration ratio: 82.4%
2025-08-08 18:07:13,522 - INFO -    Insights learned: 3
2025-08-08 18:07:13,522 - INFO -    Total time: 1073.04s
2025-08-08 18:07:13,523 - INFO - Prompt optimized in 17 rounds: 0.716 → 0.927 (+0.211)
2025-08-08 18:07:13,523 - INFO - ⏰ Max rounds reached
2025-08-08 18:07:13,523 - INFO - 
--- Episode 1, Prompt 3 (Total: 63) ---
2025-08-08 18:07:13,523 - INFO - Optimizing: 'bow with green handle and yellow bow'
2025-08-08 18:07:13,523 - INFO - 🔍 Checking server availability before optimization...
2025-08-08 18:07:13,531 - INFO - ✅ Server is available (status: completed)
2025-08-08 18:07:13,531 - INFO - 📝 Marked server as used at 1754676433.5312407
2025-08-08 18:07:13,531 - INFO - ✅ Server is available and marked as used
2025-08-08 18:07:13,531 - INFO - 🔄 Reproducibility optimization returned no result
2025-08-08 18:07:13,531 - INFO -       🔧 Overriding endpoint: generate/baolei/
2025-08-08 18:07:13,531 - INFO -       🔧 Using endpoint: generate/baolei/
2025-08-08 18:07:13,534 - INFO - 
🔄 RL LOOP OPTIMIZATION: 'bow with green handle and yellow bow'
2025-08-08 18:07:13,534 - INFO -    Session: rl_session_1754676433_9378
2025-08-08 18:07:13,534 - INFO -    Max rounds: 17
2025-08-08 18:07:13,534 - INFO -    Min rounds before convergence: 5
2025-08-08 18:07:13,534 - INFO -    Target score: 0.99
2025-08-08 18:07:13,534 - INFO - 
   🔄 RL Round 1/17
2025-08-08 18:07:13,534 - INFO -       🔍 Explore performing better - increasing epsilon to 0.80
2025-08-08 18:07:13,534 - INFO -       🎯 Strategy: artistic_elaboration (exploit)
2025-08-08 18:07:16,514 - INFO - [TRELLIS] GPU cache cleared: {'status': 'cache_cleared', 'available_memory_gb': 20.631781376}
2025-08-08 18:07:16,515 - INFO -       🔍 Validating...
2025-08-08 18:07:16,515 - INFO -       📝 Using optimized prompt for generation: 'a bow with a green handle that is intricately wrapped in a pattern of interlocking vines, its yellow ribbon tied in a perfect bow at the center, front view, accurate, complete, white background...'
2025-08-08 18:07:16,515 - INFO -       🎯 Computing scores against original prompt: 'bow with green handle and yellow bow...'
2025-08-08 18:08:12,523 - INFO -       📊 Validation score: 0.9511
2025-08-08 18:08:12,523 - INFO -       🎯 New best score: 0.9511
2025-08-08 18:08:12,524 - INFO - 
   🔄 RL Round 2/17
2025-08-08 18:08:12,524 - INFO -       🎯 Strategy: technical_precision (explore)
2025-08-08 18:08:15,274 - INFO - [TRELLIS] GPU cache cleared: {'status': 'cache_cleared', 'available_memory_gb': 20.631781376}
2025-08-08 18:08:15,274 - INFO -       🔍 Validating...
2025-08-08 18:08:15,274 - INFO -       📝 Using optimized prompt for generation: 'a sleek and curved bow with an emerald green handle featuring intricate knotwork, its bright yellow hue gradating to a soft golden tone at the edges...'
2025-08-08 18:08:15,274 - INFO -       🎯 Computing scores against original prompt: 'bow with green handle and yellow bow...'
2025-08-08 18:09:18,383 - INFO -       📊 Validation score: 0.8998
2025-08-08 18:09:18,384 - INFO -       📉 Score declined: Consider different approach
2025-08-08 18:09:18,384 - INFO - 
   🔄 RL Round 3/17
2025-08-08 18:09:18,384 - INFO -       🎯 Strategy: artistic_elaboration (exploit)
2025-08-08 18:09:22,931 - INFO - [TRELLIS] GPU cache cleared: {'status': 'cache_cleared', 'available_memory_gb': 20.631781376}
2025-08-08 18:09:22,932 - INFO -       🔍 Validating...
2025-08-08 18:09:22,933 - INFO -       📝 Using optimized prompt for generation: 'a slender bow with an emerald green handle featuring intricate knotwork, its bright yellow hue gradually transitioning into a soft, sun-kissed patina, front view, accurate, complete, white background...'
2025-08-08 18:09:22,933 - INFO -       🎯 Computing scores against original prompt: 'bow with green handle and yellow bow...'
2025-08-08 18:10:17,538 - INFO -       📊 Validation score: 0.8952
2025-08-08 18:10:17,538 - INFO -       📉 Score declined: Consider different approach
2025-08-08 18:10:17,538 - INFO - 
   🔄 RL Round 4/17
2025-08-08 18:10:17,538 - INFO -       🎯 Strategy: artistic_elaboration (explore)
2025-08-08 18:10:20,562 - INFO - [TRELLIS] GPU cache cleared: {'status': 'cache_cleared', 'available_memory_gb': 20.631781376}
2025-08-08 18:10:20,562 - INFO -       🔍 Validating...
2025-08-08 18:10:20,563 - INFO -       📝 Using optimized prompt for generation: 'a slender bow with an emerald green handle featuring intricate knotwork, its bright yellow hue gradating from light to dark across the length of the bow's curves...'
2025-08-08 18:10:20,563 - INFO -       🎯 Computing scores against original prompt: 'bow with green handle and yellow bow...'
2025-08-08 18:11:18,030 - INFO -       📊 Validation score: 0.8739
2025-08-08 18:11:18,031 - INFO -       📉 Score declined: Consider different approach
2025-08-08 18:11:18,031 - INFO - 
   🔄 RL Round 5/17
2025-08-08 18:11:18,031 - INFO -       🎯 Strategy: artistic_elaboration (explore)
2025-08-08 18:11:22,199 - INFO - [TRELLIS] GPU cache cleared: {'status': 'cache_cleared', 'available_memory_gb': 20.631781376}
2025-08-08 18:11:22,199 - INFO -       🔍 Validating...
2025-08-08 18:11:22,199 - INFO -       📝 Using optimized prompt for generation: 'a sleek and slender bow with an emerald green handle featuring intricate knotwork, its bright yellow hue gradates from light to dark towards the tips of the bow's curved edges, front view, accurate, complete, white background...'
2025-08-08 18:11:22,199 - INFO -       🎯 Computing scores against original prompt: 'bow with green handle and yellow bow...'
2025-08-08 18:12:16,545 - INFO -       📊 Validation score: 0.6694
2025-08-08 18:12:16,546 - INFO -       🔍 Explore performing better - stricter convergence threshold: 0.005
2025-08-08 18:12:16,546 - INFO -       📉 Score declined: Consider different approach
2025-08-08 18:12:16,546 - INFO - 
   🔄 RL Round 6/17
2025-08-08 18:12:16,546 - INFO -       🎯 Strategy: artistic_elaboration (explore)
2025-08-08 18:12:19,695 - INFO - [TRELLIS] GPU cache cleared: {'status': 'cache_cleared', 'available_memory_gb': 20.631781376}
2025-08-08 18:12:19,695 - INFO -       🔍 Validating...
2025-08-08 18:12:19,696 - INFO -       📝 Using optimized prompt for generation: 'a slender bow with an emerald green handle featuring intricate knotwork, its bright yellow hue gradates from light to dark across the length of the bow, with subtle ridges and patterns etched into the wood grain, front view, accurate, complete, white background...'
2025-08-08 18:12:19,696 - INFO -       🎯 Computing scores against original prompt: 'bow with green handle and yellow bow...'
2025-08-08 18:13:14,166 - INFO -       📊 Validation score: 0.8911
2025-08-08 18:13:14,167 - INFO -       🔍 Explore performing better - stricter convergence threshold: 0.005
2025-08-08 18:13:14,167 - INFO -       📈 Improvement detected: artistic_elaboration working better
2025-08-08 18:13:14,167 - INFO - 
   🔄 RL Round 7/17
2025-08-08 18:13:14,167 - INFO -       🎯 Strategy: contextual_scene_building (explore)
2025-08-08 18:13:17,568 - INFO - [TRELLIS] GPU cache cleared: {'status': 'cache_cleared', 'available_memory_gb': 20.631781376}
2025-08-08 18:13:17,568 - INFO -       🔍 Validating...
2025-08-08 18:13:17,568 - INFO -       📝 Using optimized prompt for generation: 'a slender bow with an emerald green handle featuring intricate knotwork, its bright yellow hue gradually deepens in shading towards the tips of the bowstring, front view, accurate, complete, white background...'
2025-08-08 18:13:17,569 - INFO -       🎯 Computing scores against original prompt: 'bow with green handle and yellow bow...'
2025-08-08 18:14:12,439 - INFO -       📊 Validation score: 0.8966
2025-08-08 18:14:12,440 - INFO -       🔍 Explore performing better - stricter convergence threshold: 0.005
2025-08-08 18:14:12,440 - INFO -       📈 Improvement detected: contextual_scene_building working better
2025-08-08 18:14:12,440 - INFO - 
   🔄 RL Round 8/17
2025-08-08 18:14:12,440 - INFO -       🎯 Strategy: minimalist_refinement (explore)
2025-08-08 18:14:16,512 - INFO - [TRELLIS] GPU cache cleared: {'status': 'cache_cleared', 'available_memory_gb': 20.631781376}
2025-08-08 18:14:16,513 - INFO -       🔍 Validating...
2025-08-08 18:14:16,513 - INFO -       📝 Using optimized prompt for generation: 'a slender, curved bow with an emerald green handle featuring intricate knotwork, its bright yellow hue gradates subtly from stem to tip, front view, accurate, complete, white background...'
2025-08-08 18:14:16,513 - INFO -       🎯 Computing scores against original prompt: 'bow with green handle and yellow bow...'
2025-08-08 18:15:14,207 - INFO -       📊 Validation score: 0.8880
2025-08-08 18:15:14,208 - INFO -       🔍 Explore performing better - stricter convergence threshold: 0.005
2025-08-08 18:15:14,208 - INFO -       📉 Score declined: Consider different approach
2025-08-08 18:15:14,208 - INFO - 
   🔄 RL Round 9/17
2025-08-08 18:15:14,208 - INFO -       🎯 Strategy: minimalist_refinement (explore)
2025-08-08 18:15:17,815 - INFO - [TRELLIS] GPU cache cleared: {'status': 'cache_cleared', 'available_memory_gb': 20.631781376}
2025-08-08 18:15:17,815 - INFO -       🔍 Validating...
2025-08-08 18:15:17,815 - INFO -       📝 Using optimized prompt for generation: 'a slender and curved bow with a richly textured emerald green handle featuring intricate knotwork patterns, its bright yellow hue gradating from light to dark in a smooth, even flow, front view, accurate, complete, white background...'
2025-08-08 18:15:17,815 - INFO -       🎯 Computing scores against original prompt: 'bow with green handle and yellow bow...'
2025-08-08 18:16:12,566 - INFO -       📊 Validation score: 0.9226
2025-08-08 18:16:12,567 - INFO -       🔍 Explore performing better - stricter convergence threshold: 0.005
2025-08-08 18:16:12,567 - INFO -       📈 Improvement detected: minimalist_refinement working better
2025-08-08 18:16:12,567 - INFO - 
   🔄 RL Round 10/17
2025-08-08 18:16:12,567 - INFO -       🎯 Strategy: hybrid_approach (explore)
2025-08-08 18:16:17,273 - INFO - [TRELLIS] GPU cache cleared: {'status': 'cache_cleared', 'available_memory_gb': 20.631781376}
2025-08-08 18:16:17,274 - INFO -       🔍 Validating...
2025-08-08 18:16:17,274 - INFO -       📝 Using optimized prompt for generation: 'a slender bow with an emerald green handle featuring intricate knotwork, its bright yellow hue gradually deepens into a rich golden tone towards the tips of the bow, front view, accurate, complete, white background...'
2025-08-08 18:16:17,274 - INFO -       🎯 Computing scores against original prompt: 'bow with green handle and yellow bow...'
2025-08-08 18:17:12,050 - INFO -       📊 Validation score: 0.8842
2025-08-08 18:17:12,051 - INFO -       🔍 Explore performing better - stricter convergence threshold: 0.005
2025-08-08 18:17:12,051 - INFO -       📉 Score declined: Consider different approach
2025-08-08 18:17:12,051 - INFO - 
   🔄 RL Round 11/17
2025-08-08 18:17:12,052 - INFO -       🎯 Strategy: aggressive_transformation (explore)
2025-08-08 18:17:15,778 - INFO - [TRELLIS] GPU cache cleared: {'status': 'cache_cleared', 'available_memory_gb': 20.631781376}
2025-08-08 18:17:15,778 - INFO -       🔍 Validating...
2025-08-08 18:17:15,778 - INFO -       📝 Using optimized prompt for generation: 'a slender bow with an emerald green handle featuring intricate knotwork, its bright yellow hue gradually transitioning into a soft, muted tone towards the ends, front view, accurate, complete, white background...'
2025-08-08 18:17:15,778 - INFO -       🎯 Computing scores against original prompt: 'bow with green handle and yellow bow...'
2025-08-08 18:18:13,580 - INFO -       📊 Validation score: 0.9451
2025-08-08 18:18:13,581 - INFO -       🔍 Explore performing better - stricter convergence threshold: 0.005
2025-08-08 18:18:13,582 - INFO -       📈 Improvement detected: aggressive_transformation working better
2025-08-08 18:18:13,582 - INFO - 
   🔄 RL Round 12/17
2025-08-08 18:18:13,583 - INFO -       🎯 Strategy: artistic_elaboration (exploit)
2025-08-08 18:18:17,050 - INFO - [TRELLIS] GPU cache cleared: {'status': 'cache_cleared', 'available_memory_gb': 20.631781376}
2025-08-08 18:18:17,050 - INFO -       🔍 Validating...
2025-08-08 18:18:17,050 - INFO -       📝 Using optimized prompt for generation: 'a slender bow with an emerald green handle featuring intricate knotwork, its bright yellow hue gradually deepening into a rich gold towards the tip, front view, accurate, complete, white background...'
2025-08-08 18:18:17,050 - INFO -       🎯 Computing scores against original prompt: 'bow with green handle and yellow bow...'
2025-08-08 18:19:12,041 - INFO -       📊 Validation score: 0.7941
2025-08-08 18:19:12,042 - INFO -       🔍 Explore performing better - stricter convergence threshold: 0.005
2025-08-08 18:19:12,042 - INFO -       📉 Score declined: Consider different approach
2025-08-08 18:19:12,042 - INFO - 
   🔄 RL Round 13/17
2025-08-08 18:19:12,042 - INFO -       🎯 Strategy: material_focus (explore)
2025-08-08 18:19:16,122 - INFO - [TRELLIS] GPU cache cleared: {'status': 'cache_cleared', 'available_memory_gb': 20.631781376}
2025-08-08 18:19:16,122 - INFO -       🔍 Validating...
2025-08-08 18:19:16,122 - INFO -       📝 Using optimized prompt for generation: 'a slender bow with a green handle featuring intricately wrapped rope and subtle golden accents, front view, accurate, complete, white background...'
2025-08-08 18:19:16,122 - INFO -       🎯 Computing scores against original prompt: 'bow with green handle and yellow bow...'
2025-08-08 18:20:11,282 - INFO -       📊 Validation score: 0.8321
2025-08-08 18:20:11,283 - INFO -       🔍 Explore performing better - stricter convergence threshold: 0.005
2025-08-08 18:20:11,283 - INFO -       📈 Improvement detected: material_focus working better
2025-08-08 18:20:11,284 - INFO - 
   🔄 RL Round 14/17
2025-08-08 18:20:11,284 - INFO -       🎯 Strategy: contextual_scene_building (explore)
2025-08-08 18:20:14,784 - INFO - [TRELLIS] GPU cache cleared: {'status': 'cache_cleared', 'available_memory_gb': 20.631781376}
2025-08-08 18:20:14,785 - INFO -       🔍 Validating...
2025-08-08 18:20:14,785 - INFO -       📝 Using optimized prompt for generation: 'a slender bow with an emerald green handle featuring intricate knotwork and subtle golden accents, front view, accurate, complete, white background...'
2025-08-08 18:20:14,785 - INFO -       🎯 Computing scores against original prompt: 'bow with green handle and yellow bow...'
2025-08-08 18:21:10,085 - INFO -       📊 Validation score: 0.8796
2025-08-08 18:21:10,086 - INFO -       🔍 Explore performing better - stricter convergence threshold: 0.005
2025-08-08 18:21:10,086 - INFO -       📈 Improvement detected: contextual_scene_building working better
2025-08-08 18:21:10,086 - INFO - 
   🔄 RL Round 15/17
2025-08-08 18:21:10,086 - INFO -       🎯 Strategy: contextual_scene_building (explore)
2025-08-08 18:21:14,361 - INFO - [TRELLIS] GPU cache cleared: {'status': 'cache_cleared', 'available_memory_gb': 20.631781376}
2025-08-08 18:21:14,362 - INFO -       🔍 Validating...
2025-08-08 18:21:14,362 - INFO -       📝 Using optimized prompt for generation: 'a slender, curved bow with an emerald green handle featuring intricate knotwork and subtle golden accents, its bright yellow hue graduating from light to deep at the tip, front view, accurate, complete, white background...'
2025-08-08 18:21:14,362 - INFO -       🎯 Computing scores against original prompt: 'bow with green handle and yellow bow...'
2025-08-08 18:22:08,748 - INFO -       📊 Validation score: 0.7212
2025-08-08 18:22:08,748 - INFO -       📉 Score declined: Consider different approach
2025-08-08 18:22:08,749 - INFO - 
   🔄 RL Round 16/17
2025-08-08 18:22:08,749 - INFO -       🎯 Strategy: artistic_elaboration (exploit)
2025-08-08 18:22:11,949 - INFO - [TRELLIS] GPU cache cleared: {'status': 'cache_cleared', 'available_memory_gb': 20.631781376}
2025-08-08 18:22:11,950 - INFO -       🔍 Validating...
2025-08-08 18:22:11,950 - INFO -       📝 Using optimized prompt for generation: 'a slender bow with an emerald green handle featuring intricate knotwork and delicate golden accents, front view, accurate, complete, white background...'
2025-08-08 18:22:11,950 - INFO -       🎯 Computing scores against original prompt: 'bow with green handle and yellow bow...'
2025-08-08 18:23:05,755 - INFO -       📊 Validation score: 0.5173
2025-08-08 18:23:05,755 - INFO -       🔍 Explore performing better - stricter convergence threshold: 0.005
2025-08-08 18:23:05,756 - INFO -       📉 Score declined: Consider different approach
2025-08-08 18:23:05,756 - INFO - 
   🔄 RL Round 17/17
2025-08-08 18:23:05,756 - INFO -       🎯 Strategy: technical_precision (exploit)
2025-08-08 18:23:10,008 - INFO - [TRELLIS] GPU cache cleared: {'status': 'cache_cleared', 'available_memory_gb': 20.631781376}
2025-08-08 18:23:10,009 - INFO -       🔍 Validating...
2025-08-08 18:23:10,009 - INFO -       📝 Using optimized prompt for generation: 'a sleek bow with a green handle featuring intricate knotwork, its bright yellow hue graduating to a soft, golden sheen at the tip, front view, accurate, complete, white background...'
2025-08-08 18:23:10,009 - INFO -       🎯 Computing scores against original prompt: 'bow with green handle and yellow bow...'
2025-08-08 18:24:03,839 - INFO -       📊 Validation score: 0.8503
2025-08-08 18:24:03,840 - INFO -       🔍 Explore performing better - stricter convergence threshold: 0.005
2025-08-08 18:24:03,844 - INFO - 
🎯 RL LOOP COMPLETE:
2025-08-08 18:24:03,844 - INFO -    Best prompt: a bow with a green handle that is intricately wrapped in a pattern of interlocking vines, its yellow ribbon tied in a perfect bow at the center, front view, accurate, complete, white background
2025-08-08 18:24:03,844 - INFO -    Best score: 0.9511
2025-08-08 18:24:03,844 - INFO -    Rounds: 17
2025-08-08 18:24:03,844 - INFO -    Convergence: False
2025-08-08 18:24:03,844 - INFO -    Convergence reason: Not converged
2025-08-08 18:24:03,844 - INFO -    Exploration ratio: 70.6%
2025-08-08 18:24:03,845 - INFO -    Insights learned: 2
2025-08-08 18:24:03,845 - INFO -    Total time: 1010.31s
2025-08-08 18:24:03,845 - INFO - Prompt optimized in 17 rounds: 0.951 → 0.951 (+0.000)
2025-08-08 18:24:03,845 - INFO - ⏰ Max rounds reached
2025-08-08 18:24:03,845 - INFO - 
--- Episode 1, Prompt 4 (Total: 63) ---
2025-08-08 18:24:03,845 - INFO - Optimizing: 'wooden flute adorned with colorful beads'
2025-08-08 18:24:03,846 - INFO - 🔍 Checking server availability before optimization...
2025-08-08 18:24:03,853 - INFO - ✅ Server is available (status: completed)
2025-08-08 18:24:03,853 - INFO - 📝 Marked server as used at 1754677443.8537085
2025-08-08 18:24:03,853 - INFO - ✅ Server is available and marked as used
2025-08-08 18:24:03,853 - INFO - 🔄 Reproducibility optimization returned no result
2025-08-08 18:24:03,854 - INFO -       🔧 Overriding endpoint: generate/baolei/
2025-08-08 18:24:03,854 - INFO -       🔧 Using endpoint: generate/baolei/
2025-08-08 18:24:03,856 - INFO - 
🔄 RL LOOP OPTIMIZATION: 'wooden flute adorned with colorful beads'
2025-08-08 18:24:03,856 - INFO -    Session: rl_session_1754677443_1525
2025-08-08 18:24:03,856 - INFO -    Max rounds: 17
2025-08-08 18:24:03,856 - INFO -    Min rounds before convergence: 5
2025-08-08 18:24:03,857 - INFO -    Target score: 0.99
2025-08-08 18:24:03,857 - INFO - 
   🔄 RL Round 1/17
2025-08-08 18:24:03,857 - INFO -       🔍 Explore performing better - increasing epsilon to 0.74
2025-08-08 18:24:03,857 - INFO -       🎯 Strategy: contextual_scene_building (explore)
2025-08-08 18:24:07,402 - INFO - [TRELLIS] GPU cache cleared: {'status': 'cache_cleared', 'available_memory_gb': 20.631781376}
2025-08-08 18:24:07,403 - INFO -       🔍 Validating...
2025-08-08 18:24:07,403 - INFO -       📝 Using optimized prompt for generation: 'a polished wooden flute adorned with colorful glass beads that refract and reflect light, casting tiny rainbows across its surface, front view, accurate, complete, white background...'
2025-08-08 18:24:07,403 - INFO -       🎯 Computing scores against original prompt: 'wooden flute adorned with colorful beads...'
2025-08-08 18:25:03,865 - INFO -       📊 Validation score: 0.7863
2025-08-08 18:25:03,865 - INFO -       🎯 New best score: 0.7863
2025-08-08 18:25:03,865 - INFO - 
   🔄 RL Round 2/17
2025-08-08 18:25:03,866 - INFO -       🎯 Strategy: technical_precision (exploit)
2025-08-08 18:25:08,228 - INFO - [TRELLIS] GPU cache cleared: {'status': 'cache_cleared', 'available_memory_gb': 20.631781376}
2025-08-08 18:25:08,228 - INFO -       🔍 Validating...
2025-08-08 18:25:08,228 - INFO -       📝 Using optimized prompt for generation: 'a beautifully crafted wooden flute adorned with intricately patterned, multicolored glass beads that catch the light and emit a soft, ethereal glow, front view, accurate, complete, white background...'
2025-08-08 18:25:08,228 - INFO -       🎯 Computing scores against original prompt: 'wooden flute adorned with colorful beads...'
2025-08-08 18:26:07,123 - INFO -       📊 Validation score: 0.9159
2025-08-08 18:26:07,123 - INFO -       🎯 New best score: 0.9159
2025-08-08 18:26:07,123 - INFO -       📈 Improvement detected: technical_precision working better
2025-08-08 18:26:07,123 - INFO - 
   🔄 RL Round 3/17
2025-08-08 18:26:07,124 - INFO -       🎯 Strategy: technical_precision (exploit)
2025-08-08 18:26:10,628 - INFO - [TRELLIS] GPU cache cleared: {'status': 'cache_cleared', 'available_memory_gb': 20.631781376}
2025-08-08 18:26:10,629 - INFO -       🔍 Validating...
2025-08-08 18:26:10,629 - INFO -       📝 Using optimized prompt for generation: 'a beautifully crafted wooden flute adorned with intricately patterned, multicolored glass beads that refract and reflect light in a way that creates an otherworldly sheen...'
2025-08-08 18:26:10,629 - INFO -       🎯 Computing scores against original prompt: 'wooden flute adorned with colorful beads...'
2025-08-08 18:27:08,787 - INFO -       📊 Validation score: 0.9285
2025-08-08 18:27:08,788 - INFO -       🎯 New best score: 0.9285
2025-08-08 18:27:08,788 - INFO -       📈 Improvement detected: technical_precision working better
2025-08-08 18:27:08,788 - INFO - 
   🔄 RL Round 4/17
2025-08-08 18:27:08,788 - INFO -       🎯 Strategy: contextual_scene_building (explore)
2025-08-08 18:27:12,564 - INFO - [TRELLIS] GPU cache cleared: {'status': 'cache_cleared', 'available_memory_gb': 20.631781376}
2025-08-08 18:27:12,565 - INFO -       🔍 Validating...
2025-08-08 18:27:12,565 - INFO -       📝 Using optimized prompt for generation: 'a slender wooden flute adorned with intricately patterned, multicolored glass beads that refract and reflect light, casting tiny shadows on the surrounding surface...'
2025-08-08 18:27:12,565 - INFO -       🎯 Computing scores against original prompt: 'wooden flute adorned with colorful beads...'
2025-08-08 18:28:10,148 - INFO -       📊 Validation score: 0.8346
2025-08-08 18:28:10,148 - INFO -       📉 Score declined: Consider different approach
2025-08-08 18:28:10,149 - INFO - 
   🔄 RL Round 5/17
2025-08-08 18:28:10,149 - INFO -       🎯 Strategy: artistic_elaboration (explore)
2025-08-08 18:28:14,864 - INFO - [TRELLIS] GPU cache cleared: {'status': 'cache_cleared', 'available_memory_gb': 20.631781376}
2025-08-08 18:28:14,864 - INFO -       🔍 Validating...
2025-08-08 18:28:14,864 - INFO -       📝 Using optimized prompt for generation: 'a slender wooden flute adorned with intricately patterned, multicolored glass beads that refract and reflect soft, warm light casting a gentle glow, front view, accurate, complete, white background...'
2025-08-08 18:28:14,864 - INFO -       🎯 Computing scores against original prompt: 'wooden flute adorned with colorful beads...'
2025-08-08 18:29:12,938 - INFO -       📊 Validation score: 0.8491
2025-08-08 18:29:12,939 - INFO -       📈 Improvement detected: artistic_elaboration working better
2025-08-08 18:29:12,939 - INFO - 
   🔄 RL Round 6/17
2025-08-08 18:29:12,939 - INFO -       🎯 Strategy: hybrid_approach (explore)
2025-08-08 18:29:17,575 - INFO - [TRELLIS] GPU cache cleared: {'status': 'cache_cleared', 'available_memory_gb': 20.631781376}
2025-08-08 18:29:17,575 - INFO -       🔍 Validating...
2025-08-08 18:29:17,575 - INFO -       📝 Using optimized prompt for generation: 'a slender wooden flute adorned with intricately patterned, multicolored glass beads that refract and reflect light, casting a gentle glow on the surrounding air, front view, accurate, complete, white background...'
2025-08-08 18:29:17,576 - INFO -       🎯 Computing scores against original prompt: 'wooden flute adorned with colorful beads...'
2025-08-08 18:30:14,912 - INFO -       📊 Validation score: 0.8381
2025-08-08 18:30:14,912 - INFO -       📉 Score declined: Consider different approach
2025-08-08 18:30:14,913 - INFO - 
   🔄 RL Round 7/17
2025-08-08 18:30:14,913 - INFO -       🎯 Strategy: technical_precision (exploit)
2025-08-08 18:30:19,094 - INFO - [TRELLIS] GPU cache cleared: {'status': 'cache_cleared', 'available_memory_gb': 20.631781376}
2025-08-08 18:30:19,094 - INFO -       🔍 Validating...
2025-08-08 18:30:19,095 - INFO -       📝 Using optimized prompt for generation: 'a slender wooden flute adorned with intricately patterned, multicolored glass beads that refract and reflect light, front view, accurate, complete, white background...'
2025-08-08 18:30:19,095 - INFO -       🎯 Computing scores against original prompt: 'wooden flute adorned with colorful beads...'
2025-08-08 18:31:17,718 - INFO -       📊 Validation score: 0.9318
2025-08-08 18:31:17,719 - INFO -       🎯 New best score: 0.9318
2025-08-08 18:31:17,719 - INFO -       📈 Improvement detected: technical_precision working better
2025-08-08 18:31:17,719 - INFO - 
   🔄 RL Round 8/17
2025-08-08 18:31:17,719 - INFO -       🎯 Strategy: hybrid_approach (explore)
2025-08-08 18:31:21,043 - INFO - [TRELLIS] GPU cache cleared: {'status': 'cache_cleared', 'available_memory_gb': 20.631781376}
2025-08-08 18:31:21,043 - INFO -       🔍 Validating...
2025-08-08 18:31:21,044 - INFO -       📝 Using optimized prompt for generation: 'a slender wooden flute adorned with intricately patterned, multicolored glass beads that refract and reflect soft, warm light, front view, accurate, complete, white background...'
2025-08-08 18:31:21,044 - INFO -       🎯 Computing scores against original prompt: 'wooden flute adorned with colorful beads...'
2025-08-08 18:32:17,582 - WARNING -    🔧 Score 0.0 - clearing CUDA cache
2025-08-08 18:32:17,583 - INFO -       📊 Validation score: 0.0000
2025-08-08 18:32:17,583 - INFO - 
   🔄 RL Round 9/17
2025-08-08 18:32:17,583 - INFO -       🎯 Strategy: technical_precision (exploit)
2025-08-08 18:32:21,055 - INFO - [TRELLIS] GPU cache cleared: {'status': 'cache_cleared', 'available_memory_gb': 20.631781376}
2025-08-08 18:32:21,055 - INFO -       🔍 Validating...
2025-08-08 18:32:21,055 - INFO -       📝 Using optimized prompt for generation: 'a slender wooden flute adorned with intricately patterned, multicolored glass beads that refract and reflect light in a delicate dance, front view, accurate, complete, white background...'
2025-08-08 18:32:21,055 - INFO -       🎯 Computing scores against original prompt: 'wooden flute adorned with colorful beads...'
2025-08-08 18:33:15,621 - INFO -       📊 Validation score: 0.6993
2025-08-08 18:33:15,622 - INFO - 
   🔄 RL Round 10/17
2025-08-08 18:33:15,622 - INFO -       🎯 Strategy: hybrid_approach (explore)
2025-08-08 18:33:18,930 - INFO - [TRELLIS] GPU cache cleared: {'status': 'cache_cleared', 'available_memory_gb': 20.631781376}
2025-08-08 18:33:18,930 - INFO -       🔍 Validating...
2025-08-08 18:33:18,930 - INFO -       📝 Using optimized prompt for generation: 'a slender, intricately carved wooden flute adorned with delicate, swirling patterns of multicolored glass beads that refract and reflect light, front view, accurate, complete, white background...'
2025-08-08 18:33:18,930 - INFO -       🎯 Computing scores against original prompt: 'wooden flute adorned with colorful beads...'
2025-08-08 18:34:13,696 - INFO -       📊 Validation score: 0.9458
2025-08-08 18:34:13,697 - INFO -       🎯 New best score: 0.9458
2025-08-08 18:34:13,697 - INFO -       📈 Improvement detected: hybrid_approach working better
2025-08-08 18:34:13,697 - INFO - 
   🔄 RL Round 11/17
2025-08-08 18:34:13,697 - INFO -       🎯 Strategy: technical_precision (explore)
2025-08-08 18:34:16,752 - INFO - [TRELLIS] GPU cache cleared: {'status': 'cache_cleared', 'available_memory_gb': 20.631781376}
2025-08-08 18:34:16,752 - INFO -       🔍 Validating...
2025-08-08 18:34:16,753 - INFO -       📝 Using optimized prompt for generation: 'a slender, intricately patterned wooden flute adorned with delicate, swirling patterns of multicolored glass beads that refract and reflect light, front view, accurate, complete, white background...'
2025-08-08 18:34:16,753 - INFO -       🎯 Computing scores against original prompt: 'wooden flute adorned with colorful beads...'
2025-08-08 18:35:12,451 - INFO -       📊 Validation score: 0.7773
2025-08-08 18:35:12,452 - INFO -       📉 Score declined: Consider different approach
2025-08-08 18:35:12,453 - INFO - 
   🔄 RL Round 12/17
2025-08-08 18:35:12,453 - INFO -       🎯 Strategy: technical_precision (explore)
2025-08-08 18:35:16,238 - INFO - [TRELLIS] GPU cache cleared: {'status': 'cache_cleared', 'available_memory_gb': 20.631781376}
2025-08-08 18:35:16,239 - INFO -       🔍 Validating...
2025-08-08 18:35:16,239 - INFO -       📝 Using optimized prompt for generation: 'a slender wooden flute adorned with intricately carved, multicolored glass beads that refract and reflect light, casting a warm glow on its surface...'
2025-08-08 18:35:16,239 - INFO -       🎯 Computing scores against original prompt: 'wooden flute adorned with colorful beads...'
2025-08-08 18:36:13,856 - INFO -       📊 Validation score: 0.9376
2025-08-08 18:36:13,857 - INFO -       📈 Improvement detected: technical_precision working better
2025-08-08 18:36:13,857 - INFO - 
   🔄 RL Round 13/17
2025-08-08 18:36:13,857 - INFO -       🎯 Strategy: aggressive_transformation (explore)
2025-08-08 18:36:17,559 - INFO - [TRELLIS] GPU cache cleared: {'status': 'cache_cleared', 'available_memory_gb': 20.631781376}
2025-08-08 18:36:17,560 - INFO -       🔍 Validating...
2025-08-08 18:36:17,560 - INFO -       📝 Using optimized prompt for generation: 'a slender, intricately carved wooden flute adorned with delicate, swirling patterns of multicolored glass beads that refract and reflect light, casting subtle shadows and emitting a soft, melodic hum, front view, accurate, complete, white background...'
2025-08-08 18:36:17,560 - INFO -       🎯 Computing scores against original prompt: 'wooden flute adorned with colorful beads...'
2025-08-08 18:37:15,658 - INFO -       📊 Validation score: 0.8771
2025-08-08 18:37:15,659 - INFO -       📉 Score declined: Consider different approach
2025-08-08 18:37:15,659 - INFO - 
   🔄 RL Round 14/17
2025-08-08 18:37:15,659 - INFO -       🎯 Strategy: aggressive_transformation (explore)
2025-08-08 18:37:19,547 - INFO - [TRELLIS] GPU cache cleared: {'status': 'cache_cleared', 'available_memory_gb': 20.631781376}
2025-08-08 18:37:19,548 - INFO -       🔍 Validating...
2025-08-08 18:37:19,548 - INFO -       📝 Using optimized prompt for generation: 'a slender, intricately carved wooden flute adorned with delicate, swirling patterns of multicolored glass beads that refract and reflect light, front view, accurate, complete, white background...'
2025-08-08 18:37:19,548 - INFO -       🎯 Computing scores against original prompt: 'wooden flute adorned with colorful beads...'
2025-08-08 18:38:15,860 - INFO -       📊 Validation score: 0.9459
2025-08-08 18:38:15,860 - INFO -       🎯 New best score: 0.9459
2025-08-08 18:38:15,860 - INFO -       📈 Improvement detected: aggressive_transformation working better
2025-08-08 18:38:15,861 - INFO - 
   🔄 RL Round 15/17
2025-08-08 18:38:15,861 - INFO -       🎯 Strategy: material_focus (explore)
2025-08-08 18:38:20,062 - INFO - [TRELLIS] GPU cache cleared: {'status': 'cache_cleared', 'available_memory_gb': 20.631781376}
2025-08-08 18:38:20,063 - INFO -       🔍 Validating...
2025-08-08 18:38:20,063 - INFO -       📝 Using optimized prompt for generation: 'a slender, intricately carved wooden flute adorned with delicate, swirling patterns of multicolored glass beads that refract and reflect light, casting subtle shadows on its surface, front view, accurate, complete, white background...'
2025-08-08 18:38:20,063 - INFO -       🎯 Computing scores against original prompt: 'wooden flute adorned with colorful beads...'
2025-08-08 18:39:18,635 - INFO -       📊 Validation score: 0.8529
2025-08-08 18:39:18,636 - INFO -       📉 Score declined: Consider different approach
2025-08-08 18:39:18,636 - INFO - 
   🔄 RL Round 16/17
2025-08-08 18:39:18,636 - INFO -       🎯 Strategy: material_focus (explore)
2025-08-08 18:39:23,262 - INFO - [TRELLIS] GPU cache cleared: {'status': 'cache_cleared', 'available_memory_gb': 20.631781376}
2025-08-08 18:39:23,262 - INFO -       🔍 Validating...
2025-08-08 18:39:23,263 - INFO -       📝 Using optimized prompt for generation: 'a slender, intricately carved wooden flute adorned with delicate, swirling patterns of multicolored glass beads that refract and reflect light, front view, accurate, complete, white background...'
2025-08-08 18:39:23,263 - INFO -       🎯 Computing scores against original prompt: 'wooden flute adorned with colorful beads...'
2025-08-08 18:40:18,806 - INFO -       📊 Validation score: 0.9455
2025-08-08 18:40:18,806 - INFO -       📈 Improvement detected: material_focus working better
2025-08-08 18:40:18,807 - INFO - 
   🔄 RL Round 17/17
2025-08-08 18:40:18,807 - INFO -       🎯 Strategy: technical_precision (exploit)
2025-08-08 18:40:22,559 - INFO - [TRELLIS] GPU cache cleared: {'status': 'cache_cleared', 'available_memory_gb': 20.631781376}
2025-08-08 18:40:22,560 - INFO -       🔍 Validating...
2025-08-08 18:40:22,560 - INFO -       📝 Using optimized prompt for generation: 'a slender wooden flute adorned with intricately carved, multicolored glass beads that refract and reflect light, front view, accurate, complete, white background...'
2025-08-08 18:40:22,560 - INFO -       🎯 Computing scores against original prompt: 'wooden flute adorned with colorful beads...'
2025-08-08 18:41:18,624 - INFO -       📊 Validation score: 0.8946
2025-08-08 18:41:18,629 - INFO - 
🎯 RL LOOP COMPLETE:
2025-08-08 18:41:18,630 - INFO -    Best prompt: a slender, intricately carved wooden flute adorned with delicate, swirling patterns of multicolored glass beads that refract and reflect light, front view, accurate, complete, white background
2025-08-08 18:41:18,630 - INFO -    Best score: 0.9459
2025-08-08 18:41:18,630 - INFO -    Rounds: 17
2025-08-08 18:41:18,630 - INFO -    Convergence: False
2025-08-08 18:41:18,630 - INFO -    Convergence reason: Not converged
2025-08-08 18:41:18,630 - INFO -    Exploration ratio: 70.6%
2025-08-08 18:41:18,630 - INFO -    Insights learned: 3
2025-08-08 18:41:18,630 - INFO -    Total time: 1034.77s
2025-08-08 18:41:18,630 - INFO - Prompt optimized in 17 rounds: 0.786 → 0.946 (+0.160)
2025-08-08 18:41:18,631 - INFO - ⏰ Max rounds reached
2025-08-08 18:41:18,631 - INFO - 
--- Episode 1, Prompt 5 (Total: 63) ---
2025-08-08 18:41:18,631 - INFO - Optimizing: 'glowing staff topped with radiant sapphire stone'
2025-08-08 18:41:18,631 - INFO - 🔍 Checking server availability before optimization...
2025-08-08 18:41:18,638 - INFO - ✅ Server is available (status: completed)
2025-08-08 18:41:18,638 - INFO - 📝 Marked server as used at 1754678478.6388872
2025-08-08 18:41:18,638 - INFO - ✅ Server is available and marked as used
2025-08-08 18:41:18,639 - INFO - 🔄 Reproducibility optimization returned no result
2025-08-08 18:41:18,639 - INFO -       🔧 Overriding endpoint: generate/baolei/
2025-08-08 18:41:18,639 - INFO -       🔧 Using endpoint: generate/baolei/
2025-08-08 18:41:18,642 - INFO - 
🔄 RL LOOP OPTIMIZATION: 'glowing staff topped with radiant sapphire stone'
2025-08-08 18:41:18,642 - INFO -    Session: rl_session_1754678478_1668
2025-08-08 18:41:18,642 - INFO -    Max rounds: 17
2025-08-08 18:41:18,642 - INFO -    Min rounds before convergence: 5
2025-08-08 18:41:18,642 - INFO -    Target score: 0.99
2025-08-08 18:41:18,642 - INFO - 
   🔄 RL Round 1/17
2025-08-08 18:41:18,642 - INFO -       🎯 Strategy: minimalist_refinement (explore)
2025-08-08 18:41:22,880 - INFO - [TRELLIS] GPU cache cleared: {'status': 'cache_cleared', 'available_memory_gb': 20.631781376}
2025-08-08 18:41:22,880 - INFO -       🔍 Validating...
2025-08-08 18:41:22,880 - INFO -       📝 Using optimized prompt for generation: 'glowing staff adorned with intricate filigree and a radiant sapphire stone, set against a soft, ethereal glow, front view, accurate, complete, white background...'
2025-08-08 18:41:22,880 - INFO -       🎯 Computing scores against original prompt: 'glowing staff topped with radiant sapphire stone...'
2025-08-08 18:42:18,669 - INFO -       📊 Validation score: 0.8485
2025-08-08 18:42:18,669 - INFO -       🎯 New best score: 0.8485
2025-08-08 18:42:18,669 - INFO - 
   🔄 RL Round 2/17
2025-08-08 18:42:18,670 - INFO -       🎯 Strategy: minimalist_refinement (explore)
2025-08-08 18:42:22,600 - INFO - [TRELLIS] GPU cache cleared: {'status': 'cache_cleared', 'available_memory_gb': 20.631781376}
2025-08-08 18:42:22,601 - INFO -       🔍 Validating...
2025-08-08 18:42:22,601 - INFO -       📝 Using optimized prompt for generation: 'a glowing staff adorned with delicate, swirling patterns and a radiant sapphire stone at its tip, front view, accurate, complete, white background...'
2025-08-08 18:42:22,601 - INFO -       🎯 Computing scores against original prompt: 'glowing staff topped with radiant sapphire stone...'
2025-08-08 18:43:17,117 - INFO -       📊 Validation score: 0.9580
2025-08-08 18:43:17,118 - INFO -       🎯 New best score: 0.9580
2025-08-08 18:43:17,118 - INFO -       📈 Improvement detected: minimalist_refinement working better
2025-08-08 18:43:17,118 - INFO - 
   🔄 RL Round 3/17
2025-08-08 18:43:17,118 - INFO -       🎯 Strategy: aggressive_transformation (explore)
2025-08-08 18:43:20,173 - INFO - [TRELLIS] GPU cache cleared: {'status': 'cache_cleared', 'available_memory_gb': 20.631781376}
2025-08-08 18:43:20,173 - INFO -       🔍 Validating...
2025-08-08 18:43:20,174 - INFO -       📝 Using optimized prompt for generation: 'a slender, ornate glowing staff adorned with delicate filigree patterns and a radiant sapphire stone at its tip, resting on a polished wooden pedestal and surrounded by an aura of soft, ethereal light...'
2025-08-08 18:43:20,174 - INFO -       🎯 Computing scores against original prompt: 'glowing staff topped with radiant sapphire stone...'
2025-08-08 18:44:16,034 - INFO -       📊 Validation score: 0.9282
2025-08-08 18:44:16,035 - INFO -       📉 Score declined: Consider different approach
2025-08-08 18:44:16,035 - INFO - 
   🔄 RL Round 4/17
2025-08-08 18:44:16,036 - INFO -       🎯 Strategy: material_focus (explore)
2025-08-08 18:44:20,108 - INFO - [TRELLIS] GPU cache cleared: {'status': 'cache_cleared', 'available_memory_gb': 20.631781376}
2025-08-08 18:44:20,109 - INFO -       🔍 Validating...
2025-08-08 18:44:20,109 - INFO -       📝 Using optimized prompt for generation: 'a slender, ornate glowing staff adorned with delicate filigree patterns and a radiant sapphire stone set within an intricately carved wooden handle, front view, accurate, complete, white background...'
2025-08-08 18:44:20,109 - INFO -       🎯 Computing scores against original prompt: 'glowing staff topped with radiant sapphire stone...'
2025-08-08 18:45:15,900 - INFO -       📊 Validation score: 0.8831
2025-08-08 18:45:15,901 - INFO -       📉 Score declined: Consider different approach
2025-08-08 18:45:15,901 - INFO - 
   🔄 RL Round 5/17
2025-08-08 18:45:15,901 - INFO -       🎯 Strategy: minimalist_refinement (explore)
2025-08-08 18:45:19,685 - INFO - [TRELLIS] GPU cache cleared: {'status': 'cache_cleared', 'available_memory_gb': 20.631781376}
2025-08-08 18:45:19,685 - INFO -       🔍 Validating...
2025-08-08 18:45:19,685 - INFO -       📝 Using optimized prompt for generation: 'a slender, ornate glowing staff adorned with delicate filigree patterns and a radiant sapphire stone, delicately shaped to fit comfortably in the hand, front view, accurate, complete, white background...'
2025-08-08 18:45:19,685 - INFO -       🎯 Computing scores against original prompt: 'glowing staff topped with radiant sapphire stone...'
2025-08-08 18:46:16,969 - INFO -       📊 Validation score: 0.9241
2025-08-08 18:46:16,970 - INFO -       🔍 Explore performing better - stricter convergence threshold: 0.005
2025-08-08 18:46:16,970 - INFO -       📈 Improvement detected: minimalist_refinement working better
2025-08-08 18:46:16,970 - INFO - 
   🔄 RL Round 6/17
2025-08-08 18:46:16,970 - INFO -       🎯 Strategy: technical_precision (exploit)
2025-08-08 18:46:20,510 - INFO - [TRELLIS] GPU cache cleared: {'status': 'cache_cleared', 'available_memory_gb': 20.631781376}
2025-08-08 18:46:20,511 - INFO -       🔍 Validating...
2025-08-08 18:46:20,511 - INFO -       📝 Using optimized prompt for generation: 'a slender glowing staff topped with an intricately carved sapphire stone and delicate filigree patterns along its length, front view, accurate, complete, white background...'
2025-08-08 18:46:20,511 - INFO -       🎯 Computing scores against original prompt: 'glowing staff topped with radiant sapphire stone...'
2025-08-08 18:47:16,652 - INFO -       📊 Validation score: 0.9588
2025-08-08 18:47:16,653 - INFO -       🎯 New best score: 0.9588
2025-08-08 18:47:16,653 - INFO -       🔍 Explore performing better - stricter convergence threshold: 0.005
2025-08-08 18:47:16,653 - INFO -       📈 Improvement detected: technical_precision working better
2025-08-08 18:47:16,653 - INFO - 
   🔄 RL Round 7/17
2025-08-08 18:47:16,653 - INFO -       🎯 Strategy: technical_precision (exploit)
2025-08-08 18:47:21,187 - INFO - [TRELLIS] GPU cache cleared: {'status': 'cache_cleared', 'available_memory_gb': 20.631781376}
2025-08-08 18:47:21,188 - INFO -       🔍 Validating...
2025-08-08 18:47:21,188 - INFO -       📝 Using optimized prompt for generation: 'a slender glowing staff topped with an intricately carved sapphire stone and delicate filigree patterns that evoke a sense of ancient craftsmanship, front view, accurate, complete, white background...'
2025-08-08 18:47:21,188 - INFO -       🎯 Computing scores against original prompt: 'glowing staff topped with radiant sapphire stone...'
2025-08-08 18:48:17,260 - INFO -       📊 Validation score: 0.9619
2025-08-08 18:48:17,261 - INFO -       🎯 New best score: 0.9619
2025-08-08 18:48:17,261 - INFO -       🔍 Explore performing better - stricter convergence threshold: 0.005
2025-08-08 18:48:17,261 - INFO -       ✅ Convergence achieved: Convergence threshold met (improvement: 0.003)
2025-08-08 18:48:17,269 - INFO - 
🎯 RL LOOP COMPLETE:
2025-08-08 18:48:17,269 - INFO -    Best prompt: a slender glowing staff topped with an intricately carved sapphire stone and delicate filigree patterns that evoke a sense of ancient craftsmanship, front view, accurate, complete, white background
2025-08-08 18:48:17,269 - INFO -    Best score: 0.9619
2025-08-08 18:48:17,269 - INFO -    Rounds: 7
2025-08-08 18:48:17,269 - INFO -    Convergence: True
2025-08-08 18:48:17,270 - INFO -    Convergence reason: Convergence threshold met (improvement: 0.003)
2025-08-08 18:48:17,270 - INFO -    Exploration ratio: 71.4%
2025-08-08 18:48:17,270 - INFO -    Insights learned: 3
2025-08-08 18:48:17,270 - INFO -    Total time: 418.62s
2025-08-08 18:48:17,270 - INFO - Prompt optimized in 7 rounds: 0.849 → 0.962 (+0.113)
2025-08-08 18:48:17,270 - INFO - ✅ Target score achieved!
2025-08-08 18:48:17,270 - INFO - 
--- Episode 1, Prompt 6 (Total: 63) ---
2025-08-08 18:48:17,270 - INFO - Optimizing: 'glossy blue clarinet straight body'
2025-08-08 18:48:17,271 - INFO - 🔍 Checking server availability before optimization...
2025-08-08 18:48:17,278 - INFO - ✅ Server is available (status: completed)
2025-08-08 18:48:17,279 - INFO - 📝 Marked server as used at 1754678897.2790864
2025-08-08 18:48:17,279 - INFO - ✅ Server is available and marked as used
2025-08-08 18:48:17,279 - INFO - 🔄 Reproducibility optimization returned no result
2025-08-08 18:48:17,279 - INFO -       🔧 Overriding endpoint: generate/baolei/
2025-08-08 18:48:17,279 - INFO -       🔧 Using endpoint: generate/baolei/
2025-08-08 18:48:17,282 - INFO - 
🔄 RL LOOP OPTIMIZATION: 'glossy blue clarinet straight body'
2025-08-08 18:48:17,282 - INFO -    Session: rl_session_1754678897_5038
2025-08-08 18:48:17,282 - INFO -    Max rounds: 17
2025-08-08 18:48:17,282 - INFO -    Min rounds before convergence: 5
2025-08-08 18:48:17,282 - INFO -    Target score: 0.99
2025-08-08 18:48:17,282 - INFO - 
   🔄 RL Round 1/17
2025-08-08 18:48:17,283 - INFO -       🎯 Strategy: technical_precision (exploit)
2025-08-08 18:48:21,363 - INFO - [TRELLIS] GPU cache cleared: {'status': 'cache_cleared', 'available_memory_gb': 20.631781376}
2025-08-08 18:48:21,363 - INFO -       🔍 Validating...
2025-08-08 18:48:21,364 - INFO -       📝 Using optimized prompt for generation: 'a glossy blue clarinet with a straight body and delicate joints, crafted from high-quality wood and featuring intricate engravings, front view, accurate, complete, white background...'
2025-08-08 18:48:21,364 - INFO -       🎯 Computing scores against original prompt: 'glossy blue clarinet straight body...'
2025-08-08 18:49:18,229 - INFO -       📊 Validation score: 0.7373
2025-08-08 18:49:18,229 - INFO -       🎯 New best score: 0.7373
2025-08-08 18:49:18,230 - INFO - 
   🔄 RL Round 2/17
2025-08-08 18:49:18,230 - INFO -       🔍 Explore performing better - increasing epsilon to 0.74
2025-08-08 18:49:18,230 - INFO -       🎯 Strategy: technical_precision (explore)
2025-08-08 18:49:22,608 - INFO - [TRELLIS] GPU cache cleared: {'status': 'cache_cleared', 'available_memory_gb': 20.631781376}
2025-08-08 18:49:22,608 - INFO -       🔍 Validating...
2025-08-08 18:49:22,608 - INFO -       📝 Using optimized prompt for generation: 'a glossy blue clarinet with a straight body and intricately carved wooden keys, crafted from high-quality tonewoods and adorned with subtle inlays of silver, front view, accurate, complete, white background...'
2025-08-08 18:49:22,609 - INFO -       🎯 Computing scores against original prompt: 'glossy blue clarinet straight body...'
2025-08-08 18:50:20,127 - INFO -       📊 Validation score: 0.4754
2025-08-08 18:50:20,128 - INFO -       📉 Score declined: Consider different approach
2025-08-08 18:50:20,128 - INFO -       🔍 Increasing exploration to 0.80
2025-08-08 18:50:20,128 - INFO - 
   🔄 RL Round 3/17
2025-08-08 18:50:20,128 - INFO -       🎯 Strategy: aggressive_transformation (exploit)
2025-08-08 18:50:23,519 - INFO - [TRELLIS] GPU cache cleared: {'status': 'cache_cleared', 'available_memory_gb': 20.631781376}
2025-08-08 18:50:23,519 - INFO -       🔍 Validating...
2025-08-08 18:50:23,519 - INFO -       📝 Using optimized prompt for generation: 'a glossy blue clarinet with a straight body and precisely crafted metal keys, made from high-quality materials, front view, accurate, complete, white background...'
2025-08-08 18:50:23,519 - INFO -       🎯 Computing scores against original prompt: 'glossy blue clarinet straight body...'
2025-08-08 18:51:19,703 - INFO -       📊 Validation score: 0.7934
2025-08-08 18:51:19,704 - INFO -       🎯 New best score: 0.7934
2025-08-08 18:51:19,704 - INFO -       📈 Improvement detected: aggressive_transformation working better
2025-08-08 18:51:19,704 - INFO - 
   🔄 RL Round 4/17
2025-08-08 18:51:19,704 - INFO -       🎯 Strategy: aggressive_transformation (explore)
2025-08-08 18:51:23,055 - INFO - [TRELLIS] GPU cache cleared: {'status': 'cache_cleared', 'available_memory_gb': 20.631781376}
2025-08-08 18:51:23,055 - INFO -       🔍 Validating...
2025-08-08 18:51:23,055 - INFO -       📝 Using optimized prompt for generation: 'a glossy blue clarinet with a straight body and expertly crafted silver keys adorned with delicate engravings of musical motifs, made from richly textured high-quality wood...'
2025-08-08 18:51:23,055 - INFO -       🎯 Computing scores against original prompt: 'glossy blue clarinet straight body...'
2025-08-08 18:52:19,043 - INFO -       📊 Validation score: 0.7214
2025-08-08 18:52:19,044 - INFO -       📉 Score declined: Consider different approach
2025-08-08 18:52:19,044 - INFO - 
   🔄 RL Round 5/17
2025-08-08 18:52:19,044 - INFO -       🎯 Strategy: aggressive_transformation (explore)
2025-08-08 18:52:22,803 - INFO - [TRELLIS] GPU cache cleared: {'status': 'cache_cleared', 'available_memory_gb': 20.631781376}
2025-08-08 18:52:22,803 - INFO -       🔍 Validating...
2025-08-08 18:52:22,803 - INFO -       📝 Using optimized prompt for generation: 'a glossy blue clarinet with a straight body and expertly crafted metal keys adorned with intricate engravings of musical motifs, crafted from high-quality wood with subtle grain patterns, front view, accurate, complete, white background...'
2025-08-08 18:52:22,803 - INFO -       🎯 Computing scores against original prompt: 'glossy blue clarinet straight body...'
2025-08-08 18:53:18,815 - INFO -       📊 Validation score: 0.7490
2025-08-08 18:53:18,816 - INFO -       📈 Improvement detected: aggressive_transformation working better
2025-08-08 18:53:18,816 - INFO - 
   🔄 RL Round 6/17
2025-08-08 18:53:18,816 - INFO -       🎯 Strategy: aggressive_transformation (explore)
2025-08-08 18:53:22,978 - INFO - [TRELLIS] GPU cache cleared: {'status': 'cache_cleared', 'available_memory_gb': 20.631781376}
2025-08-08 18:53:22,979 - INFO -       🔍 Validating...
2025-08-08 18:53:22,979 - INFO -       📝 Using optimized prompt for generation: 'a glossy blue clarinet with a straight body and expertly crafted metal keys adorned with intricate engravings on the ribcage, made from high-quality wood and featuring delicate joints, front view, accurate, complete, white background...'
2025-08-08 18:53:22,979 - INFO -       🎯 Computing scores against original prompt: 'glossy blue clarinet straight body...'
2025-08-08 18:54:17,817 - WARNING -    🔧 Score 0.0 - clearing CUDA cache
2025-08-08 18:54:17,817 - INFO -       📊 Validation score: 0.0000
2025-08-08 18:54:17,818 - INFO - 
   🔄 RL Round 7/17
2025-08-08 18:54:17,818 - INFO -       🎯 Strategy: aggressive_transformation (explore)
2025-08-08 18:54:21,362 - INFO - [TRELLIS] GPU cache cleared: {'status': 'cache_cleared', 'available_memory_gb': 20.631781376}
2025-08-08 18:54:21,363 - INFO -       🔍 Validating...
2025-08-08 18:54:21,363 - INFO -       📝 Using optimized prompt for generation: 'a glossy blue clarinet with a straight body and precisely crafted metal keys, made from high-quality materials with subtle engravings, front view, accurate, complete, white background...'
2025-08-08 18:54:21,363 - INFO -       🎯 Computing scores against original prompt: 'glossy blue clarinet straight body...'
2025-08-08 18:55:19,727 - INFO -       📊 Validation score: 0.8519
2025-08-08 18:55:19,727 - INFO -       🎯 New best score: 0.8519
2025-08-08 18:55:19,727 - INFO - 
   🔄 RL Round 8/17
2025-08-08 18:55:19,728 - INFO -       🎯 Strategy: technical_precision (explore)
2025-08-08 18:55:23,772 - INFO - [TRELLIS] GPU cache cleared: {'status': 'cache_cleared', 'available_memory_gb': 20.631781376}
2025-08-08 18:55:23,772 - INFO -       🔍 Validating...
2025-08-08 18:55:23,772 - INFO -       📝 Using optimized prompt for generation: 'a high-quality glossy blue clarinet with a straight body and expertly crafted metal keys adorned with intricate engravings and a delicate, precision-engineered tuning peg system, front view, accurate, complete, white background...'
2025-08-08 18:55:23,772 - INFO -       🎯 Computing scores against original prompt: 'glossy blue clarinet straight body...'
2025-08-08 18:56:18,876 - INFO -       📊 Validation score: 0.7008
2025-08-08 18:56:18,876 - INFO -       📉 Score declined: Consider different approach
2025-08-08 18:56:18,877 - INFO - 
   🔄 RL Round 9/17
2025-08-08 18:56:18,877 - INFO -       🎯 Strategy: technical_precision (explore)
2025-08-08 18:56:22,379 - INFO - [TRELLIS] GPU cache cleared: {'status': 'cache_cleared', 'available_memory_gb': 20.631781376}
2025-08-08 18:56:22,379 - INFO -       🔍 Validating...
2025-08-08 18:56:22,380 - INFO -       📝 Using optimized prompt for generation: 'a high-quality glossy blue clarinet with a straight body crafted from rich ebony wood and precision-finished brass keys, front view, accurate, complete, white background...'
2025-08-08 18:56:22,380 - INFO -       🎯 Computing scores against original prompt: 'glossy blue clarinet straight body...'
2025-08-08 18:57:17,635 - INFO -       📊 Validation score: 0.8143
2025-08-08 18:57:17,636 - INFO -       📈 Improvement detected: technical_precision working better
2025-08-08 18:57:17,636 - INFO - 
   🔄 RL Round 10/17
2025-08-08 18:57:17,636 - INFO -       🎯 Strategy: minimalist_refinement (exploit)
2025-08-08 18:57:21,112 - INFO - [TRELLIS] GPU cache cleared: {'status': 'cache_cleared', 'available_memory_gb': 20.631781376}
2025-08-08 18:57:21,113 - INFO -       🔍 Validating...
2025-08-08 18:57:21,113 - INFO -       📝 Using optimized prompt for generation: 'a glossy blue clarinet with a straight body made from rich, high-quality ebony wood and adorned with intricate silver filigree details, front view, accurate, complete, white background...'
2025-08-08 18:57:21,113 - INFO -       🎯 Computing scores against original prompt: 'glossy blue clarinet straight body...'
2025-08-08 18:58:17,666 - INFO -       📊 Validation score: 0.8079
2025-08-08 18:58:17,667 - INFO -       ✅ Convergence achieved: Convergence threshold met (improvement: -0.006)
2025-08-08 18:58:17,673 - INFO - 
🎯 RL LOOP COMPLETE:
2025-08-08 18:58:17,673 - INFO -    Best prompt: a glossy blue clarinet with a straight body and precisely crafted metal keys, made from high-quality materials with subtle engravings, front view, accurate, complete, white background
2025-08-08 18:58:17,673 - INFO -    Best score: 0.8519
2025-08-08 18:58:17,674 - INFO -    Rounds: 10
2025-08-08 18:58:17,674 - INFO -    Convergence: True
2025-08-08 18:58:17,674 - INFO -    Convergence reason: Convergence threshold met (improvement: -0.006)
2025-08-08 18:58:17,674 - INFO -    Exploration ratio: 70.0%
2025-08-08 18:58:17,674 - INFO -    Insights learned: 3
2025-08-08 18:58:17,674 - INFO -    Total time: 600.39s
2025-08-08 18:58:17,674 - INFO - Prompt optimized in 10 rounds: 0.737 → 0.852 (+0.115)
2025-08-08 18:58:17,674 - INFO - ✅ Target score achieved!
2025-08-08 18:58:17,674 - INFO - 
--- Episode 1, Prompt 7 (Total: 63) ---
2025-08-08 18:58:17,675 - INFO - Optimizing: 'lustrous black hockey stick slashing'
2025-08-08 18:58:17,675 - INFO - 🔍 Checking server availability before optimization...
2025-08-08 18:58:17,683 - INFO - ✅ Server is available (status: completed)
2025-08-08 18:58:17,683 - INFO - 📝 Marked server as used at 1754679497.6832156
2025-08-08 18:58:17,683 - INFO - ✅ Server is available and marked as used
2025-08-08 18:58:17,683 - INFO - 🔄 Reproducibility optimization returned no result
2025-08-08 18:58:17,683 - INFO -       🔧 Overriding endpoint: generate/baolei/
2025-08-08 18:58:17,683 - INFO -       🔧 Using endpoint: generate/baolei/
2025-08-08 18:58:17,686 - INFO - 
🔄 RL LOOP OPTIMIZATION: 'lustrous black hockey stick slashing'
2025-08-08 18:58:17,686 - INFO -    Session: rl_session_1754679497_7365
2025-08-08 18:58:17,686 - INFO -    Max rounds: 17
2025-08-08 18:58:17,686 - INFO -    Min rounds before convergence: 5
2025-08-08 18:58:17,686 - INFO -    Target score: 0.99
2025-08-08 18:58:17,686 - INFO - 
   🔄 RL Round 1/17
2025-08-08 18:58:17,686 - INFO -       🎯 Strategy: minimalist_refinement (explore)
2025-08-08 18:58:21,250 - INFO - [TRELLIS] GPU cache cleared: {'status': 'cache_cleared', 'available_memory_gb': 20.631781376}
2025-08-08 18:58:21,251 - INFO -       🔍 Validating...
2025-08-08 18:58:21,251 - INFO -       📝 Using optimized prompt for generation: 'a slender black hockey stick with a sleek, ergonomic design and subtle texture, front view, accurate, complete, white background...'
2025-08-08 18:58:21,251 - INFO -       🎯 Computing scores against original prompt: 'lustrous black hockey stick slashing...'
2025-08-08 18:59:15,561 - INFO -       📊 Validation score: 0.9264
2025-08-08 18:59:15,561 - INFO -       🎯 New best score: 0.9264
2025-08-08 18:59:15,565 - INFO - 
   🔄 RL Round 2/17
2025-08-08 18:59:15,566 - INFO -       🎯 Strategy: hybrid_approach (explore)
2025-08-08 18:59:19,979 - INFO - [TRELLIS] GPU cache cleared: {'status': 'cache_cleared', 'available_memory_gb': 20.631781376}
2025-08-08 18:59:19,980 - INFO -       🔍 Validating...
2025-08-08 18:59:19,980 - INFO -       📝 Using optimized prompt for generation: 'a slender black hockey stick with a silver handle and subtle, textured laces, front view, accurate, complete, white background...'
2025-08-08 18:59:19,980 - INFO -       🎯 Computing scores against original prompt: 'lustrous black hockey stick slashing...'
2025-08-08 19:00:15,532 - INFO -       📊 Validation score: 0.8879
2025-08-08 19:00:15,533 - INFO -       📉 Score declined: Consider different approach
2025-08-08 19:00:15,533 - INFO - 
   🔄 RL Round 3/17
2025-08-08 19:00:15,533 - INFO -       🎯 Strategy: material_focus (explore)
2025-08-08 19:00:19,058 - INFO - [TRELLIS] GPU cache cleared: {'status': 'cache_cleared', 'available_memory_gb': 20.631781376}
2025-08-08 19:00:19,059 - INFO -       🔍 Validating...
2025-08-08 19:00:19,059 - INFO -       📝 Using optimized prompt for generation: 'a lustrous black hockey stick with a textured, ergonomic design and subtle curve, front view, accurate, complete, white background...'
2025-08-08 19:00:19,059 - INFO -       🎯 Computing scores against original prompt: 'lustrous black hockey stick slashing...'
2025-08-08 19:01:13,848 - INFO -       📊 Validation score: 0.8101
2025-08-08 19:01:13,848 - INFO -       📉 Score declined: Consider different approach
2025-08-08 19:01:13,848 - INFO - 
   🔄 RL Round 4/17
2025-08-08 19:01:13,849 - INFO -       🎯 Strategy: material_focus (explore)
2025-08-08 19:01:17,405 - INFO - [TRELLIS] GPU cache cleared: {'status': 'cache_cleared', 'available_memory_gb': 20.631781376}
2025-08-08 19:01:17,406 - INFO -       🔍 Validating...
2025-08-08 19:01:17,406 - INFO -       📝 Using optimized prompt for generation: 'a slender lustrous black hockey stick with a textured, ergonomic handle and subtle curve, resting on an ice rink surrounded by snow-covered trees, front view, accurate, complete, white background...'
2025-08-08 19:01:17,406 - INFO -       🎯 Computing scores against original prompt: 'lustrous black hockey stick slashing...'
2025-08-08 19:02:16,555 - INFO -       📊 Validation score: 0.8608
2025-08-08 19:02:16,555 - INFO -       📈 Improvement detected: material_focus working better
2025-08-08 19:02:16,555 - INFO - 
   🔄 RL Round 5/17
2025-08-08 19:02:16,555 - INFO -       🎯 Strategy: material_focus (explore)
2025-08-08 19:02:19,838 - INFO - [TRELLIS] GPU cache cleared: {'status': 'cache_cleared', 'available_memory_gb': 20.631781376}
2025-08-08 19:02:19,839 - INFO -       🔍 Validating...
2025-08-08 19:02:19,839 - INFO -       📝 Using optimized prompt for generation: 'a slender black hockey stick with a textured, ergonomic design and subtle curve, resting on a smooth ice surface with a hint of frostbite, front view, accurate, complete, white background...'
2025-08-08 19:02:19,839 - INFO -       🎯 Computing scores against original prompt: 'lustrous black hockey stick slashing...'
2025-08-08 19:03:15,088 - INFO -       📊 Validation score: 0.6651
2025-08-08 19:03:15,089 - INFO -       📉 Score declined: Consider different approach
2025-08-08 19:03:15,089 - INFO - 
   🔄 RL Round 6/17
2025-08-08 19:03:15,089 - INFO -       🎯 Strategy: minimalist_refinement (exploit)
2025-08-08 19:03:18,885 - INFO - [TRELLIS] GPU cache cleared: {'status': 'cache_cleared', 'available_memory_gb': 20.631781376}
2025-08-08 19:03:18,885 - INFO -       🔍 Validating...
2025-08-08 19:03:18,886 - INFO -       📝 Using optimized prompt for generation: 'a slender black hockey stick with a glossy, matte-finish textured surface and subtle ergonomic curves, front view, accurate, complete, white background...'
2025-08-08 19:03:18,886 - INFO -       🎯 Computing scores against original prompt: 'lustrous black hockey stick slashing...'
2025-08-08 19:04:13,887 - INFO -       📊 Validation score: 0.9154
2025-08-08 19:04:13,888 - INFO -       📈 Improvement detected: minimalist_refinement working better
2025-08-08 19:04:13,888 - INFO - 
   🔄 RL Round 7/17
2025-08-08 19:04:13,888 - INFO -       🎯 Strategy: material_focus (explore)
2025-08-08 19:04:16,873 - INFO - [TRELLIS] GPU cache cleared: {'status': 'cache_cleared', 'available_memory_gb': 20.631781376}
2025-08-08 19:04:16,874 - INFO -       🔍 Validating...
2025-08-08 19:04:16,874 - INFO -       📝 Using optimized prompt for generation: 'a slender lustrous black hockey stick with a textured, ergonomic handle and subtle curve, resting on a worn wooden bench in a dimly lit hockey rink, front view, accurate, complete, white background...'
2025-08-08 19:04:16,874 - INFO -       🎯 Computing scores against original prompt: 'lustrous black hockey stick slashing...'
2025-08-08 19:05:19,943 - INFO -       📊 Validation score: 0.6412
2025-08-08 19:05:19,943 - INFO -       📉 Score declined: Consider different approach
2025-08-08 19:05:19,944 - INFO - 
   🔄 RL Round 8/17
2025-08-08 19:05:19,944 - INFO -       🎯 Strategy: minimalist_refinement (exploit)
2025-08-08 19:05:23,302 - INFO - [TRELLIS] GPU cache cleared: {'status': 'cache_cleared', 'available_memory_gb': 20.631781376}
2025-08-08 19:05:23,302 - INFO -       🔍 Validating...
2025-08-08 19:05:23,303 - INFO -       📝 Using optimized prompt for generation: 'a slender black hockey stick with a matte-finish textured surface and subtle ergonomic curve, resting at the top of a smooth ice rink edge, front view, accurate, complete, white background...'
2025-08-08 19:05:23,303 - INFO -       🎯 Computing scores against original prompt: 'lustrous black hockey stick slashing...'
2025-08-08 19:06:19,852 - INFO -       📊 Validation score: 0.9084
2025-08-08 19:06:19,852 - INFO -       📈 Improvement detected: minimalist_refinement working better
2025-08-08 19:06:19,852 - INFO - 
   🔄 RL Round 9/17
2025-08-08 19:06:19,852 - INFO -       🎯 Strategy: minimalist_refinement (exploit)
2025-08-08 19:06:23,412 - INFO - [TRELLIS] GPU cache cleared: {'status': 'cache_cleared', 'available_memory_gb': 20.631781376}
2025-08-08 19:06:23,412 - INFO -       🔍 Validating...
2025-08-08 19:06:23,413 - INFO -       📝 Using optimized prompt for generation: 'a slender, aerodynamically designed lustrous black hockey stick with a subtle, matte-finish textured surface and ergonomic grip, resting on an ice rink edge, front view, accurate, complete, white background...'
2025-08-08 19:06:23,413 - INFO -       🎯 Computing scores against original prompt: 'lustrous black hockey stick slashing...'
2025-08-08 19:07:19,312 - INFO -       📊 Validation score: 0.8785
2025-08-08 19:07:19,313 - INFO -       📉 Score declined: Consider different approach
2025-08-08 19:07:19,313 - INFO - 
   🔄 RL Round 10/17
2025-08-08 19:07:19,313 - INFO -       🎯 Strategy: material_focus (explore)
2025-08-08 19:07:22,340 - INFO - [TRELLIS] GPU cache cleared: {'status': 'cache_cleared', 'available_memory_gb': 20.631781376}
2025-08-08 19:07:22,341 - INFO -       🔍 Validating...
2025-08-08 19:07:22,341 - INFO -       📝 Using optimized prompt for generation: 'a slender black hockey stick with a textured, ergonomic handle and subtle curve, resting on a cold metal skate rack, front view, accurate, complete, white background...'
2025-08-08 19:07:22,341 - INFO -       🎯 Computing scores against original prompt: 'lustrous black hockey stick slashing...'
2025-08-08 19:08:17,922 - INFO -       📊 Validation score: 0.9271
2025-08-08 19:08:17,922 - INFO -       🎯 New best score: 0.9271
2025-08-08 19:08:17,923 - INFO -       📈 Improvement detected: material_focus working better
2025-08-08 19:08:17,923 - INFO - 
   🔄 RL Round 11/17
2025-08-08 19:08:17,923 - INFO -       🎯 Strategy: minimalist_refinement (explore)
2025-08-08 19:08:20,916 - INFO - [TRELLIS] GPU cache cleared: {'status': 'cache_cleared', 'available_memory_gb': 20.631781376}
2025-08-08 19:08:20,916 - INFO -       🔍 Validating...
2025-08-08 19:08:20,916 - INFO -       📝 Using optimized prompt for generation: 'a slender black hockey stick with a matte-finish textured surface and subtle ergonomic curve resting on a cold metal plate, front view, accurate, complete, white background...'
2025-08-08 19:08:20,916 - INFO -       🎯 Computing scores against original prompt: 'lustrous black hockey stick slashing...'
2025-08-08 19:09:15,863 - INFO -       📊 Validation score: 0.8207
2025-08-08 19:09:15,864 - INFO -       📉 Score declined: Consider different approach
2025-08-08 19:09:15,864 - INFO - 
   🔄 RL Round 12/17
2025-08-08 19:09:15,864 - INFO -       🎯 Strategy: minimalist_refinement (explore)
2025-08-08 19:09:19,454 - INFO - [TRELLIS] GPU cache cleared: {'status': 'cache_cleared', 'available_memory_gb': 20.631781376}
2025-08-08 19:09:19,454 - INFO -       🔍 Validating...
2025-08-08 19:09:19,455 - INFO -       📝 Using optimized prompt for generation: 'a slender, glossy lustrous black hockey stick with a subtle, ergonomic curve and textured handle, front view, accurate, complete, white background...'
2025-08-08 19:09:19,455 - INFO -       🎯 Computing scores against original prompt: 'lustrous black hockey stick slashing...'
2025-08-08 19:10:14,204 - INFO -       📊 Validation score: 0.8775
2025-08-08 19:10:14,205 - INFO -       📈 Improvement detected: minimalist_refinement working better
2025-08-08 19:10:14,205 - INFO - 
   🔄 RL Round 13/17
2025-08-08 19:10:14,205 - INFO -       🎯 Strategy: minimalist_refinement (exploit)
2025-08-08 19:10:17,555 - INFO - [TRELLIS] GPU cache cleared: {'status': 'cache_cleared', 'available_memory_gb': 20.631781376}
2025-08-08 19:10:17,555 - INFO -       🔍 Validating...
2025-08-08 19:10:17,555 - INFO -       📝 Using optimized prompt for generation: 'a slender black hockey stick with a glossy, matte-finish textured surface and subtle ergonomic curve...'
2025-08-08 19:10:17,555 - INFO -       🎯 Computing scores against original prompt: 'lustrous black hockey stick slashing...'
2025-08-08 19:11:12,756 - INFO -       📊 Validation score: 0.8775
2025-08-08 19:11:12,757 - INFO -       ✅ Convergence achieved: Convergence threshold met (improvement: 0.000)
2025-08-08 19:11:12,764 - INFO - 
🎯 RL LOOP COMPLETE:
2025-08-08 19:11:12,764 - INFO -    Best prompt: a slender black hockey stick with a textured, ergonomic handle and subtle curve, resting on a cold metal skate rack, front view, accurate, complete, white background
2025-08-08 19:11:12,764 - INFO -    Best score: 0.9271
2025-08-08 19:11:12,764 - INFO -    Rounds: 13
2025-08-08 19:11:12,765 - INFO -    Convergence: True
2025-08-08 19:11:12,765 - INFO -    Convergence reason: Convergence threshold met (improvement: 0.000)
2025-08-08 19:11:12,765 - INFO -    Exploration ratio: 69.2%
2025-08-08 19:11:12,765 - INFO -    Insights learned: 2
2025-08-08 19:11:12,765 - INFO -    Total time: 775.07s
2025-08-08 19:11:12,766 - INFO - Prompt optimized in 13 rounds: 0.926 → 0.927 (+0.001)
2025-08-08 19:11:12,766 - INFO - ✅ Target score achieved!
2025-08-08 19:11:12,767 - INFO - 
--- Episode 1, Prompt 8 (Total: 63) ---
2025-08-08 19:11:12,767 - INFO - Optimizing: 'intricately carved wooden totem pole'
2025-08-08 19:11:12,767 - INFO - 🔍 Checking server availability before optimization...
2025-08-08 19:11:12,778 - INFO - ✅ Server is available (status: completed)
2025-08-08 19:11:12,778 - INFO - 📝 Marked server as used at 1754680272.7784498
2025-08-08 19:11:12,778 - INFO - ✅ Server is available and marked as used
2025-08-08 19:11:12,778 - INFO - 🔄 Reproducibility optimization returned no result
2025-08-08 19:11:12,778 - INFO -       🔧 Overriding endpoint: generate/baolei/
2025-08-08 19:11:12,778 - INFO -       🔧 Using endpoint: generate/baolei/
2025-08-08 19:11:12,781 - INFO - 
🔄 RL LOOP OPTIMIZATION: 'intricately carved wooden totem pole'
2025-08-08 19:11:12,781 - INFO -    Session: rl_session_1754680272_6985
2025-08-08 19:11:12,782 - INFO -    Max rounds: 17
2025-08-08 19:11:12,782 - INFO -    Min rounds before convergence: 5
2025-08-08 19:11:12,782 - INFO -    Target score: 0.99
2025-08-08 19:11:12,782 - INFO - 
   🔄 RL Round 1/17
2025-08-08 19:11:12,782 - INFO -       🎯 Strategy: minimalist_refinement (exploit)
2025-08-08 19:11:15,856 - INFO - [TRELLIS] GPU cache cleared: {'status': 'cache_cleared', 'available_memory_gb': 20.631781376}
2025-08-08 19:11:15,856 - INFO -       🔍 Validating...
2025-08-08 19:11:15,856 - INFO -       📝 Using optimized prompt for generation: 'an intricately carved wooden totem pole with intricate patterns and textures that evoke a sense of ancient wisdom, front view, accurate, complete, white background...'
2025-08-08 19:11:15,856 - INFO -       🎯 Computing scores against original prompt: 'intricately carved wooden totem pole...'
2025-08-08 19:12:12,889 - INFO -       📊 Validation score: 0.9262
2025-08-08 19:12:12,889 - INFO -       🎯 New best score: 0.9262
2025-08-08 19:12:12,890 - INFO - 
   🔄 RL Round 2/17
2025-08-08 19:12:12,890 - INFO -       🎯 Strategy: contextual_scene_building (explore)
2025-08-08 19:12:15,826 - INFO - [TRELLIS] GPU cache cleared: {'status': 'cache_cleared', 'available_memory_gb': 20.631781376}
2025-08-08 19:12:15,827 - INFO -       🔍 Validating...
2025-08-08 19:12:15,827 - INFO -       📝 Using optimized prompt for generation: 'an intricately carved wooden totem pole with swirling patterns and textured surfaces that evoke a sense of ancient craftsmanship, front view, accurate, complete, white background...'
2025-08-08 19:12:15,827 - INFO -       🎯 Computing scores against original prompt: 'intricately carved wooden totem pole...'
2025-08-08 19:13:14,901 - INFO -       📊 Validation score: 0.8850
2025-08-08 19:13:14,901 - INFO -       📉 Score declined: Consider different approach
2025-08-08 19:13:14,902 - INFO - 
   🔄 RL Round 3/17
2025-08-08 19:13:14,902 - INFO -       🎯 Strategy: hybrid_approach (explore)
2025-08-08 19:13:18,373 - INFO - [TRELLIS] GPU cache cleared: {'status': 'cache_cleared', 'available_memory_gb': 20.631781376}
2025-08-08 19:13:18,373 - INFO -       🔍 Validating...
2025-08-08 19:13:18,374 - INFO -       📝 Using optimized prompt for generation: 'an intricately carved wooden totem pole with richly detailed patterns and textures, including woven vines and abstract geometric shapes, that evoke a sense of ancient craftsmanship, front view, accurate, complete, white background...'
2025-08-08 19:13:18,374 - INFO -       🎯 Computing scores against original prompt: 'intricately carved wooden totem pole...'
2025-08-08 19:14:18,515 - INFO -       📊 Validation score: 0.5650
2025-08-08 19:14:18,516 - INFO -       📉 Score declined: Consider different approach
2025-08-08 19:14:18,516 - INFO - 
   🔄 RL Round 4/17
2025-08-08 19:14:18,516 - INFO -       🎯 Strategy: minimalist_refinement (exploit)
2025-08-08 19:14:21,741 - INFO - [TRELLIS] GPU cache cleared: {'status': 'cache_cleared', 'available_memory_gb': 20.631781376}
2025-08-08 19:14:21,742 - INFO -       🔍 Validating...
2025-08-08 19:14:21,742 - INFO -       📝 Using optimized prompt for generation: 'an intricately carved wooden totem pole with delicate grooves and subtle patterns that evoke a sense of ancient craftsmanship, front view, accurate, complete, white background...'
2025-08-08 19:14:21,742 - INFO -       🎯 Computing scores against original prompt: 'intricately carved wooden totem pole...'
2025-08-08 19:15:19,439 - INFO -       📊 Validation score: 0.7276
2025-08-08 19:15:19,440 - INFO -       📈 Improvement detected: minimalist_refinement working better
2025-08-08 19:15:19,440 - INFO - 
   🔄 RL Round 5/17
2025-08-08 19:15:19,440 - INFO -       🎯 Strategy: minimalist_refinement (exploit)
2025-08-08 19:15:22,960 - INFO - [TRELLIS] GPU cache cleared: {'status': 'cache_cleared', 'available_memory_gb': 20.631781376}
2025-08-08 19:15:22,960 - INFO -       🔍 Validating...
2025-08-08 19:15:22,961 - INFO -       📝 Using optimized prompt for generation: 'an intricately carved wooden totem pole with delicate, swirling patterns and subtle textures that evoke a sense of ancient craftsmanship, front view, accurate, complete, white background...'
2025-08-08 19:15:22,961 - INFO -       🎯 Computing scores against original prompt: 'intricately carved wooden totem pole...'
2025-08-08 19:16:19,127 - INFO -       📊 Validation score: 0.8919
2025-08-08 19:16:19,128 - INFO -       📈 Improvement detected: minimalist_refinement working better
2025-08-08 19:16:19,128 - INFO - 
   🔄 RL Round 6/17
2025-08-08 19:16:19,128 - INFO -       🎯 Strategy: hybrid_approach (explore)
2025-08-08 19:16:22,207 - INFO - [TRELLIS] GPU cache cleared: {'status': 'cache_cleared', 'available_memory_gb': 20.631781376}
2025-08-08 19:16:22,208 - INFO -       🔍 Validating...
2025-08-08 19:16:22,208 - INFO -       📝 Using optimized prompt for generation: 'an intricately carved wooden totem pole with ornate, spiral patterns and textured surfaces that evoke a sense of ancient traditions and cultural heritage, front view, accurate, complete, white background...'
2025-08-08 19:16:22,208 - INFO -       🎯 Computing scores against original prompt: 'intricately carved wooden totem pole...'
2025-08-08 19:17:19,130 - INFO -       📊 Validation score: 0.8614
2025-08-08 19:17:19,130 - INFO -       📉 Score declined: Consider different approach
2025-08-08 19:17:19,131 - INFO - 
   🔄 RL Round 7/17
2025-08-08 19:17:19,131 - INFO -       🎯 Strategy: minimalist_refinement (exploit)
2025-08-08 19:17:22,670 - INFO - [TRELLIS] GPU cache cleared: {'status': 'cache_cleared', 'available_memory_gb': 20.631781376}
2025-08-08 19:17:22,671 - INFO -       🔍 Validating...
2025-08-08 19:17:22,671 - INFO -       📝 Using optimized prompt for generation: 'an intricately carved wooden totem pole with layered, swirling patterns and subtle textural variations that reveal the skillful hands of the artist, front view, accurate, complete, white background...'
2025-08-08 19:17:22,671 - INFO -       🎯 Computing scores against original prompt: 'intricately carved wooden totem pole...'
2025-08-08 19:18:20,123 - INFO -       📊 Validation score: 0.5892
2025-08-08 19:18:20,124 - INFO -       📉 Score declined: Consider different approach
2025-08-08 19:18:20,124 - INFO - 
   🔄 RL Round 8/17
2025-08-08 19:18:20,124 - INFO -       🎯 Strategy: hybrid_approach (explore)
2025-08-08 19:18:23,935 - INFO - [TRELLIS] GPU cache cleared: {'status': 'cache_cleared', 'available_memory_gb': 20.631781376}
2025-08-08 19:18:23,935 - INFO -       🔍 Validating...
2025-08-08 19:18:23,936 - INFO -       📝 Using optimized prompt for generation: 'an intricately carved wooden totem pole with ornate, swirling patterns and textured surfaces that tell the story of ancestral heritage and community traditions, front view, accurate, complete, white background...'
2025-08-08 19:18:23,936 - INFO -       🎯 Computing scores against original prompt: 'intricately carved wooden totem pole...'
2025-08-08 19:19:21,841 - INFO -       📊 Validation score: 0.8840
2025-08-08 19:19:21,842 - INFO -       📈 Improvement detected: hybrid_approach working better
2025-08-08 19:19:21,842 - INFO - 
   🔄 RL Round 9/17
2025-08-08 19:19:21,842 - INFO -       🎯 Strategy: material_focus (exploit)
2025-08-08 19:19:25,543 - INFO - [TRELLIS] GPU cache cleared: {'status': 'cache_cleared', 'available_memory_gb': 20.631781376}
2025-08-08 19:19:25,544 - INFO -       🔍 Validating...
2025-08-08 19:19:25,544 - INFO -       📝 Using optimized prompt for generation: 'an intricately carved wooden totem pole with richly detailed, swirling patterns and textured surfaces that evoke a sense of organic complexity, front view, accurate, complete, white background...'
2025-08-08 19:19:25,544 - INFO -       🎯 Computing scores against original prompt: 'intricately carved wooden totem pole...'
2025-08-08 19:20:23,973 - INFO -       📊 Validation score: 0.9188
2025-08-08 19:20:23,974 - INFO -       📈 Improvement detected: material_focus working better
2025-08-08 19:20:23,974 - INFO - 
   🔄 RL Round 10/17
2025-08-08 19:20:23,974 - INFO -       🎯 Strategy: material_focus (exploit)
2025-08-08 19:20:27,786 - INFO - [TRELLIS] GPU cache cleared: {'status': 'cache_cleared', 'available_memory_gb': 20.631781376}
2025-08-08 19:20:27,787 - INFO -       🔍 Validating...
2025-08-08 19:20:27,787 - INFO -       📝 Using optimized prompt for generation: 'an intricately carved wooden totem pole with richly detailed, swirling patterns that evoke a sense of ancient craftsmanship and subtle textural variations, front view, accurate, complete, white background...'
2025-08-08 19:20:27,787 - INFO -       🎯 Computing scores against original prompt: 'intricately carved wooden totem pole...'
2025-08-08 19:21:25,414 - INFO -       📊 Validation score: 0.8865
2025-08-08 19:21:25,415 - INFO -       📉 Score declined: Consider different approach
2025-08-08 19:21:25,415 - INFO - 
   🔄 RL Round 11/17
2025-08-08 19:21:25,415 - INFO -       🎯 Strategy: material_focus (exploit)
2025-08-08 19:21:29,466 - INFO - [TRELLIS] GPU cache cleared: {'status': 'cache_cleared', 'available_memory_gb': 20.631781376}
2025-08-08 19:21:29,466 - INFO -       🔍 Validating...
2025-08-08 19:21:29,467 - INFO -       📝 Using optimized prompt for generation: 'an intricately carved wooden totem pole with delicate, swirling patterns and textured surfaces that evoke a sense of ancient craftsmanship...'
2025-08-08 19:21:29,467 - INFO -       🎯 Computing scores against original prompt: 'intricately carved wooden totem pole...'
2025-08-08 19:22:41,762 - INFO -       📊 Validation score: 0.8511
2025-08-08 19:22:41,763 - INFO -       📉 Score declined: Consider different approach
2025-08-08 19:22:41,763 - INFO - 
   🔄 RL Round 12/17
2025-08-08 19:22:41,764 - INFO -       🎯 Strategy: material_focus (exploit)
2025-08-08 19:22:45,332 - INFO - [TRELLIS] GPU cache cleared: {'status': 'cache_cleared', 'available_memory_gb': 20.631781376}
2025-08-08 19:22:45,332 - INFO -       🔍 Validating...
2025-08-08 19:22:45,332 - INFO -       📝 Using optimized prompt for generation: 'an intricately carved wooden totem pole with richly detailed, swirling patterns that evoke a sense of ancient craftsmanship and subtle textural variations in its surface, front view, accurate, complete, white background...'
2025-08-08 19:22:45,332 - INFO -       🎯 Computing scores against original prompt: 'intricately carved wooden totem pole...'
2025-08-08 19:23:43,802 - INFO -       📊 Validation score: 0.8681
2025-08-08 19:23:43,803 - INFO -       📈 Improvement detected: material_focus working better
2025-08-08 19:23:43,803 - INFO - 
   🔄 RL Round 13/17
2025-08-08 19:23:43,803 - INFO -       🎯 Strategy: material_focus (explore)
2025-08-08 19:23:47,922 - INFO - [TRELLIS] GPU cache cleared: {'status': 'cache_cleared', 'available_memory_gb': 20.631781376}
2025-08-08 19:23:47,922 - INFO -       🔍 Validating...
2025-08-08 19:23:47,922 - INFO -       📝 Using optimized prompt for generation: 'an intricately carved wooden totem pole with richly detailed, swirling patterns and subtle textures that evoke a sense of elegance, front view, accurate, complete, white background...'
2025-08-08 19:23:47,922 - INFO -       🎯 Computing scores against original prompt: 'intricately carved wooden totem pole...'
2025-08-08 19:24:44,749 - INFO -       📊 Validation score: 0.9119
2025-08-08 19:24:44,750 - INFO -       📈 Improvement detected: material_focus working better
2025-08-08 19:24:44,750 - INFO - 
   🔄 RL Round 14/17
2025-08-08 19:24:44,750 - INFO -       🎯 Strategy: minimalist_refinement (explore)
2025-08-08 19:24:48,764 - INFO - [TRELLIS] GPU cache cleared: {'status': 'cache_cleared', 'available_memory_gb': 20.631781376}
2025-08-08 19:24:48,765 - INFO -       🔍 Validating...
2025-08-08 19:24:48,765 - INFO -       📝 Using optimized prompt for generation: 'an intricately carved wooden totem pole with subtle ridges and micro-patterns that evoke a sense of aged craftsmanship and weathered wood, front view, accurate, complete, white background...'
2025-08-08 19:24:48,765 - INFO -       🎯 Computing scores against original prompt: 'intricately carved wooden totem pole...'
2025-08-08 19:25:46,694 - INFO -       📊 Validation score: 0.5165
2025-08-08 19:25:46,695 - INFO -       📉 Score declined: Consider different approach
2025-08-08 19:25:46,695 - INFO - 
   🔄 RL Round 15/17
2025-08-08 19:25:46,695 - INFO -       🎯 Strategy: minimalist_refinement (explore)
2025-08-08 19:25:50,396 - INFO - [TRELLIS] GPU cache cleared: {'status': 'cache_cleared', 'available_memory_gb': 20.631781376}
2025-08-08 19:25:50,396 - INFO -       🔍 Validating...
2025-08-08 19:25:50,396 - INFO -       📝 Using optimized prompt for generation: 'an intricately carved wooden totem pole with layered, swirling patterns that evoke a sense of ancient craftsmanship and subtle textural variations in the wood grain...'
2025-08-08 19:25:50,397 - INFO -       🎯 Computing scores against original prompt: 'intricately carved wooden totem pole...'
2025-08-08 19:26:59,113 - INFO -       📊 Validation score: 0.8967
2025-08-08 19:26:59,114 - INFO -       📈 Improvement detected: minimalist_refinement working better
2025-08-08 19:26:59,114 - INFO - 
   🔄 RL Round 16/17
2025-08-08 19:26:59,114 - INFO -       🎯 Strategy: material_focus (exploit)
2025-08-08 19:27:03,063 - INFO - [TRELLIS] GPU cache cleared: {'status': 'cache_cleared', 'available_memory_gb': 20.631781376}
2025-08-08 19:27:03,063 - INFO -       🔍 Validating...
2025-08-08 19:27:03,063 - INFO -       📝 Using optimized prompt for generation: 'an intricately carved wooden totem pole with richly detailed, swirling patterns and textured surfaces that evoke a sense of ancient craftsmanship, front view, accurate, complete, white background...'
2025-08-08 19:27:03,064 - INFO -       🎯 Computing scores against original prompt: 'intricately carved wooden totem pole...'
2025-08-08 19:28:00,031 - INFO -       📊 Validation score: 0.9268
2025-08-08 19:28:00,032 - INFO -       🎯 New best score: 0.9268
2025-08-08 19:28:00,032 - INFO -       📈 Improvement detected: material_focus working better
2025-08-08 19:28:00,032 - INFO - 
   🔄 RL Round 17/17
2025-08-08 19:28:00,032 - INFO -       🎯 Strategy: contextual_scene_building (explore)
2025-08-08 19:28:03,294 - INFO - [TRELLIS] GPU cache cleared: {'status': 'cache_cleared', 'available_memory_gb': 20.631781376}
2025-08-08 19:28:03,294 - INFO -       🔍 Validating...
2025-08-08 19:28:03,294 - INFO -       📝 Using optimized prompt for generation: 'an intricately carved wooden totem pole with richly detailed swirling patterns and subtle textures that evoke a sense of ancient craftsmanship, front view, accurate, complete, white background...'
2025-08-08 19:28:03,294 - INFO -       🎯 Computing scores against original prompt: 'intricately carved wooden totem pole...'
2025-08-08 19:29:00,251 - INFO -       📊 Validation score: 0.8871
2025-08-08 19:29:00,259 - INFO - 
🎯 RL LOOP COMPLETE:
2025-08-08 19:29:00,259 - INFO -    Best prompt: an intricately carved wooden totem pole with richly detailed, swirling patterns and textured surfaces that evoke a sense of ancient craftsmanship, front view, accurate, complete, white background
2025-08-08 19:29:00,259 - INFO -    Best score: 0.9268
2025-08-08 19:29:00,259 - INFO -    Rounds: 17
2025-08-08 19:29:00,259 - INFO -    Convergence: False
2025-08-08 19:29:00,259 - INFO -    Convergence reason: Not converged
2025-08-08 19:29:00,259 - INFO -    Exploration ratio: 47.1%
2025-08-08 19:29:00,259 - INFO -    Insights learned: 2
2025-08-08 19:29:00,259 - INFO -    Total time: 1067.47s
2025-08-08 19:29:00,260 - INFO - Prompt optimized in 17 rounds: 0.926 → 0.927 (+0.001)
2025-08-08 19:29:00,260 - INFO - ⏰ Max rounds reached
2025-08-08 19:29:00,260 - INFO - 
--- Episode 1, Prompt 9 (Total: 63) ---
2025-08-08 19:29:00,260 - INFO - Optimizing: 'little black chain'
2025-08-08 19:29:00,260 - INFO - 🔍 Checking server availability before optimization...
2025-08-08 19:29:00,269 - INFO - ✅ Server is available (status: completed)
2025-08-08 19:29:00,269 - INFO - 📝 Marked server as used at 1754681340.2693536
2025-08-08 19:29:00,269 - INFO - ✅ Server is available and marked as used
2025-08-08 19:29:00,269 - INFO - 🔄 Reproducibility optimization returned no result
2025-08-08 19:29:00,269 - INFO -       🔧 Overriding endpoint: generate/baolei/
2025-08-08 19:29:00,269 - INFO -       🔧 Using endpoint: generate/baolei/
2025-08-08 19:29:00,272 - INFO - 
🔄 RL LOOP OPTIMIZATION: 'little black chain'
2025-08-08 19:29:00,272 - INFO -    Session: rl_session_1754681340_9415
2025-08-08 19:29:00,272 - INFO -    Max rounds: 17
2025-08-08 19:29:00,272 - INFO -    Min rounds before convergence: 5
2025-08-08 19:29:00,272 - INFO -    Target score: 0.99
2025-08-08 19:29:00,273 - INFO - 
   🔄 RL Round 1/17
2025-08-08 19:29:00,273 - INFO -       🎯 Strategy: material_focus (exploit)
2025-08-08 19:29:03,213 - INFO - [TRELLIS] GPU cache cleared: {'status': 'cache_cleared', 'available_memory_gb': 20.631781376}
2025-08-08 19:29:03,214 - INFO -       🔍 Validating...
2025-08-08 19:29:03,214 - INFO -       📝 Using optimized prompt for generation: 'a slender little black chain with delicate silver links and subtle texture, front view, accurate, complete, white background...'
2025-08-08 19:29:03,214 - INFO -       🎯 Computing scores against original prompt: 'little black chain...'
2025-08-08 19:29:59,248 - INFO -       📊 Validation score: 0.8641
2025-08-08 19:29:59,248 - INFO -       🎯 New best score: 0.8641
2025-08-08 19:29:59,249 - INFO - 
   🔄 RL Round 2/17
2025-08-08 19:29:59,249 - INFO -       🎯 Strategy: material_focus (exploit)
2025-08-08 19:30:03,286 - INFO - [TRELLIS] GPU cache cleared: {'status': 'cache_cleared', 'available_memory_gb': 20.631781376}
2025-08-08 19:30:03,286 - INFO -       🔍 Validating...
2025-08-08 19:30:03,286 - INFO -       📝 Using optimized prompt for generation: 'a slender little black chain with delicate silver links and intricate texture, front view, accurate, coherent, front view, accurate, complete, white background...'
2025-08-08 19:30:03,286 - INFO -       🎯 Computing scores against original prompt: 'little black chain...'
2025-08-08 19:30:58,159 - INFO -       📊 Validation score: 0.8410
2025-08-08 19:30:58,159 - INFO -       📉 Score declined: Consider different approach
2025-08-08 19:30:58,159 - INFO - 
   🔄 RL Round 3/17
2025-08-08 19:30:58,159 - INFO -       🎯 Strategy: material_focus (exploit)
2025-08-08 19:31:01,933 - INFO - [TRELLIS] GPU cache cleared: {'status': 'cache_cleared', 'available_memory_gb': 20.631781376}
2025-08-08 19:31:01,934 - INFO -       🔍 Validating...
2025-08-08 19:31:01,934 - INFO -       📝 Using optimized prompt for generation: 'a slender little black chain with delicate metallic texture, subtle sheen on links, and smooth surface finish, front view, accurate, complete, white background...'
2025-08-08 19:31:01,934 - INFO -       🎯 Computing scores against original prompt: 'little black chain...'
2025-08-08 19:31:56,809 - INFO -       📊 Validation score: 0.8520
2025-08-08 19:31:56,809 - INFO -       📈 Improvement detected: material_focus working better
2025-08-08 19:31:56,809 - INFO - 
   🔄 RL Round 4/17
2025-08-08 19:31:56,809 - INFO -       🎯 Strategy: material_focus (explore)
2025-08-08 19:31:59,978 - INFO - [TRELLIS] GPU cache cleared: {'status': 'cache_cleared', 'available_memory_gb': 20.631781376}
2025-08-08 19:31:59,978 - INFO -       🔍 Validating...
2025-08-08 19:31:59,978 - INFO -       📝 Using optimized prompt for generation: 'a slender little black chain with delicate metallic texture and subtle sheen on links, smooth surface, front view, front view, accurate, complete, white background...'
2025-08-08 19:31:59,978 - INFO -       🎯 Computing scores against original prompt: 'little black chain...'
2025-08-08 19:32:58,055 - INFO -       📊 Validation score: 0.7867
2025-08-08 19:32:58,055 - INFO -       📉 Score declined: Consider different approach
2025-08-08 19:32:58,055 - INFO - 
   🔄 RL Round 5/17
2025-08-08 19:32:58,055 - INFO -       🎯 Strategy: material_focus (exploit)
2025-08-08 19:33:02,121 - INFO - [TRELLIS] GPU cache cleared: {'status': 'cache_cleared', 'available_memory_gb': 20.631781376}
2025-08-08 19:33:02,122 - INFO -       🔍 Validating...
2025-08-08 19:33:02,122 - INFO -       📝 Using optimized prompt for generation: 'a slender little black chain with delicate metallic texture and a subtle sheen on its links, precision-crafted and smooth in surface finish, front view, accurate, complete, white background...'
2025-08-08 19:33:02,122 - INFO -       🎯 Computing scores against original prompt: 'little black chain...'
2025-08-08 19:33:57,227 - INFO -       📊 Validation score: 0.9144
2025-08-08 19:33:57,228 - INFO -       🎯 New best score: 0.9144
2025-08-08 19:33:57,228 - INFO -       📈 Improvement detected: material_focus working better
2025-08-08 19:33:57,228 - INFO - 
   🔄 RL Round 6/17
2025-08-08 19:33:57,228 - INFO -       🎯 Strategy: material_focus (exploit)
2025-08-08 19:34:00,347 - INFO - [TRELLIS] GPU cache cleared: {'status': 'cache_cleared', 'available_memory_gb': 20.631781376}
2025-08-08 19:34:00,348 - INFO -       🔍 Validating...
2025-08-08 19:34:00,348 - INFO -       📝 Using optimized prompt for generation: 'a slender little black chain with delicate metallic texture, smooth surface finish, and subtle sheen on links...'
2025-08-08 19:34:00,348 - INFO -       🎯 Computing scores against original prompt: 'little black chain...'
2025-08-08 19:35:10,081 - INFO -       📊 Validation score: 0.7581
2025-08-08 19:35:10,081 - INFO -       📉 Score declined: Consider different approach
2025-08-08 19:35:10,081 - INFO - 
   🔄 RL Round 7/17
2025-08-08 19:35:10,081 - INFO -       🎯 Strategy: material_focus (exploit)
2025-08-08 19:35:14,037 - INFO - [TRELLIS] GPU cache cleared: {'status': 'cache_cleared', 'available_memory_gb': 20.631781376}
2025-08-08 19:35:14,037 - INFO -       🔍 Validating...
2025-08-08 19:35:14,038 - INFO -       📝 Using optimized prompt for generation: 'a slender little black chain with delicate metallic texture, subtle sheen on its links, and smooth surface finish...'
2025-08-08 19:35:14,038 - INFO -       🎯 Computing scores against original prompt: 'little black chain...'
2025-08-08 19:36:16,332 - INFO -       📊 Validation score: 0.7372
2025-08-08 19:36:16,333 - INFO -       📉 Score declined: Consider different approach
2025-08-08 19:36:16,333 - INFO - 
   🔄 RL Round 8/17
2025-08-08 19:36:16,333 - INFO -       🎯 Strategy: material_focus (exploit)
2025-08-08 19:36:20,428 - INFO - [TRELLIS] GPU cache cleared: {'status': 'cache_cleared', 'available_memory_gb': 20.631781376}
2025-08-08 19:36:20,428 - INFO -       🔍 Validating...
2025-08-08 19:36:20,428 - INFO -       📝 Using optimized prompt for generation: 'a slender little black chain with delicate silver links and a subtle metallic sheen that catches light, smooth surface finish, and a gentle rustiness from years of wear...'
2025-08-08 19:36:20,428 - INFO -       🎯 Computing scores against original prompt: 'little black chain...'
2025-08-08 19:37:21,468 - INFO -       📊 Validation score: 0.8701
2025-08-08 19:37:21,469 - INFO -       📈 Improvement detected: material_focus working better
2025-08-08 19:37:21,469 - INFO - 
   🔄 RL Round 9/17
2025-08-08 19:37:21,469 - INFO -       🎯 Strategy: contextual_scene_building (explore)
2025-08-08 19:37:25,462 - INFO - [TRELLIS] GPU cache cleared: {'status': 'cache_cleared', 'available_memory_gb': 20.631781376}
2025-08-08 19:37:25,462 - INFO -       🔍 Validating...
2025-08-08 19:37:25,462 - INFO -       📝 Using optimized prompt for generation: 'a slender little black chain with delicate silver links and a subtle metallic sheen that catches light on its surface, detailed close-up view, accurate color reproduction, front view, accurate, complete, white background...'
2025-08-08 19:37:25,462 - INFO -       🎯 Computing scores against original prompt: 'little black chain...'
2025-08-08 19:38:22,441 - INFO -       📊 Validation score: 0.7343
2025-08-08 19:38:22,442 - INFO -       📉 Score declined: Consider different approach
2025-08-08 19:38:22,442 - INFO - 
   🔄 RL Round 10/17
2025-08-08 19:38:22,443 - INFO -       🎯 Strategy: material_focus (exploit)
2025-08-08 19:38:26,498 - INFO - [TRELLIS] GPU cache cleared: {'status': 'cache_cleared', 'available_memory_gb': 20.631781376}
2025-08-08 19:38:26,499 - INFO -       🔍 Validating...
2025-08-08 19:38:26,499 - INFO -       📝 Using optimized prompt for generation: 'a slender little black chain with delicate metallic texture and a subtle sheen on its links, polished to perfection and smooth in appearance...'
2025-08-08 19:38:26,499 - INFO -       🎯 Computing scores against original prompt: 'little black chain...'
2025-08-08 19:39:29,749 - INFO -       📊 Validation score: 0.8593
2025-08-08 19:39:29,750 - INFO -       📈 Improvement detected: material_focus working better
2025-08-08 19:39:29,750 - INFO - 
   🔄 RL Round 11/17
2025-08-08 19:39:29,750 - INFO -       🎯 Strategy: material_focus (exploit)
2025-08-08 19:39:33,224 - INFO - [TRELLIS] GPU cache cleared: {'status': 'cache_cleared', 'available_memory_gb': 20.631781376}
2025-08-08 19:39:33,225 - INFO -       🔍 Validating...
2025-08-08 19:39:33,225 - INFO -       📝 Using optimized prompt for generation: 'a slender little black chain with subtle metallic sheen, delicate silver links, and a smooth surface finish, front view, accurate, complete, white background...'
2025-08-08 19:39:33,225 - INFO -       🎯 Computing scores against original prompt: 'little black chain...'
2025-08-08 19:40:30,976 - INFO -       📊 Validation score: 0.8303
2025-08-08 19:40:30,976 - INFO -       📉 Score declined: Consider different approach
2025-08-08 19:40:30,977 - INFO - 
   🔄 RL Round 12/17
2025-08-08 19:40:30,977 - INFO -       🎯 Strategy: material_focus (exploit)
2025-08-08 19:40:34,417 - INFO - [TRELLIS] GPU cache cleared: {'status': 'cache_cleared', 'available_memory_gb': 20.631781376}
2025-08-08 19:40:34,418 - INFO -       🔍 Validating...
2025-08-08 19:40:34,418 - INFO -       📝 Using optimized prompt for generation: 'a slender little black chain with delicate metallic texture, smooth surface finish, and subtle sheen on its links, front view, accurate, complete, white background...'
2025-08-08 19:40:34,418 - INFO -       🎯 Computing scores against original prompt: 'little black chain...'
2025-08-08 19:41:35,570 - INFO -       📊 Validation score: 0.8324
2025-08-08 19:41:35,570 - INFO -       📈 Improvement detected: material_focus working better
2025-08-08 19:41:35,570 - INFO - 
   🔄 RL Round 13/17
2025-08-08 19:41:35,571 - INFO -       🎯 Strategy: contextual_scene_building (explore)
2025-08-08 19:41:38,898 - INFO - [TRELLIS] GPU cache cleared: {'status': 'cache_cleared', 'available_memory_gb': 20.631781376}
2025-08-08 19:41:38,899 - INFO -       🔍 Validating...
2025-08-08 19:41:38,899 - INFO -       📝 Using optimized prompt for generation: 'a slender little black chain with delicate metallic texture, subtle sheen on its links, and smooth surface finish, front view, accurate, complete, white background...'
2025-08-08 19:41:38,899 - INFO -       🎯 Computing scores against original prompt: 'little black chain...'
2025-08-08 19:42:36,406 - INFO -       📊 Validation score: 0.8420
2025-08-08 19:42:36,407 - INFO -       📈 Improvement detected: contextual_scene_building working better
2025-08-08 19:42:36,407 - INFO - 
   🔄 RL Round 14/17
2025-08-08 19:42:36,407 - INFO -       🎯 Strategy: contextual_scene_building (explore)
2025-08-08 19:42:39,795 - INFO - [TRELLIS] GPU cache cleared: {'status': 'cache_cleared', 'available_memory_gb': 20.631781376}
2025-08-08 19:42:39,795 - INFO -       🔍 Validating...
2025-08-08 19:42:39,795 - INFO -       📝 Using optimized prompt for generation: 'a slender little black chain with a subtle metallic sheen, delicate silver links, and a smooth surface finish, front view, accurate, complete, white background...'
2025-08-08 19:42:39,795 - INFO -       🎯 Computing scores against original prompt: 'little black chain...'
2025-08-08 19:43:36,691 - INFO -       📊 Validation score: 0.8651
2025-08-08 19:43:36,692 - INFO -       📈 Improvement detected: contextual_scene_building working better
2025-08-08 19:43:36,692 - INFO - 
   🔄 RL Round 15/17
2025-08-08 19:43:36,692 - INFO -       🎯 Strategy: material_focus (exploit)
2025-08-08 19:43:40,195 - INFO - [TRELLIS] GPU cache cleared: {'status': 'cache_cleared', 'available_memory_gb': 20.631781376}
2025-08-08 19:43:40,196 - INFO -       🔍 Validating...
2025-08-08 19:43:40,196 - INFO -       📝 Using optimized prompt for generation: 'a slender little black chain with delicate metallic texture and subtle sheen on its links, polished to perfection, front view, accurate, complete, white background...'
2025-08-08 19:43:40,196 - INFO -       🎯 Computing scores against original prompt: 'little black chain...'
2025-08-08 19:44:37,284 - INFO -       📊 Validation score: 0.7337
2025-08-08 19:44:37,284 - INFO -       📉 Score declined: Consider different approach
2025-08-08 19:44:37,284 - INFO - 
   🔄 RL Round 16/17
2025-08-08 19:44:37,285 - INFO -       🎯 Strategy: contextual_scene_building (exploit)
2025-08-08 19:44:41,234 - INFO - [TRELLIS] GPU cache cleared: {'status': 'cache_cleared', 'available_memory_gb': 20.631781376}
2025-08-08 19:44:41,235 - INFO -       🔍 Validating...
2025-08-08 19:44:41,235 - INFO -       📝 Using optimized prompt for generation: 'a slender little black chain with a subtle metallic sheen, delicate silver links, and a smooth surface finish, front view, accurate, complete, white background...'
2025-08-08 19:44:41,235 - INFO -       🎯 Computing scores against original prompt: 'little black chain...'
2025-08-08 19:45:38,477 - INFO -       📊 Validation score: 0.8644
2025-08-08 19:45:38,477 - INFO -       📈 Improvement detected: contextual_scene_building working better
2025-08-08 19:45:38,478 - INFO - 
   🔄 RL Round 17/17
2025-08-08 19:45:38,478 - INFO -       🎯 Strategy: contextual_scene_building (exploit)
2025-08-08 19:45:41,953 - INFO - [TRELLIS] GPU cache cleared: {'status': 'cache_cleared', 'available_memory_gb': 20.631781376}
2025-08-08 19:45:41,954 - INFO -       🔍 Validating...
2025-08-08 19:45:41,954 - INFO -       📝 Using optimized prompt for generation: 'a slender little black chain with delicate metallic texture, subtle sheen on its links, and smooth surface finish, front view, accurate, complete, white background...'
2025-08-08 19:45:41,954 - INFO -       🎯 Computing scores against original prompt: 'little black chain...'
2025-08-08 19:46:38,582 - INFO -       📊 Validation score: 0.8405
2025-08-08 19:46:38,590 - INFO - 
🎯 RL LOOP COMPLETE:
2025-08-08 19:46:38,590 - INFO -    Best prompt: a slender little black chain with delicate metallic texture and a subtle sheen on its links, precision-crafted and smooth in surface finish, front view, accurate, complete, white background
2025-08-08 19:46:38,590 - INFO -    Best score: 0.9144
2025-08-08 19:46:38,590 - INFO -    Rounds: 17
2025-08-08 19:46:38,590 - INFO -    Convergence: False
2025-08-08 19:46:38,590 - INFO -    Convergence reason: Not converged
2025-08-08 19:46:38,590 - INFO -    Exploration ratio: 23.5%
2025-08-08 19:46:38,590 - INFO -    Insights learned: 2
2025-08-08 19:46:38,591 - INFO -    Total time: 1058.31s
2025-08-08 19:46:38,591 - INFO - Prompt optimized in 17 rounds: 0.864 → 0.914 (+0.050)
2025-08-08 19:46:38,591 - INFO - ⏰ Max rounds reached
2025-08-08 19:46:38,591 - INFO - 
--- Episode 1, Prompt 10 (Total: 63) ---
2025-08-08 19:46:38,591 - INFO - Optimizing: 'sturdy metallic blue pliers'
2025-08-08 19:46:38,591 - INFO - 🔍 Checking server availability before optimization...
2025-08-08 19:46:38,599 - INFO - ✅ Server is available (status: completed)
2025-08-08 19:46:38,599 - INFO - 📝 Marked server as used at 1754682398.5997992
2025-08-08 19:46:38,599 - INFO - ✅ Server is available and marked as used
2025-08-08 19:46:38,600 - INFO - 🔄 Reproducibility optimization returned no result
2025-08-08 19:46:38,600 - INFO -       🔧 Overriding endpoint: generate/baolei/
2025-08-08 19:46:38,600 - INFO -       🔧 Using endpoint: generate/baolei/
2025-08-08 19:46:38,602 - INFO - 
🔄 RL LOOP OPTIMIZATION: 'sturdy metallic blue pliers'
2025-08-08 19:46:38,603 - INFO -    Session: rl_session_1754682398_6564
2025-08-08 19:46:38,603 - INFO -    Max rounds: 17
2025-08-08 19:46:38,603 - INFO -    Min rounds before convergence: 5
2025-08-08 19:46:38,603 - INFO -    Target score: 0.99
2025-08-08 19:46:38,603 - INFO - 
   🔄 RL Round 1/17
2025-08-08 19:46:38,603 - INFO -       🎯 Strategy: contextual_scene_building (explore)
2025-08-08 19:46:42,781 - INFO - [TRELLIS] GPU cache cleared: {'status': 'cache_cleared', 'available_memory_gb': 20.631781376}
2025-08-08 19:46:42,781 - INFO -       🔍 Validating...
2025-08-08 19:46:42,782 - INFO -       📝 Using optimized prompt for generation: 'sturdy metallic blue pliers with a comfortable grip and precise jaw closure, resting on a worn wooden workbench amidst tools of various trades in a cozy, rustic workshop filled with natural light and the scent of sawdust, front view, accurate, complete, white background...'
2025-08-08 19:46:42,782 - INFO -       🎯 Computing scores against original prompt: 'sturdy metallic blue pliers...'
2025-08-08 19:47:43,909 - INFO -       📊 Validation score: 0.8514
2025-08-08 19:47:43,910 - INFO -       🎯 New best score: 0.8514
2025-08-08 19:47:43,910 - INFO - 
   🔄 RL Round 2/17
2025-08-08 19:47:43,910 - INFO -       🎯 Strategy: contextual_scene_building (explore)
2025-08-08 19:47:47,202 - INFO - [TRELLIS] GPU cache cleared: {'status': 'cache_cleared', 'available_memory_gb': 20.631781376}
2025-08-08 19:47:47,203 - INFO -       🔍 Validating...
2025-08-08 19:47:47,203 - INFO -       📝 Using optimized prompt for generation: 'sturdy metallic blue pliers with ergonomic grip, precision-crafted jaw closure, and a durable, rust-resistant coating, front view, accurate, complete, white background...'
2025-08-08 19:47:47,203 - INFO -       🎯 Computing scores against original prompt: 'sturdy metallic blue pliers...'
2025-08-08 19:48:43,042 - INFO -       📊 Validation score: 0.8533
2025-08-08 19:48:43,042 - INFO -       🎯 New best score: 0.8533
2025-08-08 19:48:43,043 - INFO -       📈 Improvement detected: contextual_scene_building working better
2025-08-08 19:48:43,043 - INFO - 
   🔄 RL Round 3/17
2025-08-08 19:48:43,043 - INFO -       🎯 Strategy: material_focus (explore)
2025-08-08 19:48:46,823 - INFO - [TRELLIS] GPU cache cleared: {'status': 'cache_cleared', 'available_memory_gb': 20.631781376}
2025-08-08 19:48:46,824 - INFO -       🔍 Validating...
2025-08-08 19:48:46,824 - INFO -       📝 Using optimized prompt for generation: 'sturdy metallic blue pliers with a comfortable grip and precision-crafted jaw closure, featuring a durable anodized coating for rust resistance...'
2025-08-08 19:48:46,824 - INFO -       🎯 Computing scores against original prompt: 'sturdy metallic blue pliers...'
2025-08-08 19:49:45,477 - INFO -       📊 Validation score: 0.8769
2025-08-08 19:49:45,477 - INFO -       🎯 New best score: 0.8769
2025-08-08 19:49:45,477 - INFO -       📈 Improvement detected: material_focus working better
2025-08-08 19:49:45,478 - INFO - 
   🔄 RL Round 4/17
2025-08-08 19:49:45,478 - INFO -       🎯 Strategy: hybrid_approach (explore)
2025-08-08 19:49:49,652 - INFO - [TRELLIS] GPU cache cleared: {'status': 'cache_cleared', 'available_memory_gb': 20.631781376}
2025-08-08 19:49:49,652 - INFO -       🔍 Validating...
2025-08-08 19:49:49,653 - INFO -       📝 Using optimized prompt for generation: 'sturdy metallic blue pliers with a comfortable grip, precision-crafted jaw closure, and a durable coating, front view, accurate, complete, white background...'
2025-08-08 19:49:49,653 - INFO -       🎯 Computing scores against original prompt: 'sturdy metallic blue pliers...'
2025-08-08 19:50:45,467 - INFO -       📊 Validation score: 0.8652
2025-08-08 19:50:45,468 - INFO -       📉 Score declined: Consider different approach
2025-08-08 19:50:45,468 - INFO - 
   🔄 RL Round 5/17
2025-08-08 19:50:45,468 - INFO -       🎯 Strategy: hybrid_approach (explore)
2025-08-08 19:50:48,941 - INFO - [TRELLIS] GPU cache cleared: {'status': 'cache_cleared', 'available_memory_gb': 20.631781376}
2025-08-08 19:50:48,942 - INFO -       🔍 Validating...
2025-08-08 19:50:48,942 - INFO -       📝 Using optimized prompt for generation: 'sturdy metallic blue pliers with a durable, rust-resistant coating and precision-crafted jaw closure, front view, accurate, complete, white background...'
2025-08-08 19:50:48,942 - INFO -       🎯 Computing scores against original prompt: 'sturdy metallic blue pliers...'
2025-08-08 19:51:44,822 - INFO -       📊 Validation score: 0.8594
2025-08-08 19:51:44,823 - INFO -       ✅ Convergence achieved: Convergence threshold met (improvement: -0.006)
2025-08-08 19:51:44,831 - INFO - 
🎯 RL LOOP COMPLETE:
2025-08-08 19:51:44,831 - INFO -    Best prompt: sturdy metallic blue pliers with a comfortable grip and precision-crafted jaw closure, featuring a durable anodized coating for rust resistance
2025-08-08 19:51:44,832 - INFO -    Best score: 0.8769
2025-08-08 19:51:44,832 - INFO -    Rounds: 5
2025-08-08 19:51:44,832 - INFO -    Convergence: True
2025-08-08 19:51:44,832 - INFO -    Convergence reason: Convergence threshold met (improvement: -0.006)
2025-08-08 19:51:44,832 - INFO -    Exploration ratio: 100.0%
2025-08-08 19:51:44,832 - INFO -    Insights learned: 3
2025-08-08 19:51:44,832 - INFO -    Total time: 306.22s
2025-08-08 19:51:44,833 - INFO - Prompt optimized in 5 rounds: 0.851 → 0.877 (+0.026)
2025-08-08 19:51:44,833 - INFO - ✅ Target score achieved!
2025-08-08 19:51:44,833 - INFO - 
--- Episode 1, Prompt 11 (Total: 63) ---
2025-08-08 19:51:44,833 - INFO - Optimizing: 'orange glass filled with orange juice above'
2025-08-08 19:51:44,833 - INFO - 🔍 Checking server availability before optimization...
2025-08-08 19:51:44,843 - INFO - ✅ Server is available (status: completed)
2025-08-08 19:51:44,843 - INFO - 📝 Marked server as used at 1754682704.8438187
2025-08-08 19:51:44,843 - INFO - ✅ Server is available and marked as used
2025-08-08 19:51:44,844 - INFO - 🔄 Reproducibility optimization returned no result
2025-08-08 19:51:44,844 - INFO -       🔧 Overriding endpoint: generate/baolei/
2025-08-08 19:51:44,844 - INFO -       🔧 Using endpoint: generate/baolei/
2025-08-08 19:51:44,847 - INFO - 
🔄 RL LOOP OPTIMIZATION: 'orange glass filled with orange juice above'
2025-08-08 19:51:44,847 - INFO -    Session: rl_session_1754682704_5677
2025-08-08 19:51:44,847 - INFO -    Max rounds: 17
2025-08-08 19:51:44,847 - INFO -    Min rounds before convergence: 5
2025-08-08 19:51:44,847 - INFO -    Target score: 0.99
2025-08-08 19:51:44,847 - INFO - 
   🔄 RL Round 1/17
2025-08-08 19:51:44,847 - INFO -       🎯 Strategy: contextual_scene_building (exploit)
2025-08-08 19:51:48,257 - INFO - [TRELLIS] GPU cache cleared: {'status': 'cache_cleared', 'available_memory_gb': 20.631781376}
2025-08-08 19:51:48,258 - INFO -       🔍 Validating...
2025-08-08 19:51:48,258 - INFO -       📝 Using optimized prompt for generation: 'a delicate glass filled with orange juice above a serene orange grove at sunset, front view, accurate, complete, white background...'
2025-08-08 19:51:48,258 - INFO -       🎯 Computing scores against original prompt: 'orange glass filled with orange juice above...'
2025-08-08 19:52:47,274 - INFO -       📊 Validation score: 0.8624
2025-08-08 19:52:47,274 - INFO -       🎯 New best score: 0.8624
2025-08-08 19:52:47,275 - INFO - 
   🔄 RL Round 2/17
2025-08-08 19:52:47,275 - INFO -       🎯 Strategy: contextual_scene_building (exploit)
2025-08-08 19:52:50,868 - INFO - [TRELLIS] GPU cache cleared: {'status': 'cache_cleared', 'available_memory_gb': 20.631781376}
2025-08-08 19:52:50,868 - INFO -       🔍 Validating...
2025-08-08 19:52:50,868 - INFO -       📝 Using optimized prompt for generation: 'a slender glass filled with freshly squeezed orange juice above a minimalist kitchen counter with a subtle wooden accent wall, front view, accurate, complete, white background...'
2025-08-08 19:52:50,869 - INFO -       🎯 Computing scores against original prompt: 'orange glass filled with orange juice above...'
2025-08-08 19:53:51,428 - INFO -       📊 Validation score: 0.7697
2025-08-08 19:53:51,429 - INFO -       📉 Score declined: Consider different approach
2025-08-08 19:53:51,429 - INFO - 
   🔄 RL Round 3/17
2025-08-08 19:53:51,429 - INFO -       🎯 Strategy: material_focus (exploit)
2025-08-08 19:53:55,026 - INFO - [TRELLIS] GPU cache cleared: {'status': 'cache_cleared', 'available_memory_gb': 20.631781376}
2025-08-08 19:53:55,027 - INFO -       🔍 Validating...
2025-08-08 19:53:55,027 - INFO -       📝 Using optimized prompt for generation: 'a delicate glass filled with orange juice above, front view, accurate, complete, white background...'
2025-08-08 19:53:55,027 - INFO -       🎯 Computing scores against original prompt: 'orange glass filled with orange juice above...'
2025-08-08 19:54:54,539 - INFO -       📊 Validation score: 0.3584
2025-08-08 19:54:54,539 - INFO -       📉 Score declined: Consider different approach
2025-08-08 19:54:54,540 - INFO -       🔍 Increasing exploration to 0.40
2025-08-08 19:54:54,540 - INFO - 
   🔄 RL Round 4/17
2025-08-08 19:54:54,540 - INFO -       🔍 Explore performing better - increasing epsilon to 0.45
2025-08-08 19:54:54,540 - INFO -       🎯 Strategy: hybrid_approach (explore)
2025-08-08 19:54:58,551 - INFO - [TRELLIS] GPU cache cleared: {'status': 'cache_cleared', 'available_memory_gb': 20.631781376}
2025-08-08 19:54:58,551 - INFO -       🔍 Validating...
2025-08-08 19:54:58,551 - INFO -       📝 Using optimized prompt for generation: 'a slender glass filled with orange juice above, carefully crafted to resemble a miniature work of art, with subtle ridges and an elegant curve...'
2025-08-08 19:54:58,551 - INFO -       🎯 Computing scores against original prompt: 'orange glass filled with orange juice above...'
2025-08-08 19:55:55,912 - INFO -       📊 Validation score: 0.7217
2025-08-08 19:55:55,912 - INFO -       📈 Improvement detected: hybrid_approach working better
2025-08-08 19:55:55,912 - INFO - 
   🔄 RL Round 5/17
2025-08-08 19:55:55,912 - INFO -       🔍 Explore performing better - increasing epsilon to 0.50
2025-08-08 19:55:55,912 - INFO -       🎯 Strategy: contextual_scene_building (exploit)
2025-08-08 19:55:59,555 - INFO - [TRELLIS] GPU cache cleared: {'status': 'cache_cleared', 'available_memory_gb': 20.631781376}
2025-08-08 19:55:59,555 - INFO -       🔍 Validating...
2025-08-08 19:55:59,555 - INFO -       📝 Using optimized prompt for generation: 'a slender glass filled with freshly squeezed orange juice above, carefully crafted to have a subtle curvature and a delicate rim...'
2025-08-08 19:55:59,556 - INFO -       🎯 Computing scores against original prompt: 'orange glass filled with orange juice above...'
2025-08-08 19:56:58,906 - INFO -       📊 Validation score: 0.5586
2025-08-08 19:56:58,907 - INFO -       🔍 Explore performing better - stricter convergence threshold: 0.005
2025-08-08 19:56:58,907 - INFO -       📉 Score declined: Consider different approach
2025-08-08 19:56:58,907 - INFO - 
   🔄 RL Round 6/17
2025-08-08 19:56:58,907 - INFO -       🔍 Explore performing better - increasing epsilon to 0.55
2025-08-08 19:56:58,907 - INFO -       🎯 Strategy: hybrid_approach (explore)
2025-08-08 19:57:03,269 - INFO - [TRELLIS] GPU cache cleared: {'status': 'cache_cleared', 'available_memory_gb': 20.631781376}
2025-08-08 19:57:03,270 - INFO -       🔍 Validating...
2025-08-08 19:57:03,270 - INFO -       📝 Using optimized prompt for generation: 'a slender glass filled with freshly squeezed orange juice above, carefully crafted to have a subtle sheen and precision-cut rim, resting on a minimalist kitchen counter, front view, accurate, complete, white background...'
2025-08-08 19:57:03,270 - INFO -       🎯 Computing scores against original prompt: 'orange glass filled with orange juice above...'
2025-08-08 19:58:02,431 - INFO -       📊 Validation score: 0.5257
2025-08-08 19:58:02,432 - INFO -       📉 Score declined: Consider different approach
2025-08-08 19:58:02,432 - INFO - 
   🔄 RL Round 7/17
2025-08-08 19:58:02,432 - INFO -       🔍 Explore performing better - increasing epsilon to 0.60
2025-08-08 19:58:02,432 - INFO -       🎯 Strategy: hybrid_approach (explore)
2025-08-08 19:58:06,098 - INFO - [TRELLIS] GPU cache cleared: {'status': 'cache_cleared', 'available_memory_gb': 20.631781376}
2025-08-08 19:58:06,098 - INFO -       🔍 Validating...
2025-08-08 19:58:06,098 - INFO -       📝 Using optimized prompt for generation: 'a slender glass filled with freshly squeezed orange juice, suspended in mid-air above a plain white surface, emphasizing its delicate curves and transparent clarity, front view, accurate, complete, white background...'
2025-08-08 19:58:06,098 - INFO -       🎯 Computing scores against original prompt: 'orange glass filled with orange juice above...'
2025-08-08 19:59:03,462 - INFO -       📊 Validation score: 0.7515
2025-08-08 19:59:03,463 - INFO -       🔍 Explore performing better - stricter convergence threshold: 0.005
2025-08-08 19:59:03,463 - INFO -       📈 Improvement detected: hybrid_approach working better
2025-08-08 19:59:03,463 - INFO - 
   🔄 RL Round 8/17
2025-08-08 19:59:03,463 - INFO -       🔍 Explore performing better - increasing epsilon to 0.65
2025-08-08 19:59:03,464 - INFO -       🎯 Strategy: technical_precision (exploit)
2025-08-08 19:59:06,817 - INFO - [TRELLIS] GPU cache cleared: {'status': 'cache_cleared', 'available_memory_gb': 20.631781376}
2025-08-08 19:59:06,817 - INFO -       🔍 Validating...
2025-08-08 19:59:06,817 - INFO -       📝 Using optimized prompt for generation: 'a slender glass filled with freshly squeezed orange juice above, front view, accurate, complete, white background...'
2025-08-08 19:59:06,817 - INFO -       🎯 Computing scores against original prompt: 'orange glass filled with orange juice above...'
2025-08-08 20:00:02,340 - INFO -       📊 Validation score: 0.6559
2025-08-08 20:00:02,341 - INFO -       🔍 Explore performing better - stricter convergence threshold: 0.005
2025-08-08 20:00:02,341 - INFO -       📉 Score declined: Consider different approach
2025-08-08 20:00:02,341 - INFO - 
   🔄 RL Round 9/17
2025-08-08 20:00:02,341 - INFO -       🔍 Explore performing better - increasing epsilon to 0.70
2025-08-08 20:00:02,341 - INFO -       🎯 Strategy: contextual_scene_building (explore)
2025-08-08 20:00:06,142 - INFO - [TRELLIS] GPU cache cleared: {'status': 'cache_cleared', 'available_memory_gb': 20.631781376}
2025-08-08 20:00:06,143 - INFO -       🔍 Validating...
2025-08-08 20:00:06,143 - INFO -       📝 Using optimized prompt for generation: 'a slender glass filled with freshly squeezed orange juice, carefully crafted to resemble a miniature work of art in perfect proportion...'
2025-08-08 20:00:06,143 - INFO -       🎯 Computing scores against original prompt: 'orange glass filled with orange juice above...'
2025-08-08 20:01:09,797 - INFO -       📊 Validation score: 0.7678
2025-08-08 20:01:09,798 - INFO -       🔍 Explore performing better - stricter convergence threshold: 0.005
2025-08-08 20:01:09,798 - INFO -       📈 Improvement detected: contextual_scene_building working better
2025-08-08 20:01:09,798 - INFO - 
   🔄 RL Round 10/17
2025-08-08 20:01:09,798 - INFO -       🔍 Explore performing better - increasing epsilon to 0.75
2025-08-08 20:01:09,798 - INFO -       🎯 Strategy: contextual_scene_building (explore)
2025-08-08 20:01:13,795 - INFO - [TRELLIS] GPU cache cleared: {'status': 'cache_cleared', 'available_memory_gb': 20.631781376}
2025-08-08 20:01:13,795 - INFO -       🔍 Validating...
2025-08-08 20:01:13,795 - INFO -       📝 Using optimized prompt for generation: 'a slender glass filled with freshly squeezed orange juice above, carefully crafted to have a subtle curvature on its rim and a delicate handle...'
2025-08-08 20:01:13,796 - INFO -       🎯 Computing scores against original prompt: 'orange glass filled with orange juice above...'
2025-08-08 20:02:14,897 - INFO -       📊 Validation score: 0.8146
2025-08-08 20:02:14,898 - INFO -       🔍 Explore performing better - stricter convergence threshold: 0.005
2025-08-08 20:02:14,898 - INFO -       📈 Improvement detected: contextual_scene_building working better
2025-08-08 20:02:14,898 - INFO - 
   🔄 RL Round 11/17
2025-08-08 20:02:14,898 - INFO -       🔍 Explore performing better - increasing epsilon to 0.80
2025-08-08 20:02:14,898 - INFO -       🎯 Strategy: technical_precision (explore)
2025-08-08 20:02:18,814 - INFO - [TRELLIS] GPU cache cleared: {'status': 'cache_cleared', 'available_memory_gb': 20.631781376}
2025-08-08 20:02:18,815 - INFO -       🔍 Validating...
2025-08-08 20:02:18,815 - INFO -       📝 Using optimized prompt for generation: 'a delicate glass filled with orange juice above, carefully crafted to resemble a miniature work of art with precise etchings on the rim and a subtle curvature, front view, accurate, complete, white background...'
2025-08-08 20:02:18,815 - INFO -       🎯 Computing scores against original prompt: 'orange glass filled with orange juice above...'
2025-08-08 20:03:16,111 - INFO -       📊 Validation score: 0.5757
2025-08-08 20:03:16,112 - INFO -       📉 Score declined: Consider different approach
2025-08-08 20:03:16,112 - INFO - 
   🔄 RL Round 12/17
2025-08-08 20:03:16,112 - INFO -       🎯 Strategy: technical_precision (explore)
2025-08-08 20:03:19,912 - INFO - [TRELLIS] GPU cache cleared: {'status': 'cache_cleared', 'available_memory_gb': 20.631781376}
2025-08-08 20:03:19,912 - INFO -       🔍 Validating...
2025-08-08 20:03:19,912 - INFO -       📝 Using optimized prompt for generation: 'a delicate glass filled with freshly squeezed orange juice above, carefully crafted to resemble a miniature work of art, front view, accurate, complete, white background...'
2025-08-08 20:03:19,912 - INFO -       🎯 Computing scores against original prompt: 'orange glass filled with orange juice above...'
2025-08-08 20:04:17,725 - INFO -       📊 Validation score: 0.8939
2025-08-08 20:04:17,725 - INFO -       🎯 New best score: 0.8939
2025-08-08 20:04:17,725 - INFO -       📈 Improvement detected: technical_precision working better
2025-08-08 20:04:17,726 - INFO - 
   🔄 RL Round 13/17
2025-08-08 20:04:17,726 - INFO -       🔍 Explore performing better - increasing epsilon to 0.80
2025-08-08 20:04:17,726 - INFO -       🎯 Strategy: material_focus (explore)
2025-08-08 20:04:20,823 - INFO - [TRELLIS] GPU cache cleared: {'status': 'cache_cleared', 'available_memory_gb': 20.631781376}
2025-08-08 20:04:20,823 - INFO -       🔍 Validating...
2025-08-08 20:04:20,823 - INFO -       📝 Using optimized prompt for generation: 'a delicate glass filled with orange juice above, crafted from elegant antique glassware on a minimalist wooden table with intricate carvings and soft focus effects, front view, accurate, complete, white background...'
2025-08-08 20:04:20,823 - INFO -       🎯 Computing scores against original prompt: 'orange glass filled with orange juice above...'
2025-08-08 20:05:21,535 - INFO -       📊 Validation score: 0.8812
2025-08-08 20:05:21,536 - INFO -       📉 Score declined: Consider different approach
2025-08-08 20:05:21,536 - INFO - 
   🔄 RL Round 14/17
2025-08-08 20:05:21,536 - INFO -       🔍 Explore performing better - increasing epsilon to 0.80
2025-08-08 20:05:21,536 - INFO -       🎯 Strategy: conservative_enhancement (explore)
2025-08-08 20:05:24,430 - INFO - [TRELLIS] GPU cache cleared: {'status': 'cache_cleared', 'available_memory_gb': 20.631781376}
2025-08-08 20:05:24,430 - INFO -       🔍 Validating...
2025-08-08 20:05:24,431 - INFO -       📝 Using optimized prompt for generation: 'a slender glass filled with orange juice suspended in mid-air above a minimalist kitchen counter, front view, accurate, complete, white background...'
2025-08-08 20:05:24,431 - INFO -       🎯 Computing scores against original prompt: 'orange glass filled with orange juice above...'
2025-08-08 20:06:26,275 - INFO -       📊 Validation score: 0.8493
2025-08-08 20:06:26,276 - INFO -       📉 Score declined: Consider different approach
2025-08-08 20:06:26,276 - INFO - 
   🔄 RL Round 15/17
2025-08-08 20:06:26,276 - INFO -       🔍 Explore performing better - increasing epsilon to 0.80
2025-08-08 20:06:26,276 - INFO -       🎯 Strategy: conservative_enhancement (explore)
2025-08-08 20:06:30,097 - INFO - [TRELLIS] GPU cache cleared: {'status': 'cache_cleared', 'available_memory_gb': 20.631781376}
2025-08-08 20:06:30,097 - INFO -       🔍 Validating...
2025-08-08 20:06:30,098 - INFO -       📝 Using optimized prompt for generation: 'a slender glass filled with freshly squeezed orange juice suspended in mid-air above a plain white background, front view, accurate, complete, white background...'
2025-08-08 20:06:30,098 - INFO -       🎯 Computing scores against original prompt: 'orange glass filled with orange juice above...'
2025-08-08 20:07:27,824 - INFO -       📊 Validation score: 0.3527
2025-08-08 20:07:27,825 - INFO -       📉 Score declined: Consider different approach
2025-08-08 20:07:27,825 - INFO -       🔍 Increasing exploration to 0.80
2025-08-08 20:07:27,825 - INFO - 
   🔄 RL Round 16/17
2025-08-08 20:07:27,825 - INFO -       🔍 Explore performing better - increasing epsilon to 0.80
2025-08-08 20:07:27,825 - INFO -       🎯 Strategy: contextual_scene_building (exploit)
2025-08-08 20:07:31,811 - INFO - [TRELLIS] GPU cache cleared: {'status': 'cache_cleared', 'available_memory_gb': 20.631781376}
2025-08-08 20:07:31,812 - INFO -       🔍 Validating...
2025-08-08 20:07:31,812 - INFO -       📝 Using optimized prompt for generation: 'a slender glass filled with freshly squeezed orange juice, crafted from elegant, antique-inspired glassware suspended in mid-air above a plain white background, front view, accurate, complete, white background...'
2025-08-08 20:07:31,812 - INFO -       🎯 Computing scores against original prompt: 'orange glass filled with orange juice above...'
2025-08-08 20:08:30,010 - INFO -       📊 Validation score: 0.7929
2025-08-08 20:08:30,010 - INFO -       📈 Improvement detected: contextual_scene_building working better
2025-08-08 20:08:30,011 - INFO - 
   🔄 RL Round 17/17
2025-08-08 20:08:30,011 - INFO -       🔍 Explore performing better - increasing epsilon to 0.80
2025-08-08 20:08:30,011 - INFO -       🎯 Strategy: conservative_enhancement (explore)
2025-08-08 20:08:33,675 - INFO - [TRELLIS] GPU cache cleared: {'status': 'cache_cleared', 'available_memory_gb': 20.631781376}
2025-08-08 20:08:33,675 - INFO -       🔍 Validating...
2025-08-08 20:08:33,675 - INFO -       📝 Using optimized prompt for generation: 'a slender glass of freshly squeezed orange juice suspended in mid-air above a minimalist kitchen counter, front view, accurate, complete, white background...'
2025-08-08 20:08:33,675 - INFO -       🎯 Computing scores against original prompt: 'orange glass filled with orange juice above...'
2025-08-08 20:09:33,513 - INFO -       📊 Validation score: 0.8315
2025-08-08 20:09:33,527 - INFO - 
🎯 RL LOOP COMPLETE:
2025-08-08 20:09:33,527 - INFO -    Best prompt: a delicate glass filled with freshly squeezed orange juice above, carefully crafted to resemble a miniature work of art, front view, accurate, complete, white background
2025-08-08 20:09:33,527 - INFO -    Best score: 0.8939
2025-08-08 20:09:33,527 - INFO -    Rounds: 17
2025-08-08 20:09:33,527 - INFO -    Convergence: False
2025-08-08 20:09:33,527 - INFO -    Convergence reason: Not converged
2025-08-08 20:09:33,527 - INFO -    Exploration ratio: 64.7%
2025-08-08 20:09:33,527 - INFO -    Insights learned: 2
2025-08-08 20:09:33,527 - INFO -    Total time: 1068.67s
2025-08-08 20:09:33,528 - INFO - Prompt optimized in 17 rounds: 0.862 → 0.894 (+0.032)
2025-08-08 20:09:33,528 - INFO - ⏰ Max rounds reached
2025-08-08 20:09:33,528 - INFO - 
--- Episode 1, Prompt 12 (Total: 63) ---
2025-08-08 20:09:33,528 - INFO - Optimizing: 'burgundy pliers insulated handles'
2025-08-08 20:09:33,528 - INFO - 🔍 Checking server availability before optimization...
2025-08-08 20:09:33,536 - INFO - ✅ Server is available (status: completed)
2025-08-08 20:09:33,536 - INFO - 📝 Marked server as used at 1754683773.5367799
2025-08-08 20:09:33,536 - INFO - ✅ Server is available and marked as used
2025-08-08 20:09:33,537 - INFO - 🔄 Reproducibility optimization returned no result
2025-08-08 20:09:33,537 - INFO -       🔧 Overriding endpoint: generate/baolei/
2025-08-08 20:09:33,537 - INFO -       🔧 Using endpoint: generate/baolei/
2025-08-08 20:09:33,540 - INFO - 
🔄 RL LOOP OPTIMIZATION: 'burgundy pliers insulated handles'
2025-08-08 20:09:33,540 - INFO -    Session: rl_session_1754683773_3099
2025-08-08 20:09:33,541 - INFO -    Max rounds: 17
2025-08-08 20:09:33,541 - INFO -    Min rounds before convergence: 5
2025-08-08 20:09:33,541 - INFO -    Target score: 0.99
2025-08-08 20:09:33,541 - INFO - 
   🔄 RL Round 1/17
2025-08-08 20:09:33,541 - INFO -       🔍 Explore performing better - increasing epsilon to 0.80
2025-08-08 20:09:33,542 - INFO -       🎯 Strategy: minimalist_refinement (exploit)
2025-08-08 20:09:36,501 - INFO - [TRELLIS] GPU cache cleared: {'status': 'cache_cleared', 'available_memory_gb': 20.631781376}
2025-08-08 20:09:36,502 - INFO -       🔍 Validating...
2025-08-08 20:09:36,502 - INFO -       📝 Using optimized prompt for generation: 'burgundy pliers with ergonomic insulated handles and a precision-crafted jaw for gripping small objects, front view, accurate, complete, white background...'
2025-08-08 20:09:36,502 - INFO -       🎯 Computing scores against original prompt: 'burgundy pliers insulated handles...'
2025-08-08 20:10:33,643 - INFO -       📊 Validation score: 0.7424
2025-08-08 20:10:33,643 - INFO -       🎯 New best score: 0.7424
2025-08-08 20:10:33,643 - INFO - 
   🔄 RL Round 2/17
2025-08-08 20:10:33,643 - INFO -       🔍 Explore performing better - increasing epsilon to 0.80
2025-08-08 20:10:33,644 - INFO -       🎯 Strategy: minimalist_refinement (exploit)
2025-08-08 20:10:36,465 - INFO - [TRELLIS] GPU cache cleared: {'status': 'cache_cleared', 'available_memory_gb': 20.631781376}
2025-08-08 20:10:36,465 - INFO -       🔍 Validating...
2025-08-08 20:10:36,465 - INFO -       📝 Using optimized prompt for generation: 'burgundy insulated pliers with ergonomic handles and precision-crafted jaws, front view, accurate, complete, white background...'
2025-08-08 20:10:36,465 - INFO -       🎯 Computing scores against original prompt: 'burgundy pliers insulated handles...'
2025-08-08 20:11:34,019 - INFO -       📊 Validation score: 0.6982
2025-08-08 20:11:34,020 - INFO -       📉 Score declined: Consider different approach
2025-08-08 20:11:34,020 - INFO - 
   🔄 RL Round 3/17
2025-08-08 20:11:34,020 - INFO -       🔍 Explore performing better - increasing epsilon to 0.80
2025-08-08 20:11:34,020 - INFO -       🎯 Strategy: conservative_enhancement (explore)
2025-08-08 20:11:37,418 - INFO - [TRELLIS] GPU cache cleared: {'status': 'cache_cleared', 'available_memory_gb': 20.631781376}
2025-08-08 20:11:37,418 - INFO -       🔍 Validating...
2025-08-08 20:11:37,418 - INFO -       📝 Using optimized prompt for generation: 'burgundy insulated pliers with ergonomic, textured handles featuring a precision-crafted jaw for gripping small objects and comfortable finger rest, front view, accurate, complete, white background...'
2025-08-08 20:11:37,418 - INFO -       🎯 Computing scores against original prompt: 'burgundy pliers insulated handles...'
2025-08-08 20:12:34,932 - INFO -       📊 Validation score: 0.9347
2025-08-08 20:12:34,932 - INFO -       🎯 New best score: 0.9347
2025-08-08 20:12:34,932 - INFO -       📈 Improvement detected: conservative_enhancement working better
2025-08-08 20:12:34,932 - INFO - 
   🔄 RL Round 4/17
2025-08-08 20:12:34,933 - INFO -       🔍 Explore performing better - increasing epsilon to 0.80
2025-08-08 20:12:34,933 - INFO -       🎯 Strategy: minimalist_refinement (explore)
2025-08-08 20:12:39,036 - INFO - [TRELLIS] GPU cache cleared: {'status': 'cache_cleared', 'available_memory_gb': 20.631781376}
2025-08-08 20:12:39,037 - INFO -       🔍 Validating...
2025-08-08 20:12:39,037 - INFO -       📝 Using optimized prompt for generation: 'burgundy insulated pliers with comfort-fit handles featuring a textured grip and ergonomic contours for reduced fatigue, front view, accurate, complete, white background...'
2025-08-08 20:12:39,037 - INFO -       🎯 Computing scores against original prompt: 'burgundy pliers insulated handles...'
2025-08-08 20:13:36,548 - INFO -       📊 Validation score: 0.9236
2025-08-08 20:13:36,548 - INFO -       📉 Score declined: Consider different approach
2025-08-08 20:13:36,548 - INFO - 
   🔄 RL Round 5/17
2025-08-08 20:13:36,548 - INFO -       🔍 Explore performing better - increasing epsilon to 0.80
2025-08-08 20:13:36,549 - INFO -       🎯 Strategy: aggressive_transformation (explore)
2025-08-08 20:13:40,602 - INFO - [TRELLIS] GPU cache cleared: {'status': 'cache_cleared', 'available_memory_gb': 20.631781376}
2025-08-08 20:13:40,602 - INFO -       🔍 Validating...
2025-08-08 20:13:40,602 - INFO -       📝 Using optimized prompt for generation: 'burgundy insulated pliers with ergonomic, contoured handles featuring a soft grip texture and cushioned finger rests for reduced fatigue, front view, accurate, complete, white background...'
2025-08-08 20:13:40,603 - INFO -       🎯 Computing scores against original prompt: 'burgundy pliers insulated handles...'
2025-08-08 20:14:38,027 - INFO -       📊 Validation score: 0.8390
2025-08-08 20:14:38,028 - INFO -       🔍 Explore performing better - stricter convergence threshold: 0.005
2025-08-08 20:14:38,028 - INFO -       📉 Score declined: Consider different approach
2025-08-08 20:14:38,028 - INFO - 
   🔄 RL Round 6/17
2025-08-08 20:14:38,029 - INFO -       🔍 Explore performing better - increasing epsilon to 0.80
2025-08-08 20:14:38,029 - INFO -       🎯 Strategy: aggressive_transformation (explore)
2025-08-08 20:14:42,179 - INFO - [TRELLIS] GPU cache cleared: {'status': 'cache_cleared', 'available_memory_gb': 20.631781376}
2025-08-08 20:14:42,179 - INFO -       🔍 Validating...
2025-08-08 20:14:42,179 - INFO -       📝 Using optimized prompt for generation: 'high-quality burgundy insulated pliers with ergonomic, precision-crafted handles featuring a textured grip and cushioned grip surface, front view, accurate, complete, white background...'
2025-08-08 20:14:42,179 - INFO -       🎯 Computing scores against original prompt: 'burgundy pliers insulated handles...'
2025-08-08 20:15:38,860 - INFO -       📊 Validation score: 0.8638
2025-08-08 20:15:38,861 - INFO -       🔍 Explore performing better - stricter convergence threshold: 0.005
2025-08-08 20:15:38,861 - INFO -       📈 Improvement detected: aggressive_transformation working better
2025-08-08 20:15:38,861 - INFO - 
   🔄 RL Round 7/17
2025-08-08 20:15:38,862 - INFO -       🔍 Explore performing better - increasing epsilon to 0.80
2025-08-08 20:15:38,862 - INFO -       🎯 Strategy: artistic_elaboration (explore)
2025-08-08 20:15:42,274 - INFO - [TRELLIS] GPU cache cleared: {'status': 'cache_cleared', 'available_memory_gb': 20.631781376}
2025-08-08 20:15:42,274 - INFO -       🔍 Validating...
2025-08-08 20:15:42,274 - INFO -       📝 Using optimized prompt for generation: 'burgundy insulated pliers with ergonomic, contoured handles featuring precision-ground edges and soft grip texture...'
2025-08-08 20:15:42,274 - INFO -       🎯 Computing scores against original prompt: 'burgundy pliers insulated handles...'
2025-08-08 20:16:40,050 - INFO -       📊 Validation score: 0.9258
2025-08-08 20:16:40,051 - INFO -       🔍 Explore performing better - stricter convergence threshold: 0.005
2025-08-08 20:16:40,051 - INFO -       📈 Improvement detected: artistic_elaboration working better
2025-08-08 20:16:40,051 - INFO - 
   🔄 RL Round 8/17
2025-08-08 20:16:40,051 - INFO -       🔍 Explore performing better - increasing epsilon to 0.80
2025-08-08 20:16:40,051 - INFO -       🎯 Strategy: aggressive_transformation (explore)
2025-08-08 20:16:43,666 - INFO - [TRELLIS] GPU cache cleared: {'status': 'cache_cleared', 'available_memory_gb': 20.631781376}
2025-08-08 20:16:43,667 - INFO -       🔍 Validating...
2025-08-08 20:16:43,667 - INFO -       📝 Using optimized prompt for generation: 'burgundy insulated pliers with ergonomic, precision-crafted handles featuring a textured grip and cushioned wrist rests, front view, accurate, complete, white background...'
2025-08-08 20:16:43,667 - INFO -       🎯 Computing scores against original prompt: 'burgundy pliers insulated handles...'
2025-08-08 20:17:39,501 - INFO -       📊 Validation score: 0.9226
2025-08-08 20:17:39,502 - INFO -       🔍 Explore performing better - stricter convergence threshold: 0.005
2025-08-08 20:17:39,502 - INFO -       ✅ Convergence achieved: Convergence threshold met (improvement: -0.003)
2025-08-08 20:17:39,512 - INFO - 
🎯 RL LOOP COMPLETE:
2025-08-08 20:17:39,512 - INFO -    Best prompt: burgundy insulated pliers with ergonomic, textured handles featuring a precision-crafted jaw for gripping small objects and comfortable finger rest, front view, accurate, complete, white background
2025-08-08 20:17:39,512 - INFO -    Best score: 0.9347
2025-08-08 20:17:39,512 - INFO -    Rounds: 8
2025-08-08 20:17:39,512 - INFO -    Convergence: True
2025-08-08 20:17:39,513 - INFO -    Convergence reason: Convergence threshold met (improvement: -0.003)
2025-08-08 20:17:39,513 - INFO -    Exploration ratio: 75.0%
2025-08-08 20:17:39,513 - INFO -    Insights learned: 3
2025-08-08 20:17:39,513 - INFO -    Total time: 485.96s
2025-08-08 20:17:39,513 - INFO - Prompt optimized in 8 rounds: 0.742 → 0.935 (+0.192)
2025-08-08 20:17:39,514 - INFO - ✅ Target score achieved!
2025-08-08 20:17:39,514 - INFO - 
--- Episode 1, Prompt 13 (Total: 63) ---
2025-08-08 20:17:39,514 - INFO - Optimizing: 'dark gray cylindrical body'
2025-08-08 20:17:39,514 - INFO - 🔍 Checking server availability before optimization...
2025-08-08 20:17:39,529 - INFO - ✅ Server is available (status: completed)
2025-08-08 20:17:39,529 - INFO - 📝 Marked server as used at 1754684259.5294538
2025-08-08 20:17:39,529 - INFO - ✅ Server is available and marked as used
2025-08-08 20:17:39,529 - INFO - 🔄 Reproducibility optimization returned no result
2025-08-08 20:17:39,529 - INFO -       🔧 Overriding endpoint: generate/baolei/
2025-08-08 20:17:39,530 - INFO -       🔧 Using endpoint: generate/baolei/
2025-08-08 20:17:39,533 - INFO - 
🔄 RL LOOP OPTIMIZATION: 'dark gray cylindrical body'
2025-08-08 20:17:39,533 - INFO -    Session: rl_session_1754684259_2504
2025-08-08 20:17:39,533 - INFO -    Max rounds: 17
2025-08-08 20:17:39,533 - INFO -    Min rounds before convergence: 5
2025-08-08 20:17:39,533 - INFO -    Target score: 0.99
2025-08-08 20:17:39,533 - INFO - 
   🔄 RL Round 1/17
2025-08-08 20:17:39,534 - INFO -       🔍 Explore performing better - increasing epsilon to 0.80
2025-08-08 20:17:39,534 - INFO -       🎯 Strategy: artistic_elaboration (explore)
2025-08-08 20:17:42,118 - INFO - [TRELLIS] GPU cache cleared: {'status': 'cache_cleared', 'available_memory_gb': 20.631781376}
2025-08-08 20:17:42,119 - INFO -       🔍 Validating...
2025-08-08 20:17:42,119 - INFO -       📝 Using optimized prompt for generation: 'a dark gray cylindrical body with intricate metallic patterns and subtle curves...'
2025-08-08 20:17:42,119 - INFO -       🎯 Computing scores against original prompt: 'dark gray cylindrical body...'
2025-08-08 20:18:42,480 - INFO -       📊 Validation score: 0.3314
2025-08-08 20:18:42,481 - INFO -       🎯 New best score: 0.3314
2025-08-08 20:18:42,481 - INFO - 
   🔄 RL Round 2/17
2025-08-08 20:18:42,481 - INFO -       🔍 Explore performing better - increasing epsilon to 0.80
2025-08-08 20:18:42,481 - INFO -       🎯 Strategy: artistic_elaboration (explore)
2025-08-08 20:18:45,644 - INFO - [TRELLIS] GPU cache cleared: {'status': 'cache_cleared', 'available_memory_gb': 20.631781376}
2025-08-08 20:18:45,645 - INFO -       🔍 Validating...
2025-08-08 20:18:45,645 - INFO -       📝 Using optimized prompt for generation: 'a dark gray cylindrical body with smooth, matte finish and subtle ridges, reminiscent of worn metal, front view, accurate, complete, white background...'
2025-08-08 20:18:45,645 - INFO -       🎯 Computing scores against original prompt: 'dark gray cylindrical body...'
2025-08-08 20:19:43,945 - INFO -       📊 Validation score: 0.8927
2025-08-08 20:19:43,945 - INFO -       🎯 New best score: 0.8927
2025-08-08 20:19:43,945 - INFO -       📈 Improvement detected: artistic_elaboration working better
2025-08-08 20:19:43,945 - INFO - 
   🔄 RL Round 3/17
2025-08-08 20:19:43,946 - INFO -       🔍 Explore performing better - increasing epsilon to 0.80
2025-08-08 20:19:43,946 - INFO -       🎯 Strategy: artistic_elaboration (explore)
2025-08-08 20:19:47,667 - INFO - [TRELLIS] GPU cache cleared: {'status': 'cache_cleared', 'available_memory_gb': 20.631781376}
2025-08-08 20:19:47,667 - INFO -       🔍 Validating...
2025-08-08 20:19:47,667 - INFO -       📝 Using optimized prompt for generation: 'a dark gray cylindrical body with embossed geometric patterns and a soft, tactile surface that catches the light, front view, accurate, complete, white background...'
2025-08-08 20:19:47,668 - INFO -       🎯 Computing scores against original prompt: 'dark gray cylindrical body...'
2025-08-08 20:21:07,405 - INFO -       📊 Validation score: 0.6768
2025-08-08 20:21:07,406 - INFO -       📉 Score declined: Consider different approach
2025-08-08 20:21:07,406 - INFO - 
   🔄 RL Round 4/17
2025-08-08 20:21:07,406 - INFO -       🔍 Explore performing better - increasing epsilon to 0.80
2025-08-08 20:21:07,406 - INFO -       🎯 Strategy: conservative_enhancement (exploit)
2025-08-08 20:21:11,043 - INFO - [TRELLIS] GPU cache cleared: {'status': 'cache_cleared', 'available_memory_gb': 20.631781376}
2025-08-08 20:21:11,044 - INFO -       🔍 Validating...
2025-08-08 20:21:11,044 - INFO -       📝 Using optimized prompt for generation: 'a dark gray cylindrical body with subtle metallic undertones and a smooth, matte finish...'
2025-08-08 20:21:11,044 - INFO -       🎯 Computing scores against original prompt: 'dark gray cylindrical body...'
2025-08-08 20:22:16,660 - INFO -       📊 Validation score: 0.9072
2025-08-08 20:22:16,661 - INFO -       🎯 New best score: 0.9072
2025-08-08 20:22:16,661 - INFO -       📈 Improvement detected: conservative_enhancement working better
2025-08-08 20:22:16,661 - INFO - 
   🔄 RL Round 5/17
2025-08-08 20:22:16,661 - INFO -       🎯 Strategy: aggressive_transformation (explore)
2025-08-08 20:22:19,709 - INFO - [TRELLIS] GPU cache cleared: {'status': 'cache_cleared', 'available_memory_gb': 20.631781376}
2025-08-08 20:22:19,709 - INFO -       🔍 Validating...
2025-08-08 20:22:19,710 - INFO -       📝 Using optimized prompt for generation: 'a dark gray cylindrical body with a matte finish and fine, powdery dust sprinkled onto its surface, front view, accurate, complete, white background...'
2025-08-08 20:22:19,710 - INFO -       🎯 Computing scores against original prompt: 'dark gray cylindrical body...'
2025-08-08 20:23:16,942 - INFO -       📊 Validation score: 0.9268
2025-08-08 20:23:16,942 - INFO -       🎯 New best score: 0.9268
2025-08-08 20:23:16,943 - INFO -       🔍 Explore performing better - stricter convergence threshold: 0.005
2025-08-08 20:23:16,943 - INFO -       📈 Improvement detected: aggressive_transformation working better
2025-08-08 20:23:16,943 - INFO - 
   🔄 RL Round 6/17
2025-08-08 20:23:16,943 - INFO -       🎯 Strategy: hybrid_approach (explore)
2025-08-08 20:23:20,624 - INFO - [TRELLIS] GPU cache cleared: {'status': 'cache_cleared', 'available_memory_gb': 20.631781376}
2025-08-08 20:23:20,624 - INFO -       🔍 Validating...
2025-08-08 20:23:20,624 - INFO -       📝 Using optimized prompt for generation: 'a dark gray cylindrical body with a matte finish and fine, powdery dust sprinkled onto its surface, but with subtle scratches that reveal hints of a metallic sheen, front view, accurate, complete, white background...'
2025-08-08 20:23:20,625 - INFO -       🎯 Computing scores against original prompt: 'dark gray cylindrical body...'
2025-08-08 20:24:18,997 - INFO -       📊 Validation score: 0.8238
2025-08-08 20:24:18,998 - INFO -       🔍 Explore performing better - stricter convergence threshold: 0.005
2025-08-08 20:24:18,998 - INFO -       📉 Score declined: Consider different approach
2025-08-08 20:24:18,998 - INFO - 
   🔄 RL Round 7/17
2025-08-08 20:24:18,998 - INFO -       🎯 Strategy: aggressive_transformation (explore)
2025-08-08 20:24:23,259 - INFO - [TRELLIS] GPU cache cleared: {'status': 'cache_cleared', 'available_memory_gb': 20.631781376}
2025-08-08 20:24:23,260 - INFO -       🔍 Validating...
2025-08-08 20:24:23,261 - INFO -       📝 Using optimized prompt for generation: 'a dark gray cylindrical body with a subtle sheen and fine, powdery dust sprinkled onto its surface, front view, accurate, complete, white background...'
2025-08-08 20:24:23,261 - INFO -       🎯 Computing scores against original prompt: 'dark gray cylindrical body...'
2025-08-08 20:25:21,560 - INFO -       📊 Validation score: 0.8759
2025-08-08 20:25:21,561 - INFO -       🔍 Explore performing better - stricter convergence threshold: 0.005
2025-08-08 20:25:21,561 - INFO -       📈 Improvement detected: aggressive_transformation working better
2025-08-08 20:25:21,561 - INFO - 
   🔄 RL Round 8/17
2025-08-08 20:25:21,561 - INFO -       🔍 Explore performing better - increasing epsilon to 0.80
2025-08-08 20:25:21,561 - INFO -       🎯 Strategy: aggressive_transformation (explore)
2025-08-08 20:25:25,368 - INFO - [TRELLIS] GPU cache cleared: {'status': 'cache_cleared', 'available_memory_gb': 20.631781376}
2025-08-08 20:25:25,368 - INFO -       🔍 Validating...
2025-08-08 20:25:25,369 - INFO -       📝 Using optimized prompt for generation: 'a dull, rough dark gray cylindrical body with fine, powdery dust sprinkled onto its surface...'
2025-08-08 20:25:25,369 - INFO -       🎯 Computing scores against original prompt: 'dark gray cylindrical body...'
2025-08-08 20:26:24,275 - INFO -       📊 Validation score: 0.2099
2025-08-08 20:26:24,276 - INFO -       📉 Score declined: Consider different approach
2025-08-08 20:26:24,276 - INFO -       🔍 Increasing exploration to 0.80
2025-08-08 20:26:24,276 - INFO - 
   🔄 RL Round 9/17
2025-08-08 20:26:24,276 - INFO -       🎯 Strategy: aggressive_transformation (explore)
2025-08-08 20:26:28,243 - INFO - [TRELLIS] GPU cache cleared: {'status': 'cache_cleared', 'available_memory_gb': 20.631781376}
2025-08-08 20:26:28,243 - INFO -       🔍 Validating...
2025-08-08 20:26:28,244 - INFO -       📝 Using optimized prompt for generation: 'a dark gray cylindrical body with a smooth, matte finish and fine, powdery dust sprinkled onto its surface, where some of the dust particles are slightly larger than others, creating a subtle gradient effect., front view, accurate, complete, white background...'
2025-08-08 20:26:28,244 - INFO -       🎯 Computing scores against original prompt: 'dark gray cylindrical body...'
2025-08-08 20:27:26,401 - INFO -       📊 Validation score: 0.9361
2025-08-08 20:27:26,401 - INFO -       🎯 New best score: 0.9361
2025-08-08 20:27:26,402 - INFO -       📈 Improvement detected: aggressive_transformation working better
2025-08-08 20:27:26,402 - INFO - 
   🔄 RL Round 10/17
2025-08-08 20:27:26,402 - INFO -       🎯 Strategy: hybrid_approach (explore)
2025-08-08 20:27:30,371 - INFO - [TRELLIS] GPU cache cleared: {'status': 'cache_cleared', 'available_memory_gb': 20.631781376}
2025-08-08 20:27:30,372 - INFO -       🔍 Validating...
2025-08-08 20:27:30,372 - INFO -       📝 Using optimized prompt for generation: 'a dark gray cylindrical body with a smooth, matte finish and fine, powdery dust sprinkled onto its surface, subtly textured to resemble worn leather, front view, accurate, complete, white background...'
2025-08-08 20:27:30,372 - INFO -       🎯 Computing scores against original prompt: 'dark gray cylindrical body...'
2025-08-08 20:28:29,103 - INFO -       📊 Validation score: 0.8474
2025-08-08 20:28:29,104 - INFO -       📉 Score declined: Consider different approach
2025-08-08 20:28:29,104 - INFO - 
   🔄 RL Round 11/17
2025-08-08 20:28:29,104 - INFO -       🎯 Strategy: conservative_enhancement (explore)
2025-08-08 20:28:33,340 - INFO - [TRELLIS] GPU cache cleared: {'status': 'cache_cleared', 'available_memory_gb': 20.631781376}
2025-08-08 20:28:33,341 - INFO -       🔍 Validating...
2025-08-08 20:28:33,341 - INFO -       📝 Using optimized prompt for generation: 'a dark gray cylindrical body with a matte finish and fine, powdery dust sprinkled onto its surface, but with slightly roughened metallic undertones and a hint of wear from frequent use, front view, accurate, complete, white background...'
2025-08-08 20:28:33,341 - INFO -       🎯 Computing scores against original prompt: 'dark gray cylindrical body...'
2025-08-08 20:29:32,133 - INFO -       📊 Validation score: 0.8784
2025-08-08 20:29:32,134 - INFO -       📈 Improvement detected: conservative_enhancement working better
2025-08-08 20:29:32,134 - INFO - 
   🔄 RL Round 12/17
2025-08-08 20:29:32,134 - INFO -       🎯 Strategy: conservative_enhancement (explore)
2025-08-08 20:29:36,318 - INFO - [TRELLIS] GPU cache cleared: {'status': 'cache_cleared', 'available_memory_gb': 20.631781376}
2025-08-08 20:29:36,318 - INFO -       🔍 Validating...
2025-08-08 20:29:36,318 - INFO -       📝 Using optimized prompt for generation: 'a dark gray cylindrical body with intricate, etched copper patterns and a smooth, matte finish that subtly catches the light, front view, accurate, complete, white background...'
2025-08-08 20:29:36,318 - INFO -       🎯 Computing scores against original prompt: 'dark gray cylindrical body...'
2025-08-08 20:30:35,236 - INFO -       📊 Validation score: 0.8693
2025-08-08 20:30:35,236 - INFO -       🔍 Explore performing better - stricter convergence threshold: 0.005
2025-08-08 20:30:35,236 - INFO -       📉 Score declined: Consider different approach
2025-08-08 20:30:35,237 - INFO - 
   🔄 RL Round 13/17
2025-08-08 20:30:35,237 - INFO -       🎯 Strategy: conservative_enhancement (explore)
2025-08-08 20:30:39,095 - INFO - [TRELLIS] GPU cache cleared: {'status': 'cache_cleared', 'available_memory_gb': 20.631781376}
2025-08-08 20:30:39,096 - INFO -       🔍 Validating...
2025-08-08 20:30:39,096 - INFO -       📝 Using optimized prompt for generation: 'a dark gray cylindrical body with subtle wear marks and a worn, matte finish, front view, accurate, complete, white background...'
2025-08-08 20:30:39,096 - INFO -       🎯 Computing scores against original prompt: 'dark gray cylindrical body...'
2025-08-08 20:31:38,089 - INFO -       📊 Validation score: 0.9366
2025-08-08 20:31:38,090 - INFO -       🎯 New best score: 0.9366
2025-08-08 20:31:38,090 - INFO -       🔍 Explore performing better - stricter convergence threshold: 0.005
2025-08-08 20:31:38,090 - INFO -       📈 Improvement detected: conservative_enhancement working better
2025-08-08 20:31:38,090 - INFO - 
   🔄 RL Round 14/17
2025-08-08 20:31:38,090 - INFO -       🔍 Explore performing better - increasing epsilon to 0.80
2025-08-08 20:31:38,091 - INFO -       🎯 Strategy: artistic_elaboration (explore)
2025-08-08 20:31:42,037 - INFO - [TRELLIS] GPU cache cleared: {'status': 'cache_cleared', 'available_memory_gb': 20.631781376}
2025-08-08 20:31:42,037 - INFO -       🔍 Validating...
2025-08-08 20:31:42,038 - INFO -       📝 Using optimized prompt for generation: 'a dark gray cylindrical body with a subtle sheen and fine, powdery dust sprinkled onto its surface, giving it a worn, metallic appearance, front view, accurate, complete, white background...'
2025-08-08 20:31:42,038 - INFO -       🎯 Computing scores against original prompt: 'dark gray cylindrical body...'
2025-08-08 20:32:40,605 - INFO -       📊 Validation score: 0.8772
2025-08-08 20:32:40,605 - INFO -       🔍 Explore performing better - stricter convergence threshold: 0.005
2025-08-08 20:32:40,605 - INFO -       📉 Score declined: Consider different approach
2025-08-08 20:32:40,605 - INFO - 
   🔄 RL Round 15/17
2025-08-08 20:32:40,605 - INFO -       🔍 Explore performing better - increasing epsilon to 0.80
2025-08-08 20:32:40,606 - INFO -       🎯 Strategy: artistic_elaboration (explore)
2025-08-08 20:32:44,835 - INFO - [TRELLIS] GPU cache cleared: {'status': 'cache_cleared', 'available_memory_gb': 20.631781376}
2025-08-08 20:32:44,836 - INFO -       🔍 Validating...
2025-08-08 20:32:44,836 - INFO -       📝 Using optimized prompt for generation: 'a dark gray cylindrical body with a subtle metallic sheen and fine, powdery dust sprinkled onto its surface, front view, accurate, complete, white background...'
2025-08-08 20:32:44,836 - INFO -       🎯 Computing scores against original prompt: 'dark gray cylindrical body...'
2025-08-08 20:33:44,997 - INFO -       📊 Validation score: 0.8700
2025-08-08 20:33:44,998 - INFO -       🔍 Explore performing better - stricter convergence threshold: 0.005
2025-08-08 20:33:44,998 - INFO -       📉 Score declined: Consider different approach
2025-08-08 20:33:44,998 - INFO - 
   🔄 RL Round 16/17
2025-08-08 20:33:44,998 - INFO -       🔍 Explore performing better - increasing epsilon to 0.80
2025-08-08 20:33:44,999 - INFO -       🎯 Strategy: conservative_enhancement (exploit)
2025-08-08 20:33:49,120 - INFO - [TRELLIS] GPU cache cleared: {'status': 'cache_cleared', 'available_memory_gb': 20.631781376}
2025-08-08 20:33:49,120 - INFO -       🔍 Validating...
2025-08-08 20:33:49,120 - INFO -       📝 Using optimized prompt for generation: 'a dark gray cylindrical body with a matte finish and fine, powdery dust sprinkled onto its surface, worn from prolonged use, front view, accurate, complete, white background...'
2025-08-08 20:33:49,120 - INFO -       🎯 Computing scores against original prompt: 'dark gray cylindrical body...'
2025-08-08 20:34:47,268 - INFO -       📊 Validation score: 0.8639
2025-08-08 20:34:47,269 - INFO -       🔍 Explore performing better - stricter convergence threshold: 0.005
2025-08-08 20:34:47,269 - INFO -       📉 Score declined: Consider different approach
2025-08-08 20:34:47,269 - INFO - 
   🔄 RL Round 17/17
2025-08-08 20:34:47,269 - INFO -       🔍 Explore performing better - increasing epsilon to 0.80
2025-08-08 20:34:47,269 - INFO -       🎯 Strategy: conservative_enhancement (exploit)
2025-08-08 20:34:51,030 - INFO - [TRELLIS] GPU cache cleared: {'status': 'cache_cleared', 'available_memory_gb': 20.631781376}
2025-08-08 20:34:51,030 - INFO -       🔍 Validating...
2025-08-08 20:34:51,030 - INFO -       📝 Using optimized prompt for generation: 'a dark gray cylindrical body with a subtle metallic sheen and fine, powdery dust sprinkled onto its surface, front view, accurate, complete, white background...'
2025-08-08 20:34:51,030 - INFO -       🎯 Computing scores against original prompt: 'dark gray cylindrical body...'
2025-08-08 20:35:49,896 - INFO -       📊 Validation score: 0.8650
2025-08-08 20:35:49,897 - INFO -       🔍 Explore performing better - stricter convergence threshold: 0.005
2025-08-08 20:35:49,897 - INFO -       ✅ Convergence achieved: Convergence threshold met (improvement: 0.001)
2025-08-08 20:35:49,908 - INFO - 
🎯 RL LOOP COMPLETE:
2025-08-08 20:35:49,908 - INFO -    Best prompt: a dark gray cylindrical body with subtle wear marks and a worn, matte finish, front view, accurate, complete, white background
2025-08-08 20:35:49,908 - INFO -    Best score: 0.9366
2025-08-08 20:35:49,908 - INFO -    Rounds: 17
2025-08-08 20:35:49,908 - INFO -    Convergence: True
2025-08-08 20:35:49,908 - INFO -    Convergence reason: Convergence threshold met (improvement: 0.001)
2025-08-08 20:35:49,908 - INFO -    Exploration ratio: 82.4%
2025-08-08 20:35:49,908 - INFO -    Insights learned: 3
2025-08-08 20:35:49,908 - INFO -    Total time: 1090.36s
2025-08-08 20:35:49,909 - INFO - Prompt optimized in 17 rounds: 0.331 → 0.937 (+0.605)
2025-08-08 20:35:49,909 - INFO - ✅ Target score achieved!
2025-08-08 20:35:49,909 - INFO - 
--- Episode 1, Prompt 14 (Total: 63) ---
2025-08-08 20:35:49,909 - INFO - Optimizing: 'small white alien with blue eyes'
2025-08-08 20:35:49,909 - INFO - 🔍 Checking server availability before optimization...
2025-08-08 20:35:49,921 - INFO - ✅ Server is available (status: completed)
2025-08-08 20:35:49,921 - INFO - 📝 Marked server as used at 1754685349.9211836
2025-08-08 20:35:49,921 - INFO - ✅ Server is available and marked as used
2025-08-08 20:35:49,921 - INFO - 🔄 Reproducibility optimization returned no result
2025-08-08 20:35:49,921 - INFO -       🔧 Overriding endpoint: generate/baolei/
2025-08-08 20:35:49,921 - INFO -       🔧 Using endpoint: generate/baolei/
2025-08-08 20:35:49,924 - INFO - 
🔄 RL LOOP OPTIMIZATION: 'small white alien with blue eyes'
2025-08-08 20:35:49,924 - INFO -    Session: rl_session_1754685349_2378
2025-08-08 20:35:49,924 - INFO -    Max rounds: 17
2025-08-08 20:35:49,924 - INFO -    Min rounds before convergence: 5
2025-08-08 20:35:49,924 - INFO -    Target score: 0.99
2025-08-08 20:35:49,924 - INFO - 
   🔄 RL Round 1/17
2025-08-08 20:35:49,925 - INFO -       🔍 Explore performing better - increasing epsilon to 0.80
2025-08-08 20:35:49,925 - INFO -       🎯 Strategy: conservative_enhancement (explore)
2025-08-08 20:35:52,926 - INFO - [TRELLIS] GPU cache cleared: {'status': 'cache_cleared', 'available_memory_gb': 20.631781376}
2025-08-08 20:35:52,926 - INFO -       🔍 Validating...
2025-08-08 20:35:52,926 - INFO -       📝 Using optimized prompt for generation: 'a small, pale-skinned alien with piercing blue irises and delicate silver jewelry adorning its slender neck...'
2025-08-08 20:35:52,926 - INFO -       🎯 Computing scores against original prompt: 'small white alien with blue eyes...'
2025-08-08 20:36:55,127 - INFO -       📊 Validation score: 0.8678
2025-08-08 20:36:55,127 - INFO -       🎯 New best score: 0.8678
2025-08-08 20:36:55,128 - INFO - 
   🔄 RL Round 2/17
2025-08-08 20:36:55,128 - INFO -       🔍 Explore performing better - increasing epsilon to 0.80
2025-08-08 20:36:55,128 - INFO -       🎯 Strategy: conservative_enhancement (exploit)
2025-08-08 20:36:59,687 - INFO - [TRELLIS] GPU cache cleared: {'status': 'cache_cleared', 'available_memory_gb': 20.631781376}
2025-08-08 20:36:59,688 - INFO -       🔍 Validating...
2025-08-08 20:36:59,688 - INFO -       📝 Using optimized prompt for generation: 'a small, pale-skinned alien with piercing blue irises and delicate silver jewelry adorning its slender neck and sleeves, front view, accurate, complete, white background...'
2025-08-08 20:36:59,688 - INFO -       🎯 Computing scores against original prompt: 'small white alien with blue eyes...'
2025-08-08 20:38:00,107 - INFO -       📊 Validation score: 0.8500
2025-08-08 20:38:00,107 - INFO -       📉 Score declined: Consider different approach
2025-08-08 20:38:00,107 - INFO - 
   🔄 RL Round 3/17
2025-08-08 20:38:00,108 - INFO -       🎯 Strategy: conservative_enhancement (explore)
2025-08-08 20:38:03,620 - INFO - [TRELLIS] GPU cache cleared: {'status': 'cache_cleared', 'available_memory_gb': 20.631781376}
2025-08-08 20:38:03,621 - INFO -       🔍 Validating...
2025-08-08 20:38:03,621 - INFO -       📝 Using optimized prompt for generation: 'a small, pale-skinned alien with striking blue irises, delicate silver jewelry adorning its slender neck, and intricate patterns etched into its translucent skin...'
2025-08-08 20:38:03,621 - INFO -       🎯 Computing scores against original prompt: 'small white alien with blue eyes...'
2025-08-08 20:39:06,253 - INFO -       📊 Validation score: 0.8739
2025-08-08 20:39:06,253 - INFO -       🎯 New best score: 0.8739
2025-08-08 20:39:06,253 - INFO -       📈 Improvement detected: conservative_enhancement working better
2025-08-08 20:39:06,253 - INFO - 
   🔄 RL Round 4/17
2025-08-08 20:39:06,253 - INFO -       🎯 Strategy: hybrid_approach (explore)
2025-08-08 20:39:10,976 - INFO - [TRELLIS] GPU cache cleared: {'status': 'cache_cleared', 'available_memory_gb': 20.631781376}
2025-08-08 20:39:10,976 - INFO -       🔍 Validating...
2025-08-08 20:39:10,976 - INFO -       📝 Using optimized prompt for generation: 'a small, slender white alien with piercing blue irises and delicate silver jewelry adorning its slender fingers...'
2025-08-08 20:39:10,976 - INFO -       🎯 Computing scores against original prompt: 'small white alien with blue eyes...'
2025-08-08 20:40:14,326 - INFO -       📊 Validation score: 0.8742
2025-08-08 20:40:14,327 - INFO -       🎯 New best score: 0.8742
2025-08-08 20:40:14,327 - INFO -       📈 Improvement detected: hybrid_approach working better
2025-08-08 20:40:14,327 - INFO - 
   🔄 RL Round 5/17
2025-08-08 20:40:14,327 - INFO -       🎯 Strategy: hybrid_approach (explore)
2025-08-08 20:40:18,419 - INFO - [TRELLIS] GPU cache cleared: {'status': 'cache_cleared', 'available_memory_gb': 20.631781376}
2025-08-08 20:40:18,419 - INFO -       🔍 Validating...
2025-08-08 20:40:18,420 - INFO -       📝 Using optimized prompt for generation: 'a slender white alien with piercing cerulean irises and intricate, swirling patterns etched into its pale skin, front view, accurate, complete, white background...'
2025-08-08 20:40:18,420 - INFO -       🎯 Computing scores against original prompt: 'small white alien with blue eyes...'
2025-08-08 20:41:18,836 - INFO -       📊 Validation score: 0.8410
2025-08-08 20:41:18,837 - INFO -       🔍 Explore performing better - stricter convergence threshold: 0.005
2025-08-08 20:41:18,837 - INFO -       📉 Score declined: Consider different approach
2025-08-08 20:41:18,837 - INFO - 
   🔄 RL Round 6/17
2025-08-08 20:41:18,837 - INFO -       🎯 Strategy: conservative_enhancement (exploit)
2025-08-08 20:41:23,003 - INFO - [TRELLIS] GPU cache cleared: {'status': 'cache_cleared', 'available_memory_gb': 20.631781376}
2025-08-08 20:41:23,003 - INFO -       🔍 Validating...
2025-08-08 20:41:23,004 - INFO -       📝 Using optimized prompt for generation: 'a slender white alien with piercing blue irises and fine, delicate skin texture, front view, accurate, complete, white background...'
2025-08-08 20:41:23,004 - INFO -       🎯 Computing scores against original prompt: 'small white alien with blue eyes...'
2025-08-08 20:42:23,712 - INFO -       📊 Validation score: 0.8311
2025-08-08 20:42:23,713 - INFO -       🔍 Explore performing better - stricter convergence threshold: 0.005
2025-08-08 20:42:23,713 - INFO -       📉 Score declined: Consider different approach
2025-08-08 20:42:23,713 - INFO - 
   🔄 RL Round 7/17
2025-08-08 20:42:23,713 - INFO -       🎯 Strategy: hybrid_approach (explore)
2025-08-08 20:42:27,352 - INFO - [TRELLIS] GPU cache cleared: {'status': 'cache_cleared', 'available_memory_gb': 20.631781376}
2025-08-08 20:42:27,352 - INFO -       🔍 Validating...
2025-08-08 20:42:27,353 - INFO -       📝 Using optimized prompt for generation: 'a small, slender white alien with piercing sky-blue irises and delicate, almost translucent skin texture...'
2025-08-08 20:42:27,353 - INFO -       🎯 Computing scores against original prompt: 'small white alien with blue eyes...'
2025-08-08 20:43:31,039 - INFO -       📊 Validation score: 0.7994
2025-08-08 20:43:31,040 - INFO -       🔍 Explore performing better - stricter convergence threshold: 0.005
2025-08-08 20:43:31,040 - INFO -       📉 Score declined: Consider different approach
2025-08-08 20:43:31,040 - INFO - 
   🔄 RL Round 8/17
2025-08-08 20:43:31,040 - INFO -       🎯 Strategy: hybrid_approach (explore)
2025-08-08 20:43:35,037 - INFO - [TRELLIS] GPU cache cleared: {'status': 'cache_cleared', 'available_memory_gb': 20.631781376}
2025-08-08 20:43:35,038 - INFO -       🔍 Validating...
2025-08-08 20:43:35,038 - INFO -       📝 Using optimized prompt for generation: 'a small, slender white alien with iridescent blue eyes that seem to shift between cerulean and azure hues, front view, accurate, complete, white background...'
2025-08-08 20:43:35,038 - INFO -       🎯 Computing scores against original prompt: 'small white alien with blue eyes...'
2025-08-08 20:44:34,419 - INFO -       📊 Validation score: 0.8889
2025-08-08 20:44:34,419 - INFO -       🎯 New best score: 0.8889
2025-08-08 20:44:34,420 - INFO -       🔍 Explore performing better - stricter convergence threshold: 0.005
2025-08-08 20:44:34,420 - INFO -       📈 Improvement detected: hybrid_approach working better
2025-08-08 20:44:34,420 - INFO - 
   🔄 RL Round 9/17
2025-08-08 20:44:34,420 - INFO -       🎯 Strategy: conservative_enhancement (explore)
2025-08-08 20:44:38,914 - INFO - [TRELLIS] GPU cache cleared: {'status': 'cache_cleared', 'available_memory_gb': 20.631781376}
2025-08-08 20:44:38,914 - INFO -       🔍 Validating...
2025-08-08 20:44:38,914 - INFO -       📝 Using optimized prompt for generation: 'a small, pale-skinned alien with piercing blue irises and delicate silver jewelry adorning its slender neck, showcasing intricate patterns on the metalwork, front view, accurate, complete, white background...'
2025-08-08 20:44:38,915 - INFO -       🎯 Computing scores against original prompt: 'small white alien with blue eyes...'
2025-08-08 20:45:37,647 - INFO -       📊 Validation score: 0.8487
2025-08-08 20:45:37,648 - INFO -       🔍 Explore performing better - stricter convergence threshold: 0.005
2025-08-08 20:45:37,648 - INFO -       📉 Score declined: Consider different approach
2025-08-08 20:45:37,648 - INFO - 
   🔄 RL Round 10/17
2025-08-08 20:45:37,648 - INFO -       🎯 Strategy: conservative_enhancement (explore)
2025-08-08 20:45:41,843 - INFO - [TRELLIS] GPU cache cleared: {'status': 'cache_cleared', 'available_memory_gb': 20.631781376}
2025-08-08 20:45:41,844 - INFO -       🔍 Validating...
2025-08-08 20:45:41,844 - INFO -       📝 Using optimized prompt for generation: 'a slender small white alien with pale blue irises and fine delicate skin texture...'
2025-08-08 20:45:41,844 - INFO -       🎯 Computing scores against original prompt: 'small white alien with blue eyes...'
2025-08-08 20:46:45,848 - INFO -       📊 Validation score: 0.8687
2025-08-08 20:46:45,849 - INFO -       🔍 Explore performing better - stricter convergence threshold: 0.005
2025-08-08 20:46:45,849 - INFO -       📈 Improvement detected: conservative_enhancement working better
2025-08-08 20:46:45,849 - INFO - 
   🔄 RL Round 11/17
2025-08-08 20:46:45,850 - INFO -       🎯 Strategy: aggressive_transformation (explore)
2025-08-08 20:46:50,101 - INFO - [TRELLIS] GPU cache cleared: {'status': 'cache_cleared', 'available_memory_gb': 20.631781376}
2025-08-08 20:46:50,101 - INFO -       🔍 Validating...
2025-08-08 20:46:50,101 - INFO -       📝 Using optimized prompt for generation: 'a small, slender white alien with piercing cerulean irises and delicate, almost translucent skin texture that shimmers like moonlight on a summer's night, front view, accurate, complete, white background...'
2025-08-08 20:46:50,101 - INFO -       🎯 Computing scores against original prompt: 'small white alien with blue eyes...'
2025-08-08 20:47:52,429 - INFO -       📊 Validation score: 0.8512
2025-08-08 20:47:52,429 - INFO -       🔍 Explore performing better - stricter convergence threshold: 0.005
2025-08-08 20:47:52,430 - INFO -       📉 Score declined: Consider different approach
2025-08-08 20:47:52,430 - INFO - 
   🔄 RL Round 12/17
2025-08-08 20:47:52,430 - INFO -       🎯 Strategy: artistic_elaboration (explore)
2025-08-08 20:47:55,473 - INFO - [TRELLIS] GPU cache cleared: {'status': 'cache_cleared', 'available_memory_gb': 20.631781376}
2025-08-08 20:47:55,474 - INFO -       🔍 Validating...
2025-08-08 20:47:55,474 - INFO -       📝 Using optimized prompt for generation: 'a small, slender white alien with pale blue irises and fine, delicate skin texture, front view, accurate, complete, white background...'
2025-08-08 20:47:55,474 - INFO -       🎯 Computing scores against original prompt: 'small white alien with blue eyes...'
2025-08-08 20:48:53,208 - INFO -       📊 Validation score: 0.8806
2025-08-08 20:48:53,209 - INFO -       🔍 Explore performing better - stricter convergence threshold: 0.005
2025-08-08 20:48:53,209 - INFO -       📈 Improvement detected: artistic_elaboration working better
2025-08-08 20:48:53,209 - INFO - 
   🔄 RL Round 13/17
2025-08-08 20:48:53,209 - INFO -       🎯 Strategy: aggressive_transformation (explore)
2025-08-08 20:48:56,557 - INFO - [TRELLIS] GPU cache cleared: {'status': 'cache_cleared', 'available_memory_gb': 20.631781376}
2025-08-08 20:48:56,557 - INFO -       🔍 Validating...
2025-08-08 20:48:56,557 - INFO -       📝 Using optimized prompt for generation: 'a slender, elongated white alien with intricate, swirling patterns etched into its pale blue skin and delicate silver jewelry adorning its slender neck,
with piercing cerulean irises that seem to shift between light and dark depending on the angle of view, front view, accurate, complete, white background...'
2025-08-08 20:48:56,558 - INFO -       🎯 Computing scores against original prompt: 'small white alien with blue eyes...'
2025-08-08 20:49:36,965 - WARNING -    ❌ Validation failed (return code 1)
2025-08-08 20:49:36,965 - INFO -       📊 Validation score: 0.0000
2025-08-08 20:49:36,966 - INFO -       🔍 Explore performing better - stricter convergence threshold: 0.005
2025-08-08 20:49:36,966 - INFO - 
   🔄 RL Round 14/17
2025-08-08 20:49:36,966 - INFO -       🎯 Strategy: aggressive_transformation (explore)
2025-08-08 20:49:41,069 - INFO - [TRELLIS] GPU cache cleared: {'status': 'cache_cleared', 'available_memory_gb': 20.631781376}
2025-08-08 20:49:41,069 - INFO -       🔍 Validating...
2025-08-08 20:49:41,069 - INFO -       📝 Using optimized prompt for generation: 'a small, pale-skinned white alien with piercing blue irises and delicate, fine-grained skin texture, front view, accurate, complete, white background...'
2025-08-08 20:49:41,070 - INFO -       🎯 Computing scores against original prompt: 'small white alien with blue eyes...'
2025-08-08 20:50:43,850 - INFO -       📊 Validation score: 0.8971
2025-08-08 20:50:43,851 - INFO -       🎯 New best score: 0.8971
2025-08-08 20:50:43,851 - INFO -       🔍 Explore performing better - stricter convergence threshold: 0.005
2025-08-08 20:50:43,851 - INFO - 
   🔄 RL Round 15/17
2025-08-08 20:50:43,851 - INFO -       🎯 Strategy: conservative_enhancement (exploit)
2025-08-08 20:50:47,234 - INFO - [TRELLIS] GPU cache cleared: {'status': 'cache_cleared', 'available_memory_gb': 20.631781376}
2025-08-08 20:50:47,234 - INFO -       🔍 Validating...
2025-08-08 20:50:47,235 - INFO -       📝 Using optimized prompt for generation: 'a small, slender white alien with pale blue irises and fine, delicate skin texture, slightly translucent in appearance, and a subtle sheen to its complexion, front view, accurate, complete, white background...'
2025-08-08 20:50:47,235 - INFO -       🎯 Computing scores against original prompt: 'small white alien with blue eyes...'
2025-08-08 20:51:47,396 - INFO -       📊 Validation score: 0.8580
2025-08-08 20:51:47,396 - INFO -       🔍 Explore performing better - stricter convergence threshold: 0.005
2025-08-08 20:51:47,397 - INFO -       📉 Score declined: Consider different approach
2025-08-08 20:51:47,397 - INFO - 
   🔄 RL Round 16/17
2025-08-08 20:51:47,397 - INFO -       🎯 Strategy: artistic_elaboration (explore)
2025-08-08 20:51:51,270 - INFO - [TRELLIS] GPU cache cleared: {'status': 'cache_cleared', 'available_memory_gb': 20.631781376}
2025-08-08 20:51:51,271 - INFO -       🔍 Validating...
2025-08-08 20:51:51,271 - INFO -       📝 Using optimized prompt for generation: 'a small white alien with piercing blue eyes, front view, accurate, complete, white background...'
2025-08-08 20:51:51,271 - INFO -       🎯 Computing scores against original prompt: 'small white alien with blue eyes...'
2025-08-08 20:52:50,954 - INFO -       📊 Validation score: 0.7930
2025-08-08 20:52:50,955 - INFO -       📉 Score declined: Consider different approach
2025-08-08 20:52:50,955 - INFO - 
   🔄 RL Round 17/17
2025-08-08 20:52:50,955 - INFO -       🎯 Strategy: artistic_elaboration (explore)
2025-08-08 20:52:55,153 - INFO - [TRELLIS] GPU cache cleared: {'status': 'cache_cleared', 'available_memory_gb': 20.631781376}
2025-08-08 20:52:55,154 - INFO -       🔍 Validating...
2025-08-08 20:52:55,154 - INFO -       📝 Using optimized prompt for generation: 'a small, slender white alien with pale blue irises and fine, delicate skin texture, front view, accurate, complete, front view, accurate, complete, white background...'
2025-08-08 20:52:55,154 - INFO -       🎯 Computing scores against original prompt: 'small white alien with blue eyes...'
2025-08-08 20:53:54,305 - INFO -       📊 Validation score: 0.9061
2025-08-08 20:53:54,305 - INFO -       🎯 New best score: 0.9061
2025-08-08 20:53:54,306 - INFO -       🔍 Explore performing better - stricter convergence threshold: 0.005
2025-08-08 20:53:54,317 - INFO - 
🎯 RL LOOP COMPLETE:
2025-08-08 20:53:54,317 - INFO -    Best prompt: a small, slender white alien with pale blue irises and fine, delicate skin texture, front view, accurate, complete, front view, accurate, complete, white background
2025-08-08 20:53:54,317 - INFO -    Best score: 0.9061
2025-08-08 20:53:54,317 - INFO -    Rounds: 17
2025-08-08 20:53:54,317 - INFO -    Convergence: False
2025-08-08 20:53:54,317 - INFO -    Convergence reason: Not converged
2025-08-08 20:53:54,318 - INFO -    Exploration ratio: 82.4%
2025-08-08 20:53:54,318 - INFO -    Insights learned: 3
2025-08-08 20:53:54,318 - INFO -    Total time: 1084.38s
2025-08-08 20:53:54,318 - INFO - Prompt optimized in 17 rounds: 0.868 → 0.906 (+0.038)
2025-08-08 20:53:54,318 - INFO - ⏰ Max rounds reached
2025-08-08 20:53:54,318 - INFO - 
--- Episode 1, Prompt 15 (Total: 63) ---
2025-08-08 20:53:54,318 - INFO - Optimizing: 'translucent blue-tinted jagged crystal'
2025-08-08 20:53:54,318 - INFO - 🔍 Checking server availability before optimization...
2025-08-08 20:53:54,325 - INFO - ✅ Server is available (status: completed)
2025-08-08 20:53:54,326 - INFO - 📝 Marked server as used at 1754686434.326139
2025-08-08 20:53:54,326 - INFO - ✅ Server is available and marked as used
2025-08-08 20:53:54,326 - INFO - 🔄 Reproducibility optimization returned no result
2025-08-08 20:53:54,326 - INFO -       🔧 Overriding endpoint: generate/baolei/
2025-08-08 20:53:54,326 - INFO -       🔧 Using endpoint: generate/baolei/
2025-08-08 20:53:54,329 - INFO - 
🔄 RL LOOP OPTIMIZATION: 'translucent blue-tinted jagged crystal'
2025-08-08 20:53:54,329 - INFO -    Session: rl_session_1754686434_6283
2025-08-08 20:53:54,329 - INFO -    Max rounds: 17
2025-08-08 20:53:54,329 - INFO -    Min rounds before convergence: 5
2025-08-08 20:53:54,329 - INFO -    Target score: 0.99
2025-08-08 20:53:54,329 - INFO - 
   🔄 RL Round 1/17
2025-08-08 20:53:54,329 - INFO -       🎯 Strategy: hybrid_approach (explore)
2025-08-08 20:53:57,641 - INFO - [TRELLIS] GPU cache cleared: {'status': 'cache_cleared', 'available_memory_gb': 20.631781376}
2025-08-08 20:53:57,641 - INFO -       🔍 Validating...
2025-08-08 20:53:57,641 - INFO -       📝 Using optimized prompt for generation: 'a slender, translucent blue-tinted jagged crystal nestled in a bed of dark grey velvet...'
2025-08-08 20:53:57,641 - INFO -       🎯 Computing scores against original prompt: 'translucent blue-tinted jagged crystal...'
2025-08-08 20:55:04,406 - INFO -       📊 Validation score: 0.7940
2025-08-08 20:55:04,407 - INFO -       🎯 New best score: 0.7940
2025-08-08 20:55:04,407 - INFO - 
   🔄 RL Round 2/17
2025-08-08 20:55:04,407 - INFO -       🎯 Strategy: hybrid_approach (explore)
2025-08-08 20:55:08,990 - INFO - [TRELLIS] GPU cache cleared: {'status': 'cache_cleared', 'available_memory_gb': 20.631781376}
2025-08-08 20:55:08,990 - INFO -       🔍 Validating...
2025-08-08 20:55:08,990 - INFO -       📝 Using optimized prompt for generation: 'a slender, translucent blue-tinted jagged crystal nestled in a bed of dark grey velvet with intricate etchings on its surface, front view, accurate, complete, white background...'
2025-08-08 20:55:08,991 - INFO -       🎯 Computing scores against original prompt: 'translucent blue-tinted jagged crystal...'
2025-08-08 20:56:13,146 - INFO -       📊 Validation score: 0.8605
2025-08-08 20:56:13,146 - INFO -       🎯 New best score: 0.8605
2025-08-08 20:56:13,146 - INFO -       📈 Improvement detected: hybrid_approach working better
2025-08-08 20:56:13,146 - INFO - 
   🔄 RL Round 3/17
2025-08-08 20:56:13,147 - INFO -       🎯 Strategy: hybrid_approach (explore)
2025-08-08 20:56:16,958 - INFO - [TRELLIS] GPU cache cleared: {'status': 'cache_cleared', 'available_memory_gb': 20.631781376}
2025-08-08 20:56:16,958 - INFO -       🔍 Validating...
2025-08-08 20:56:16,959 - INFO -       📝 Using optimized prompt for generation: 'a slender, translucent blue-tinted jagged crystal with an iridescent sheen, front view, accurate, complete, white background...'
2025-08-08 20:56:16,959 - INFO -       🎯 Computing scores against original prompt: 'translucent blue-tinted jagged crystal...'
2025-08-08 20:57:13,318 - INFO -       📊 Validation score: 0.9373
2025-08-08 20:57:13,318 - INFO -       🎯 New best score: 0.9373
2025-08-08 20:57:13,319 - INFO -       📈 Improvement detected: hybrid_approach working better
2025-08-08 20:57:13,319 - INFO - 
   🔄 RL Round 4/17
2025-08-08 20:57:13,319 - INFO -       🎯 Strategy: aggressive_transformation (explore)
2025-08-08 20:57:16,188 - INFO - [TRELLIS] GPU cache cleared: {'status': 'cache_cleared', 'available_memory_gb': 20.631781376}
2025-08-08 20:57:16,188 - INFO -       🔍 Validating...
2025-08-08 20:57:16,188 - INFO -       📝 Using optimized prompt for generation: 'a slender, translucent blue-tinted jagged crystal with delicate facets and minute imperfections, front view, accurate, complete, white background...'
2025-08-08 20:57:16,188 - INFO -       🎯 Computing scores against original prompt: 'translucent blue-tinted jagged crystal...'
2025-08-08 20:58:13,092 - INFO -       📊 Validation score: 0.9091
2025-08-08 20:58:13,093 - INFO -       📉 Score declined: Consider different approach
2025-08-08 20:58:13,093 - INFO - 
   🔄 RL Round 5/17
2025-08-08 20:58:13,093 - INFO -       🎯 Strategy: artistic_elaboration (explore)
2025-08-08 20:58:16,063 - INFO - [TRELLIS] GPU cache cleared: {'status': 'cache_cleared', 'available_memory_gb': 20.631781376}
2025-08-08 20:58:16,063 - INFO -       🔍 Validating...
2025-08-08 20:58:16,063 - INFO -       📝 Using optimized prompt for generation: 'a slender, translucent blue-tinted jagged crystal with delicate facets and minute imperfections, suspended in mid-air, front view, accurate, complete, white background...'
2025-08-08 20:58:16,063 - INFO -       🎯 Computing scores against original prompt: 'translucent blue-tinted jagged crystal...'
2025-08-08 20:59:11,535 - INFO -       📊 Validation score: 0.2546
2025-08-08 20:59:11,536 - INFO -       📉 Score declined: Consider different approach
2025-08-08 20:59:11,536 - INFO -       🔍 Increasing exploration to 0.80
2025-08-08 20:59:11,536 - INFO - 
   🔄 RL Round 6/17
2025-08-08 20:59:11,536 - INFO -       🎯 Strategy: artistic_elaboration (explore)
2025-08-08 20:59:14,596 - INFO - [TRELLIS] GPU cache cleared: {'status': 'cache_cleared', 'available_memory_gb': 20.631781376}
2025-08-08 20:59:14,597 - INFO -       🔍 Validating...
2025-08-08 20:59:14,597 - INFO -       📝 Using optimized prompt for generation: 'a slender, translucent blue-tinted jagged crystal with delicate facets and minute imperfections, front view, accurate, complete, white background...'
2025-08-08 20:59:14,597 - INFO -       🎯 Computing scores against original prompt: 'translucent blue-tinted jagged crystal...'
2025-08-08 21:00:12,125 - INFO -       📊 Validation score: 0.9086
2025-08-08 21:00:12,126 - INFO -       📈 Improvement detected: artistic_elaboration working better
2025-08-08 21:00:12,126 - INFO - 
   🔄 RL Round 7/17
2025-08-08 21:00:12,126 - INFO -       🎯 Strategy: contextual_scene_building (explore)
2025-08-08 21:00:15,489 - INFO - [TRELLIS] GPU cache cleared: {'status': 'cache_cleared', 'available_memory_gb': 20.631781376}
2025-08-08 21:00:15,489 - INFO -       🔍 Validating...
2025-08-08 21:00:15,489 - INFO -       📝 Using optimized prompt for generation: 'a slender, translucent blue-tinted jagged crystal with a delicate, latticework pattern and minute imperfections, suspended in mid-air, front view, accurate, complete, white background...'
2025-08-08 21:00:15,489 - INFO -       🎯 Computing scores against original prompt: 'translucent blue-tinted jagged crystal...'
2025-08-08 21:01:13,329 - INFO -       📊 Validation score: 0.8799
2025-08-08 21:01:13,330 - INFO -       📉 Score declined: Consider different approach
2025-08-08 21:01:13,330 - INFO - 
   🔄 RL Round 8/17
2025-08-08 21:01:13,330 - INFO -       🎯 Strategy: conservative_enhancement (exploit)
2025-08-08 21:01:16,729 - INFO - [TRELLIS] GPU cache cleared: {'status': 'cache_cleared', 'available_memory_gb': 20.631781376}
2025-08-08 21:01:16,729 - INFO -       🔍 Validating...
2025-08-08 21:01:16,730 - INFO -       📝 Using optimized prompt for generation: 'a slender, crystalline fragment with an iridescent sheen and delicate facets, suspended in a transparent medium with subtle blue undertones...'
2025-08-08 21:01:16,730 - INFO -       🎯 Computing scores against original prompt: 'translucent blue-tinted jagged crystal...'
2025-08-08 21:02:17,659 - INFO -       📊 Validation score: 0.8906
2025-08-08 21:02:17,659 - INFO -       📈 Improvement detected: conservative_enhancement working better
2025-08-08 21:02:17,659 - INFO - 
   🔄 RL Round 9/17
2025-08-08 21:02:17,660 - INFO -       🎯 Strategy: aggressive_transformation (explore)
2025-08-08 21:02:21,335 - INFO - [TRELLIS] GPU cache cleared: {'status': 'cache_cleared', 'available_memory_gb': 20.631781376}
2025-08-08 21:02:21,336 - INFO -       🔍 Validating...
2025-08-08 21:02:21,336 - INFO -       📝 Using optimized prompt for generation: 'a slender, translucent blue-tinted jagged crystal with delicate facets and minute imperfections, suspended in a soft, ethereal glow, front view, accurate, complete, white background...'
2025-08-08 21:02:21,336 - INFO -       🎯 Computing scores against original prompt: 'translucent blue-tinted jagged crystal...'
2025-08-08 21:03:17,742 - INFO -       📊 Validation score: 0.5996
2025-08-08 21:03:17,743 - INFO -       📉 Score declined: Consider different approach
2025-08-08 21:03:17,743 - INFO - 
   🔄 RL Round 10/17
2025-08-08 21:03:17,743 - INFO -       🎯 Strategy: aggressive_transformation (explore)
2025-08-08 21:03:21,257 - INFO - [TRELLIS] GPU cache cleared: {'status': 'cache_cleared', 'available_memory_gb': 20.631781376}
2025-08-08 21:03:21,258 - INFO -       🔍 Validating...
2025-08-08 21:03:21,258 - INFO -       📝 Using optimized prompt for generation: 'a slender, translucent blue-tinted jagged crystal with a series of intricate, swirling patterns etched into its surface...'
2025-08-08 21:03:21,258 - INFO -       🎯 Computing scores against original prompt: 'translucent blue-tinted jagged crystal...'
2025-08-08 21:04:21,009 - INFO -       📊 Validation score: 0.9366
2025-08-08 21:04:21,010 - INFO -       📈 Improvement detected: aggressive_transformation working better
2025-08-08 21:04:21,010 - INFO - 
   🔄 RL Round 11/17
2025-08-08 21:04:21,010 - INFO -       🎯 Strategy: technical_precision (explore)
2025-08-08 21:04:24,093 - INFO - [TRELLIS] GPU cache cleared: {'status': 'cache_cleared', 'available_memory_gb': 20.631781376}
2025-08-08 21:04:24,093 - INFO -       🔍 Validating...
2025-08-08 21:04:24,093 - INFO -       📝 Using optimized prompt for generation: 'a slender, translucent blue-tinted jagged crystal with an intricate lattice structure and minute facets, reflecting light with a subtle iridescence, front view, accurate, complete, white background...'
2025-08-08 21:04:24,093 - INFO -       🎯 Computing scores against original prompt: 'translucent blue-tinted jagged crystal...'
2025-08-08 21:05:20,154 - INFO -       📊 Validation score: 0.9291
2025-08-08 21:05:20,155 - INFO -       ✅ Convergence achieved: Convergence threshold met (improvement: -0.008)
2025-08-08 21:05:20,167 - INFO - 
🎯 RL LOOP COMPLETE:
2025-08-08 21:05:20,168 - INFO -    Best prompt: a slender, translucent blue-tinted jagged crystal with an iridescent sheen, front view, accurate, complete, white background
2025-08-08 21:05:20,168 - INFO -    Best score: 0.9373
2025-08-08 21:05:20,168 - INFO -    Rounds: 11
2025-08-08 21:05:20,168 - INFO -    Convergence: True
2025-08-08 21:05:20,168 - INFO -    Convergence reason: Convergence threshold met (improvement: -0.008)
2025-08-08 21:05:20,169 - INFO -    Exploration ratio: 90.9%
2025-08-08 21:05:20,169 - INFO -    Insights learned: 3
2025-08-08 21:05:20,169 - INFO -    Total time: 685.83s
2025-08-08 21:05:20,169 - INFO - Prompt optimized in 11 rounds: 0.794 → 0.937 (+0.143)
2025-08-08 21:05:20,169 - INFO - ✅ Target score achieved!
2025-08-08 21:05:20,170 - INFO - 
--- Episode 1, Prompt 16 (Total: 63) ---
2025-08-08 21:05:20,170 - INFO - Optimizing: 'small metal chisel with green handle'
2025-08-08 21:05:20,170 - INFO - 🔍 Checking server availability before optimization...
2025-08-08 21:05:20,180 - INFO - ✅ Server is available (status: completed)
2025-08-08 21:05:20,180 - INFO - 📝 Marked server as used at 1754687120.1807065
2025-08-08 21:05:20,180 - INFO - ✅ Server is available and marked as used
2025-08-08 21:05:20,180 - INFO - 🔄 Reproducibility optimization returned no result
2025-08-08 21:05:20,181 - INFO -       🔧 Overriding endpoint: generate/baolei/
2025-08-08 21:05:20,181 - INFO -       🔧 Using endpoint: generate/baolei/
2025-08-08 21:05:20,183 - INFO - 
🔄 RL LOOP OPTIMIZATION: 'small metal chisel with green handle'
2025-08-08 21:05:20,183 - INFO -    Session: rl_session_1754687120_1487
2025-08-08 21:05:20,184 - INFO -    Max rounds: 17
2025-08-08 21:05:20,184 - INFO -    Min rounds before convergence: 5
2025-08-08 21:05:20,184 - INFO -    Target score: 0.99
2025-08-08 21:05:20,184 - INFO - 
   🔄 RL Round 1/17
2025-08-08 21:05:20,184 - INFO -       🎯 Strategy: contextual_scene_building (explore)
2025-08-08 21:05:24,284 - INFO - [TRELLIS] GPU cache cleared: {'status': 'cache_cleared', 'available_memory_gb': 20.631781376}
2025-08-08 21:05:24,284 - INFO -       🔍 Validating...
2025-08-08 21:05:24,284 - INFO -       📝 Using optimized prompt for generation: 'small metal chisel with a green, ergonomic handle and a subtle curve to its blade, front view, accurate, complete, white background...'
2025-08-08 21:05:24,284 - INFO -       🎯 Computing scores against original prompt: 'small metal chisel with green handle...'
2025-08-08 21:06:19,377 - INFO -       📊 Validation score: 0.9147
2025-08-08 21:06:19,378 - INFO -       🎯 New best score: 0.9147
2025-08-08 21:06:19,378 - INFO - 
   🔄 RL Round 2/17
2025-08-08 21:06:19,378 - INFO -       🎯 Strategy: artistic_elaboration (explore)
2025-08-08 21:06:22,658 - INFO - [TRELLIS] GPU cache cleared: {'status': 'cache_cleared', 'available_memory_gb': 20.631781376}
2025-08-08 21:06:22,659 - INFO -       🔍 Validating...
2025-08-08 21:06:22,659 - INFO -       📝 Using optimized prompt for generation: 'a small metal chisel with a green handle featuring intricate engravings along its blade, worn from years of use and revealing subtle hints of rust., front view, accurate, complete, white background...'
2025-08-08 21:06:22,659 - INFO -       🎯 Computing scores against original prompt: 'small metal chisel with green handle...'
2025-08-08 21:07:17,620 - INFO -       📊 Validation score: 0.8709
2025-08-08 21:07:17,621 - INFO -       📉 Score declined: Consider different approach
2025-08-08 21:07:17,621 - INFO - 
   🔄 RL Round 3/17
2025-08-08 21:07:17,621 - INFO -       🎯 Strategy: technical_precision (explore)
2025-08-08 21:07:22,232 - INFO - [TRELLIS] GPU cache cleared: {'status': 'cache_cleared', 'available_memory_gb': 20.631781376}
2025-08-08 21:07:22,233 - INFO -       🔍 Validating...
2025-08-08 21:07:22,233 - INFO -       📝 Using optimized prompt for generation: 'a small metal chisel with a green, ergonomic handle featuring subtle wear and tear on the blade's edge, side view, front view, accurate, complete, white background...'
2025-08-08 21:07:22,233 - INFO -       🎯 Computing scores against original prompt: 'small metal chisel with green handle...'
2025-08-08 21:08:17,445 - INFO -       📊 Validation score: 0.9340
2025-08-08 21:08:17,445 - INFO -       🎯 New best score: 0.9340
2025-08-08 21:08:17,446 - INFO -       📈 Improvement detected: technical_precision working better
2025-08-08 21:08:17,446 - INFO - 
   🔄 RL Round 4/17
2025-08-08 21:08:17,446 - INFO -       🔍 Explore performing better - increasing epsilon to 0.72
2025-08-08 21:08:17,446 - INFO -       🎯 Strategy: conservative_enhancement (exploit)
2025-08-08 21:08:22,155 - INFO - [TRELLIS] GPU cache cleared: {'status': 'cache_cleared', 'available_memory_gb': 20.631781376}
2025-08-08 21:08:22,155 - INFO -       🔍 Validating...
2025-08-08 21:08:22,155 - INFO -       📝 Using optimized prompt for generation: 'a small metal chisel with a green, ergonomic handle and a slight tapering towards the tip, side view, front view, accurate, complete, white background...'
2025-08-08 21:08:22,155 - INFO -       🎯 Computing scores against original prompt: 'small metal chisel with green handle...'
2025-08-08 21:09:16,320 - INFO -       📊 Validation score: 0.9447
2025-08-08 21:09:16,320 - INFO -       🎯 New best score: 0.9447
2025-08-08 21:09:16,321 - INFO -       📈 Improvement detected: conservative_enhancement working better
2025-08-08 21:09:16,321 - INFO - 
   🔄 RL Round 5/17
2025-08-08 21:09:16,321 - INFO -       🎯 Strategy: contextual_scene_building (explore)
2025-08-08 21:09:19,947 - INFO - [TRELLIS] GPU cache cleared: {'status': 'cache_cleared', 'available_memory_gb': 20.631781376}
2025-08-08 21:09:19,947 - INFO -       🔍 Validating...
2025-08-08 21:09:19,948 - INFO -       📝 Using optimized prompt for generation: 'a small metal chisel with a green, ergonomic handle featuring subtle wear on the blade's edge and an integrated storage compartment, front view, accurate, complete, white background...'
2025-08-08 21:09:19,948 - INFO -       🎯 Computing scores against original prompt: 'small metal chisel with green handle...'
2025-08-08 21:10:14,759 - INFO -       📊 Validation score: 0.7645
2025-08-08 21:10:14,760 - INFO -       📉 Score declined: Consider different approach
2025-08-08 21:10:14,760 - INFO - 
   🔄 RL Round 6/17
2025-08-08 21:10:14,760 - INFO -       🎯 Strategy: contextual_scene_building (explore)
2025-08-08 21:10:18,758 - INFO - [TRELLIS] GPU cache cleared: {'status': 'cache_cleared', 'available_memory_gb': 20.629684224}
2025-08-08 21:10:18,759 - INFO -       🔍 Validating...
2025-08-08 21:10:18,759 - INFO -       📝 Using optimized prompt for generation: 'a small metal chisel with a green handle featuring intricate engravings along its blade and a subtle curve to its tip, front view, front view, accurate, complete, white background...'
2025-08-08 21:10:18,759 - INFO -       🎯 Computing scores against original prompt: 'small metal chisel with green handle...'
2025-08-08 21:11:14,592 - WARNING -    🔧 Score 0.0 - clearing CUDA cache
2025-08-08 21:11:14,593 - INFO -       📊 Validation score: 0.0000
2025-08-08 21:11:14,593 - INFO - 
   🔄 RL Round 7/17
2025-08-08 21:11:14,593 - INFO -       🎯 Strategy: conservative_enhancement (exploit)
2025-08-08 21:11:17,910 - INFO - [TRELLIS] GPU cache cleared: {'status': 'cache_cleared', 'available_memory_gb': 20.629684224}
2025-08-08 21:11:17,910 - INFO -       🔍 Validating...
2025-08-08 21:11:17,910 - INFO -       📝 Using optimized prompt for generation: 'a small metal chisel with a green handle featuring subtle wear and tear on its blade's edge, front view, front view, accurate, complete, white background...'
2025-08-08 21:11:17,910 - INFO -       🎯 Computing scores against original prompt: 'small metal chisel with green handle...'
2025-08-08 21:12:13,265 - INFO -       📊 Validation score: 0.7505
2025-08-08 21:12:13,266 - INFO - 
   🔄 RL Round 8/17
2025-08-08 21:12:13,266 - INFO -       🎯 Strategy: contextual_scene_building (explore)
2025-08-08 21:12:16,361 - INFO - [TRELLIS] GPU cache cleared: {'status': 'cache_cleared', 'available_memory_gb': 20.629684224}
2025-08-08 21:12:16,362 - INFO -       🔍 Validating...
2025-08-08 21:12:16,362 - INFO -       📝 Using optimized prompt for generation: 'a small metal chisel with a green handle featuring subtle curves on its blade edge and an ergonomic grip designed for comfortable hold, front view, accurate, complete, white background...'
2025-08-08 21:12:16,362 - INFO -       🎯 Computing scores against original prompt: 'small metal chisel with green handle...'
2025-08-08 21:13:11,497 - INFO -       📊 Validation score: 0.9331
2025-08-08 21:13:11,498 - INFO -       📈 Improvement detected: contextual_scene_building working better
2025-08-08 21:13:11,498 - INFO - 
   🔄 RL Round 9/17
2025-08-08 21:13:11,498 - INFO -       🎯 Strategy: hybrid_approach (exploit)
2025-08-08 21:13:15,046 - INFO - [TRELLIS] GPU cache cleared: {'status': 'cache_cleared', 'available_memory_gb': 20.629684224}
2025-08-08 21:13:15,047 - INFO -       🔍 Validating...
2025-08-08 21:13:15,047 - INFO -       📝 Using optimized prompt for generation: 'a small metal chisel with a green, ergonomic handle featuring subtle wear on its blade edge and a slight tapering towards the tip, front view, accurate, complete, white background...'
2025-08-08 21:13:15,047 - INFO -       🎯 Computing scores against original prompt: 'small metal chisel with green handle...'
2025-08-08 21:14:11,293 - WARNING -    🔧 Score 0.0 - clearing CUDA cache
2025-08-08 21:14:11,294 - INFO -       📊 Validation score: 0.0000
2025-08-08 21:14:11,294 - INFO - 
   🔄 RL Round 10/17
2025-08-08 21:14:11,294 - INFO -       🎯 Strategy: hybrid_approach (explore)
2025-08-08 21:14:15,425 - INFO - [TRELLIS] GPU cache cleared: {'status': 'cache_cleared', 'available_memory_gb': 20.629684224}
2025-08-08 21:14:15,425 - INFO -       🔍 Validating...
2025-08-08 21:14:15,426 - INFO -       📝 Using optimized prompt for generation: 'a small metal chisel with a green handle featuring subtle wear patterns along its blade's edge and a gentle curve towards the tip...'
2025-08-08 21:14:15,426 - INFO -       🎯 Computing scores against original prompt: 'small metal chisel with green handle...'
2025-08-08 21:15:13,332 - INFO -       📊 Validation score: 0.8685
2025-08-08 21:15:13,333 - INFO - 
   🔄 RL Round 11/17
2025-08-08 21:15:13,333 - INFO -       🎯 Strategy: hybrid_approach (explore)
2025-08-08 21:15:18,122 - INFO - [TRELLIS] GPU cache cleared: {'status': 'cache_cleared', 'available_memory_gb': 20.629684224}
2025-08-08 21:15:18,123 - INFO -       🔍 Validating...
2025-08-08 21:15:18,124 - INFO -       📝 Using optimized prompt for generation: 'a small, high-carbon stainless steel metal chisel with a soft-touch green ergonomic handle featuring subtle wear patterns on the blade's edge and a slight tapering towards the tip, front view, accurate, complete, white background...'
2025-08-08 21:15:18,124 - INFO -       🎯 Computing scores against original prompt: 'small metal chisel with green handle...'
2025-08-08 21:16:15,970 - WARNING -    🔧 Score 0.0 - clearing CUDA cache
2025-08-08 21:16:15,970 - INFO -       📊 Validation score: 0.0000
2025-08-08 21:16:15,971 - INFO - 
   🔄 RL Round 12/17
2025-08-08 21:16:15,971 - INFO -       🎯 Strategy: conservative_enhancement (explore)
2025-08-08 21:16:20,105 - INFO - [TRELLIS] GPU cache cleared: {'status': 'cache_cleared', 'available_memory_gb': 20.629684224}
2025-08-08 21:16:20,106 - INFO -       🔍 Validating...
2025-08-08 21:16:20,106 - INFO -       📝 Using optimized prompt for generation: 'a small metal chisel with a green handle featuring subtle wear patterns along its blade's edge and a slight tapering towards the tip, front view, accurate, complete, white background...'
2025-08-08 21:16:20,106 - INFO -       🎯 Computing scores against original prompt: 'small metal chisel with green handle...'
2025-08-08 21:17:17,913 - INFO -       📊 Validation score: 0.8011
2025-08-08 21:17:17,913 - INFO - 
   🔄 RL Round 13/17
2025-08-08 21:17:17,914 - INFO -       🎯 Strategy: conservative_enhancement (explore)
2025-08-08 21:17:22,460 - INFO - [TRELLIS] GPU cache cleared: {'status': 'cache_cleared', 'available_memory_gb': 20.629684224}
2025-08-08 21:17:22,461 - INFO -       🔍 Validating...
2025-08-08 21:17:22,461 - INFO -       📝 Using optimized prompt for generation: 'a small metal chisel with a green, ergonomic handle featuring subtle wear patterns along its blade edge, front view, accurate, complete, white background...'
2025-08-08 21:17:22,461 - INFO -       🎯 Computing scores against original prompt: 'small metal chisel with green handle...'
2025-08-08 21:18:20,583 - WARNING -    🔧 Score 0.0 - clearing CUDA cache
2025-08-08 21:18:20,583 - INFO -       📊 Validation score: 0.0000
2025-08-08 21:18:20,583 - INFO - 
   🔄 RL Round 14/17
2025-08-08 21:18:20,584 - INFO -       🎯 Strategy: conservative_enhancement (explore)
2025-08-08 21:18:25,251 - INFO - [TRELLIS] GPU cache cleared: {'status': 'cache_cleared', 'available_memory_gb': 20.629684224}
2025-08-08 21:18:25,251 - INFO -       🔍 Validating...
2025-08-08 21:18:25,251 - INFO -       📝 Using optimized prompt for generation: 'a small metal chisel with a green, ergonomic handle featuring subtle curves on its blade edge, worn from years of frequent use and precision-crafted for optimal striking force...'
2025-08-08 21:18:25,252 - INFO -       🎯 Computing scores against original prompt: 'small metal chisel with green handle...'
2025-08-08 21:19:23,773 - INFO -       📊 Validation score: 0.8661
2025-08-08 21:19:23,774 - INFO - 
   🔄 RL Round 15/17
2025-08-08 21:19:23,774 - INFO -       🎯 Strategy: artistic_elaboration (exploit)
2025-08-08 21:19:27,831 - INFO - [TRELLIS] GPU cache cleared: {'status': 'cache_cleared', 'available_memory_gb': 20.629684224}
2025-08-08 21:19:27,831 - INFO -       🔍 Validating...
2025-08-08 21:19:27,831 - INFO -       📝 Using optimized prompt for generation: 'a small metal chisel with a green, ergonomic handle featuring subtle curves on its blade edge, worn from years of faithful service, front view, accurate, complete, white background...'
2025-08-08 21:19:27,831 - INFO -       🎯 Computing scores against original prompt: 'small metal chisel with green handle...'
2025-08-08 21:20:28,726 - INFO -       📊 Validation score: 0.8696
2025-08-08 21:20:28,727 - INFO -       ✅ Convergence achieved: Convergence threshold met (improvement: 0.004)
2025-08-08 21:20:28,740 - INFO - 
🎯 RL LOOP COMPLETE:
2025-08-08 21:20:28,740 - INFO -    Best prompt: a small metal chisel with a green, ergonomic handle and a slight tapering towards the tip, side view, front view, accurate, complete, white background
2025-08-08 21:20:28,740 - INFO -    Best score: 0.9447
2025-08-08 21:20:28,741 - INFO -    Rounds: 15
2025-08-08 21:20:28,741 - INFO -    Convergence: True
2025-08-08 21:20:28,741 - INFO -    Convergence reason: Convergence threshold met (improvement: 0.004)
2025-08-08 21:20:28,741 - INFO -    Exploration ratio: 73.3%
2025-08-08 21:20:28,741 - INFO -    Insights learned: 2
2025-08-08 21:20:28,741 - INFO -    Total time: 908.54s
2025-08-08 21:20:28,741 - INFO - Prompt optimized in 15 rounds: 0.915 → 0.945 (+0.030)
2025-08-08 21:20:28,742 - INFO - ✅ Target score achieved!
2025-08-08 21:20:28,742 - INFO - 
--- Episode 1, Prompt 17 (Total: 63) ---
2025-08-08 21:20:28,742 - INFO - Optimizing: 'pink drill with metallic shaft'
2025-08-08 21:20:28,742 - INFO - 🔍 Checking server availability before optimization...
2025-08-08 21:20:28,750 - INFO - ✅ Server is available (status: completed)
2025-08-08 21:20:28,751 - INFO - 📝 Marked server as used at 1754688028.7510486
2025-08-08 21:20:28,751 - INFO - ✅ Server is available and marked as used
2025-08-08 21:20:28,751 - INFO - 🔄 Reproducibility optimization returned no result
2025-08-08 21:20:28,751 - INFO -       🔧 Overriding endpoint: generate/baolei/
2025-08-08 21:20:28,751 - INFO -       🔧 Using endpoint: generate/baolei/
2025-08-08 21:20:28,754 - INFO - 
🔄 RL LOOP OPTIMIZATION: 'pink drill with metallic shaft'
2025-08-08 21:20:28,754 - INFO -    Session: rl_session_1754688028_4549
2025-08-08 21:20:28,754 - INFO -    Max rounds: 17
2025-08-08 21:20:28,754 - INFO -    Min rounds before convergence: 5
2025-08-08 21:20:28,754 - INFO -    Target score: 0.99
2025-08-08 21:20:28,754 - INFO - 
   🔄 RL Round 1/17
2025-08-08 21:20:28,755 - INFO -       🎯 Strategy: artistic_elaboration (explore)
2025-08-08 21:20:33,070 - INFO - [TRELLIS] GPU cache cleared: {'status': 'cache_cleared', 'available_memory_gb': 20.629684224}
2025-08-08 21:20:33,070 - INFO -       🔍 Validating...
2025-08-08 21:20:33,071 - INFO -       📝 Using optimized prompt for generation: 'a pink drill with a metallic shaft and ergonomic grip, partially buried in a bed of soft, grey wood shavings, front view, accurate, complete, white background...'
2025-08-08 21:20:33,071 - INFO -       🎯 Computing scores against original prompt: 'pink drill with metallic shaft...'
2025-08-08 21:21:34,916 - INFO -       📊 Validation score: 0.7384
2025-08-08 21:21:34,917 - INFO -       🎯 New best score: 0.7384
2025-08-08 21:21:34,917 - INFO - 
   🔄 RL Round 2/17
2025-08-08 21:21:34,917 - INFO -       🎯 Strategy: artistic_elaboration (explore)
2025-08-08 21:21:39,000 - INFO - [TRELLIS] GPU cache cleared: {'status': 'cache_cleared', 'available_memory_gb': 20.629684224}
2025-08-08 21:21:39,001 - INFO -       🔍 Validating...
2025-08-08 21:21:39,001 - INFO -       📝 Using optimized prompt for generation: 'a pink drill with a slender, polished metallic shaft that tapers slightly towards its tip...'
2025-08-08 21:21:39,001 - INFO -       🎯 Computing scores against original prompt: 'pink drill with metallic shaft...'
2025-08-08 21:22:37,421 - INFO -       📊 Validation score: 0.9223
2025-08-08 21:22:37,421 - INFO -       🎯 New best score: 0.9223
2025-08-08 21:22:37,421 - INFO -       📈 Improvement detected: artistic_elaboration working better
2025-08-08 21:22:37,421 - INFO - 
   🔄 RL Round 3/17
2025-08-08 21:22:37,421 - INFO -       🎯 Strategy: minimalist_refinement (explore)
2025-08-08 21:22:40,556 - INFO - [TRELLIS] GPU cache cleared: {'status': 'cache_cleared', 'available_memory_gb': 20.629684224}
2025-08-08 21:22:40,557 - INFO -       🔍 Validating...
2025-08-08 21:22:40,557 - INFO -       📝 Using optimized prompt for generation: 'a sleek, ergonomic pink drill with a precision-crafted metallic shaft featuring subtle, satin-finish texture, partially buried in a bed of soft, grey wood, front view, accurate, complete, white background...'
2025-08-08 21:22:40,557 - INFO -       🎯 Computing scores against original prompt: 'pink drill with metallic shaft...'
2025-08-08 21:23:36,176 - INFO -       📊 Validation score: 0.8551
2025-08-08 21:23:36,177 - INFO -       📉 Score declined: Consider different approach
2025-08-08 21:23:36,177 - INFO - 
   🔄 RL Round 4/17
2025-08-08 21:23:36,177 - INFO -       🎯 Strategy: aggressive_transformation (explore)
2025-08-08 21:23:39,708 - INFO - [TRELLIS] GPU cache cleared: {'status': 'cache_cleared', 'available_memory_gb': 20.629684224}
2025-08-08 21:23:39,709 - INFO -       🔍 Validating...
2025-08-08 21:23:39,709 - INFO -       📝 Using optimized prompt for generation: 'a sleek, ergonomic pink drill with a precision-crafted metallic shaft featuring subtle, satin-finish details and a contoured grip, front view, accurate, complete, white background...'
2025-08-08 21:23:39,709 - INFO -       🎯 Computing scores against original prompt: 'pink drill with metallic shaft...'
2025-08-08 21:24:38,641 - INFO -       📊 Validation score: 0.8854
2025-08-08 21:24:38,642 - INFO -       📈 Improvement detected: aggressive_transformation working better
2025-08-08 21:24:38,642 - INFO - 
   🔄 RL Round 5/17
2025-08-08 21:24:38,642 - INFO -       🎯 Strategy: technical_precision (explore)
2025-08-08 21:24:43,292 - INFO - [TRELLIS] GPU cache cleared: {'status': 'cache_cleared', 'available_memory_gb': 20.629684224}
2025-08-08 21:24:43,293 - INFO -       🔍 Validating...
2025-08-08 21:24:43,293 - INFO -       📝 Using optimized prompt for generation: 'a slender, precision-finished pink drill with a polished, satin-finish metallic shaft and ergonomic grip, front view, accurate, complete, white background...'
2025-08-08 21:24:43,293 - INFO -       🎯 Computing scores against original prompt: 'pink drill with metallic shaft...'
2025-08-08 21:25:40,756 - INFO -       📊 Validation score: 0.8914
2025-08-08 21:25:40,757 - INFO -       ✅ Convergence achieved: Convergence threshold met (improvement: 0.006)
2025-08-08 21:25:40,771 - INFO - 
🎯 RL LOOP COMPLETE:
2025-08-08 21:25:40,771 - INFO -    Best prompt: a pink drill with a slender, polished metallic shaft that tapers slightly towards its tip
2025-08-08 21:25:40,771 - INFO -    Best score: 0.9223
2025-08-08 21:25:40,771 - INFO -    Rounds: 5
2025-08-08 21:25:40,772 - INFO -    Convergence: True
2025-08-08 21:25:40,772 - INFO -    Convergence reason: Convergence threshold met (improvement: 0.006)
2025-08-08 21:25:40,772 - INFO -    Exploration ratio: 100.0%
2025-08-08 21:25:40,772 - INFO -    Insights learned: 3
2025-08-08 21:25:40,772 - INFO -    Total time: 312.00s
2025-08-08 21:25:40,772 - INFO - Prompt optimized in 5 rounds: 0.738 → 0.922 (+0.184)
2025-08-08 21:25:40,772 - INFO - ✅ Target score achieved!
2025-08-08 21:25:40,773 - INFO - 
--- Episode 1, Prompt 18 (Total: 63) ---
2025-08-08 21:25:40,773 - INFO - Optimizing: 'arrow with silver shaft and black head'
2025-08-08 21:25:40,773 - INFO - 🔍 Checking server availability before optimization...
2025-08-08 21:25:40,785 - INFO - ✅ Server is available (status: completed)
2025-08-08 21:25:40,785 - INFO - 📝 Marked server as used at 1754688340.7852755
2025-08-08 21:25:40,785 - INFO - ✅ Server is available and marked as used
2025-08-08 21:25:40,785 - INFO - 🔄 Reproducibility optimization returned no result
2025-08-08 21:25:40,785 - INFO -       🔧 Overriding endpoint: generate/baolei/
2025-08-08 21:25:40,785 - INFO -       🔧 Using endpoint: generate/baolei/
2025-08-08 21:25:40,788 - INFO - 
🔄 RL LOOP OPTIMIZATION: 'arrow with silver shaft and black head'
2025-08-08 21:25:40,788 - INFO -    Session: rl_session_1754688340_2106
2025-08-08 21:25:40,788 - INFO -    Max rounds: 17
2025-08-08 21:25:40,788 - INFO -    Min rounds before convergence: 5
2025-08-08 21:25:40,789 - INFO -    Target score: 0.99
2025-08-08 21:25:40,789 - INFO - 
   🔄 RL Round 1/17
2025-08-08 21:25:40,789 - INFO -       🎯 Strategy: technical_precision (explore)
2025-08-08 21:25:44,960 - INFO - [TRELLIS] GPU cache cleared: {'status': 'cache_cleared', 'available_memory_gb': 20.629684224}
2025-08-08 21:25:44,961 - INFO -       🔍 Validating...
2025-08-08 21:25:44,961 - INFO -       📝 Using optimized prompt for generation: 'a slender, silver-tipped arrowhead with an intricately crafted black wooden grip, front view, accurate, complete, white background...'
2025-08-08 21:25:44,961 - INFO -       🎯 Computing scores against original prompt: 'arrow with silver shaft and black head...'
2025-08-08 21:26:41,878 - INFO -       📊 Validation score: 0.8997
2025-08-08 21:26:41,879 - INFO -       🎯 New best score: 0.8997
2025-08-08 21:26:41,879 - INFO - 
   🔄 RL Round 2/17
2025-08-08 21:26:41,879 - INFO -       🎯 Strategy: technical_precision (explore)
2025-08-08 21:26:46,307 - INFO - [TRELLIS] GPU cache cleared: {'status': 'cache_cleared', 'available_memory_gb': 20.629684224}
2025-08-08 21:26:46,308 - INFO -       🔍 Validating...
2025-08-08 21:26:46,309 - INFO -       📝 Using optimized prompt for generation: 'an arrow with a slender silver shaft and an intricately crafted black wooden grip, front view, accurate, complete, white background...'
2025-08-08 21:26:46,310 - INFO -       🎯 Computing scores against original prompt: 'arrow with silver shaft and black head...'
2025-08-08 21:27:43,195 - INFO -       📊 Validation score: 0.9148
2025-08-08 21:27:43,195 - INFO -       🎯 New best score: 0.9148
2025-08-08 21:27:43,196 - INFO -       📈 Improvement detected: technical_precision working better
2025-08-08 21:27:43,196 - INFO - 
   🔄 RL Round 3/17
2025-08-08 21:27:43,196 - INFO -       🎯 Strategy: minimalist_refinement (explore)
2025-08-08 21:27:47,777 - INFO - [TRELLIS] GPU cache cleared: {'status': 'cache_cleared', 'available_memory_gb': 20.629684224}
2025-08-08 21:27:47,777 - INFO -       🔍 Validating...
2025-08-08 21:27:47,778 - INFO -       📝 Using optimized prompt for generation: 'an arrow with a slender silver shaft and an intricately crafted black wooden grip, front view, accurate, complete, white background...'
2025-08-08 21:27:47,778 - INFO -       🎯 Computing scores against original prompt: 'arrow with silver shaft and black head...'
2025-08-08 21:28:44,695 - INFO -       📊 Validation score: 0.9150
2025-08-08 21:28:44,696 - INFO -       🎯 New best score: 0.9150
2025-08-08 21:28:44,696 - INFO -       📈 Improvement detected: minimalist_refinement working better
2025-08-08 21:28:44,696 - INFO - 
   🔄 RL Round 4/17
2025-08-08 21:28:44,696 - INFO -       🎯 Strategy: minimalist_refinement (explore)
2025-08-08 21:28:49,132 - INFO - [TRELLIS] GPU cache cleared: {'status': 'cache_cleared', 'available_memory_gb': 20.629684224}
2025-08-08 21:28:49,133 - INFO -       🔍 Validating...
2025-08-08 21:28:49,133 - INFO -       📝 Using optimized prompt for generation: 'an arrow with a slender silver shaft and a precision-crafted black polymer grip, front view, accuracy-enhancing features, front view, accurate, complete, white background...'
2025-08-08 21:28:49,133 - INFO -       🎯 Computing scores against original prompt: 'arrow with silver shaft and black head...'
2025-08-08 21:29:45,860 - INFO -       📊 Validation score: 0.8846
2025-08-08 21:29:45,861 - INFO -       📉 Score declined: Consider different approach
2025-08-08 21:29:45,861 - INFO - 
   🔄 RL Round 5/17
2025-08-08 21:29:45,861 - INFO -       🎯 Strategy: technical_precision (exploit)
2025-08-08 21:29:49,676 - INFO - [TRELLIS] GPU cache cleared: {'status': 'cache_cleared', 'available_memory_gb': 20.629684224}
2025-08-08 21:29:49,677 - INFO -       🔍 Validating...
2025-08-08 21:29:49,677 - INFO -       📝 Using optimized prompt for generation: 'a slender silver-tipped arrowhead with a precision-crafted black wooden grip and subtle engravings along the shaft...'
2025-08-08 21:29:49,677 - INFO -       🎯 Computing scores against original prompt: 'arrow with silver shaft and black head...'
2025-08-08 21:30:47,189 - INFO -       📊 Validation score: 0.8816
2025-08-08 21:30:47,190 - INFO -       ✅ Convergence achieved: Convergence threshold met (improvement: -0.003)
2025-08-08 21:30:47,204 - INFO - 
🎯 RL LOOP COMPLETE:
2025-08-08 21:30:47,205 - INFO -    Best prompt: an arrow with a slender silver shaft and an intricately crafted black wooden grip, front view, accurate, complete, white background
2025-08-08 21:30:47,205 - INFO -    Best score: 0.9150
2025-08-08 21:30:47,205 - INFO -    Rounds: 5
2025-08-08 21:30:47,205 - INFO -    Convergence: True
2025-08-08 21:30:47,205 - INFO -    Convergence reason: Convergence threshold met (improvement: -0.003)
2025-08-08 21:30:47,205 - INFO -    Exploration ratio: 80.0%
2025-08-08 21:30:47,206 - INFO -    Insights learned: 2
2025-08-08 21:30:47,206 - INFO -    Total time: 306.40s
2025-08-08 21:30:47,206 - INFO - Prompt optimized in 5 rounds: 0.900 → 0.915 (+0.015)
2025-08-08 21:30:47,206 - INFO - ✅ Target score achieved!
2025-08-08 21:30:47,207 - INFO - 
--- Episode 1, Prompt 19 (Total: 63) ---
2025-08-08 21:30:47,207 - INFO - Optimizing: 'white fairy with iridescent wings and wand'
2025-08-08 21:30:47,207 - INFO - 🔍 Checking server availability before optimization...
2025-08-08 21:30:47,215 - INFO - ✅ Server is available (status: completed)
2025-08-08 21:30:47,215 - INFO - 📝 Marked server as used at 1754688647.2158473
2025-08-08 21:30:47,215 - INFO - ✅ Server is available and marked as used
2025-08-08 21:30:47,216 - INFO - 🔄 Reproducibility optimization returned no result
2025-08-08 21:30:47,216 - INFO -       🔧 Overriding endpoint: generate/baolei/
2025-08-08 21:30:47,216 - INFO -       🔧 Using endpoint: generate/baolei/
2025-08-08 21:30:47,219 - INFO - 
🔄 RL LOOP OPTIMIZATION: 'white fairy with iridescent wings and wand'
2025-08-08 21:30:47,219 - INFO -    Session: rl_session_1754688647_8791
2025-08-08 21:30:47,219 - INFO -    Max rounds: 17
2025-08-08 21:30:47,219 - INFO -    Min rounds before convergence: 5
2025-08-08 21:30:47,219 - INFO -    Target score: 0.99
2025-08-08 21:30:47,219 - INFO - 
   🔄 RL Round 1/17
2025-08-08 21:30:47,219 - INFO -       🎯 Strategy: technical_precision (explore)
2025-08-08 21:30:51,384 - INFO - [TRELLIS] GPU cache cleared: {'status': 'cache_cleared', 'available_memory_gb': 20.629684224}
2025-08-08 21:30:51,385 - INFO -       🔍 Validating...
2025-08-08 21:30:51,385 - INFO -       📝 Using optimized prompt for generation: 'a delicate white fairy with iridescent wings and a slender, crystal-tipped wand adorned with intricate, swirling patterns of light, front view, accurate, complete, white background...'
2025-08-08 21:30:51,385 - INFO -       🎯 Computing scores against original prompt: 'white fairy with iridescent wings and wand...'
2025-08-08 21:31:48,391 - INFO -       📊 Validation score: 0.8970
2025-08-08 21:31:48,392 - INFO -       🎯 New best score: 0.8970
2025-08-08 21:31:48,392 - INFO - 
   🔄 RL Round 2/17
2025-08-08 21:31:48,392 - INFO -       🎯 Strategy: technical_precision (explore)
2025-08-08 21:31:52,243 - INFO - [TRELLIS] GPU cache cleared: {'status': 'cache_cleared', 'available_memory_gb': 20.629684224}
2025-08-08 21:31:52,244 - INFO -       🔍 Validating...
2025-08-08 21:31:52,244 - INFO -       📝 Using optimized prompt for generation: 'a delicate white fairy with iridescent wings and a slender, crystal-tipped wand adorned with intricate silver filigree and a soft, ethereal glow, front view, accurate, complete, white background...'
2025-08-08 21:31:52,244 - INFO -       🎯 Computing scores against original prompt: 'white fairy with iridescent wings and wand...'
2025-08-08 21:32:49,255 - INFO -       📊 Validation score: 0.7732
2025-08-08 21:32:49,256 - INFO -       📉 Score declined: Consider different approach
2025-08-08 21:32:49,256 - INFO - 
   🔄 RL Round 3/17
2025-08-08 21:32:49,256 - INFO -       🎯 Strategy: technical_precision (explore)
2025-08-08 21:32:52,794 - INFO - [TRELLIS] GPU cache cleared: {'status': 'cache_cleared', 'available_memory_gb': 20.629684224}
2025-08-08 21:32:52,794 - INFO -       🔍 Validating...
2025-08-08 21:32:52,794 - INFO -       📝 Using optimized prompt for generation: 'a slender, delicate white fairy with iridescent, crystalline wings and a slender, crystal-tipped wand adorned with intricate silver filigree...'
2025-08-08 21:32:52,794 - INFO -       🎯 Computing scores against original prompt: 'white fairy with iridescent wings and wand...'
2025-08-08 21:33:52,807 - INFO -       📊 Validation score: 0.7022
2025-08-08 21:33:52,808 - INFO -       📉 Score declined: Consider different approach
2025-08-08 21:33:52,808 - INFO - 
   🔄 RL Round 4/17
2025-08-08 21:33:52,808 - INFO -       🎯 Strategy: technical_precision (explore)
2025-08-08 21:33:56,674 - INFO - [TRELLIS] GPU cache cleared: {'status': 'cache_cleared', 'available_memory_gb': 20.629684224}
2025-08-08 21:33:56,674 - INFO -       🔍 Validating...
2025-08-08 21:33:56,674 - INFO -       📝 Using optimized prompt for generation: 'a slender white fairy with iridescent wings and a crystal-tipped wand adorned with intricate filigree and subtle glitter, front view, accurate, complete, white background...'
2025-08-08 21:33:56,675 - INFO -       🎯 Computing scores against original prompt: 'white fairy with iridescent wings and wand...'
2025-08-08 21:34:52,855 - INFO -       📊 Validation score: 0.9230
2025-08-08 21:34:52,855 - INFO -       🎯 New best score: 0.9230
2025-08-08 21:34:52,855 - INFO -       📈 Improvement detected: technical_precision working better
2025-08-08 21:34:52,855 - INFO - 
   🔄 RL Round 5/17
2025-08-08 21:34:52,855 - INFO -       🎯 Strategy: aggressive_transformation (explore)
2025-08-08 21:34:56,702 - INFO - [TRELLIS] GPU cache cleared: {'status': 'cache_cleared', 'available_memory_gb': 20.629684224}
2025-08-08 21:34:56,703 - INFO -       🔍 Validating...
2025-08-08 21:34:56,703 - INFO -       📝 Using optimized prompt for generation: 'a luminous white fairy with iridescent wings and a slender, crystal-tipped wand adorned with delicate filigree patterns, front view, accurate, complete, white background...'
2025-08-08 21:34:56,703 - INFO -       🎯 Computing scores against original prompt: 'white fairy with iridescent wings and wand...'
2025-08-08 21:35:55,560 - INFO -       📊 Validation score: 0.9167
2025-08-08 21:35:55,561 - INFO -       ✅ Convergence achieved: Convergence threshold met (improvement: -0.006)
2025-08-08 21:35:55,574 - INFO - 
🎯 RL LOOP COMPLETE:
2025-08-08 21:35:55,575 - INFO -    Best prompt: a slender white fairy with iridescent wings and a crystal-tipped wand adorned with intricate filigree and subtle glitter, front view, accurate, complete, white background
2025-08-08 21:35:55,575 - INFO -    Best score: 0.9230
2025-08-08 21:35:55,575 - INFO -    Rounds: 5
2025-08-08 21:35:55,575 - INFO -    Convergence: True
2025-08-08 21:35:55,575 - INFO -    Convergence reason: Convergence threshold met (improvement: -0.006)
2025-08-08 21:35:55,575 - INFO -    Exploration ratio: 100.0%
2025-08-08 21:35:55,575 - INFO -    Insights learned: 3
2025-08-08 21:35:55,575 - INFO -    Total time: 308.34s
2025-08-08 21:35:55,575 - INFO - Prompt optimized in 5 rounds: 0.897 → 0.923 (+0.026)
2025-08-08 21:35:55,576 - INFO - ✅ Target score achieved!
2025-08-08 21:35:55,576 - INFO - 
--- Episode 1, Prompt 20 (Total: 63) ---
2025-08-08 21:35:55,576 - INFO - Optimizing: 'plastic-handled screwdriver bright orange color'
2025-08-08 21:35:55,576 - INFO - 🔍 Checking server availability before optimization...
2025-08-08 21:35:55,585 - INFO - ✅ Server is available (status: completed)
2025-08-08 21:35:55,585 - INFO - 📝 Marked server as used at 1754688955.585402
2025-08-08 21:35:55,585 - INFO - ✅ Server is available and marked as used
2025-08-08 21:35:55,585 - INFO - 🔄 Reproducibility optimization returned no result
2025-08-08 21:35:55,585 - INFO -       🔧 Overriding endpoint: generate/baolei/
2025-08-08 21:35:55,585 - INFO -       🔧 Using endpoint: generate/baolei/
2025-08-08 21:35:55,589 - INFO - 
🔄 RL LOOP OPTIMIZATION: 'plastic-handled screwdriver bright orange color'
2025-08-08 21:35:55,589 - INFO -    Session: rl_session_1754688955_9943
2025-08-08 21:35:55,589 - INFO -    Max rounds: 17
2025-08-08 21:35:55,589 - INFO -    Min rounds before convergence: 5
2025-08-08 21:35:55,589 - INFO -    Target score: 0.99
2025-08-08 21:35:55,589 - INFO - 
   🔄 RL Round 1/17
2025-08-08 21:35:55,589 - INFO -       🎯 Strategy: technical_precision (exploit)
2025-08-08 21:35:58,824 - INFO - [TRELLIS] GPU cache cleared: {'status': 'cache_cleared', 'available_memory_gb': 20.629684224}
2025-08-08 21:35:58,825 - INFO -       🔍 Validating...
2025-08-08 21:35:58,825 - INFO -       📝 Using optimized prompt for generation: 'a high-quality plastic-handled screwdriver with a bright orange ergonomic handle and precision-crafted metal blade, front view, accurate, complete, white background...'
2025-08-08 21:35:58,825 - INFO -       🎯 Computing scores against original prompt: 'plastic-handled screwdriver bright orange color...'
2025-08-08 21:36:53,560 - INFO -       📊 Validation score: 0.8385
2025-08-08 21:36:53,560 - INFO -       🎯 New best score: 0.8385
2025-08-08 21:36:53,561 - INFO - 
   🔄 RL Round 2/17
2025-08-08 21:36:53,561 - INFO -       🎯 Strategy: aggressive_transformation (explore)
2025-08-08 21:36:56,647 - INFO - [TRELLIS] GPU cache cleared: {'status': 'cache_cleared', 'available_memory_gb': 20.629684224}
2025-08-08 21:36:56,648 - INFO -       🔍 Validating...
2025-08-08 21:36:56,648 - INFO -       📝 Using optimized prompt for generation: 'a high-quality plastic-handled screwdriver with a bright orange ergonomic handle and precision-crafted tip, front view, accurate, complete, white background...'
2025-08-08 21:36:56,648 - INFO -       🎯 Computing scores against original prompt: 'plastic-handled screwdriver bright orange color...'
2025-08-08 21:37:51,866 - INFO -       📊 Validation score: 0.8354
2025-08-08 21:37:51,866 - INFO -       📉 Score declined: Consider different approach
2025-08-08 21:37:51,866 - INFO - 
   🔄 RL Round 3/17
2025-08-08 21:37:51,867 - INFO -       🎯 Strategy: technical_precision (exploit)
2025-08-08 21:37:55,486 - INFO - [TRELLIS] GPU cache cleared: {'status': 'cache_cleared', 'available_memory_gb': 20.629684224}
2025-08-08 21:37:55,486 - INFO -       🔍 Validating...
2025-08-08 21:37:55,486 - INFO -       📝 Using optimized prompt for generation: 'a high-quality plastic-handled screwdriver with a bright orange ergonomic handle and precision-crafted tip for increased grip, front view, accurate, complete, white background...'
2025-08-08 21:37:55,486 - INFO -       🎯 Computing scores against original prompt: 'plastic-handled screwdriver bright orange color...'
2025-08-08 21:38:50,722 - WARNING -    🔧 Score 0.0 - clearing CUDA cache
2025-08-08 21:38:50,723 - INFO -       📊 Validation score: 0.0000
2025-08-08 21:38:50,723 - INFO - 
   🔄 RL Round 4/17
2025-08-08 21:38:50,724 - INFO -       🎯 Strategy: aggressive_transformation (explore)
2025-08-08 21:38:54,390 - INFO - [TRELLIS] GPU cache cleared: {'status': 'cache_cleared', 'available_memory_gb': 20.629684224}
2025-08-08 21:38:54,390 - INFO -       🔍 Validating...
2025-08-08 21:38:54,390 - INFO -       📝 Using optimized prompt for generation: 'a high-quality plastic-handled screwdriver with a bright orange ergonomic handle featuring textured grip and precision-crafted metal shaft, front view, accurate, complete, white background...'
2025-08-08 21:38:54,391 - INFO -       🎯 Computing scores against original prompt: 'plastic-handled screwdriver bright orange color...'
2025-08-08 21:39:51,930 - WARNING -    🔧 Score 0.0 - clearing CUDA cache
2025-08-08 21:39:51,930 - INFO -       📊 Validation score: 0.0000
2025-08-08 21:39:51,931 - INFO - 
   🔄 RL Round 5/17
2025-08-08 21:39:51,931 - INFO -       🎯 Strategy: aggressive_transformation (explore)
2025-08-08 21:39:55,494 - INFO - [TRELLIS] GPU cache cleared: {'status': 'cache_cleared', 'available_memory_gb': 20.629684224}
2025-08-08 21:39:55,495 - INFO -       🔍 Validating...
2025-08-08 21:39:55,495 - INFO -       📝 Using optimized prompt for generation: 'a high-quality plastic-handled screwdriver with a brilliant, bright orange ergonomic handle featuring subtle scratches and a slight sheen, front view, accurate, complete, white background...'
2025-08-08 21:39:55,495 - INFO -       🎯 Computing scores against original prompt: 'plastic-handled screwdriver bright orange color...'
2025-08-08 21:40:52,495 - WARNING -    🔧 Score 0.0 - clearing CUDA cache
2025-08-08 21:40:52,495 - INFO -       📊 Validation score: 0.0000
2025-08-08 21:40:52,496 - INFO -       ✅ Convergence achieved: Convergence threshold met (improvement: 0.000)
2025-08-08 21:40:52,511 - INFO - 
🎯 RL LOOP COMPLETE:
2025-08-08 21:40:52,511 - INFO -    Best prompt: a high-quality plastic-handled screwdriver with a bright orange ergonomic handle and precision-crafted metal blade, front view, accurate, complete, white background
2025-08-08 21:40:52,512 - INFO -    Best score: 0.8385
2025-08-08 21:40:52,512 - INFO -    Rounds: 5
2025-08-08 21:40:52,512 - INFO -    Convergence: True
2025-08-08 21:40:52,512 - INFO -    Convergence reason: Convergence threshold met (improvement: 0.000)
2025-08-08 21:40:52,512 - INFO -    Exploration ratio: 60.0%
2025-08-08 21:40:52,512 - INFO -    Insights learned: 2
2025-08-08 21:40:52,512 - INFO -    Total time: 296.91s
2025-08-08 21:40:52,513 - INFO - Prompt optimized in 5 rounds: 0.839 → 0.839 (+0.000)
2025-08-08 21:40:52,513 - INFO - ✅ Target score achieved!
2025-08-08 21:40:52,513 - INFO - 
--- Episode 1, Prompt 21 (Total: 63) ---
2025-08-08 21:40:52,513 - INFO - Optimizing: 'small wooden spoon with curved handle and round bowl white shiny smooth long and thin'
2025-08-08 21:40:52,513 - INFO - 🔍 Checking server availability before optimization...
2025-08-08 21:40:52,523 - INFO - ✅ Server is available (status: completed)
2025-08-08 21:40:52,524 - INFO - 📝 Marked server as used at 1754689252.5240653
2025-08-08 21:40:52,524 - INFO - ✅ Server is available and marked as used
2025-08-08 21:40:52,524 - INFO - 🔄 Reproducibility optimization returned no result
2025-08-08 21:40:52,524 - INFO -       🔧 Overriding endpoint: generate/baolei/
2025-08-08 21:40:52,524 - INFO -       🔧 Using endpoint: generate/baolei/
2025-08-08 21:40:52,527 - INFO - 
🔄 RL LOOP OPTIMIZATION: 'small wooden spoon with curved handle and round bowl white shiny smooth long and thin'
2025-08-08 21:40:52,527 - INFO -    Session: rl_session_1754689252_7808
2025-08-08 21:40:52,527 - INFO -    Max rounds: 17
2025-08-08 21:40:52,527 - INFO -    Min rounds before convergence: 5
2025-08-08 21:40:52,527 - INFO -    Target score: 0.99
2025-08-08 21:40:52,527 - INFO - 
   🔄 RL Round 1/17
2025-08-08 21:40:52,528 - INFO -       🎯 Strategy: aggressive_transformation (explore)
2025-08-08 21:40:56,372 - INFO - [TRELLIS] GPU cache cleared: {'status': 'cache_cleared', 'available_memory_gb': 20.629684224}
2025-08-08 21:40:56,372 - INFO -       🔍 Validating...
2025-08-08 21:40:56,372 - INFO -       📝 Using optimized prompt for generation: 'small wooden spoon with curved handle and round bowl made from sustainably sourced beechwood with a subtle sheen and gentle texture, front view, accurate, complete, white background...'
2025-08-08 21:40:56,373 - INFO -       🎯 Computing scores against original prompt: 'small wooden spoon with curved handle and round bowl white shiny smooth long and thin...'
2025-08-08 21:41:53,639 - INFO -       📊 Validation score: 0.7162
2025-08-08 21:41:53,640 - INFO -       🎯 New best score: 0.7162
2025-08-08 21:41:53,641 - INFO - 
   🔄 RL Round 2/17
2025-08-08 21:41:53,642 - INFO -       🎯 Strategy: technical_precision (explore)
2025-08-08 21:41:56,966 - INFO - [TRELLIS] GPU cache cleared: {'status': 'cache_cleared', 'available_memory_gb': 20.629684224}
2025-08-08 21:41:56,967 - INFO -       🔍 Validating...
2025-08-08 21:41:56,967 - INFO -       📝 Using optimized prompt for generation: 'a small wooden spoon with curved handle and round bowl made from sustainably sourced birchwood and featuring an intricately carved wooden ferrule, front view, accurate, complete, white background...'
2025-08-08 21:41:56,967 - INFO -       🎯 Computing scores against original prompt: 'small wooden spoon with curved handle and round bowl white shiny smooth long and thin...'
2025-08-08 21:42:54,650 - INFO -       📊 Validation score: 0.8521
2025-08-08 21:42:54,650 - INFO -       🎯 New best score: 0.8521
2025-08-08 21:42:54,651 - INFO -       📈 Improvement detected: technical_precision working better
2025-08-08 21:42:54,651 - INFO - 
   🔄 RL Round 3/17
2025-08-08 21:42:54,651 - INFO -       🎯 Strategy: contextual_scene_building (explore)
2025-08-08 21:42:58,620 - INFO - [TRELLIS] GPU cache cleared: {'status': 'cache_cleared', 'available_memory_gb': 20.629684224}
2025-08-08 21:42:58,621 - INFO -       🔍 Validating...
2025-08-08 21:42:58,621 - INFO -       📝 Using optimized prompt for generation: 'a small wooden spoon with curved handle and round bowl made from sustainably sourced birchwood with a subtle, ergonomic curve...'
2025-08-08 21:42:58,621 - INFO -       🎯 Computing scores against original prompt: 'small wooden spoon with curved handle and round bowl white shiny smooth long and thin...'
2025-08-08 21:43:56,481 - INFO -       📊 Validation score: 0.7228
2025-08-08 21:43:56,482 - INFO -       📉 Score declined: Consider different approach
2025-08-08 21:43:56,482 - INFO - 
   🔄 RL Round 4/17
2025-08-08 21:43:56,482 - INFO -       🎯 Strategy: minimalist_refinement (exploit)
2025-08-08 21:43:59,454 - INFO - [TRELLIS] GPU cache cleared: {'status': 'cache_cleared', 'available_memory_gb': 20.629684224}
2025-08-08 21:43:59,455 - INFO -       🔍 Validating...
2025-08-08 21:43:59,455 - INFO -       📝 Using optimized prompt for generation: 'a small wooden spoon with a smooth, rounded handle and a bowl made from sustainably sourced birchwood with a subtle curve, front view, accurate, complete, white background...'
2025-08-08 21:43:59,455 - INFO -       🎯 Computing scores against original prompt: 'small wooden spoon with curved handle and round bowl white shiny smooth long and thin...'
2025-08-08 21:44:54,937 - INFO -       📊 Validation score: 0.7301
2025-08-08 21:44:54,938 - INFO -       📈 Improvement detected: minimalist_refinement working better
2025-08-08 21:44:54,938 - INFO - 
   🔄 RL Round 5/17
2025-08-08 21:44:54,938 - INFO -       🎯 Strategy: artistic_elaboration (exploit)
2025-08-08 21:44:58,025 - INFO - [TRELLIS] GPU cache cleared: {'status': 'cache_cleared', 'available_memory_gb': 20.629684224}
2025-08-08 21:44:58,025 - INFO -       🔍 Validating...
2025-08-08 21:44:58,025 - INFO -       📝 Using optimized prompt for generation: 'a small wooden spoon with curved handle and round bowl made from sustainably sourced birchwood with smooth edges and fine texture, front view, accurate, complete, white background...'
2025-08-08 21:44:58,025 - INFO -       🎯 Computing scores against original prompt: 'small wooden spoon with curved handle and round bowl white shiny smooth long and thin...'
2025-08-08 21:45:53,064 - INFO -       📊 Validation score: 0.7372
2025-08-08 21:45:53,065 - INFO -       ✅ Convergence achieved: Convergence threshold met (improvement: 0.007)
2025-08-08 21:45:53,081 - INFO - 
🎯 RL LOOP COMPLETE:
2025-08-08 21:45:53,081 - INFO -    Best prompt: a small wooden spoon with curved handle and round bowl made from sustainably sourced birchwood and featuring an intricately carved wooden ferrule, front view, accurate, complete, white background
2025-08-08 21:45:53,081 - INFO -    Best score: 0.8521
2025-08-08 21:45:53,081 - INFO -    Rounds: 5
2025-08-08 21:45:53,081 - INFO -    Convergence: True
2025-08-08 21:45:53,081 - INFO -    Convergence reason: Convergence threshold met (improvement: 0.007)
2025-08-08 21:45:53,082 - INFO -    Exploration ratio: 60.0%
2025-08-08 21:45:53,082 - INFO -    Insights learned: 3
2025-08-08 21:45:53,082 - INFO -    Total time: 300.54s
2025-08-08 21:45:53,082 - INFO - Prompt optimized in 5 rounds: 0.716 → 0.852 (+0.136)
2025-08-08 21:45:53,082 - INFO - ✅ Target score achieved!
2025-08-08 21:45:53,082 - INFO - 
--- Episode 1, Prompt 22 (Total: 63) ---
2025-08-08 21:45:53,082 - INFO - Optimizing: 'blue mermaid with scales made'
2025-08-08 21:45:53,082 - INFO - 🔍 Checking server availability before optimization...
2025-08-08 21:45:53,089 - INFO - ✅ Server is available (status: completed)
2025-08-08 21:45:53,090 - INFO - 📝 Marked server as used at 1754689553.0900679
2025-08-08 21:45:53,090 - INFO - ✅ Server is available and marked as used
2025-08-08 21:45:53,090 - INFO - 🔄 Reproducibility optimization returned no result
2025-08-08 21:45:53,090 - INFO -       🔧 Overriding endpoint: generate/baolei/
2025-08-08 21:45:53,090 - INFO -       🔧 Using endpoint: generate/baolei/
2025-08-08 21:45:53,093 - INFO - 
🔄 RL LOOP OPTIMIZATION: 'blue mermaid with scales made'
2025-08-08 21:45:53,093 - INFO -    Session: rl_session_1754689553_4302
2025-08-08 21:45:53,093 - INFO -    Max rounds: 17
2025-08-08 21:45:53,093 - INFO -    Min rounds before convergence: 5
2025-08-08 21:45:53,093 - INFO -    Target score: 0.99
2025-08-08 21:45:53,093 - INFO - 
   🔄 RL Round 1/17
2025-08-08 21:45:53,093 - INFO -       🎯 Strategy: minimalist_refinement (exploit)
2025-08-08 21:45:56,783 - INFO - [TRELLIS] GPU cache cleared: {'status': 'cache_cleared', 'available_memory_gb': 20.629684224}
2025-08-08 21:45:56,783 - INFO -       🔍 Validating...
2025-08-08 21:45:56,783 - INFO -       📝 Using optimized prompt for generation: 'blue mermaid with iridescent scales and flowing locks of oceanic hair, front view, accurate, complete, white background...'
2025-08-08 21:45:56,784 - INFO -       🎯 Computing scores against original prompt: 'blue mermaid with scales made...'
2025-08-08 21:46:53,297 - INFO -       📊 Validation score: 0.8512
2025-08-08 21:46:53,297 - INFO -       🎯 New best score: 0.8512
2025-08-08 21:46:53,297 - INFO - 
   🔄 RL Round 2/17
2025-08-08 21:46:53,298 - INFO -       🎯 Strategy: artistic_elaboration (explore)
2025-08-08 21:46:56,704 - INFO - [TRELLIS] GPU cache cleared: {'status': 'cache_cleared', 'available_memory_gb': 20.629684224}
2025-08-08 21:46:56,704 - INFO -       🔍 Validating...
2025-08-08 21:46:56,704 - INFO -       📝 Using optimized prompt for generation: 'blue mermaid with iridescent scales and flowing locks of oceanic hair, side view, accurate, complete, front view, accurate, complete, white background...'
2025-08-08 21:46:56,704 - INFO -       🎯 Computing scores against original prompt: 'blue mermaid with scales made...'
2025-08-08 21:47:53,014 - INFO -       📊 Validation score: 0.9190
2025-08-08 21:47:53,015 - INFO -       🎯 New best score: 0.9190
2025-08-08 21:47:53,016 - INFO -       📈 Improvement detected: artistic_elaboration working better
2025-08-08 21:47:53,016 - INFO - 
   🔄 RL Round 3/17
2025-08-08 21:47:53,016 - INFO -       🎯 Strategy: minimalist_refinement (exploit)
2025-08-08 21:47:56,882 - INFO - [TRELLIS] GPU cache cleared: {'status': 'cache_cleared', 'available_memory_gb': 20.629684224}
2025-08-08 21:47:56,882 - INFO -       🔍 Validating...
2025-08-08 21:47:56,883 - INFO -       📝 Using optimized prompt for generation: 'blue mermaid with iridescent scales that shimmer in hues of turquoise and aquamarine, flowing locks of oceanic hair, accurate, complete...'
2025-08-08 21:47:56,883 - INFO -       🎯 Computing scores against original prompt: 'blue mermaid with scales made...'
2025-08-08 21:48:56,451 - INFO -       📊 Validation score: 0.9150
2025-08-08 21:48:56,451 - INFO -       📉 Score declined: Consider different approach
2025-08-08 21:48:56,452 - INFO - 
   🔄 RL Round 4/17
2025-08-08 21:48:56,452 - INFO -       🎯 Strategy: artistic_elaboration (explore)
2025-08-08 21:49:00,544 - INFO - [TRELLIS] GPU cache cleared: {'status': 'cache_cleared', 'available_memory_gb': 20.629684224}
2025-08-08 21:49:00,544 - INFO -       🔍 Validating...
2025-08-08 21:49:00,544 - INFO -       📝 Using optimized prompt for generation: 'blue mermaid with iridescent scales that shimmer in hues of turquoise and aquamarine, flowing locks of oceanic hair, mid-view, accurate, complete, front view, accurate, complete, white background...'
2025-08-08 21:49:00,544 - INFO -       🎯 Computing scores against original prompt: 'blue mermaid with scales made...'
2025-08-08 21:49:58,364 - INFO -       📊 Validation score: 0.8716
2025-08-08 21:49:58,365 - INFO -       📉 Score declined: Consider different approach
2025-08-08 21:49:58,365 - INFO - 
   🔄 RL Round 5/17
2025-08-08 21:49:58,366 - INFO -       🎯 Strategy: hybrid_approach (explore)
2025-08-08 21:50:02,435 - INFO - [TRELLIS] GPU cache cleared: {'status': 'cache_cleared', 'available_memory_gb': 20.629684224}
2025-08-08 21:50:02,436 - INFO -       🔍 Validating...
2025-08-08 21:50:02,436 - INFO -       📝 Using optimized prompt for generation: 'blue mermaid with iridescent scales that shimmer in hues of sapphire and amethyst, flowing locks of oceanic hair, front view...'
2025-08-08 21:50:02,436 - INFO -       🎯 Computing scores against original prompt: 'blue mermaid with scales made...'
2025-08-08 21:51:08,812 - INFO -       📊 Validation score: 0.8424
2025-08-08 21:51:08,812 - INFO -       📉 Score declined: Consider different approach
2025-08-08 21:51:08,812 - INFO - 
   🔄 RL Round 6/17
2025-08-08 21:51:08,813 - INFO -       🎯 Strategy: hybrid_approach (explore)
2025-08-08 21:51:12,957 - INFO - [TRELLIS] GPU cache cleared: {'status': 'cache_cleared', 'available_memory_gb': 20.629684224}
2025-08-08 21:51:12,957 - INFO -       🔍 Validating...
2025-08-08 21:51:12,957 - INFO -       📝 Using optimized prompt for generation: 'blue mermaid with iridescent scales that shimmer in hues of turquoise and aquamarine, delicate locks that resemble oceanic seaweed, front view, accurate, complete, white background...'
2025-08-08 21:51:12,958 - INFO -       🎯 Computing scores against original prompt: 'blue mermaid with scales made...'
2025-08-08 21:52:12,433 - INFO -       📊 Validation score: 0.9178
2025-08-08 21:52:12,433 - INFO -       📈 Improvement detected: hybrid_approach working better
2025-08-08 21:52:12,433 - INFO - 
   🔄 RL Round 7/17
2025-08-08 21:52:12,433 - INFO -       🎯 Strategy: minimalist_refinement (exploit)
2025-08-08 21:52:15,972 - INFO - [TRELLIS] GPU cache cleared: {'status': 'cache_cleared', 'available_memory_gb': 20.629684224}
2025-08-08 21:52:15,972 - INFO -       🔍 Validating...
2025-08-08 21:52:15,972 - INFO -       📝 Using optimized prompt for generation: 'blue mermaid with iridescent scales that shimmer in hues of sapphire and amethyst, delicate locks and flowing fins, front view, accurate, complete, white background...'
2025-08-08 21:52:15,972 - INFO -       🎯 Computing scores against original prompt: 'blue mermaid with scales made...'
2025-08-08 21:53:14,858 - INFO -       📊 Validation score: 0.8938
2025-08-08 21:53:14,859 - INFO -       📉 Score declined: Consider different approach
2025-08-08 21:53:14,859 - INFO - 
   🔄 RL Round 8/17
2025-08-08 21:53:14,859 - INFO -       🎯 Strategy: contextual_scene_building (explore)
2025-08-08 21:53:18,901 - INFO - [TRELLIS] GPU cache cleared: {'status': 'cache_cleared', 'available_memory_gb': 20.629684224}
2025-08-08 21:53:18,901 - INFO -       🔍 Validating...
2025-08-08 21:53:18,901 - INFO -       📝 Using optimized prompt for generation: 'blue mermaid with iridescent scales shimmering in hues of turquoise and aquamarine, delicate locks flowing behind her in gentle waves, front view, accurate, complete, white background...'
2025-08-08 21:53:18,902 - INFO -       🎯 Computing scores against original prompt: 'blue mermaid with scales made...'
2025-08-08 21:54:17,620 - INFO -       📊 Validation score: 0.8708
2025-08-08 21:54:17,621 - INFO -       📉 Score declined: Consider different approach
2025-08-08 21:54:17,621 - INFO - 
   🔄 RL Round 9/17
2025-08-08 21:54:17,621 - INFO -       🔍 Explore performing better - increasing epsilon to 0.68
2025-08-08 21:54:17,622 - INFO -       🎯 Strategy: contextual_scene_building (explore)
2025-08-08 21:54:20,937 - INFO - [TRELLIS] GPU cache cleared: {'status': 'cache_cleared', 'available_memory_gb': 20.629684224}
2025-08-08 21:54:20,938 - INFO -       🔍 Validating...
2025-08-08 21:54:20,938 - INFO -       📝 Using optimized prompt for generation: 'blue mermaid with iridescent scales that shimmer in hues of sapphire and amethyst, delicate locks adorned with intricate shell jewelry, resting on a soft sandy ocean floor amidst gentle sea fans and coral formations, front view, accurate, complete, white background...'
2025-08-08 21:54:20,938 - INFO -       🎯 Computing scores against original prompt: 'blue mermaid with scales made...'
2025-08-08 21:55:23,394 - INFO -       📊 Validation score: 0.8421
2025-08-08 21:55:23,395 - INFO -       📉 Score declined: Consider different approach
2025-08-08 21:55:23,395 - INFO - 
   🔄 RL Round 10/17
2025-08-08 21:55:23,396 - INFO -       🎯 Strategy: hybrid_approach (explore)
2025-08-08 21:55:27,340 - INFO - [TRELLIS] GPU cache cleared: {'status': 'cache_cleared', 'available_memory_gb': 20.629684224}
2025-08-08 21:55:27,340 - INFO -       🔍 Validating...
2025-08-08 21:55:27,340 - INFO -       📝 Using optimized prompt for generation: 'blue mermaid with iridescent scales that shimmer in hues of sapphire and amethyst, delicate locks adorned with oceanic flowers and subtle sea anemone patterns, front view, accurate, complete, white background...'
2025-08-08 21:55:27,340 - INFO -       🎯 Computing scores against original prompt: 'blue mermaid with scales made...'
2025-08-08 21:56:26,267 - INFO -       📊 Validation score: 0.8770
2025-08-08 21:56:26,269 - INFO -       📈 Improvement detected: hybrid_approach working better
2025-08-08 21:56:26,269 - INFO - 
   🔄 RL Round 11/17
2025-08-08 21:56:26,269 - INFO -       🎯 Strategy: contextual_scene_building (explore)
2025-08-08 21:56:30,455 - INFO - [TRELLIS] GPU cache cleared: {'status': 'cache_cleared', 'available_memory_gb': 20.629684224}
2025-08-08 21:56:30,456 - INFO -       🔍 Validating...
2025-08-08 21:56:30,456 - INFO -       📝 Using optimized prompt for generation: 'blue mermaid with iridescent scales that shimmer in hues of turquoise, aquamarine, and sapphire, flowing locks adorned with delicate sea anemones, serene waves gently lapping at her feet, front view, accurate, complete, white background...'
2025-08-08 21:56:30,456 - INFO -       🎯 Computing scores against original prompt: 'blue mermaid with scales made...'
2025-08-08 21:57:30,460 - INFO -       📊 Validation score: 0.8888
2025-08-08 21:57:30,461 - INFO -       📈 Improvement detected: contextual_scene_building working better
2025-08-08 21:57:30,461 - INFO - 
   🔄 RL Round 12/17
2025-08-08 21:57:30,461 - INFO -       🔍 Explore performing better - increasing epsilon to 0.73
2025-08-08 21:57:30,461 - INFO -       🎯 Strategy: hybrid_approach (explore)
2025-08-08 21:57:34,250 - INFO - [TRELLIS] GPU cache cleared: {'status': 'cache_cleared', 'available_memory_gb': 20.629684224}
2025-08-08 21:57:34,250 - INFO -       🔍 Validating...
2025-08-08 21:57:34,250 - INFO -       📝 Using optimized prompt for generation: 'blue mermaid with iridescent scales that shimmer in hues of turquoise and aquamarine, delicate locks adorned with seaweed-like strands and intricate seashell accents, front view, accurate, complete, white background...'
2025-08-08 21:57:34,250 - INFO -       🎯 Computing scores against original prompt: 'blue mermaid with scales made...'
2025-08-08 21:58:32,679 - INFO -       📊 Validation score: 0.7925
2025-08-08 21:58:32,680 - INFO -       📉 Score declined: Consider different approach
2025-08-08 21:58:32,680 - INFO - 
   🔄 RL Round 13/17
2025-08-08 21:58:32,680 - INFO -       🎯 Strategy: hybrid_approach (explore)
2025-08-08 21:58:36,524 - INFO - [TRELLIS] GPU cache cleared: {'status': 'cache_cleared', 'available_memory_gb': 20.629684224}
2025-08-08 21:58:36,524 - INFO -       🔍 Validating...
2025-08-08 21:58:36,524 - INFO -       📝 Using optimized prompt for generation: 'blue mermaid with iridescent scales shimmering in hues of turquoise and aquamarine, delicate locks adorned with oceanic garnishes, front view, accurate, complete, white background...'
2025-08-08 21:58:36,524 - INFO -       🎯 Computing scores against original prompt: 'blue mermaid with scales made...'
2025-08-08 21:59:35,110 - INFO -       📊 Validation score: 0.8778
2025-08-08 21:59:35,111 - INFO -       📈 Improvement detected: hybrid_approach working better
2025-08-08 21:59:35,111 - INFO - 
   🔄 RL Round 14/17
2025-08-08 21:59:35,111 - INFO -       🎯 Strategy: aggressive_transformation (explore)
2025-08-08 21:59:39,703 - INFO - [TRELLIS] GPU cache cleared: {'status': 'cache_cleared', 'available_memory_gb': 20.629684224}
2025-08-08 21:59:39,704 - INFO -       🔍 Validating...
2025-08-08 21:59:39,704 - INFO -       📝 Using optimized prompt for generation: 'blue mermaid with iridescent scales that shimmer in hues of turquoise, aquamarine, and sapphire, delicate locks adorned with subtle oceanic undertones, flowing hair that catches the gentle ripples on her back as she swims through an underwater kingdom filled with vibrant sea fans and schools of glittering fish....'
2025-08-08 21:59:39,704 - INFO -       🎯 Computing scores against original prompt: 'blue mermaid with scales made...'
2025-08-08 22:00:39,116 - INFO -       📊 Validation score: 0.8587
2025-08-08 22:00:39,117 - INFO -       📉 Score declined: Consider different approach
2025-08-08 22:00:39,117 - INFO - 
   🔄 RL Round 15/17
2025-08-08 22:00:39,117 - INFO -       🎯 Strategy: artistic_elaboration (explore)
2025-08-08 22:00:42,740 - INFO - [TRELLIS] GPU cache cleared: {'status': 'cache_cleared', 'available_memory_gb': 20.629684224}
2025-08-08 22:00:42,740 - INFO -       🔍 Validating...
2025-08-08 22:00:42,740 - INFO -       📝 Using optimized prompt for generation: 'blue mermaid with iridescent scales shimmering in hues of turquoise, aquamarine, and sapphire, delicate locks adorned with oceanic seaweed and sea-glass accents, front view, accurate, complete, white background...'
2025-08-08 22:00:42,740 - INFO -       🎯 Computing scores against original prompt: 'blue mermaid with scales made...'
2025-08-08 22:01:41,665 - INFO -       📊 Validation score: 0.8934
2025-08-08 22:01:41,666 - INFO -       📈 Improvement detected: artistic_elaboration working better
2025-08-08 22:01:41,666 - INFO - 
   🔄 RL Round 16/17
2025-08-08 22:01:41,666 - INFO -       🎯 Strategy: artistic_elaboration (explore)
2025-08-08 22:01:45,401 - INFO - [TRELLIS] GPU cache cleared: {'status': 'cache_cleared', 'available_memory_gb': 20.629684224}
2025-08-08 22:01:45,401 - INFO -       🔍 Validating...
2025-08-08 22:01:45,401 - INFO -       📝 Using optimized prompt for generation: 'blue mermaid with iridescent scales that shimmer in hues of turquoise and aquamarine, delicate locks adorned with oceanic flowers, flowing tail, and a pearl-encrusted shell necklace, front view, accurate, complete, white background...'
2025-08-08 22:01:45,402 - INFO -       🎯 Computing scores against original prompt: 'blue mermaid with scales made...'
2025-08-08 22:02:43,788 - INFO -       📊 Validation score: 0.9221
2025-08-08 22:02:43,788 - INFO -       🎯 New best score: 0.9221
2025-08-08 22:02:43,788 - INFO -       📈 Improvement detected: artistic_elaboration working better
2025-08-08 22:02:43,788 - INFO - 
   🔄 RL Round 17/17
2025-08-08 22:02:43,789 - INFO -       🎯 Strategy: artistic_elaboration (exploit)
2025-08-08 22:02:47,626 - INFO - [TRELLIS] GPU cache cleared: {'status': 'cache_cleared', 'available_memory_gb': 20.629684224}
2025-08-08 22:02:47,626 - INFO -       🔍 Validating...
2025-08-08 22:02:47,626 - INFO -       📝 Using optimized prompt for generation: 'a delicate blue mermaid with iridescent shimmering scales that refract light, flowing locks of oceanic hair, and a subtle sparkle around her eyes, front view, accurate, complete, white background...'
2025-08-08 22:02:47,626 - INFO -       🎯 Computing scores against original prompt: 'blue mermaid with scales made...'
2025-08-08 22:03:44,656 - INFO -       📊 Validation score: 0.9231
2025-08-08 22:03:44,657 - INFO -       🎯 New best score: 0.9231
2025-08-08 22:03:44,657 - INFO -       ✅ Convergence achieved: Convergence threshold met (improvement: 0.001)
2025-08-08 22:03:44,672 - INFO - 
🎯 RL LOOP COMPLETE:
2025-08-08 22:03:44,672 - INFO -    Best prompt: a delicate blue mermaid with iridescent shimmering scales that refract light, flowing locks of oceanic hair, and a subtle sparkle around her eyes, front view, accurate, complete, white background
2025-08-08 22:03:44,672 - INFO -    Best score: 0.9231
2025-08-08 22:03:44,672 - INFO -    Rounds: 17
2025-08-08 22:03:44,672 - INFO -    Convergence: True
2025-08-08 22:03:44,672 - INFO -    Convergence reason: Convergence threshold met (improvement: 0.001)
2025-08-08 22:03:44,672 - INFO -    Exploration ratio: 76.5%
2025-08-08 22:03:44,672 - INFO -    Insights learned: 3
2025-08-08 22:03:44,672 - INFO -    Total time: 1071.56s
2025-08-08 22:03:44,673 - INFO - Prompt optimized in 17 rounds: 0.851 → 0.923 (+0.072)
2025-08-08 22:03:44,673 - INFO - ✅ Target score achieved!
2025-08-08 22:03:44,673 - INFO - 
--- Episode 1, Prompt 23 (Total: 63) ---
2025-08-08 22:03:44,673 - INFO - Optimizing: 'antique ivory curved harp strings'
2025-08-08 22:03:44,673 - INFO - 🔍 Checking server availability before optimization...
2025-08-08 22:03:44,682 - INFO - ✅ Server is available (status: completed)
2025-08-08 22:03:44,682 - INFO - 📝 Marked server as used at 1754690624.682306
2025-08-08 22:03:44,682 - INFO - ✅ Server is available and marked as used
2025-08-08 22:03:44,682 - INFO - 🔄 Reproducibility optimization returned no result
2025-08-08 22:03:44,682 - INFO -       🔧 Overriding endpoint: generate/baolei/
2025-08-08 22:03:44,682 - INFO -       🔧 Using endpoint: generate/baolei/
2025-08-08 22:03:44,685 - INFO - 
🔄 RL LOOP OPTIMIZATION: 'antique ivory curved harp strings'
2025-08-08 22:03:44,685 - INFO -    Session: rl_session_1754690624_6874
2025-08-08 22:03:44,685 - INFO -    Max rounds: 17
2025-08-08 22:03:44,685 - INFO -    Min rounds before convergence: 5
2025-08-08 22:03:44,685 - INFO -    Target score: 0.99
2025-08-08 22:03:44,685 - INFO - 
   🔄 RL Round 1/17
2025-08-08 22:03:44,686 - INFO -       🎯 Strategy: contextual_scene_building (explore)
2025-08-08 22:03:48,636 - INFO - [TRELLIS] GPU cache cleared: {'status': 'cache_cleared', 'available_memory_gb': 20.629684224}
2025-08-08 22:03:48,636 - INFO -       🔍 Validating...
2025-08-08 22:03:48,636 - INFO -       📝 Using optimized prompt for generation: 'antique ivory curved harp strings with intricate engravings and a soft, golden patina, front view, accurate, complete, white background...'
2025-08-08 22:03:48,636 - INFO -       🎯 Computing scores against original prompt: 'antique ivory curved harp strings...'
2025-08-08 22:04:44,194 - INFO -       📊 Validation score: 0.8436
2025-08-08 22:04:44,194 - INFO -       🎯 New best score: 0.8436
2025-08-08 22:04:44,194 - INFO - 
   🔄 RL Round 2/17
2025-08-08 22:04:44,195 - INFO -       🎯 Strategy: minimalist_refinement (explore)
2025-08-08 22:04:48,058 - INFO - [TRELLIS] GPU cache cleared: {'status': 'cache_cleared', 'available_memory_gb': 20.629684224}
2025-08-08 22:04:48,059 - INFO -       🔍 Validating...
2025-08-08 22:04:48,059 - INFO -       📝 Using optimized prompt for generation: 'antique ivory curved harp strings with delicate, swirling patterns and subtle wear on the wooden tips, close-up view, front view, accurate, complete, white background...'
2025-08-08 22:04:48,059 - INFO -       🎯 Computing scores against original prompt: 'antique ivory curved harp strings...'
2025-08-08 22:05:46,748 - WARNING -    🔧 Score 0.0 - clearing CUDA cache
2025-08-08 22:05:46,749 - INFO -       📊 Validation score: 0.0000
2025-08-08 22:05:46,749 - INFO - 
   🔄 RL Round 3/17
2025-08-08 22:05:46,749 - INFO -       🎯 Strategy: minimalist_refinement (explore)
2025-08-08 22:05:50,025 - INFO - [TRELLIS] GPU cache cleared: {'status': 'cache_cleared', 'available_memory_gb': 20.629684224}
2025-08-08 22:05:50,026 - INFO -       🔍 Validating...
2025-08-08 22:05:50,026 - INFO -       📝 Using optimized prompt for generation: 'antique ivory curved harp strings with delicate, swirling patterns of silver and gold, worn at the joints, and a subtle patina that hints at centuries of history, front view, accurate, complete, white background...'
2025-08-08 22:05:50,026 - INFO -       🎯 Computing scores against original prompt: 'antique ivory curved harp strings...'
2025-08-08 22:06:47,233 - INFO -       📊 Validation score: 0.8848
2025-08-08 22:06:47,233 - INFO -       🎯 New best score: 0.8848
2025-08-08 22:06:47,233 - INFO - 
   🔄 RL Round 4/17
2025-08-08 22:06:47,234 - INFO -       🎯 Strategy: minimalist_refinement (explore)
2025-08-08 22:06:50,891 - INFO - [TRELLIS] GPU cache cleared: {'status': 'cache_cleared', 'available_memory_gb': 20.629684224}
2025-08-08 22:06:50,892 - INFO -       🔍 Validating...
2025-08-08 22:06:50,892 - INFO -       📝 Using optimized prompt for generation: 'antique ivory curved harp strings with delicate, golden filigree patterns and subtle wear on the surface, front view, accurate, complete, white background...'
2025-08-08 22:06:50,892 - INFO -       🎯 Computing scores against original prompt: 'antique ivory curved harp strings...'
2025-08-08 22:07:48,528 - WARNING -    🔧 Score 0.0 - clearing CUDA cache
2025-08-08 22:07:48,528 - INFO -       📊 Validation score: 0.0000
2025-08-08 22:07:48,529 - INFO - 
   🔄 RL Round 5/17
2025-08-08 22:07:48,529 - INFO -       🎯 Strategy: aggressive_transformation (explore)
2025-08-08 22:07:51,679 - INFO - [TRELLIS] GPU cache cleared: {'status': 'cache_cleared', 'available_memory_gb': 20.629684224}
2025-08-08 22:07:51,680 - INFO -       🔍 Validating...
2025-08-08 22:07:51,680 - INFO -       📝 Using optimized prompt for generation: 'antique ivory curved harp strings with delicate, swirling patterns of silver and gold, worn at the joints and featuring a soft, matte finish with a hint of warm undertones, front view, accurate, complete, white background...'
2025-08-08 22:07:51,680 - INFO -       🎯 Computing scores against original prompt: 'antique ivory curved harp strings...'
2025-08-08 22:08:48,144 - INFO -       📊 Validation score: 0.8370
2025-08-08 22:08:48,145 - INFO - 
   🔄 RL Round 6/17
2025-08-08 22:08:48,145 - INFO -       🎯 Strategy: contextual_scene_building (explore)
2025-08-08 22:08:51,529 - INFO - [TRELLIS] GPU cache cleared: {'status': 'cache_cleared', 'available_memory_gb': 20.629684224}
2025-08-08 22:08:51,529 - INFO -       🔍 Validating...
2025-08-08 22:08:51,529 - INFO -       📝 Using optimized prompt for generation: 'antique ivory curved harp strings with delicate, swirling patterns of silver and gold, worn at the joints, and a soft, golden patina, front view, accurate, complete, white background...'
2025-08-08 22:08:51,529 - INFO -       🎯 Computing scores against original prompt: 'antique ivory curved harp strings...'
2025-08-08 22:09:48,526 - INFO -       📊 Validation score: 0.8972
2025-08-08 22:09:48,527 - INFO -       🎯 New best score: 0.8972
2025-08-08 22:09:48,527 - INFO -       📈 Improvement detected: contextual_scene_building working better
2025-08-08 22:09:48,527 - INFO - 
   🔄 RL Round 7/17
2025-08-08 22:09:48,527 - INFO -       🎯 Strategy: artistic_elaboration (exploit)
2025-08-08 22:09:51,648 - INFO - [TRELLIS] GPU cache cleared: {'status': 'cache_cleared', 'available_memory_gb': 20.629684224}
2025-08-08 22:09:51,648 - INFO -       🔍 Validating...
2025-08-08 22:09:51,648 - INFO -       📝 Using optimized prompt for generation: 'antique ivory curved harp strings with delicate, swirling patterns of silver and gold, worn at the joint where the curvature meets the neck, and subtle scratches on the surface hinting at a rich history of use, front view, accurate, complete, white background...'
2025-08-08 22:09:51,648 - INFO -       🎯 Computing scores against original prompt: 'antique ivory curved harp strings...'
2025-08-08 22:10:48,615 - INFO -       📊 Validation score: 0.9068
2025-08-08 22:10:48,616 - INFO -       🎯 New best score: 0.9068
2025-08-08 22:10:48,616 - INFO -       ✅ Convergence achieved: Convergence threshold met (improvement: 0.010)
2025-08-08 22:10:48,635 - INFO - 
🎯 RL LOOP COMPLETE:
2025-08-08 22:10:48,635 - INFO -    Best prompt: antique ivory curved harp strings with delicate, swirling patterns of silver and gold, worn at the joint where the curvature meets the neck, and subtle scratches on the surface hinting at a rich history of use, front view, accurate, complete, white background
2025-08-08 22:10:48,635 - INFO -    Best score: 0.9068
2025-08-08 22:10:48,635 - INFO -    Rounds: 7
2025-08-08 22:10:48,635 - INFO -    Convergence: True
2025-08-08 22:10:48,635 - INFO -    Convergence reason: Convergence threshold met (improvement: 0.010)
2025-08-08 22:10:48,635 - INFO -    Exploration ratio: 85.7%
2025-08-08 22:10:48,635 - INFO -    Insights learned: 3
2025-08-08 22:10:48,635 - INFO -    Total time: 423.93s
2025-08-08 22:10:48,636 - INFO - Prompt optimized in 7 rounds: 0.844 → 0.907 (+0.063)
2025-08-08 22:10:48,636 - INFO - ✅ Target score achieved!
2025-08-08 22:10:48,637 - INFO - 
--- Episode 1, Prompt 24 (Total: 63) ---
2025-08-08 22:10:48,637 - INFO - Optimizing: 'matte gray military military dagger'
2025-08-08 22:10:48,637 - INFO - 🔍 Checking server availability before optimization...
2025-08-08 22:10:48,653 - INFO - ✅ Server is available (status: completed)
2025-08-08 22:10:48,653 - INFO - 📝 Marked server as used at 1754691048.6536574
2025-08-08 22:10:48,653 - INFO - ✅ Server is available and marked as used
2025-08-08 22:10:48,653 - INFO - 🔄 Reproducibility optimization returned no result
2025-08-08 22:10:48,654 - INFO -       🔧 Overriding endpoint: generate/baolei/
2025-08-08 22:10:48,654 - INFO -       🔧 Using endpoint: generate/baolei/
2025-08-08 22:10:48,656 - INFO - 
🔄 RL LOOP OPTIMIZATION: 'matte gray military military dagger'
2025-08-08 22:10:48,657 - INFO -    Session: rl_session_1754691048_2386
2025-08-08 22:10:48,657 - INFO -    Max rounds: 17
2025-08-08 22:10:48,657 - INFO -    Min rounds before convergence: 5
2025-08-08 22:10:48,657 - INFO -    Target score: 0.99
2025-08-08 22:10:48,657 - INFO - 
   🔄 RL Round 1/17
2025-08-08 22:10:48,657 - INFO -       🎯 Strategy: artistic_elaboration (explore)
2025-08-08 22:10:52,673 - INFO - [TRELLIS] GPU cache cleared: {'status': 'cache_cleared', 'available_memory_gb': 20.629684224}
2025-08-08 22:10:52,673 - INFO -       🔍 Validating...
2025-08-08 22:10:52,673 - INFO -       📝 Using optimized prompt for generation: 'matte gray military military dagger with intricate engravings on the blade and a worn leather scabbard, front view, accurate, complete, white background...'
2025-08-08 22:10:52,673 - INFO -       🎯 Computing scores against original prompt: 'matte gray military military dagger...'
2025-08-08 22:11:49,460 - INFO -       📊 Validation score: 0.9072
2025-08-08 22:11:49,460 - INFO -       🎯 New best score: 0.9072
2025-08-08 22:11:49,461 - INFO - 
   🔄 RL Round 2/17
2025-08-08 22:11:49,461 - INFO -       🎯 Strategy: artistic_elaboration (exploit)
2025-08-08 22:11:53,247 - INFO - [TRELLIS] GPU cache cleared: {'status': 'cache_cleared', 'available_memory_gb': 20.629684224}
2025-08-08 22:11:53,247 - INFO -       🔍 Validating...
2025-08-08 22:11:53,247 - INFO -       📝 Using optimized prompt for generation: 'matte gray military military dagger with expertly crafted engravings on the blade, worn leather scabbard, and subtle metalwork details along the handle, front view, accurate, complete, white background...'
2025-08-08 22:11:53,247 - INFO -       🎯 Computing scores against original prompt: 'matte gray military military dagger...'
2025-08-08 22:12:49,375 - INFO -       📊 Validation score: 0.6896
2025-08-08 22:12:49,376 - INFO -       📉 Score declined: Consider different approach
2025-08-08 22:12:49,377 - INFO - 
   🔄 RL Round 3/17
2025-08-08 22:12:49,378 - INFO -       🎯 Strategy: artistic_elaboration (exploit)
2025-08-08 22:12:54,282 - INFO - [TRELLIS] GPU cache cleared: {'status': 'cache_cleared', 'available_memory_gb': 20.629684224}
2025-08-08 22:12:54,283 - INFO -       🔍 Validating...
2025-08-08 22:12:54,283 - INFO -       📝 Using optimized prompt for generation: 'matte gray military military dagger with precision-crafted engravings on the blade, subtle wear on the scabbard, and a worn, dark patina, front view, accurate, complete, white background...'
2025-08-08 22:12:54,283 - INFO -       🎯 Computing scores against original prompt: 'matte gray military military dagger...'
2025-08-08 22:13:50,260 - INFO -       📊 Validation score: 0.9389
2025-08-08 22:13:50,261 - INFO -       🎯 New best score: 0.9389
2025-08-08 22:13:50,261 - INFO -       📈 Improvement detected: artistic_elaboration working better
2025-08-08 22:13:50,261 - INFO - 
   🔄 RL Round 4/17
2025-08-08 22:13:50,262 - INFO -       🎯 Strategy: hybrid_approach (explore)
2025-08-08 22:13:54,388 - INFO - [TRELLIS] GPU cache cleared: {'status': 'cache_cleared', 'available_memory_gb': 20.629684224}
2025-08-08 22:13:54,389 - INFO -       🔍 Validating...
2025-08-08 22:13:54,389 - INFO -       📝 Using optimized prompt for generation: 'matte gray military military dagger with precise tooling on the blade's edge, subtle wear on the grip, and a worn leather scabbard, front view, accurate, complete, white background...'
2025-08-08 22:13:54,389 - INFO -       🎯 Computing scores against original prompt: 'matte gray military military dagger...'
2025-08-08 22:14:51,511 - INFO -       📊 Validation score: 0.8552
2025-08-08 22:14:51,511 - INFO -       📉 Score declined: Consider different approach
2025-08-08 22:14:51,512 - INFO - 
   🔄 RL Round 5/17
2025-08-08 22:14:51,512 - INFO -       🎯 Strategy: aggressive_transformation (explore)
2025-08-08 22:14:56,250 - INFO - [TRELLIS] GPU cache cleared: {'status': 'cache_cleared', 'available_memory_gb': 20.629684224}
2025-08-08 22:14:56,251 - INFO -       🔍 Validating...
2025-08-08 22:14:56,251 - INFO -       📝 Using optimized prompt for generation: 'matte gray military military dagger with precision-crafted engravings on the blade, subtle wear on the grip and a slight curvature to the scabbard, front view, accurate, complete, white background...'
2025-08-08 22:14:56,251 - INFO -       🎯 Computing scores against original prompt: 'matte gray military military dagger...'
2025-08-08 22:15:52,837 - INFO -       📊 Validation score: 0.8606
2025-08-08 22:15:52,837 - INFO -       ✅ Convergence achieved: Convergence threshold met (improvement: 0.005)
2025-08-08 22:15:52,853 - INFO - 
🎯 RL LOOP COMPLETE:
2025-08-08 22:15:52,853 - INFO -    Best prompt: matte gray military military dagger with precision-crafted engravings on the blade, subtle wear on the scabbard, and a worn, dark patina, front view, accurate, complete, white background
2025-08-08 22:15:52,853 - INFO -    Best score: 0.9389
2025-08-08 22:15:52,853 - INFO -    Rounds: 5
2025-08-08 22:15:52,854 - INFO -    Convergence: True
2025-08-08 22:15:52,854 - INFO -    Convergence reason: Convergence threshold met (improvement: 0.005)
2025-08-08 22:15:52,854 - INFO -    Exploration ratio: 60.0%
2025-08-08 22:15:52,854 - INFO -    Insights learned: 2
2025-08-08 22:15:52,854 - INFO -    Total time: 304.18s
2025-08-08 22:15:52,854 - INFO - Prompt optimized in 5 rounds: 0.907 → 0.939 (+0.032)
2025-08-08 22:15:52,854 - INFO - ✅ Target score achieved!
2025-08-08 22:15:52,854 - INFO - 
--- Episode 1, Prompt 25 (Total: 63) ---
2025-08-08 22:15:52,855 - INFO - Optimizing: 'thick gold bracelet with large square green gemstone in center'
2025-08-08 22:15:52,855 - INFO - 🔍 Checking server availability before optimization...
2025-08-08 22:15:52,862 - INFO - ✅ Server is available (status: completed)
2025-08-08 22:15:52,862 - INFO - 📝 Marked server as used at 1754691352.862935
2025-08-08 22:15:52,863 - INFO - ✅ Server is available and marked as used
2025-08-08 22:15:52,863 - INFO - 🔄 Reproducibility optimization returned no result
2025-08-08 22:15:52,863 - INFO -       🔧 Overriding endpoint: generate/baolei/
2025-08-08 22:15:52,863 - INFO -       🔧 Using endpoint: generate/baolei/
2025-08-08 22:15:52,866 - INFO - 
🔄 RL LOOP OPTIMIZATION: 'thick gold bracelet with large square green gemstone in center'
2025-08-08 22:15:52,866 - INFO -    Session: rl_session_1754691352_7763
2025-08-08 22:15:52,866 - INFO -    Max rounds: 17
2025-08-08 22:15:52,866 - INFO -    Min rounds before convergence: 5
2025-08-08 22:15:52,866 - INFO -    Target score: 0.99
2025-08-08 22:15:52,866 - INFO - 
   🔄 RL Round 1/17
2025-08-08 22:15:52,866 - INFO -       🎯 Strategy: material_focus (explore)
2025-08-08 22:15:57,126 - INFO - [TRELLIS] GPU cache cleared: {'status': 'cache_cleared', 'available_memory_gb': 20.629684224}
2025-08-08 22:15:57,126 - INFO -       🔍 Validating...
2025-08-08 22:15:57,126 - INFO -       📝 Using optimized prompt for generation: 'a thick gold bracelet with large square green gemstone in center, adorned with intricate filigree patterns and a delicate clasp that adds to its luxurious feel, front view, accurate, complete, white background...'
2025-08-08 22:15:57,126 - INFO -       🎯 Computing scores against original prompt: 'thick gold bracelet with large square green gemstone in center...'
2025-08-08 22:16:55,864 - INFO -       📊 Validation score: 0.8713
2025-08-08 22:16:55,864 - INFO -       🎯 New best score: 0.8713
2025-08-08 22:16:55,864 - INFO - 
   🔄 RL Round 2/17
2025-08-08 22:16:55,865 - INFO -       🎯 Strategy: contextual_scene_building (explore)
2025-08-08 22:17:00,111 - INFO - [TRELLIS] GPU cache cleared: {'status': 'cache_cleared', 'available_memory_gb': 20.629684224}
2025-08-08 22:17:00,112 - INFO -       🔍 Validating...
2025-08-08 22:17:00,112 - INFO -       📝 Using optimized prompt for generation: 'thick, ornate gold bracelet with a large square green gemstone in its center, adorned with delicate filigree patterns and subtle scratches...'
2025-08-08 22:17:00,112 - INFO -       🎯 Computing scores against original prompt: 'thick gold bracelet with large square green gemstone in center...'
2025-08-08 22:17:58,859 - INFO -       📊 Validation score: 0.8607
2025-08-08 22:17:58,859 - INFO -       📉 Score declined: Consider different approach
2025-08-08 22:17:58,859 - INFO - 
   🔄 RL Round 3/17
2025-08-08 22:17:58,860 - INFO -       🎯 Strategy: hybrid_approach (explore)
2025-08-08 22:18:02,663 - INFO - [TRELLIS] GPU cache cleared: {'status': 'cache_cleared', 'available_memory_gb': 20.629684224}
2025-08-08 22:18:02,664 - INFO -       🔍 Validating...
2025-08-08 22:18:02,664 - INFO -       📝 Using optimized prompt for generation: 'thick gold bracelet with large square green gemstone in center, adorned with delicate filigree patterns and a subtle golden sheen...'
2025-08-08 22:18:02,664 - INFO -       🎯 Computing scores against original prompt: 'thick gold bracelet with large square green gemstone in center...'
2025-08-08 22:19:01,319 - INFO -       📊 Validation score: 0.9046
2025-08-08 22:19:01,321 - INFO -       🎯 New best score: 0.9046
2025-08-08 22:19:01,322 - INFO -       📈 Improvement detected: hybrid_approach working better
2025-08-08 22:19:01,322 - INFO - 
   🔄 RL Round 4/17
2025-08-08 22:19:01,323 - INFO -       🎯 Strategy: aggressive_transformation (explore)
2025-08-08 22:19:04,951 - INFO - [TRELLIS] GPU cache cleared: {'status': 'cache_cleared', 'available_memory_gb': 20.629684224}
2025-08-08 22:19:04,952 - INFO -       🔍 Validating...
2025-08-08 22:19:04,952 - INFO -       📝 Using optimized prompt for generation: 'thick gold bracelet with large square green gemstone in center, adorned with intricate filigree pattern featuring delicate scrollwork and microscopic inclusions that catch the light, front view, accurate, complete, white background...'
2025-08-08 22:19:04,952 - INFO -       🎯 Computing scores against original prompt: 'thick gold bracelet with large square green gemstone in center...'
2025-08-08 22:20:04,435 - INFO -       📊 Validation score: 0.8333
2025-08-08 22:20:04,436 - INFO -       📉 Score declined: Consider different approach
2025-08-08 22:20:04,436 - INFO - 
   🔄 RL Round 5/17
2025-08-08 22:20:04,436 - INFO -       🎯 Strategy: aggressive_transformation (explore)
2025-08-08 22:20:07,933 - INFO - [TRELLIS] GPU cache cleared: {'status': 'cache_cleared', 'available_memory_gb': 20.629684224}
2025-08-08 22:20:07,933 - INFO -       🔍 Validating...
2025-08-08 22:20:07,933 - INFO -       📝 Using optimized prompt for generation: 'thick, heavy gold bracelet with a large square emerald green gemstone in its center, adorned with delicate filigree patterns, front view, accurate, complete, white background...'
2025-08-08 22:20:07,933 - INFO -       🎯 Computing scores against original prompt: 'thick gold bracelet with large square green gemstone in center...'
2025-08-08 22:21:05,696 - INFO -       📊 Validation score: 0.8443
2025-08-08 22:21:05,696 - INFO -       📈 Improvement detected: aggressive_transformation working better
2025-08-08 22:21:05,696 - INFO - 
   🔄 RL Round 6/17
2025-08-08 22:21:05,696 - INFO -       🎯 Strategy: artistic_elaboration (exploit)
2025-08-08 22:21:09,453 - INFO - [TRELLIS] GPU cache cleared: {'status': 'cache_cleared', 'available_memory_gb': 20.629684224}
2025-08-08 22:21:09,453 - INFO -       🔍 Validating...
2025-08-08 22:21:09,453 - INFO -       📝 Using optimized prompt for generation: 'thick gold bracelet with large square green gemstone in center, adorned with delicate filigree patterns and subtle engravings on the clasp, front view, accurate, complete, white background...'
2025-08-08 22:21:09,454 - INFO -       🎯 Computing scores against original prompt: 'thick gold bracelet with large square green gemstone in center...'
2025-08-08 22:22:06,139 - INFO -       📊 Validation score: 0.5323
2025-08-08 22:22:06,139 - INFO -       🔍 Explore performing better - stricter convergence threshold: 0.005
2025-08-08 22:22:06,140 - INFO -       📉 Score declined: Consider different approach
2025-08-08 22:22:06,140 - INFO - 
   🔄 RL Round 7/17
2025-08-08 22:22:06,140 - INFO -       🔍 Explore performing better - increasing epsilon to 0.74
2025-08-08 22:22:06,140 - INFO -       🎯 Strategy: aggressive_transformation (explore)
2025-08-08 22:22:09,726 - INFO - [TRELLIS] GPU cache cleared: {'status': 'cache_cleared', 'available_memory_gb': 20.629684224}
2025-08-08 22:22:09,726 - INFO -       🔍 Validating...
2025-08-08 22:22:09,726 - INFO -       📝 Using optimized prompt for generation: 'thick gold bracelet with large square green gemstone in center, adorned with delicate filigree patterns and subtle engravings, front view, accurate, complete, white background...'
2025-08-08 22:22:09,726 - INFO -       🎯 Computing scores against original prompt: 'thick gold bracelet with large square green gemstone in center...'
2025-08-08 22:23:07,091 - INFO -       📊 Validation score: 0.8673
2025-08-08 22:23:07,092 - INFO -       🔍 Explore performing better - stricter convergence threshold: 0.005
2025-08-08 22:23:07,092 - INFO -       📈 Improvement detected: aggressive_transformation working better
2025-08-08 22:23:07,092 - INFO - 
   🔄 RL Round 8/17
2025-08-08 22:23:07,092 - INFO -       🔍 Explore performing better - increasing epsilon to 0.79
2025-08-08 22:23:07,092 - INFO -       🎯 Strategy: contextual_scene_building (exploit)
2025-08-08 22:23:10,344 - INFO - [TRELLIS] GPU cache cleared: {'status': 'cache_cleared', 'available_memory_gb': 20.629684224}
2025-08-08 22:23:10,344 - INFO -       🔍 Validating...
2025-08-08 22:23:10,344 - INFO -       📝 Using optimized prompt for generation: 'a sturdy, thick gold bracelet with an oversized, vibrant green square gemstone prominently centered, adorned with delicate filigree patterns that add texture and visual interest to its design, front view, accurate, complete, white background...'
2025-08-08 22:23:10,344 - INFO -       🎯 Computing scores against original prompt: 'thick gold bracelet with large square green gemstone in center...'
2025-08-08 22:24:08,886 - INFO -       📊 Validation score: 0.8832
2025-08-08 22:24:08,886 - INFO -       📈 Improvement detected: contextual_scene_building working better
2025-08-08 22:24:08,887 - INFO - 
   🔄 RL Round 9/17
2025-08-08 22:24:08,887 - INFO -       🔍 Explore performing better - increasing epsilon to 0.80
2025-08-08 22:24:08,887 - INFO -       🎯 Strategy: contextual_scene_building (exploit)
2025-08-08 22:24:12,434 - INFO - [TRELLIS] GPU cache cleared: {'status': 'cache_cleared', 'available_memory_gb': 20.629684224}
2025-08-08 22:24:12,434 - INFO -       🔍 Validating...
2025-08-08 22:24:12,434 - INFO -       📝 Using optimized prompt for generation: 'thick gold bracelet with large square emerald green gemstone in center, adorned with delicate filigree patterns and subtle ornate details...'
2025-08-08 22:24:12,434 - INFO -       🎯 Computing scores against original prompt: 'thick gold bracelet with large square green gemstone in center...'
2025-08-08 22:25:09,964 - INFO -       📊 Validation score: 0.6798
2025-08-08 22:25:09,965 - INFO -       📉 Score declined: Consider different approach
2025-08-08 22:25:09,965 - INFO - 
   🔄 RL Round 10/17
2025-08-08 22:25:09,965 - INFO -       🔍 Explore performing better - increasing epsilon to 0.80
2025-08-08 22:25:09,965 - INFO -       🎯 Strategy: contextual_scene_building (explore)
2025-08-08 22:25:14,131 - INFO - [TRELLIS] GPU cache cleared: {'status': 'cache_cleared', 'available_memory_gb': 20.629684224}
2025-08-08 22:25:14,132 - INFO -       🔍 Validating...
2025-08-08 22:25:14,132 - INFO -       📝 Using optimized prompt for generation: 'thick gold bracelet with large square green gemstone in center, adorned with delicate filigree patterns and a subtle texture, front view, accurate, complete, white background...'
2025-08-08 22:25:14,132 - INFO -       🎯 Computing scores against original prompt: 'thick gold bracelet with large square green gemstone in center...'
2025-08-08 22:26:13,876 - INFO -       📊 Validation score: 0.6064
2025-08-08 22:26:13,877 - INFO -       📉 Score declined: Consider different approach
2025-08-08 22:26:13,877 - INFO - 
   🔄 RL Round 11/17
2025-08-08 22:26:13,877 - INFO -       🔍 Explore performing better - increasing epsilon to 0.80
2025-08-08 22:26:13,878 - INFO -       🎯 Strategy: contextual_scene_building (explore)
2025-08-08 22:26:17,478 - INFO - [TRELLIS] GPU cache cleared: {'status': 'cache_cleared', 'available_memory_gb': 20.629684224}
2025-08-08 22:26:17,479 - INFO -       🔍 Validating...
2025-08-08 22:26:17,479 - INFO -       📝 Using optimized prompt for generation: 'thick, heavy gold bracelet with a large square emerald green gemstone in its center, adorned with intricate filigree patterns that evoke the warmth of aged leather and subtle hints of copper undertones, front view, accurate, complete, white background...'
2025-08-08 22:26:17,479 - INFO -       🎯 Computing scores against original prompt: 'thick gold bracelet with large square green gemstone in center...'
2025-08-08 22:27:15,424 - INFO -       📊 Validation score: 0.8675
2025-08-08 22:27:15,424 - INFO -       📈 Improvement detected: contextual_scene_building working better
2025-08-08 22:27:15,425 - INFO - 
   🔄 RL Round 12/17
2025-08-08 22:27:15,425 - INFO -       🔍 Explore performing better - increasing epsilon to 0.80
2025-08-08 22:27:15,425 - INFO -       🎯 Strategy: artistic_elaboration (explore)
2025-08-08 22:27:18,711 - INFO - [TRELLIS] GPU cache cleared: {'status': 'cache_cleared', 'available_memory_gb': 20.629684224}
2025-08-08 22:27:18,712 - INFO -       🔍 Validating...
2025-08-08 22:27:18,712 - INFO -       📝 Using optimized prompt for generation: 'thick gold bracelet with large square emerald green gemstone in center, adorned with delicate filigree patterns that resemble blooming flowers, front view, accurate, complete, white background...'
2025-08-08 22:27:18,712 - INFO -       🎯 Computing scores against original prompt: 'thick gold bracelet with large square green gemstone in center...'
2025-08-08 22:28:16,809 - INFO -       📊 Validation score: 0.8740
2025-08-08 22:28:16,809 - INFO -       ✅ Convergence achieved: Convergence threshold met (improvement: 0.007)
2025-08-08 22:28:16,826 - INFO - 
🎯 RL LOOP COMPLETE:
2025-08-08 22:28:16,826 - INFO -    Best prompt: thick gold bracelet with large square green gemstone in center, adorned with delicate filigree patterns and a subtle golden sheen
2025-08-08 22:28:16,826 - INFO -    Best score: 0.9046
2025-08-08 22:28:16,826 - INFO -    Rounds: 12
2025-08-08 22:28:16,826 - INFO -    Convergence: True
2025-08-08 22:28:16,826 - INFO -    Convergence reason: Convergence threshold met (improvement: 0.007)
2025-08-08 22:28:16,826 - INFO -    Exploration ratio: 75.0%
2025-08-08 22:28:16,826 - INFO -    Insights learned: 3
2025-08-08 22:28:16,826 - INFO -    Total time: 743.94s
2025-08-08 22:28:16,827 - INFO - Prompt optimized in 12 rounds: 0.871 → 0.905 (+0.033)
2025-08-08 22:28:16,827 - INFO - ✅ Target score achieved!
2025-08-08 22:28:16,827 - INFO - 
--- Episode 1, Prompt 26 (Total: 63) ---
2025-08-08 22:28:16,827 - INFO - Optimizing: 'metal drill with black handle and blue tip'
2025-08-08 22:28:16,827 - INFO - 🔍 Checking server availability before optimization...
2025-08-08 22:28:16,835 - INFO - ✅ Server is available (status: completed)
2025-08-08 22:28:16,835 - INFO - 📝 Marked server as used at 1754692096.8355243
2025-08-08 22:28:16,835 - INFO - ✅ Server is available and marked as used
2025-08-08 22:28:16,835 - INFO - 🔄 Reproducibility optimization returned no result
2025-08-08 22:28:16,835 - INFO -       🔧 Overriding endpoint: generate/baolei/
2025-08-08 22:28:16,835 - INFO -       🔧 Using endpoint: generate/baolei/
2025-08-08 22:28:16,838 - INFO - 
🔄 RL LOOP OPTIMIZATION: 'metal drill with black handle and blue tip'
2025-08-08 22:28:16,838 - INFO -    Session: rl_session_1754692096_6354
2025-08-08 22:28:16,838 - INFO -    Max rounds: 17
2025-08-08 22:28:16,838 - INFO -    Min rounds before convergence: 5
2025-08-08 22:28:16,839 - INFO -    Target score: 0.99
2025-08-08 22:28:16,839 - INFO - 
   🔄 RL Round 1/17
2025-08-08 22:28:16,839 - INFO -       🔍 Explore performing better - increasing epsilon to 0.80
2025-08-08 22:28:16,839 - INFO -       🎯 Strategy: artistic_elaboration (explore)
2025-08-08 22:28:20,835 - INFO - [TRELLIS] GPU cache cleared: {'status': 'cache_cleared', 'available_memory_gb': 20.629684224}
2025-08-08 22:28:20,835 - INFO -       🔍 Validating...
2025-08-08 22:28:20,835 - INFO -       📝 Using optimized prompt for generation: 'a metal drill with a black handle and blue tip that has been precision-ground for optimal cutting performance on various materials, front view, accurate, complete, white background...'
2025-08-08 22:28:20,836 - INFO -       🎯 Computing scores against original prompt: 'metal drill with black handle and blue tip...'
2025-08-08 22:29:15,900 - INFO -       📊 Validation score: 0.8615
2025-08-08 22:29:15,901 - INFO -       🎯 New best score: 0.8615
2025-08-08 22:29:15,901 - INFO - 
   🔄 RL Round 2/17
2025-08-08 22:29:15,901 - INFO -       🔍 Explore performing better - increasing epsilon to 0.80
2025-08-08 22:29:15,901 - INFO -       🎯 Strategy: material_focus (explore)
2025-08-08 22:29:19,547 - INFO - [TRELLIS] GPU cache cleared: {'status': 'cache_cleared', 'available_memory_gb': 20.629684224}
2025-08-08 22:29:19,547 - INFO -       🔍 Validating...
2025-08-08 22:29:19,547 - INFO -       📝 Using optimized prompt for generation: 'a metal drill with black handle and blue tip that has been precision-ground for optimal cutting performance, front view, accurate, complete, white background...'
2025-08-08 22:29:19,548 - INFO -       🎯 Computing scores against original prompt: 'metal drill with black handle and blue tip...'
2025-08-08 22:30:15,610 - INFO -       📊 Validation score: 0.8627
2025-08-08 22:30:15,610 - INFO -       🎯 New best score: 0.8627
2025-08-08 22:30:15,611 - INFO -       📈 Improvement detected: material_focus working better
2025-08-08 22:30:15,611 - INFO - 
   🔄 RL Round 3/17
2025-08-08 22:30:15,611 - INFO -       🔍 Explore performing better - increasing epsilon to 0.80
2025-08-08 22:30:15,611 - INFO -       🎯 Strategy: artistic_elaboration (exploit)
2025-08-08 22:30:18,878 - INFO - [TRELLIS] GPU cache cleared: {'status': 'cache_cleared', 'available_memory_gb': 20.629684224}
2025-08-08 22:30:18,879 - INFO -       🔍 Validating...
2025-08-08 22:30:18,879 - INFO -       📝 Using optimized prompt for generation: 'a precision-ground metal drill with a black handle and blue tip featuring intricate engravings and subtle scratches that hint at its extensive use, front view, accurate, complete, white background...'
2025-08-08 22:30:18,879 - INFO -       🎯 Computing scores against original prompt: 'metal drill with black handle and blue tip...'
2025-08-08 22:31:13,059 - INFO -       📊 Validation score: 0.8992
2025-08-08 22:31:13,060 - INFO -       🎯 New best score: 0.8992
2025-08-08 22:31:13,060 - INFO -       📈 Improvement detected: artistic_elaboration working better
2025-08-08 22:31:13,061 - INFO - 
   🔄 RL Round 4/17
2025-08-08 22:31:13,061 - INFO -       🎯 Strategy: material_focus (explore)
2025-08-08 22:31:16,819 - INFO - [TRELLIS] GPU cache cleared: {'status': 'cache_cleared', 'available_memory_gb': 20.629684224}
2025-08-08 22:31:16,819 - INFO -       🔍 Validating...
2025-08-08 22:31:16,819 - INFO -       📝 Using optimized prompt for generation: 'a precision-ground metal drill with black handle and blue tip featuring a textured, matte finish for optimal grip and corrosion resistance, front view, accurate, complete, white background...'
2025-08-08 22:31:16,819 - INFO -       🎯 Computing scores against original prompt: 'metal drill with black handle and blue tip...'
2025-08-08 22:32:10,184 - INFO -       📊 Validation score: 0.9662
2025-08-08 22:32:10,185 - INFO -       🎯 New best score: 0.9662
2025-08-08 22:32:10,185 - INFO -       📈 Improvement detected: material_focus working better
2025-08-08 22:32:10,185 - INFO - 
   🔄 RL Round 5/17
2025-08-08 22:32:10,185 - INFO -       🔍 Explore performing better - increasing epsilon to 0.80
2025-08-08 22:32:10,185 - INFO -       🎯 Strategy: minimalist_refinement (explore)
2025-08-08 22:32:14,095 - INFO - [TRELLIS] GPU cache cleared: {'status': 'cache_cleared', 'available_memory_gb': 20.629684224}
2025-08-08 22:32:14,095 - INFO -       🔍 Validating...
2025-08-08 22:32:14,095 - INFO -       📝 Using optimized prompt for generation: 'a metal drill with a black handle and blue tip featuring a precision-ground cutting edge and subtle ergonomic contours for optimal comfort and control, front view, accurate, complete, white background...'
2025-08-08 22:32:14,096 - INFO -       🎯 Computing scores against original prompt: 'metal drill with black handle and blue tip...'
2025-08-08 22:33:07,587 - INFO -       📊 Validation score: 0.9606
2025-08-08 22:33:07,588 - INFO -       ✅ Convergence achieved: Convergence threshold met (improvement: -0.006)
2025-08-08 22:33:07,604 - INFO - 
🎯 RL LOOP COMPLETE:
2025-08-08 22:33:07,605 - INFO -    Best prompt: a precision-ground metal drill with black handle and blue tip featuring a textured, matte finish for optimal grip and corrosion resistance, front view, accurate, complete, white background
2025-08-08 22:33:07,605 - INFO -    Best score: 0.9662
2025-08-08 22:33:07,605 - INFO -    Rounds: 5
2025-08-08 22:33:07,605 - INFO -    Convergence: True
2025-08-08 22:33:07,605 - INFO -    Convergence reason: Convergence threshold met (improvement: -0.006)
2025-08-08 22:33:07,605 - INFO -    Exploration ratio: 80.0%
2025-08-08 22:33:07,605 - INFO -    Insights learned: 3
2025-08-08 22:33:07,605 - INFO -    Total time: 290.75s
2025-08-08 22:33:07,605 - INFO - Prompt optimized in 5 rounds: 0.862 → 0.966 (+0.105)
2025-08-08 22:33:07,605 - INFO - ✅ Target score achieved!
2025-08-08 22:33:07,606 - INFO - 
--- Episode 1, Prompt 27 (Total: 63) ---
2025-08-08 22:33:07,606 - INFO - Optimizing: 'soldier holding rifle standing'
2025-08-08 22:33:07,606 - INFO - 🔍 Checking server availability before optimization...
2025-08-08 22:33:07,613 - INFO - ✅ Server is available (status: completed)
2025-08-08 22:33:07,613 - INFO - 📝 Marked server as used at 1754692387.613656
2025-08-08 22:33:07,613 - INFO - ✅ Server is available and marked as used
2025-08-08 22:33:07,613 - INFO - 🔄 Reproducibility optimization returned no result
2025-08-08 22:33:07,613 - INFO -       🔧 Overriding endpoint: generate/baolei/
2025-08-08 22:33:07,614 - INFO -       🔧 Using endpoint: generate/baolei/
2025-08-08 22:33:07,616 - INFO - 
🔄 RL LOOP OPTIMIZATION: 'soldier holding rifle standing'
2025-08-08 22:33:07,616 - INFO -    Session: rl_session_1754692387_9354
2025-08-08 22:33:07,616 - INFO -    Max rounds: 17
2025-08-08 22:33:07,617 - INFO -    Min rounds before convergence: 5
2025-08-08 22:33:07,617 - INFO -    Target score: 0.99
2025-08-08 22:33:07,617 - INFO - 
   🔄 RL Round 1/17
2025-08-08 22:33:07,617 - INFO -       🔍 Explore performing better - increasing epsilon to 0.80
2025-08-08 22:33:07,617 - INFO -       🎯 Strategy: hybrid_approach (explore)
2025-08-08 22:33:11,709 - INFO - [TRELLIS] GPU cache cleared: {'status': 'cache_cleared', 'available_memory_gb': 20.629684224}
2025-08-08 22:33:11,710 - INFO -       🔍 Validating...
2025-08-08 22:33:11,710 - INFO -       📝 Using optimized prompt for generation: 'soldier holding rifle with a tactical sling and standing on a rocky outcropping overlooking a serene, misty landscape at dawn, front view, accurate, complete, white background...'
2025-08-08 22:33:11,710 - INFO -       🎯 Computing scores against original prompt: 'soldier holding rifle standing...'
2025-08-08 22:34:08,919 - INFO -       📊 Validation score: 0.8612
2025-08-08 22:34:08,919 - INFO -       🎯 New best score: 0.8612
2025-08-08 22:34:08,920 - INFO - 
   🔄 RL Round 2/17
2025-08-08 22:34:08,920 - INFO -       🔍 Explore performing better - increasing epsilon to 0.80
2025-08-08 22:34:08,920 - INFO -       🎯 Strategy: conservative_enhancement (explore)
2025-08-08 22:34:13,612 - INFO - [TRELLIS] GPU cache cleared: {'status': 'cache_cleared', 'available_memory_gb': 20.629684224}
2025-08-08 22:34:13,612 - INFO -       🔍 Validating...
2025-08-08 22:34:13,612 - INFO -       📝 Using optimized prompt for generation: 'a worn soldier holding a rifle with a tactical sling and standing on a rocky outcropping overlooking a serene landscape with misty dawn sky, front view, accurate, complete, white background...'
2025-08-08 22:34:13,612 - INFO -       🎯 Computing scores against original prompt: 'soldier holding rifle standing...'
2025-08-08 22:35:10,951 - INFO -       📊 Validation score: 0.8208
2025-08-08 22:35:10,951 - INFO -       📉 Score declined: Consider different approach
2025-08-08 22:35:10,951 - INFO - 
   🔄 RL Round 3/17
2025-08-08 22:35:10,951 - INFO -       🔍 Explore performing better - increasing epsilon to 0.80
2025-08-08 22:35:10,952 - INFO -       🎯 Strategy: hybrid_approach (exploit)
2025-08-08 22:35:14,825 - INFO - [TRELLIS] GPU cache cleared: {'status': 'cache_cleared', 'available_memory_gb': 20.629684224}
2025-08-08 22:35:14,826 - INFO -       🔍 Validating...
2025-08-08 22:35:14,826 - INFO -       📝 Using optimized prompt for generation: 'a seasoned soldier holding a rifle with a tactical sling and standing on a worn rocky outcropping overlooking a tranquil landscape, front view, accurate, complete, white background...'
2025-08-08 22:35:14,826 - INFO -       🎯 Computing scores against original prompt: 'soldier holding rifle standing...'
2025-08-08 22:36:14,596 - INFO -       📊 Validation score: 0.8240
2025-08-08 22:36:14,596 - INFO -       📈 Improvement detected: hybrid_approach working better
2025-08-08 22:36:14,597 - INFO - 
   🔄 RL Round 4/17
2025-08-08 22:36:14,597 - INFO -       🔍 Explore performing better - increasing epsilon to 0.80
2025-08-08 22:36:14,597 - INFO -       🎯 Strategy: hybrid_approach (explore)
2025-08-08 22:36:19,221 - INFO - [TRELLIS] GPU cache cleared: {'status': 'cache_cleared', 'available_memory_gb': 20.629684224}
2025-08-08 22:36:19,222 - INFO -       🔍 Validating...
2025-08-08 22:36:19,222 - INFO -       📝 Using optimized prompt for generation: 'a seasoned soldier holding a rifle with a tactical sling and standing on a worn rocky outcropping overlooking a calm lake at dawn, front view, accurate, complete, white background...'
2025-08-08 22:36:19,222 - INFO -       🎯 Computing scores against original prompt: 'soldier holding rifle standing...'
2025-08-08 22:37:20,610 - INFO -       📊 Validation score: 0.8453
2025-08-08 22:37:20,611 - INFO -       📈 Improvement detected: hybrid_approach working better
2025-08-08 22:37:20,611 - INFO - 
   🔄 RL Round 5/17
2025-08-08 22:37:20,611 - INFO -       🔍 Explore performing better - increasing epsilon to 0.80
2025-08-08 22:37:20,611 - INFO -       🎯 Strategy: hybrid_approach (explore)
2025-08-08 22:37:24,037 - INFO - [TRELLIS] GPU cache cleared: {'status': 'cache_cleared', 'available_memory_gb': 20.629684224}
2025-08-08 22:37:24,037 - INFO -       🔍 Validating...
2025-08-08 22:37:24,037 - INFO -       📝 Using optimized prompt for generation: 'a seasoned soldier holding a weathered, tactical-grade rifle with a worn leather sling and standing on a rocky outcropping overlooking...'
2025-08-08 22:37:24,038 - INFO -       🎯 Computing scores against original prompt: 'soldier holding rifle standing...'
2025-08-08 22:38:27,592 - INFO -       📊 Validation score: 0.7829
2025-08-08 22:38:27,593 - INFO -       🔍 Explore performing better - stricter convergence threshold: 0.005
2025-08-08 22:38:27,593 - INFO -       📉 Score declined: Consider different approach
2025-08-08 22:38:27,593 - INFO - 
   🔄 RL Round 6/17
2025-08-08 22:38:27,594 - INFO -       🔍 Explore performing better - increasing epsilon to 0.80
2025-08-08 22:38:27,594 - INFO -       🎯 Strategy: hybrid_approach (explore)
2025-08-08 22:38:31,225 - INFO - [TRELLIS] GPU cache cleared: {'status': 'cache_cleared', 'available_memory_gb': 20.629684224}
2025-08-08 22:38:31,226 - INFO -       🔍 Validating...
2025-08-08 22:38:31,226 - INFO -       📝 Using optimized prompt for generation: 'a seasoned soldier holding a rifle with a tactical sling and standing on a rugged rocky outcropping overlooking a serene lake, front view, accurate, complete, white background...'
2025-08-08 22:38:31,226 - INFO -       🎯 Computing scores against original prompt: 'soldier holding rifle standing...'
2025-08-08 22:39:27,411 - INFO -       📊 Validation score: 0.8660
2025-08-08 22:39:27,411 - INFO -       🎯 New best score: 0.8660
2025-08-08 22:39:27,412 - INFO -       🔍 Explore performing better - stricter convergence threshold: 0.005
2025-08-08 22:39:27,412 - INFO -       📈 Improvement detected: hybrid_approach working better
2025-08-08 22:39:27,412 - INFO - 
   🔄 RL Round 7/17
2025-08-08 22:39:27,412 - INFO -       🔍 Explore performing better - increasing epsilon to 0.80
2025-08-08 22:39:27,412 - INFO -       🎯 Strategy: minimalist_refinement (explore)
2025-08-08 22:39:31,181 - INFO - [TRELLIS] GPU cache cleared: {'status': 'cache_cleared', 'available_memory_gb': 20.629684224}
2025-08-08 22:39:31,182 - INFO -       🔍 Validating...
2025-08-08 22:39:31,182 - INFO -       📝 Using optimized prompt for generation: 'a seasoned soldier holding a rifle with a tactical sling and standing on a rocky outcropping with a subtle hint of worn patina on the equipment, front view, accurate, complete, white background...'
2025-08-08 22:39:31,182 - INFO -       🎯 Computing scores against original prompt: 'soldier holding rifle standing...'
2025-08-08 22:40:27,155 - INFO -       📊 Validation score: 0.8244
2025-08-08 22:40:27,155 - INFO -       📉 Score declined: Consider different approach
2025-08-08 22:40:27,155 - INFO - 
   🔄 RL Round 8/17
2025-08-08 22:40:27,156 - INFO -       🔍 Explore performing better - increasing epsilon to 0.80
2025-08-08 22:40:27,156 - INFO -       🎯 Strategy: conservative_enhancement (explore)
2025-08-08 22:40:30,752 - INFO - [TRELLIS] GPU cache cleared: {'status': 'cache_cleared', 'available_memory_gb': 20.629684224}
2025-08-08 22:40:30,753 - INFO -       🔍 Validating...
2025-08-08 22:40:30,753 - INFO -       📝 Using optimized prompt for generation: 'a seasoned soldier standing at attention with a worn leather sling over their shoulder and wearing a flak jacket adorned with various patches, holding a weathered small wooden rifle with screws, front view, accurate, complete, white background...'
2025-08-08 22:40:30,753 - INFO -       🎯 Computing scores against original prompt: 'soldier holding rifle standing...'
2025-08-08 22:41:31,270 - INFO -       📊 Validation score: 0.8989
2025-08-08 22:41:31,270 - INFO -       🎯 New best score: 0.8989
2025-08-08 22:41:31,270 - INFO -       🔍 Explore performing better - stricter convergence threshold: 0.005
2025-08-08 22:41:31,270 - INFO -       📈 Improvement detected: conservative_enhancement working better
2025-08-08 22:41:31,270 - INFO - 
   🔄 RL Round 9/17
2025-08-08 22:41:31,271 - INFO -       🔍 Explore performing better - increasing epsilon to 0.80
2025-08-08 22:41:31,271 - INFO -       🎯 Strategy: material_focus (explore)
2025-08-08 22:41:34,682 - INFO - [TRELLIS] GPU cache cleared: {'status': 'cache_cleared', 'available_memory_gb': 20.629684224}
2025-08-08 22:41:34,682 - INFO -       🔍 Validating...
2025-08-08 22:41:34,682 - INFO -       📝 Using optimized prompt for generation: 'a seasoned soldier holding a rifle with a tactical sling and standing on a worn rocky outcropping overlooking a tranquil lake at dawn, front view, accurate, complete, white background...'
2025-08-08 22:41:34,682 - INFO -       🎯 Computing scores against original prompt: 'soldier holding rifle standing...'
2025-08-08 22:42:32,848 - INFO -       📊 Validation score: 0.8140
2025-08-08 22:42:32,848 - INFO -       📉 Score declined: Consider different approach
2025-08-08 22:42:32,849 - INFO - 
   🔄 RL Round 10/17
2025-08-08 22:42:32,849 - INFO -       🔍 Explore performing better - increasing epsilon to 0.80
2025-08-08 22:42:32,849 - INFO -       🎯 Strategy: material_focus (explore)
2025-08-08 22:42:36,982 - INFO - [TRELLIS] GPU cache cleared: {'status': 'cache_cleared', 'available_memory_gb': 20.629684224}
2025-08-08 22:42:36,983 - INFO -       🔍 Validating...
2025-08-08 22:42:36,983 - INFO -       📝 Using optimized prompt for generation: 'a seasoned soldier holding a weathered, tactical-grade rifle with a worn leather sling and standing on a rocky outcropping overlooking a serene landscape, front view, accurate, complete, white background...'
2025-08-08 22:42:36,983 - INFO -       🎯 Computing scores against original prompt: 'soldier holding rifle standing...'
2025-08-08 22:43:39,711 - INFO -       📊 Validation score: 0.8652
2025-08-08 22:43:39,712 - INFO -       📈 Improvement detected: material_focus working better
2025-08-08 22:43:39,713 - INFO - 
   🔄 RL Round 11/17
2025-08-08 22:43:39,714 - INFO -       🔍 Explore performing better - increasing epsilon to 0.80
2025-08-08 22:43:39,715 - INFO -       🎯 Strategy: material_focus (explore)
2025-08-08 22:43:43,796 - INFO - [TRELLIS] GPU cache cleared: {'status': 'cache_cleared', 'available_memory_gb': 20.629684224}
2025-08-08 22:43:43,796 - INFO -       🔍 Validating...
2025-08-08 22:43:43,796 - INFO -       📝 Using optimized prompt for generation: 'a seasoned soldier holding a weathered, tactical-grade rifle with a worn leather sling and standing on a rocky outcropping surrounded by gentle, emerald-green foliage, front view, accurate, complete, white background...'
2025-08-08 22:43:43,796 - INFO -       🎯 Computing scores against original prompt: 'soldier holding rifle standing...'
2025-08-08 22:44:42,119 - INFO -       📊 Validation score: 0.7615
2025-08-08 22:44:42,119 - INFO -       📉 Score declined: Consider different approach
2025-08-08 22:44:42,119 - INFO - 
   🔄 RL Round 12/17
2025-08-08 22:44:42,120 - INFO -       🔍 Explore performing better - increasing epsilon to 0.80
2025-08-08 22:44:42,120 - INFO -       🎯 Strategy: material_focus (explore)
2025-08-08 22:44:47,076 - INFO - [TRELLIS] GPU cache cleared: {'status': 'cache_cleared', 'available_memory_gb': 20.629684224}
2025-08-08 22:44:47,076 - INFO -       🔍 Validating...
2025-08-08 22:44:47,076 - INFO -       📝 Using optimized prompt for generation: 'a seasoned soldier holding a rifle with a tactical sling and standing on a rocky outcropping with a hint of dust and weathered wood grain, front view, accurate, complete, white background...'
2025-08-08 22:44:47,076 - INFO -       🎯 Computing scores against original prompt: 'soldier holding rifle standing...'
2025-08-08 22:45:46,038 - INFO -       📊 Validation score: 0.8583
2025-08-08 22:45:46,039 - INFO -       📈 Improvement detected: material_focus working better
2025-08-08 22:45:46,039 - INFO - 
   🔄 RL Round 13/17
2025-08-08 22:45:46,039 - INFO -       🔍 Explore performing better - increasing epsilon to 0.80
2025-08-08 22:45:46,039 - INFO -       🎯 Strategy: material_focus (explore)
2025-08-08 22:45:50,710 - INFO - [TRELLIS] GPU cache cleared: {'status': 'cache_cleared', 'available_memory_gb': 20.629684224}
2025-08-08 22:45:50,711 - INFO -       🔍 Validating...
2025-08-08 22:45:50,711 - INFO -       📝 Using optimized prompt for generation: 'a seasoned soldier holding a rifle with a tactical sling and standing on a rocky outcropping with subtle wear on the metal components, front view, accurate, complete, white background...'
2025-08-08 22:45:50,711 - INFO -       🎯 Computing scores against original prompt: 'soldier holding rifle standing...'
2025-08-08 22:46:49,552 - INFO -       📊 Validation score: 0.8796
2025-08-08 22:46:49,553 - INFO -       📈 Improvement detected: material_focus working better
2025-08-08 22:46:49,553 - INFO - 
   🔄 RL Round 14/17
2025-08-08 22:46:49,553 - INFO -       🔍 Explore performing better - increasing epsilon to 0.80
2025-08-08 22:46:49,553 - INFO -       🎯 Strategy: technical_precision (explore)
2025-08-08 22:46:53,226 - INFO - [TRELLIS] GPU cache cleared: {'status': 'cache_cleared', 'available_memory_gb': 20.629684224}
2025-08-08 22:46:53,227 - INFO -       🔍 Validating...
2025-08-08 22:46:53,227 - INFO -       📝 Using optimized prompt for generation: 'a seasoned soldier holding a weathered, tactical-grade rifle with a worn leather sling and standing on a rocky outcropping, front view, accurate, complete, white background...'
2025-08-08 22:46:53,227 - INFO -       🎯 Computing scores against original prompt: 'soldier holding rifle standing...'
2025-08-08 22:47:51,604 - INFO -       📊 Validation score: 0.8923
2025-08-08 22:47:51,604 - INFO -       📈 Improvement detected: technical_precision working better
2025-08-08 22:47:51,605 - INFO - 
   🔄 RL Round 15/17
2025-08-08 22:47:51,605 - INFO -       🔍 Explore performing better - increasing epsilon to 0.80
2025-08-08 22:47:51,605 - INFO -       🎯 Strategy: material_focus (exploit)
2025-08-08 22:47:55,382 - INFO - [TRELLIS] GPU cache cleared: {'status': 'cache_cleared', 'available_memory_gb': 20.629684224}
2025-08-08 22:47:55,382 - INFO -       🔍 Validating...
2025-08-08 22:47:55,382 - INFO -       📝 Using optimized prompt for generation: 'a seasoned soldier wearing a worn, olive green tactical vest with multiple pockets, holding a rifle with a tactical sling and standing on a rocky outcropping with a hint of dust in the air, front view, accurate, complete, white background...'
2025-08-08 22:47:55,383 - INFO -       🎯 Computing scores against original prompt: 'soldier holding rifle standing...'
2025-08-08 22:48:54,263 - INFO -       📊 Validation score: 0.8508
2025-08-08 22:48:54,264 - INFO -       📉 Score declined: Consider different approach
2025-08-08 22:48:54,264 - INFO - 
   🔄 RL Round 16/17
2025-08-08 22:48:54,264 - INFO -       🎯 Strategy: material_focus (exploit)
2025-08-08 22:48:58,279 - INFO - [TRELLIS] GPU cache cleared: {'status': 'cache_cleared', 'available_memory_gb': 20.629684224}
2025-08-08 22:48:58,280 - INFO -       🔍 Validating...
2025-08-08 22:48:58,280 - INFO -       📝 Using optimized prompt for generation: 'a seasoned soldier wearing a worn, olive green tactical vest with multiple pockets, holding a rifle and standing on a rocky outcropping with some foliage, front view, accurate, complete, white background...'
2025-08-08 22:48:58,280 - INFO -       🎯 Computing scores against original prompt: 'soldier holding rifle standing...'
2025-08-08 22:49:58,951 - INFO -       📊 Validation score: 0.8544
2025-08-08 22:49:58,952 - INFO -       ✅ Convergence achieved: Convergence threshold met (improvement: 0.004)
2025-08-08 22:49:58,972 - INFO - 
🎯 RL LOOP COMPLETE:
2025-08-08 22:49:58,972 - INFO -    Best prompt: a seasoned soldier standing at attention with a worn leather sling over their shoulder and wearing a flak jacket adorned with various patches, holding a weathered small wooden rifle with screws, front view, accurate, complete, white background
2025-08-08 22:49:58,972 - INFO -    Best score: 0.8989
2025-08-08 22:49:58,972 - INFO -    Rounds: 16
2025-08-08 22:49:58,972 - INFO -    Convergence: True
2025-08-08 22:49:58,973 - INFO -    Convergence reason: Convergence threshold met (improvement: 0.004)
2025-08-08 22:49:58,973 - INFO -    Exploration ratio: 81.2%
2025-08-08 22:49:58,973 - INFO -    Insights learned: 2
2025-08-08 22:49:58,973 - INFO -    Total time: 1011.34s
2025-08-08 22:49:58,973 - INFO - Prompt optimized in 16 rounds: 0.861 → 0.899 (+0.038)
2025-08-08 22:49:58,974 - INFO - ✅ Target score achieved!
2025-08-08 22:49:58,974 - INFO - 
--- Episode 1, Prompt 28 (Total: 63) ---
2025-08-08 22:49:58,974 - INFO - Optimizing: 'pastel pink silk-draped chaise lounge'
2025-08-08 22:49:58,974 - INFO - 🔍 Checking server availability before optimization...
2025-08-08 22:49:58,984 - INFO - ✅ Server is available (status: completed)
2025-08-08 22:49:58,984 - INFO - 📝 Marked server as used at 1754693398.9847343
2025-08-08 22:49:58,984 - INFO - ✅ Server is available and marked as used
2025-08-08 22:49:58,984 - INFO - 🔄 Reproducibility optimization returned no result
2025-08-08 22:49:58,985 - INFO -       🔧 Overriding endpoint: generate/baolei/
2025-08-08 22:49:58,985 - INFO -       🔧 Using endpoint: generate/baolei/
2025-08-08 22:49:58,987 - INFO - 
🔄 RL LOOP OPTIMIZATION: 'pastel pink silk-draped chaise lounge'
2025-08-08 22:49:58,988 - INFO -    Session: rl_session_1754693398_7302
2025-08-08 22:49:58,988 - INFO -    Max rounds: 17
2025-08-08 22:49:58,988 - INFO -    Min rounds before convergence: 5
2025-08-08 22:49:58,988 - INFO -    Target score: 0.99
2025-08-08 22:49:58,988 - INFO - 
   🔄 RL Round 1/17
2025-08-08 22:49:58,988 - INFO -       🎯 Strategy: material_focus (exploit)
2025-08-08 22:50:03,354 - INFO - [TRELLIS] GPU cache cleared: {'status': 'cache_cleared', 'available_memory_gb': 20.629684224}
2025-08-08 22:50:03,354 - INFO -       🔍 Validating...
2025-08-08 22:50:03,354 - INFO -       📝 Using optimized prompt for generation: 'a pastel pink silk-draped chaise lounge with intricate gold trim and delicate floral patterns embroidered along the edges, front view, accurate, complete, white background...'
2025-08-08 22:50:03,354 - INFO -       🎯 Computing scores against original prompt: 'pastel pink silk-draped chaise lounge...'
2025-08-08 22:51:03,449 - INFO -       📊 Validation score: 0.7980
2025-08-08 22:51:03,450 - INFO -       🎯 New best score: 0.7980
2025-08-08 22:51:03,450 - INFO - 
   🔄 RL Round 2/17
2025-08-08 22:51:03,450 - INFO -       🎯 Strategy: material_focus (explore)
2025-08-08 22:51:06,700 - INFO - [TRELLIS] GPU cache cleared: {'status': 'cache_cleared', 'available_memory_gb': 20.629684224}
2025-08-08 22:51:06,700 - INFO -       🔍 Validating...
2025-08-08 22:51:06,700 - INFO -       📝 Using optimized prompt for generation: 'a pastel pink silk-draped chaise lounge with delicate floral patterns embroidered along the edges, soft velvet cushions, and a subtle sheen from the silk fabric, front view, accurate, complete, white background...'
2025-08-08 22:51:06,701 - INFO -       🎯 Computing scores against original prompt: 'pastel pink silk-draped chaise lounge...'
2025-08-08 22:52:03,451 - INFO -       📊 Validation score: 0.6888
2025-08-08 22:52:03,451 - INFO -       📉 Score declined: Consider different approach
2025-08-08 22:52:03,452 - INFO - 
   🔄 RL Round 3/17
2025-08-08 22:52:03,452 - INFO -       🎯 Strategy: hybrid_approach (exploit)
2025-08-08 22:52:07,032 - INFO - [TRELLIS] GPU cache cleared: {'status': 'cache_cleared', 'available_memory_gb': 20.629684224}
2025-08-08 22:52:07,032 - INFO -       🔍 Validating...
2025-08-08 22:52:07,032 - INFO -       📝 Using optimized prompt for generation: 'a pastel pink silk-draped chaise lounge with intricate gold trim and subtle sheen to the fabric, front view, accurate, complete, white background...'
2025-08-08 22:52:07,033 - INFO -       🎯 Computing scores against original prompt: 'pastel pink silk-draped chaise lounge...'
2025-08-08 22:53:04,454 - INFO -       📊 Validation score: 0.7176
2025-08-08 22:53:04,455 - INFO -       📈 Improvement detected: hybrid_approach working better
2025-08-08 22:53:04,455 - INFO - 
   🔄 RL Round 4/17
2025-08-08 22:53:04,455 - INFO -       🎯 Strategy: hybrid_approach (explore)
2025-08-08 22:53:08,232 - INFO - [TRELLIS] GPU cache cleared: {'status': 'cache_cleared', 'available_memory_gb': 20.629684224}
2025-08-08 22:53:08,232 - INFO -       🔍 Validating...
2025-08-08 22:53:08,233 - INFO -       📝 Using optimized prompt for generation: 'a pastel pink silk-draped chaise lounge adorned with delicate gold tassels and subtle sheen to the fabric, inviting relaxation in an elegant setting...'
2025-08-08 22:53:08,233 - INFO -       🎯 Computing scores against original prompt: 'pastel pink silk-draped chaise lounge...'
2025-08-08 22:54:05,077 - INFO -       📊 Validation score: 0.7617
2025-08-08 22:54:05,078 - INFO -       📈 Improvement detected: hybrid_approach working better
2025-08-08 22:54:05,078 - INFO - 
   🔄 RL Round 5/17
2025-08-08 22:54:05,078 - INFO -       🎯 Strategy: hybrid_approach (explore)
2025-08-08 22:54:08,601 - INFO - [TRELLIS] GPU cache cleared: {'status': 'cache_cleared', 'available_memory_gb': 20.629684224}
2025-08-08 22:54:08,602 - INFO -       🔍 Validating...
2025-08-08 22:54:08,602 - INFO -       📝 Using optimized prompt for generation: 'a pastel pink silk-draped chaise lounge with delicate gold piping along the edges and subtle sheen to the fabric, front view, accurate, complete, white background...'
2025-08-08 22:54:08,602 - INFO -       🎯 Computing scores against original prompt: 'pastel pink silk-draped chaise lounge...'
2025-08-08 22:55:04,876 - INFO -       📊 Validation score: 0.8533
2025-08-08 22:55:04,876 - INFO -       🎯 New best score: 0.8533
2025-08-08 22:55:04,876 - INFO -       📈 Improvement detected: hybrid_approach working better
2025-08-08 22:55:04,876 - INFO - 
   🔄 RL Round 6/17
2025-08-08 22:55:04,876 - INFO -       🎯 Strategy: material_focus (explore)
2025-08-08 22:55:07,893 - INFO - [TRELLIS] GPU cache cleared: {'status': 'cache_cleared', 'available_memory_gb': 20.629684224}
2025-08-08 22:55:07,893 - INFO -       🔍 Validating...
2025-08-08 22:55:07,894 - INFO -       📝 Using optimized prompt for generation: 'a pastel pink silk-draped chaise lounge adorned with delicate gold accents and subtle sheen to the fabric, inviting relaxation amidst soft, warm candlelight, front view, accurate, complete, white background...'
2025-08-08 22:55:07,894 - INFO -       🎯 Computing scores against original prompt: 'pastel pink silk-draped chaise lounge...'
2025-08-08 22:56:04,135 - INFO -       📊 Validation score: 0.8776
2025-08-08 22:56:04,136 - INFO -       🎯 New best score: 0.8776
2025-08-08 22:56:04,136 - INFO -       📈 Improvement detected: material_focus working better
2025-08-08 22:56:04,136 - INFO - 
   🔄 RL Round 7/17
2025-08-08 22:56:04,137 - INFO -       🎯 Strategy: minimalist_refinement (explore)
2025-08-08 22:56:07,200 - INFO - [TRELLIS] GPU cache cleared: {'status': 'cache_cleared', 'available_memory_gb': 20.629684224}
2025-08-08 22:56:07,201 - INFO -       🔍 Validating...
2025-08-08 22:56:07,201 - INFO -       📝 Using optimized prompt for generation: 'a pastel pink silk-draped chaise lounge with delicate gold piping along the edges and subtle sheen to the fabric, adorned with tiny mother-of-pearl buttons, front view, accurate, complete, white background...'
2025-08-08 22:56:07,201 - INFO -       🎯 Computing scores against original prompt: 'pastel pink silk-draped chaise lounge...'
2025-08-08 22:57:05,240 - INFO -       📊 Validation score: 0.8441
2025-08-08 22:57:05,241 - INFO -       📉 Score declined: Consider different approach
2025-08-08 22:57:05,241 - INFO - 
   🔄 RL Round 8/17
2025-08-08 22:57:05,241 - INFO -       🎯 Strategy: material_focus (exploit)
2025-08-08 22:57:09,348 - INFO - [TRELLIS] GPU cache cleared: {'status': 'cache_cleared', 'available_memory_gb': 20.629684224}
2025-08-08 22:57:09,349 - INFO -       🔍 Validating...
2025-08-08 22:57:09,349 - INFO -       📝 Using optimized prompt for generation: 'a pastel pink silk-draped chaise lounge with delicate, hand-embroidered floral patterns and intricate gold thread accents along the edges, front view, accurate, complete, white background...'
2025-08-08 22:57:09,349 - INFO -       🎯 Computing scores against original prompt: 'pastel pink silk-draped chaise lounge...'
2025-08-08 22:58:08,738 - INFO -       📊 Validation score: 0.4974
2025-08-08 22:58:08,739 - INFO -       🔍 Explore performing better - stricter convergence threshold: 0.005
2025-08-08 22:58:08,739 - INFO -       📉 Score declined: Consider different approach
2025-08-08 22:58:08,739 - INFO -       🔍 Increasing exploration to 0.80
2025-08-08 22:58:08,739 - INFO - 
   🔄 RL Round 9/17
2025-08-08 22:58:08,739 - INFO -       🔍 Explore performing better - increasing epsilon to 0.80
2025-08-08 22:58:08,739 - INFO -       🎯 Strategy: hybrid_approach (exploit)
2025-08-08 22:58:12,574 - INFO - [TRELLIS] GPU cache cleared: {'status': 'cache_cleared', 'available_memory_gb': 20.629684224}
2025-08-08 22:58:12,575 - INFO -       🔍 Validating...
2025-08-08 22:58:12,575 - INFO -       📝 Using optimized prompt for generation: 'a pastel pink silk-draped chaise lounge with delicate gold trim and subtle sheen to the fabric, front view, accurate, complete, white background...'
2025-08-08 22:58:12,575 - INFO -       🎯 Computing scores against original prompt: 'pastel pink silk-draped chaise lounge...'
2025-08-08 22:59:11,478 - INFO -       📊 Validation score: 0.8535
2025-08-08 22:59:11,479 - INFO -       📈 Improvement detected: hybrid_approach working better
2025-08-08 22:59:11,479 - INFO - 
   🔄 RL Round 10/17
2025-08-08 22:59:11,479 - INFO -       🔍 Explore performing better - increasing epsilon to 0.80
2025-08-08 22:59:11,479 - INFO -       🎯 Strategy: minimalist_refinement (explore)
2025-08-08 22:59:15,010 - INFO - [TRELLIS] GPU cache cleared: {'status': 'cache_cleared', 'available_memory_gb': 20.629684224}
2025-08-08 22:59:15,010 - INFO -       🔍 Validating...
2025-08-08 22:59:15,010 - INFO -       📝 Using optimized prompt for generation: 'a pastel pink silk-draped chaise lounge with delicate gold piping along the edges, adorned with subtle sheen to the fabric and intricate, hand-embroidered floral patterns along the arms, front view, accurate, complete, white background...'
2025-08-08 22:59:15,010 - INFO -       🎯 Computing scores against original prompt: 'pastel pink silk-draped chaise lounge...'
2025-08-08 23:00:15,390 - INFO -       📊 Validation score: 0.8526
2025-08-08 23:00:15,391 - INFO -       ✅ Convergence achieved: Convergence threshold met (improvement: -0.001)
2025-08-08 23:00:15,411 - INFO - 
🎯 RL LOOP COMPLETE:
2025-08-08 23:00:15,411 - INFO -    Best prompt: a pastel pink silk-draped chaise lounge adorned with delicate gold accents and subtle sheen to the fabric, inviting relaxation amidst soft, warm candlelight, front view, accurate, complete, white background
2025-08-08 23:00:15,411 - INFO -    Best score: 0.8776
2025-08-08 23:00:15,411 - INFO -    Rounds: 10
2025-08-08 23:00:15,412 - INFO -    Convergence: True
2025-08-08 23:00:15,412 - INFO -    Convergence reason: Convergence threshold met (improvement: -0.001)
2025-08-08 23:00:15,412 - INFO -    Exploration ratio: 60.0%
2025-08-08 23:00:15,412 - INFO -    Insights learned: 3
2025-08-08 23:00:15,412 - INFO -    Total time: 616.40s
2025-08-08 23:00:15,413 - INFO - Prompt optimized in 10 rounds: 0.798 → 0.878 (+0.080)
2025-08-08 23:00:15,413 - INFO - ✅ Target score achieved!
2025-08-08 23:00:15,413 - INFO - 
--- Episode 1, Prompt 29 (Total: 63) ---
2025-08-08 23:00:15,413 - INFO - Optimizing: 'mystical purple amulet with symbols'
2025-08-08 23:00:15,413 - INFO - 🔍 Checking server availability before optimization...
2025-08-08 23:00:15,424 - INFO - ✅ Server is available (status: completed)
2025-08-08 23:00:15,424 - INFO - 📝 Marked server as used at 1754694015.424316
2025-08-08 23:00:15,424 - INFO - ✅ Server is available and marked as used
2025-08-08 23:00:15,424 - INFO - 🔄 Reproducibility optimization returned no result
2025-08-08 23:00:15,424 - INFO -       🔧 Overriding endpoint: generate/baolei/
2025-08-08 23:00:15,424 - INFO -       🔧 Using endpoint: generate/baolei/
2025-08-08 23:00:15,427 - INFO - 
🔄 RL LOOP OPTIMIZATION: 'mystical purple amulet with symbols'
2025-08-08 23:00:15,427 - INFO -    Session: rl_session_1754694015_7643
2025-08-08 23:00:15,427 - INFO -    Max rounds: 17
2025-08-08 23:00:15,427 - INFO -    Min rounds before convergence: 5
2025-08-08 23:00:15,427 - INFO -    Target score: 0.99
2025-08-08 23:00:15,427 - INFO - 
   🔄 RL Round 1/17
2025-08-08 23:00:15,428 - INFO -       🔍 Explore performing better - increasing epsilon to 0.80
2025-08-08 23:00:15,428 - INFO -       🎯 Strategy: material_focus (explore)
2025-08-08 23:00:19,242 - INFO - [TRELLIS] GPU cache cleared: {'status': 'cache_cleared', 'available_memory_gb': 20.629684224}
2025-08-08 23:00:19,243 - INFO -       🔍 Validating...
2025-08-08 23:00:19,243 - INFO -       📝 Using optimized prompt for generation: 'mystical purple amulet adorned with intricate silver filigree and symbols etched into the stone background, front view, accurate, complete, white background...'
2025-08-08 23:00:19,243 - INFO -       🎯 Computing scores against original prompt: 'mystical purple amulet with symbols...'
2025-08-08 23:01:24,719 - INFO -       📊 Validation score: 0.5871
2025-08-08 23:01:24,719 - INFO -       🎯 New best score: 0.5871
2025-08-08 23:01:24,720 - INFO - 
   🔄 RL Round 2/17
2025-08-08 23:01:24,720 - INFO -       🔍 Explore performing better - increasing epsilon to 0.80
2025-08-08 23:01:24,720 - INFO -       🎯 Strategy: material_focus (explore)
2025-08-08 23:01:28,239 - INFO - [TRELLIS] GPU cache cleared: {'status': 'cache_cleared', 'available_memory_gb': 20.629684224}
2025-08-08 23:01:28,239 - INFO -       🔍 Validating...
2025-08-08 23:01:28,239 - INFO -       📝 Using optimized prompt for generation: 'a mystical, deeply colored purple amulet adorned with ornate, swirling silver filigree and subtle gemstone accents, front view, accurate, complete, white background...'
2025-08-08 23:01:28,240 - INFO -       🎯 Computing scores against original prompt: 'mystical purple amulet with symbols...'
2025-08-08 23:02:29,863 - INFO -       📊 Validation score: 0.9029
2025-08-08 23:02:29,863 - INFO -       🎯 New best score: 0.9029
2025-08-08 23:02:29,864 - INFO -       📈 Improvement detected: material_focus working better
2025-08-08 23:02:29,864 - INFO - 
   🔄 RL Round 3/17
2025-08-08 23:02:29,864 - INFO -       🔍 Explore performing better - increasing epsilon to 0.80
2025-08-08 23:02:29,864 - INFO -       🎯 Strategy: hybrid_approach (exploit)
2025-08-08 23:02:34,508 - INFO - [TRELLIS] GPU cache cleared: {'status': 'cache_cleared', 'available_memory_gb': 20.629684224}
2025-08-08 23:02:34,508 - INFO -       🔍 Validating...
2025-08-08 23:02:34,508 - INFO -       📝 Using optimized prompt for generation: 'a mystical, deeply colored purple amulet adorned with intricate, swirling silver filigree and subtle, gemstone-encrusted details etched into the stone back, front view, accurate, complete, white background...'
2025-08-08 23:02:34,508 - INFO -       🎯 Computing scores against original prompt: 'mystical purple amulet with symbols...'
2025-08-08 23:03:37,335 - INFO -       📊 Validation score: 0.7112
2025-08-08 23:03:37,335 - INFO -       📉 Score declined: Consider different approach
2025-08-08 23:03:37,335 - INFO - 
   🔄 RL Round 4/17
2025-08-08 23:03:37,335 - INFO -       🔍 Explore performing better - increasing epsilon to 0.80
2025-08-08 23:03:37,336 - INFO -       🎯 Strategy: hybrid_approach (explore)
2025-08-08 23:03:41,425 - INFO - [TRELLIS] GPU cache cleared: {'status': 'cache_cleared', 'available_memory_gb': 20.629684224}
2025-08-08 23:03:41,426 - INFO -       🔍 Validating...
2025-08-08 23:03:41,426 - INFO -       📝 Using optimized prompt for generation: 'a mystical, deeply colored purple amulet adorned with ornate, swirling silver filigree and subtle engravings of ancient runes etched into the stone back, front view, accurate, complete, white background...'
2025-08-08 23:03:41,426 - INFO -       🎯 Computing scores against original prompt: 'mystical purple amulet with symbols...'
2025-08-08 23:04:40,196 - INFO -       📊 Validation score: 0.8207
2025-08-08 23:04:40,197 - INFO -       📈 Improvement detected: hybrid_approach working better
2025-08-08 23:04:40,197 - INFO - 
   🔄 RL Round 5/17
2025-08-08 23:04:40,197 - INFO -       🔍 Explore performing better - increasing epsilon to 0.80
2025-08-08 23:04:40,197 - INFO -       🎯 Strategy: hybrid_approach (explore)
2025-08-08 23:04:44,157 - INFO - [TRELLIS] GPU cache cleared: {'status': 'cache_cleared', 'available_memory_gb': 20.629684224}
2025-08-08 23:04:44,158 - INFO -       🔍 Validating...
2025-08-08 23:04:44,158 - INFO -       📝 Using optimized prompt for generation: 'a mystical, deeply colored purple amulet adorned with intricate, swirling silver filigree that catches the light, subtly etched with ancient runes and gemstones in a delicate pattern...'
2025-08-08 23:04:44,158 - INFO -       🎯 Computing scores against original prompt: 'mystical purple amulet with symbols...'
2025-08-08 23:05:50,898 - INFO -       📊 Validation score: 0.4459
2025-08-08 23:05:50,899 - INFO -       📉 Score declined: Consider different approach
2025-08-08 23:05:50,899 - INFO -       🔍 Increasing exploration to 0.80
2025-08-08 23:05:50,899 - INFO - 
   🔄 RL Round 6/17
2025-08-08 23:05:50,899 - INFO -       🎯 Strategy: hybrid_approach (explore)
2025-08-08 23:05:54,881 - INFO - [TRELLIS] GPU cache cleared: {'status': 'cache_cleared', 'available_memory_gb': 20.629684224}
2025-08-08 23:05:54,882 - INFO -       🔍 Validating...
2025-08-08 23:05:54,882 - INFO -       📝 Using optimized prompt for generation: 'a mystical, deeply colored purple amulet adorned with intricate, swirling silver filigree and a delicate crystal pendant suspended from the chain., front view, accurate, complete, white background...'
2025-08-08 23:05:54,882 - INFO -       🎯 Computing scores against original prompt: 'mystical purple amulet with symbols...'
2025-08-08 23:06:52,033 - INFO -       📊 Validation score: 0.9139
2025-08-08 23:06:52,033 - INFO -       🎯 New best score: 0.9139
2025-08-08 23:06:52,034 - INFO -       📈 Improvement detected: hybrid_approach working better
2025-08-08 23:06:52,034 - INFO - 
   🔄 RL Round 7/17
2025-08-08 23:06:52,034 - INFO -       🎯 Strategy: conservative_enhancement (explore)
2025-08-08 23:06:55,380 - INFO - [TRELLIS] GPU cache cleared: {'status': 'cache_cleared', 'available_memory_gb': 20.629684224}
2025-08-08 23:06:55,380 - INFO -       🔍 Validating...
2025-08-08 23:06:55,380 - INFO -       📝 Using optimized prompt for generation: 'a mystical, deeply colored purple amulet adorned with delicate, swirling silver filigree that subtly enhance its ornate design, front view, accurate, complete, white background...'
2025-08-08 23:06:55,380 - INFO -       🎯 Computing scores against original prompt: 'mystical purple amulet with symbols...'
2025-08-08 23:07:53,540 - INFO -       📊 Validation score: 0.8530
2025-08-08 23:07:53,541 - INFO -       📉 Score declined: Consider different approach
2025-08-08 23:07:53,541 - INFO - 
   🔄 RL Round 8/17
2025-08-08 23:07:53,541 - INFO -       🔍 Explore performing better - increasing epsilon to 0.80
2025-08-08 23:07:53,541 - INFO -       🎯 Strategy: aggressive_transformation (explore)
2025-08-08 23:07:58,237 - INFO - [TRELLIS] GPU cache cleared: {'status': 'cache_cleared', 'available_memory_gb': 20.629684224}
2025-08-08 23:07:58,237 - INFO -       🔍 Validating...
2025-08-08 23:07:58,237 - INFO -       📝 Using optimized prompt for generation: 'a mystical, deeply colored purple amulet adorned with ornate, swirling silver filigree and subtle etchings on the stone back, front view, accurate, complete, white background...'
2025-08-08 23:07:58,237 - INFO -       🎯 Computing scores against original prompt: 'mystical purple amulet with symbols...'
2025-08-08 23:08:59,016 - INFO -       📊 Validation score: 0.8443
2025-08-08 23:08:59,016 - INFO -       ✅ Convergence achieved: Convergence threshold met (improvement: -0.009)
2025-08-08 23:08:59,034 - INFO - 
🎯 RL LOOP COMPLETE:
2025-08-08 23:08:59,034 - INFO -    Best prompt: a mystical, deeply colored purple amulet adorned with intricate, swirling silver filigree and a delicate crystal pendant suspended from the chain., front view, accurate, complete, white background
2025-08-08 23:08:59,034 - INFO -    Best score: 0.9139
2025-08-08 23:08:59,034 - INFO -    Rounds: 8
2025-08-08 23:08:59,034 - INFO -    Convergence: True
2025-08-08 23:08:59,034 - INFO -    Convergence reason: Convergence threshold met (improvement: -0.009)
2025-08-08 23:08:59,034 - INFO -    Exploration ratio: 87.5%
2025-08-08 23:08:59,035 - INFO -    Insights learned: 3
2025-08-08 23:08:59,035 - INFO -    Total time: 523.59s
2025-08-08 23:08:59,035 - INFO - Prompt optimized in 8 rounds: 0.587 → 0.914 (+0.327)
2025-08-08 23:08:59,035 - INFO - ✅ Target score achieved!
2025-08-08 23:08:59,035 - INFO - 
--- Episode 1, Prompt 30 (Total: 63) ---
2025-08-08 23:08:59,035 - INFO - Optimizing: 'leather-bound ornate crossbow with flintlock'
2025-08-08 23:08:59,035 - INFO - 🔍 Checking server availability before optimization...
2025-08-08 23:08:59,043 - INFO - ✅ Server is available (status: completed)
2025-08-08 23:08:59,043 - INFO - 📝 Marked server as used at 1754694539.0433192
2025-08-08 23:08:59,043 - INFO - ✅ Server is available and marked as used
2025-08-08 23:08:59,043 - INFO - 🔄 Reproducibility optimization returned no result
2025-08-08 23:08:59,043 - INFO -       🔧 Overriding endpoint: generate/baolei/
2025-08-08 23:08:59,043 - INFO -       🔧 Using endpoint: generate/baolei/
2025-08-08 23:08:59,046 - INFO - 
🔄 RL LOOP OPTIMIZATION: 'leather-bound ornate crossbow with flintlock'
2025-08-08 23:08:59,046 - INFO -    Session: rl_session_1754694539_7914
2025-08-08 23:08:59,046 - INFO -    Max rounds: 17
2025-08-08 23:08:59,046 - INFO -    Min rounds before convergence: 5
2025-08-08 23:08:59,046 - INFO -    Target score: 0.99
2025-08-08 23:08:59,047 - INFO - 
   🔄 RL Round 1/17
2025-08-08 23:08:59,047 - INFO -       🔍 Explore performing better - increasing epsilon to 0.80
2025-08-08 23:08:59,047 - INFO -       🎯 Strategy: technical_precision (explore)
2025-08-08 23:09:02,944 - INFO - [TRELLIS] GPU cache cleared: {'status': 'cache_cleared', 'available_memory_gb': 20.629684224}
2025-08-08 23:09:02,944 - INFO -       🔍 Validating...
2025-08-08 23:09:02,944 - INFO -       📝 Using optimized prompt for generation: 'leather-bound ornate crossbow with flintlock featuring an intricately tooled wooden stock and a steel-tipped trigger mechanism, front view, accurate, complete, white background...'
2025-08-08 23:09:02,944 - INFO -       🎯 Computing scores against original prompt: 'leather-bound ornate crossbow with flintlock...'
2025-08-08 23:10:00,100 - INFO -       📊 Validation score: 0.8232
2025-08-08 23:10:00,100 - INFO -       🎯 New best score: 0.8232
2025-08-08 23:10:00,101 - INFO - 
   🔄 RL Round 2/17
2025-08-08 23:10:00,101 - INFO -       🔍 Explore performing better - increasing epsilon to 0.80
2025-08-08 23:10:00,101 - INFO -       🎯 Strategy: technical_precision (explore)
2025-08-08 23:10:04,619 - INFO - [TRELLIS] GPU cache cleared: {'status': 'cache_cleared', 'available_memory_gb': 20.629684224}
2025-08-08 23:10:04,620 - INFO -       🔍 Validating...
2025-08-08 23:10:04,620 - INFO -       📝 Using optimized prompt for generation: 'leather-bound ornate crossbow with flintlock featuring an intricately tooled wooden stock and a stainless steel trigger mechanism, front view, accurate, complete, white background...'
2025-08-08 23:10:04,620 - INFO -       🎯 Computing scores against original prompt: 'leather-bound ornate crossbow with flintlock...'
2025-08-08 23:11:01,332 - INFO -       📊 Validation score: 0.8982
2025-08-08 23:11:01,332 - INFO -       🎯 New best score: 0.8982
2025-08-08 23:11:01,333 - INFO -       📈 Improvement detected: technical_precision working better
2025-08-08 23:11:01,333 - INFO - 
   🔄 RL Round 3/17
2025-08-08 23:11:01,333 - INFO -       🔍 Explore performing better - increasing epsilon to 0.80
2025-08-08 23:11:01,333 - INFO -       🎯 Strategy: conservative_enhancement (explore)
2025-08-08 23:11:05,149 - INFO - [TRELLIS] GPU cache cleared: {'status': 'cache_cleared', 'available_memory_gb': 20.629684224}
2025-08-08 23:11:05,150 - INFO -       🔍 Validating...
2025-08-08 23:11:05,150 - INFO -       📝 Using optimized prompt for generation: 'leather-bound ornate crossbow with flintlock featuring an intricately tooled wooden stock adorned with subtle golden filigree and a delicate silver-plated trigger mechanism, front view, accurate, complete, white background...'
2025-08-08 23:11:05,150 - INFO -       🎯 Computing scores against original prompt: 'leather-bound ornate crossbow with flintlock...'
2025-08-08 23:11:59,471 - INFO -       📊 Validation score: 0.8652
2025-08-08 23:11:59,471 - INFO -       📉 Score declined: Consider different approach
2025-08-08 23:11:59,471 - INFO - 
   🔄 RL Round 4/17
2025-08-08 23:11:59,472 - INFO -       🔍 Explore performing better - increasing epsilon to 0.80
2025-08-08 23:11:59,472 - INFO -       🎯 Strategy: conservative_enhancement (explore)
2025-08-08 23:12:02,982 - INFO - [TRELLIS] GPU cache cleared: {'status': 'cache_cleared', 'available_memory_gb': 20.629684224}
2025-08-08 23:12:02,982 - INFO -       🔍 Validating...
2025-08-08 23:12:02,982 - INFO -       📝 Using optimized prompt for generation: 'leather-bound ornate crossbow with flintlock featuring an intricately tooled leather grip and polished brass accents, front view, accurate, complete, white background...'
2025-08-08 23:12:02,983 - INFO -       🎯 Computing scores against original prompt: 'leather-bound ornate crossbow with flintlock...'
2025-08-08 23:12:57,072 - INFO -       📊 Validation score: 0.9022
2025-08-08 23:12:57,072 - INFO -       🎯 New best score: 0.9022
2025-08-08 23:12:57,073 - INFO -       📈 Improvement detected: conservative_enhancement working better
2025-08-08 23:12:57,073 - INFO - 
   🔄 RL Round 5/17
2025-08-08 23:12:57,073 - INFO -       🔍 Explore performing better - increasing epsilon to 0.80
2025-08-08 23:12:57,073 - INFO -       🎯 Strategy: aggressive_transformation (explore)
2025-08-08 23:13:00,146 - INFO - [TRELLIS] GPU cache cleared: {'status': 'cache_cleared', 'available_memory_gb': 20.629684224}
2025-08-08 23:13:00,146 - INFO -       🔍 Validating...
2025-08-08 23:13:00,147 - INFO -       📝 Using optimized prompt for generation: 'leather-bound ornate crossbow with flintlock featuring intricately tooled silver accents on the stock's curved surface and delicate etchings along the metal components of the flintlock mechanism, front view, accurate, complete, white background...'
2025-08-08 23:13:00,147 - INFO -       🎯 Computing scores against original prompt: 'leather-bound ornate crossbow with flintlock...'
2025-08-08 23:13:54,004 - INFO -       📊 Validation score: 0.8747
2025-08-08 23:13:54,005 - INFO -       🔍 Explore performing better - stricter convergence threshold: 0.005
2025-08-08 23:13:54,005 - INFO -       📉 Score declined: Consider different approach
2025-08-08 23:13:54,005 - INFO - 
   🔄 RL Round 6/17
2025-08-08 23:13:54,005 - INFO -       🔍 Explore performing better - increasing epsilon to 0.80
2025-08-08 23:13:54,005 - INFO -       🎯 Strategy: contextual_scene_building (explore)
2025-08-08 23:13:57,766 - INFO - [TRELLIS] GPU cache cleared: {'status': 'cache_cleared', 'available_memory_gb': 20.629684224}
2025-08-08 23:13:57,766 - INFO -       🔍 Validating...
2025-08-08 23:13:57,766 - INFO -       📝 Using optimized prompt for generation: 'a meticulously crafted leather-bound ornate crossbow with flintlock featuring delicate silver filigree on the stock and a subtle sheen to the leather bindings, front view, accurate, complete, white background...'
2025-08-08 23:13:57,766 - INFO -       🎯 Computing scores against original prompt: 'leather-bound ornate crossbow with flintlock...'
2025-08-08 23:14:54,489 - INFO -       📊 Validation score: 0.8168
2025-08-08 23:14:54,489 - INFO -       🔍 Explore performing better - stricter convergence threshold: 0.005
2025-08-08 23:14:54,489 - INFO -       📉 Score declined: Consider different approach
2025-08-08 23:14:54,489 - INFO - 
   🔄 RL Round 7/17
2025-08-08 23:14:54,490 - INFO -       🔍 Explore performing better - increasing epsilon to 0.80
2025-08-08 23:14:54,490 - INFO -       🎯 Strategy: minimalist_refinement (explore)
2025-08-08 23:14:58,475 - INFO - [TRELLIS] GPU cache cleared: {'status': 'cache_cleared', 'available_memory_gb': 20.629684224}
2025-08-08 23:14:58,476 - INFO -       🔍 Validating...
2025-08-08 23:14:58,476 - INFO -       📝 Using optimized prompt for generation: 'leather-bound ornate crossbow with flintlock featuring delicate silver etchings on the stock and ornate metalwork, front view, accurate, complete, white background...'
2025-08-08 23:14:58,476 - INFO -       🎯 Computing scores against original prompt: 'leather-bound ornate crossbow with flintlock...'
2025-08-08 23:15:55,200 - INFO -       📊 Validation score: 0.8948
2025-08-08 23:15:55,201 - INFO -       🔍 Explore performing better - stricter convergence threshold: 0.005
2025-08-08 23:15:55,201 - INFO -       📈 Improvement detected: minimalist_refinement working better
2025-08-08 23:15:55,201 - INFO - 
   🔄 RL Round 8/17
2025-08-08 23:15:55,201 - INFO -       🔍 Explore performing better - increasing epsilon to 0.80
2025-08-08 23:15:55,201 - INFO -       🎯 Strategy: aggressive_transformation (explore)
2025-08-08 23:15:59,119 - INFO - [TRELLIS] GPU cache cleared: {'status': 'cache_cleared', 'available_memory_gb': 20.629684224}
2025-08-08 23:15:59,119 - INFO -       🔍 Validating...
2025-08-08 23:15:59,119 - INFO -       📝 Using optimized prompt for generation: 'leather-bound ornate crossbow with flintlock featuring intricately tooled silver accents on the stock, alongside delicate engravings depicting scenes of medieval battles and mythological creatures, and a precision-crafted wooden grip adorned with microscopic inlays of mother-of-pearl, front view, accurate, complete, white background...'
2025-08-08 23:15:59,119 - INFO -       🎯 Computing scores against original prompt: 'leather-bound ornate crossbow with flintlock...'
2025-08-08 23:16:55,450 - INFO -       📊 Validation score: 0.8919
2025-08-08 23:16:55,450 - INFO -       🔍 Explore performing better - stricter convergence threshold: 0.005
2025-08-08 23:16:55,450 - INFO -       ✅ Convergence achieved: Convergence threshold met (improvement: -0.003)
2025-08-08 23:16:55,469 - INFO - 
🎯 RL LOOP COMPLETE:
2025-08-08 23:16:55,469 - INFO -    Best prompt: leather-bound ornate crossbow with flintlock featuring an intricately tooled leather grip and polished brass accents, front view, accurate, complete, white background
2025-08-08 23:16:55,469 - INFO -    Best score: 0.9022
2025-08-08 23:16:55,469 - INFO -    Rounds: 8
2025-08-08 23:16:55,469 - INFO -    Convergence: True
2025-08-08 23:16:55,469 - INFO -    Convergence reason: Convergence threshold met (improvement: -0.003)
2025-08-08 23:16:55,469 - INFO -    Exploration ratio: 100.0%
2025-08-08 23:16:55,469 - INFO -    Insights learned: 3
2025-08-08 23:16:55,470 - INFO -    Total time: 476.40s
2025-08-08 23:16:55,470 - INFO - Prompt optimized in 8 rounds: 0.823 → 0.902 (+0.079)
2025-08-08 23:16:55,470 - INFO - ✅ Target score achieved!
2025-08-08 23:16:55,470 - INFO - 
--- Episode 1, Prompt 31 (Total: 63) ---
2025-08-08 23:16:55,470 - INFO - Optimizing: 'silver necklace with red zircon'
2025-08-08 23:16:55,470 - INFO - 🔍 Checking server availability before optimization...
2025-08-08 23:16:55,478 - INFO - ✅ Server is available (status: completed)
2025-08-08 23:16:55,478 - INFO - 📝 Marked server as used at 1754695015.4785206
2025-08-08 23:16:55,478 - INFO - ✅ Server is available and marked as used
2025-08-08 23:16:55,478 - INFO - 🔄 Reproducibility optimization returned no result
2025-08-08 23:16:55,478 - INFO -       🔧 Overriding endpoint: generate/baolei/
2025-08-08 23:16:55,478 - INFO -       🔧 Using endpoint: generate/baolei/
2025-08-08 23:16:55,481 - INFO - 
🔄 RL LOOP OPTIMIZATION: 'silver necklace with red zircon'
2025-08-08 23:16:55,481 - INFO -    Session: rl_session_1754695015_1313
2025-08-08 23:16:55,481 - INFO -    Max rounds: 17
2025-08-08 23:16:55,481 - INFO -    Min rounds before convergence: 5
2025-08-08 23:16:55,481 - INFO -    Target score: 0.99
2025-08-08 23:16:55,482 - INFO - 
   🔄 RL Round 1/17
2025-08-08 23:16:55,482 - INFO -       🔍 Explore performing better - increasing epsilon to 0.80
2025-08-08 23:16:55,482 - INFO -       🎯 Strategy: technical_precision (explore)
2025-08-08 23:16:59,662 - INFO - [TRELLIS] GPU cache cleared: {'status': 'cache_cleared', 'available_memory_gb': 20.629684224}
2025-08-08 23:16:59,663 - INFO -       🔍 Validating...
2025-08-08 23:16:59,663 - INFO -       📝 Using optimized prompt for generation: 'a delicate silver necklace with a vibrant red zircon pendant suspended around the neck, resting on a velvet-lined satin box, front view, accurate, complete, white background...'
2025-08-08 23:16:59,663 - INFO -       🎯 Computing scores against original prompt: 'silver necklace with red zircon...'
2025-08-08 23:18:02,330 - INFO -       📊 Validation score: 0.7365
2025-08-08 23:18:02,331 - INFO -       🎯 New best score: 0.7365
2025-08-08 23:18:02,331 - INFO - 
   🔄 RL Round 2/17
2025-08-08 23:18:02,331 - INFO -       🔍 Explore performing better - increasing epsilon to 0.80
2025-08-08 23:18:02,331 - INFO -       🎯 Strategy: technical_precision (explore)
2025-08-08 23:18:06,631 - INFO - [TRELLIS] GPU cache cleared: {'status': 'cache_cleared', 'available_memory_gb': 20.629684224}
2025-08-08 23:18:06,632 - INFO -       🔍 Validating...
2025-08-08 23:18:06,632 - INFO -       📝 Using optimized prompt for generation: 'a delicate silver necklace with a vibrant red zircon pendant suspended around the neck, resting on a slender velvet pillow, front view, accurate, complete, white background...'
2025-08-08 23:18:06,632 - INFO -       🎯 Computing scores against original prompt: 'silver necklace with red zircon...'
2025-08-08 23:19:05,698 - INFO -       📊 Validation score: 0.7786
2025-08-08 23:19:05,699 - INFO -       🎯 New best score: 0.7786
2025-08-08 23:19:05,699 - INFO -       📈 Improvement detected: technical_precision working better
2025-08-08 23:19:05,699 - INFO - 
   🔄 RL Round 3/17
2025-08-08 23:19:05,699 - INFO -       🔍 Explore performing better - increasing epsilon to 0.80
2025-08-08 23:19:05,699 - INFO -       🎯 Strategy: technical_precision (explore)
2025-08-08 23:19:09,770 - INFO - [TRELLIS] GPU cache cleared: {'status': 'cache_cleared', 'available_memory_gb': 20.629684224}
2025-08-08 23:19:09,770 - INFO -       🔍 Validating...
2025-08-08 23:19:09,770 - INFO -       📝 Using optimized prompt for generation: 'a delicate, sterling silver necklace with a vibrant red zircon pendant suspended around the neck, adorned with intricate filigree patterns and subtle engravings, front view, accurate, complete, white background...'
2025-08-08 23:19:09,770 - INFO -       🎯 Computing scores against original prompt: 'silver necklace with red zircon...'
2025-08-08 23:20:06,132 - INFO -       📊 Validation score: 0.5701
2025-08-08 23:20:06,132 - INFO -       📉 Score declined: Consider different approach
2025-08-08 23:20:06,132 - INFO - 
   🔄 RL Round 4/17
2025-08-08 23:20:06,133 - INFO -       🔍 Explore performing better - increasing epsilon to 0.80
2025-08-08 23:20:06,133 - INFO -       🎯 Strategy: technical_precision (explore)
2025-08-08 23:20:09,575 - INFO - [TRELLIS] GPU cache cleared: {'status': 'cache_cleared', 'available_memory_gb': 20.629684224}
2025-08-08 23:20:09,576 - INFO -       🔍 Validating...
2025-08-08 23:20:09,576 - INFO -       📝 Using optimized prompt for generation: 'a slender silver necklace with a vibrant red zircon pendant suspended around the neck in a subtle yet elegant curve, front view, accurate, complete, white background...'
2025-08-08 23:20:09,576 - INFO -       🎯 Computing scores against original prompt: 'silver necklace with red zircon...'
2025-08-08 23:21:08,131 - INFO -       📊 Validation score: 0.8324
2025-08-08 23:21:08,132 - INFO -       🎯 New best score: 0.8324
2025-08-08 23:21:08,132 - INFO -       📈 Improvement detected: technical_precision working better
2025-08-08 23:21:08,132 - INFO - 
   🔄 RL Round 5/17
2025-08-08 23:21:08,132 - INFO -       🎯 Strategy: contextual_scene_building (explore)
2025-08-08 23:21:11,476 - INFO - [TRELLIS] GPU cache cleared: {'status': 'cache_cleared', 'available_memory_gb': 20.629684224}
2025-08-08 23:21:11,476 - INFO -       🔍 Validating...
2025-08-08 23:21:11,476 - INFO -       📝 Using optimized prompt for generation: 'a slender silver necklace featuring a vibrant, fire-engine red zircon pendant suspended around the neck, front view, accurate, complete, white background...'
2025-08-08 23:21:11,476 - INFO -       🎯 Computing scores against original prompt: 'silver necklace with red zircon...'
2025-08-08 23:22:09,180 - INFO -       📊 Validation score: 0.8345
2025-08-08 23:22:09,180 - INFO -       🎯 New best score: 0.8345
2025-08-08 23:22:09,181 - INFO -       ✅ Convergence achieved: Convergence threshold met (improvement: 0.002)
2025-08-08 23:22:09,202 - INFO - 
🎯 RL LOOP COMPLETE:
2025-08-08 23:22:09,202 - INFO -    Best prompt: a slender silver necklace featuring a vibrant, fire-engine red zircon pendant suspended around the neck, front view, accurate, complete, white background
2025-08-08 23:22:09,202 - INFO -    Best score: 0.8345
2025-08-08 23:22:09,202 - INFO -    Rounds: 5
2025-08-08 23:22:09,202 - INFO -    Convergence: True
2025-08-08 23:22:09,202 - INFO -    Convergence reason: Convergence threshold met (improvement: 0.002)
2025-08-08 23:22:09,202 - INFO -    Exploration ratio: 100.0%
2025-08-08 23:22:09,202 - INFO -    Insights learned: 3
2025-08-08 23:22:09,202 - INFO -    Total time: 313.70s
2025-08-08 23:22:09,203 - INFO - Prompt optimized in 5 rounds: 0.736 → 0.834 (+0.098)
2025-08-08 23:22:09,203 - INFO - ✅ Target score achieved!
2025-08-08 23:22:09,203 - INFO - 
--- Episode 1, Prompt 32 (Total: 63) ---
2025-08-08 23:22:09,203 - INFO - Optimizing: 'golden locket with intricate pattern'
2025-08-08 23:22:09,203 - INFO - 🔍 Checking server availability before optimization...
2025-08-08 23:22:09,210 - INFO - ✅ Server is available (status: completed)
2025-08-08 23:22:09,210 - INFO - 📝 Marked server as used at 1754695329.2106123
2025-08-08 23:22:09,210 - INFO - ✅ Server is available and marked as used
2025-08-08 23:22:09,210 - INFO - 🔄 Reproducibility optimization returned no result
2025-08-08 23:22:09,210 - INFO -       🔧 Overriding endpoint: generate/baolei/
2025-08-08 23:22:09,210 - INFO -       🔧 Using endpoint: generate/baolei/
2025-08-08 23:22:09,213 - INFO - 
🔄 RL LOOP OPTIMIZATION: 'golden locket with intricate pattern'
2025-08-08 23:22:09,213 - INFO -    Session: rl_session_1754695329_4522
2025-08-08 23:22:09,213 - INFO -    Max rounds: 17
2025-08-08 23:22:09,214 - INFO -    Min rounds before convergence: 5
2025-08-08 23:22:09,214 - INFO -    Target score: 0.99
2025-08-08 23:22:09,214 - INFO - 
   🔄 RL Round 1/17
2025-08-08 23:22:09,214 - INFO -       🎯 Strategy: contextual_scene_building (explore)
2025-08-08 23:22:12,581 - INFO - [TRELLIS] GPU cache cleared: {'status': 'cache_cleared', 'available_memory_gb': 20.629684224}
2025-08-08 23:22:12,582 - INFO -       🔍 Validating...
2025-08-08 23:22:12,582 - INFO -       📝 Using optimized prompt for generation: 'a golden locket adorned with delicate filigree, its intricate patterns glimmering in the light like tiny stars, front view, accurate, complete, white background...'
2025-08-08 23:22:12,582 - INFO -       🎯 Computing scores against original prompt: 'golden locket with intricate pattern...'
2025-08-08 23:23:06,865 - INFO -       📊 Validation score: 0.8592
2025-08-08 23:23:06,865 - INFO -       🎯 New best score: 0.8592
2025-08-08 23:23:06,866 - INFO - 
   🔄 RL Round 2/17
2025-08-08 23:23:06,866 - INFO -       🔍 Explore performing better - increasing epsilon to 0.80
2025-08-08 23:23:06,866 - INFO -       🎯 Strategy: minimalist_refinement (explore)
2025-08-08 23:23:10,285 - INFO - [TRELLIS] GPU cache cleared: {'status': 'cache_cleared', 'available_memory_gb': 20.629684224}
2025-08-08 23:23:10,285 - INFO -       🔍 Validating...
2025-08-08 23:23:10,285 - INFO -       📝 Using optimized prompt for generation: 'a golden locket adorned with an intricately designed filigree pattern that catches the light, front view, accurate, complete, white background...'
2025-08-08 23:23:10,285 - INFO -       🎯 Computing scores against original prompt: 'golden locket with intricate pattern...'
2025-08-08 23:24:06,351 - INFO -       📊 Validation score: 0.8299
2025-08-08 23:24:06,352 - INFO -       📉 Score declined: Consider different approach
2025-08-08 23:24:06,352 - INFO - 
   🔄 RL Round 3/17
2025-08-08 23:24:06,352 - INFO -       🔍 Explore performing better - increasing epsilon to 0.80
2025-08-08 23:24:06,352 - INFO -       🎯 Strategy: minimalist_refinement (explore)
2025-08-08 23:24:09,832 - INFO - [TRELLIS] GPU cache cleared: {'status': 'cache_cleared', 'available_memory_gb': 20.629684224}
2025-08-08 23:24:09,832 - INFO -       🔍 Validating...
2025-08-08 23:24:09,832 - INFO -       📝 Using optimized prompt for generation: 'a delicate golden locket with intricate filigree patterns, its edges adorned with microscopic etchings that reflect the light and add to its overall allure, front view, accurate, complete, white background...'
2025-08-08 23:24:09,832 - INFO -       🎯 Computing scores against original prompt: 'golden locket with intricate pattern...'
2025-08-08 23:25:05,888 - INFO -       📊 Validation score: 0.7494
2025-08-08 23:25:05,888 - INFO -       📉 Score declined: Consider different approach
2025-08-08 23:25:05,888 - INFO - 
   🔄 RL Round 4/17
2025-08-08 23:25:05,889 - INFO -       🔍 Explore performing better - increasing epsilon to 0.80
2025-08-08 23:25:05,889 - INFO -       🎯 Strategy: minimalist_refinement (explore)
2025-08-08 23:25:09,262 - INFO - [TRELLIS] GPU cache cleared: {'status': 'cache_cleared', 'available_memory_gb': 20.629684224}
2025-08-08 23:25:09,263 - INFO -       🔍 Validating...
2025-08-08 23:25:09,263 - INFO -       📝 Using optimized prompt for generation: 'a delicate golden locket with an intricately designed filigree pattern that catches the light, its edges adorned with microscopic etching details and a subtle sheen, front view, accurate, complete, white background...'
2025-08-08 23:25:09,263 - INFO -       🎯 Computing scores against original prompt: 'golden locket with intricate pattern...'
2025-08-08 23:26:05,571 - INFO -       📊 Validation score: 0.7062
2025-08-08 23:26:05,572 - INFO -       📉 Score declined: Consider different approach
2025-08-08 23:26:05,572 - INFO - 
   🔄 RL Round 5/17
2025-08-08 23:26:05,572 - INFO -       🔍 Explore performing better - increasing epsilon to 0.80
2025-08-08 23:26:05,572 - INFO -       🎯 Strategy: minimalist_refinement (explore)
2025-08-08 23:26:09,305 - INFO - [TRELLIS] GPU cache cleared: {'status': 'cache_cleared', 'available_memory_gb': 20.629684224}
2025-08-08 23:26:09,306 - INFO -       🔍 Validating...
2025-08-08 23:26:09,306 - INFO -       📝 Using optimized prompt for generation: 'a delicate golden locket with an intricately designed filigree pattern that catches the light, its edges adorned with microscopic etchings and subtle wear from years of gentle handling...'
2025-08-08 23:26:09,306 - INFO -       🎯 Computing scores against original prompt: 'golden locket with intricate pattern...'
2025-08-08 23:27:05,223 - INFO -       📊 Validation score: 0.8969
2025-08-08 23:27:05,223 - INFO -       🎯 New best score: 0.8969
2025-08-08 23:27:05,224 - INFO -       📈 Improvement detected: minimalist_refinement working better
2025-08-08 23:27:05,224 - INFO - 
   🔄 RL Round 6/17
2025-08-08 23:27:05,224 - INFO -       🔍 Explore performing better - increasing epsilon to 0.80
2025-08-08 23:27:05,224 - INFO -       🎯 Strategy: conservative_enhancement (explore)
2025-08-08 23:27:09,168 - INFO - [TRELLIS] GPU cache cleared: {'status': 'cache_cleared', 'available_memory_gb': 20.629684224}
2025-08-08 23:27:09,169 - INFO -       🔍 Validating...
2025-08-08 23:27:09,169 - INFO -       📝 Using optimized prompt for generation: 'a delicate golden locket adorned with an intricately designed filigree pattern that catches the light, its edges adorned with microscopic etching and subtle ornamental details, front view, accurate, complete, white background...'
2025-08-08 23:27:09,169 - INFO -       🎯 Computing scores against original prompt: 'golden locket with intricate pattern...'
2025-08-08 23:28:04,807 - INFO -       📊 Validation score: 0.6719
2025-08-08 23:28:04,807 - INFO -       📉 Score declined: Consider different approach
2025-08-08 23:28:04,807 - INFO - 
   🔄 RL Round 7/17
2025-08-08 23:28:04,808 - INFO -       🔍 Explore performing better - increasing epsilon to 0.80
2025-08-08 23:28:04,808 - INFO -       🎯 Strategy: aggressive_transformation (exploit)
2025-08-08 23:28:08,428 - INFO - [TRELLIS] GPU cache cleared: {'status': 'cache_cleared', 'available_memory_gb': 20.629684224}
2025-08-08 23:28:08,429 - INFO -       🔍 Validating...
2025-08-08 23:28:08,429 - INFO -       📝 Using optimized prompt for generation: 'a golden locket adorned with an intricately etched filigree pattern that catches the light and glimmers with subtle, shimmering hues, front view, accurate, complete, white background...'
2025-08-08 23:28:08,429 - INFO -       🎯 Computing scores against original prompt: 'golden locket with intricate pattern...'
2025-08-08 23:29:03,802 - INFO -       📊 Validation score: 0.8571
2025-08-08 23:29:03,802 - INFO -       📈 Improvement detected: aggressive_transformation working better
2025-08-08 23:29:03,802 - INFO - 
   🔄 RL Round 8/17
2025-08-08 23:29:03,802 - INFO -       🎯 Strategy: aggressive_transformation (exploit)
2025-08-08 23:29:08,114 - INFO - [TRELLIS] GPU cache cleared: {'status': 'cache_cleared', 'available_memory_gb': 20.629684224}
2025-08-08 23:29:08,114 - INFO -       🔍 Validating...
2025-08-08 23:29:08,114 - INFO -       📝 Using optimized prompt for generation: 'a delicate, antique golden locket with a filigree pattern that catches the light and is adorned with microscopic etching details, front view, accurate, complete, white background...'
2025-08-08 23:29:08,115 - INFO -       🎯 Computing scores against original prompt: 'golden locket with intricate pattern...'
2025-08-08 23:30:04,061 - INFO -       📊 Validation score: 0.6159
2025-08-08 23:30:04,062 - INFO -       📉 Score declined: Consider different approach
2025-08-08 23:30:04,062 - INFO - 
   🔄 RL Round 9/17
2025-08-08 23:30:04,062 - INFO -       🔍 Explore performing better - increasing epsilon to 0.80
2025-08-08 23:30:04,062 - INFO -       🎯 Strategy: conservative_enhancement (explore)
2025-08-08 23:30:07,399 - INFO - [TRELLIS] GPU cache cleared: {'status': 'cache_cleared', 'available_memory_gb': 20.629684224}
2025-08-08 23:30:07,399 - INFO -       🔍 Validating...
2025-08-08 23:30:07,400 - INFO -       📝 Using optimized prompt for generation: 'a delicate golden locket with an intricately etched filigree pattern that catches the light and glimmers in subtle shades of rose gold, front view, accurate, complete, white background...'
2025-08-08 23:30:07,400 - INFO -       🎯 Computing scores against original prompt: 'golden locket with intricate pattern...'
2025-08-08 23:31:05,444 - INFO -       📊 Validation score: 0.7200
2025-08-08 23:31:05,444 - INFO -       📈 Improvement detected: conservative_enhancement working better
2025-08-08 23:31:05,445 - INFO - 
   🔄 RL Round 10/17
2025-08-08 23:31:05,445 - INFO -       🎯 Strategy: conservative_enhancement (explore)
2025-08-08 23:31:08,888 - INFO - [TRELLIS] GPU cache cleared: {'status': 'cache_cleared', 'available_memory_gb': 20.629684224}
2025-08-08 23:31:08,888 - INFO -       🔍 Validating...
2025-08-08 23:31:08,888 - INFO -       📝 Using optimized prompt for generation: 'a golden locket adorned with an intricately designed filigree pattern that catches the light, its delicate curves and ornate details radiating a warm, sun-kissed glow...'
2025-08-08 23:31:08,888 - INFO -       🎯 Computing scores against original prompt: 'golden locket with intricate pattern...'
2025-08-08 23:32:04,133 - INFO -       📊 Validation score: 0.8824
2025-08-08 23:32:04,134 - INFO -       📈 Improvement detected: conservative_enhancement working better
2025-08-08 23:32:04,134 - INFO - 
   🔄 RL Round 11/17
2025-08-08 23:32:04,134 - INFO -       🔍 Explore performing better - increasing epsilon to 0.80
2025-08-08 23:32:04,134 - INFO -       🎯 Strategy: conservative_enhancement (exploit)
2025-08-08 23:32:07,270 - INFO - [TRELLIS] GPU cache cleared: {'status': 'cache_cleared', 'available_memory_gb': 20.629684224}
2025-08-08 23:32:07,270 - INFO -       🔍 Validating...
2025-08-08 23:32:07,271 - INFO -       📝 Using optimized prompt for generation: 'a delicate golden locket with intricate filigree patterns, its surface adorned with microscopic engravings that catch the light, front view, accurate, complete, white background...'
2025-08-08 23:32:07,271 - INFO -       🎯 Computing scores against original prompt: 'golden locket with intricate pattern...'
2025-08-08 23:33:04,886 - INFO -       📊 Validation score: 0.4005
2025-08-08 23:33:04,887 - INFO -       🔍 Explore performing better - stricter convergence threshold: 0.005
2025-08-08 23:33:04,887 - INFO -       📉 Score declined: Consider different approach
2025-08-08 23:33:04,887 - INFO -       🔍 Increasing exploration to 0.80
2025-08-08 23:33:04,887 - INFO - 
   🔄 RL Round 12/17
2025-08-08 23:33:04,887 - INFO -       🔍 Explore performing better - increasing epsilon to 0.80
2025-08-08 23:33:04,887 - INFO -       🎯 Strategy: artistic_elaboration (exploit)
2025-08-08 23:33:09,237 - INFO - [TRELLIS] GPU cache cleared: {'status': 'cache_cleared', 'available_memory_gb': 20.629684224}
2025-08-08 23:33:09,238 - INFO -       🔍 Validating...
2025-08-08 23:33:09,238 - INFO -       📝 Using optimized prompt for generation: 'a delicate golden locket with an intricately etched filigree pattern that catches the light and glimmers in the sun's rays...'
2025-08-08 23:33:09,238 - INFO -       🎯 Computing scores against original prompt: 'golden locket with intricate pattern...'
2025-08-08 23:34:08,213 - INFO -       📊 Validation score: 0.8630
2025-08-08 23:34:08,214 - INFO -       🔍 Explore performing better - stricter convergence threshold: 0.005
2025-08-08 23:34:08,214 - INFO -       📈 Improvement detected: artistic_elaboration working better
2025-08-08 23:34:08,214 - INFO - 
   🔄 RL Round 13/17
2025-08-08 23:34:08,214 - INFO -       🔍 Explore performing better - increasing epsilon to 0.80
2025-08-08 23:34:08,214 - INFO -       🎯 Strategy: aggressive_transformation (explore)
2025-08-08 23:34:11,418 - INFO - [TRELLIS] GPU cache cleared: {'status': 'cache_cleared', 'available_memory_gb': 20.629684224}
2025-08-08 23:34:11,419 - INFO -       🔍 Validating...
2025-08-08 23:34:11,419 - INFO -       📝 Using optimized prompt for generation: 'a delicate golden locket with an intricately etched filigree pattern that catches the light, its edges adorned with microscopic scratches and subtle hints of patina, front view, accurate, complete, white background...'
2025-08-08 23:34:11,419 - INFO -       🎯 Computing scores against original prompt: 'golden locket with intricate pattern...'
2025-08-08 23:35:09,081 - WARNING -    🔧 Score 0.0 - clearing CUDA cache
2025-08-08 23:35:09,081 - INFO -       📊 Validation score: 0.0000
2025-08-08 23:35:09,082 - INFO -       🔍 Explore performing better - stricter convergence threshold: 0.005
2025-08-08 23:35:09,083 - INFO - 
   🔄 RL Round 14/17
2025-08-08 23:35:09,083 - INFO -       🔍 Explore performing better - increasing epsilon to 0.80
2025-08-08 23:35:09,083 - INFO -       🎯 Strategy: artistic_elaboration (exploit)
2025-08-08 23:35:12,685 - INFO - [TRELLIS] GPU cache cleared: {'status': 'cache_cleared', 'available_memory_gb': 20.629684224}
2025-08-08 23:35:12,686 - INFO -       🔍 Validating...
2025-08-08 23:35:12,686 - INFO -       📝 Using optimized prompt for generation: 'a delicate golden locket adorned with an intricately designed filigree pattern that catches the light, its surface subtly etched with minute ornamental details and tiny, shimmering gemstones that add a touch of elegance...'
2025-08-08 23:35:12,686 - INFO -       🎯 Computing scores against original prompt: 'golden locket with intricate pattern...'
2025-08-08 23:36:09,265 - INFO -       📊 Validation score: 0.8736
2025-08-08 23:36:09,266 - INFO -       🔍 Explore performing better - stricter convergence threshold: 0.005
2025-08-08 23:36:09,266 - INFO - 
   🔄 RL Round 15/17
2025-08-08 23:36:09,266 - INFO -       🔍 Explore performing better - increasing epsilon to 0.80
2025-08-08 23:36:09,266 - INFO -       🎯 Strategy: aggressive_transformation (explore)
2025-08-08 23:36:14,020 - INFO - [TRELLIS] GPU cache cleared: {'status': 'cache_cleared', 'available_memory_gb': 20.629684224}
2025-08-08 23:36:14,021 - INFO -       🔍 Validating...
2025-08-08 23:36:14,021 - INFO -       📝 Using optimized prompt for generation: 'a delicate golden locket with an intricately etched filigree pattern that catches the light and glimmers softly in the moonlight, front view, accurate, complete, white background...'
2025-08-08 23:36:14,021 - INFO -       🎯 Computing scores against original prompt: 'golden locket with intricate pattern...'
2025-08-08 23:37:13,060 - INFO -       📊 Validation score: 0.5084
2025-08-08 23:37:13,061 - INFO -       📉 Score declined: Consider different approach
2025-08-08 23:37:13,061 - INFO - 
   🔄 RL Round 16/17
2025-08-08 23:37:13,061 - INFO -       🎯 Strategy: artistic_elaboration (exploit)
2025-08-08 23:37:16,515 - INFO - [TRELLIS] GPU cache cleared: {'status': 'cache_cleared', 'available_memory_gb': 20.629684224}
2025-08-08 23:37:16,515 - INFO -       🔍 Validating...
2025-08-08 23:37:16,516 - INFO -       📝 Using optimized prompt for generation: 'a golden locket adorned with an intricately etched filigree pattern that catches the light and glimmers softly, front view, accurate, complete, white background...'
2025-08-08 23:37:16,516 - INFO -       🎯 Computing scores against original prompt: 'golden locket with intricate pattern...'
2025-08-08 23:38:12,667 - INFO -       📊 Validation score: 0.6767
2025-08-08 23:38:12,668 - INFO -       🔍 Explore performing better - stricter convergence threshold: 0.005
2025-08-08 23:38:12,668 - INFO -       📈 Improvement detected: artistic_elaboration working better
2025-08-08 23:38:12,668 - INFO - 
   🔄 RL Round 17/17
2025-08-08 23:38:12,668 - INFO -       🎯 Strategy: conservative_enhancement (explore)
2025-08-08 23:38:16,923 - INFO - [TRELLIS] GPU cache cleared: {'status': 'cache_cleared', 'available_memory_gb': 20.629684224}
2025-08-08 23:38:16,924 - INFO -       🔍 Validating...
2025-08-08 23:38:16,924 - INFO -       📝 Using optimized prompt for generation: 'a delicate golden locket adorned with an intricately designed filigree pattern that catches the light, its edges and surface etched with microscopic details of interlocking flowers and vines, front view, accurate, complete, white background...'
2025-08-08 23:38:16,924 - INFO -       🎯 Computing scores against original prompt: 'golden locket with intricate pattern...'
2025-08-08 23:39:15,187 - INFO -       📊 Validation score: 0.6188
2025-08-08 23:39:15,214 - INFO - 
🎯 RL LOOP COMPLETE:
2025-08-08 23:39:15,215 - INFO -    Best prompt: a delicate golden locket with an intricately designed filigree pattern that catches the light, its edges adorned with microscopic etchings and subtle wear from years of gentle handling
2025-08-08 23:39:15,215 - INFO -    Best score: 0.8969
2025-08-08 23:39:15,216 - INFO -    Rounds: 17
2025-08-08 23:39:15,216 - INFO -    Convergence: False
2025-08-08 23:39:15,216 - INFO -    Convergence reason: Not converged
2025-08-08 23:39:15,217 - INFO -    Exploration ratio: 64.7%
2025-08-08 23:39:15,217 - INFO -    Insights learned: 2
2025-08-08 23:39:15,218 - INFO -    Total time: 1025.97s
2025-08-08 23:39:15,218 - INFO - Prompt optimized in 17 rounds: 0.859 → 0.897 (+0.038)
2025-08-08 23:39:15,219 - INFO - ⏰ Max rounds reached
2025-08-08 23:39:15,221 - INFO - 
--- Episode 1, Prompt 33 (Total: 63) ---
2025-08-08 23:39:15,221 - INFO - Optimizing: 'futuristic plasma gun with energy core'
2025-08-08 23:39:15,221 - INFO - 🔍 Checking server availability before optimization...
2025-08-08 23:39:15,233 - INFO - ✅ Server is available (status: completed)
2025-08-08 23:39:15,233 - INFO - 📝 Marked server as used at 1754696355.2337298
2025-08-08 23:39:15,233 - INFO - ✅ Server is available and marked as used
2025-08-08 23:39:15,234 - INFO - 🔄 Reproducibility optimization returned no result
2025-08-08 23:39:15,234 - INFO -       🔧 Overriding endpoint: generate/baolei/
2025-08-08 23:39:15,234 - INFO -       🔧 Using endpoint: generate/baolei/
2025-08-08 23:39:15,237 - INFO - 
🔄 RL LOOP OPTIMIZATION: 'futuristic plasma gun with energy core'
2025-08-08 23:39:15,238 - INFO -    Session: rl_session_1754696355_9518
2025-08-08 23:39:15,238 - INFO -    Max rounds: 17
2025-08-08 23:39:15,238 - INFO -    Min rounds before convergence: 5
2025-08-08 23:39:15,239 - INFO -    Target score: 0.99
2025-08-08 23:39:15,239 - INFO - 
   🔄 RL Round 1/17
2025-08-08 23:39:15,240 - INFO -       🎯 Strategy: aggressive_transformation (explore)
2025-08-08 23:39:19,268 - INFO - [TRELLIS] GPU cache cleared: {'status': 'cache_cleared', 'available_memory_gb': 20.629684224}
2025-08-08 23:39:19,268 - INFO -       🔍 Validating...
2025-08-08 23:39:19,269 - INFO -       📝 Using optimized prompt for generation: 'futuristic plasma gun with a slender, aerodynamic energy core and a retractable safety mechanism, front view, accurate, complete, white background...'
2025-08-08 23:39:19,269 - INFO -       🎯 Computing scores against original prompt: 'futuristic plasma gun with energy core...'
2025-08-08 23:40:16,223 - INFO -       📊 Validation score: 0.9027
2025-08-08 23:40:16,223 - INFO -       🎯 New best score: 0.9027
2025-08-08 23:40:16,223 - INFO - 
   🔄 RL Round 2/17
2025-08-08 23:40:16,224 - INFO -       🎯 Strategy: conservative_enhancement (explore)
2025-08-08 23:40:20,310 - INFO - [TRELLIS] GPU cache cleared: {'status': 'cache_cleared', 'available_memory_gb': 20.629684224}
2025-08-08 23:40:20,311 - INFO -       🔍 Validating...
2025-08-08 23:40:20,311 - INFO -       📝 Using optimized prompt for generation: 'futuristic plasma gun with a slender, aerodynamic energy core and adjustable power settings, front view, accurate, complete, white background...'
2025-08-08 23:40:20,311 - INFO -       🎯 Computing scores against original prompt: 'futuristic plasma gun with energy core...'
2025-08-08 23:41:18,429 - INFO -       📊 Validation score: 0.8595
2025-08-08 23:41:18,430 - INFO -       📉 Score declined: Consider different approach
2025-08-08 23:41:18,430 - INFO - 
   🔄 RL Round 3/17
2025-08-08 23:41:18,430 - INFO -       🔍 Explore performing better - increasing epsilon to 0.80
2025-08-08 23:41:18,431 - INFO -       🎯 Strategy: artistic_elaboration (explore)
2025-08-08 23:41:23,205 - INFO - [TRELLIS] GPU cache cleared: {'status': 'cache_cleared', 'available_memory_gb': 20.629684224}
2025-08-08 23:41:23,206 - INFO -       🔍 Validating...
2025-08-08 23:41:23,206 - INFO -       📝 Using optimized prompt for generation: 'futuristic plasma gun with a slender, aerodynamic energy core and adjustable power settings, featuring a high-intensity discharge system and a robust, impact-resistant casing, front view, accurate, complete, white background...'
2025-08-08 23:41:23,206 - INFO -       🎯 Computing scores against original prompt: 'futuristic plasma gun with energy core...'
2025-08-08 23:42:19,930 - INFO -       📊 Validation score: 0.7856
2025-08-08 23:42:19,930 - INFO -       📉 Score declined: Consider different approach
2025-08-08 23:42:19,930 - INFO - 
   🔄 RL Round 4/17
2025-08-08 23:42:19,930 - INFO -       🎯 Strategy: artistic_elaboration (explore)
2025-08-08 23:42:23,243 - INFO - [TRELLIS] GPU cache cleared: {'status': 'cache_cleared', 'available_memory_gb': 20.629684224}
2025-08-08 23:42:23,244 - INFO -       🔍 Validating...
2025-08-08 23:42:23,244 - INFO -       📝 Using optimized prompt for generation: 'futuristic plasma gun with an aerodynamically optimized, hexagonal-shaped energy core featuring a precision-crafted crystal lattice structure and adjustable power settings...'
2025-08-08 23:42:23,244 - INFO -       🎯 Computing scores against original prompt: 'futuristic plasma gun with energy core...'
2025-08-08 23:43:18,831 - INFO -       📊 Validation score: 0.3976
2025-08-08 23:43:18,831 - INFO -       📉 Score declined: Consider different approach
2025-08-08 23:43:18,832 - INFO -       🔍 Increasing exploration to 0.80
2025-08-08 23:43:18,832 - INFO - 
   🔄 RL Round 5/17
2025-08-08 23:43:18,832 - INFO -       🎯 Strategy: artistic_elaboration (explore)
2025-08-08 23:43:22,532 - INFO - [TRELLIS] GPU cache cleared: {'status': 'cache_cleared', 'available_memory_gb': 20.629684224}
2025-08-08 23:43:22,532 - INFO -       🔍 Validating...
2025-08-08 23:43:22,532 - INFO -       📝 Using optimized prompt for generation: 'futuristic plasma gun with a cylindrical, aerodynamically optimized energy core featuring retractable power settings and a precision-adjusted firing mechanism...'
2025-08-08 23:43:22,532 - INFO -       🎯 Computing scores against original prompt: 'futuristic plasma gun with energy core...'
2025-08-08 23:44:23,146 - INFO -       📊 Validation score: 0.9309
2025-08-08 23:44:23,147 - INFO -       🎯 New best score: 0.9309
2025-08-08 23:44:23,147 - INFO -       📈 Improvement detected: artistic_elaboration working better
2025-08-08 23:44:23,149 - INFO - 
   🔄 RL Round 6/17
2025-08-08 23:44:23,149 - INFO -       🔍 Explore performing better - increasing epsilon to 0.80
2025-08-08 23:44:23,149 - INFO -       🎯 Strategy: contextual_scene_building (explore)
2025-08-08 23:44:26,929 - INFO - [TRELLIS] GPU cache cleared: {'status': 'cache_cleared', 'available_memory_gb': 20.629684224}
2025-08-08 23:44:26,929 - INFO -       🔍 Validating...
2025-08-08 23:44:26,929 - INFO -       📝 Using optimized prompt for generation: 'futuristic plasma gun with a slender, aerodynamically optimized energy core featuring retractable and adjustable plasma conduits, heat dissipation channels, and a precision-machined metal alloy body, front view, accurate, complete, white background...'
2025-08-08 23:44:26,929 - INFO -       🎯 Computing scores against original prompt: 'futuristic plasma gun with energy core...'
2025-08-08 23:45:24,926 - INFO -       📊 Validation score: 0.9018
2025-08-08 23:45:24,926 - INFO -       📉 Score declined: Consider different approach
2025-08-08 23:45:24,927 - INFO - 
   🔄 RL Round 7/17
2025-08-08 23:45:24,928 - INFO -       🔍 Explore performing better - increasing epsilon to 0.80
2025-08-08 23:45:24,929 - INFO -       🎯 Strategy: contextual_scene_building (explore)
2025-08-08 23:45:29,126 - INFO - [TRELLIS] GPU cache cleared: {'status': 'cache_cleared', 'available_memory_gb': 20.629684224}
2025-08-08 23:45:29,126 - INFO -       🔍 Validating...
2025-08-08 23:45:29,126 - INFO -       📝 Using optimized prompt for generation: 'futuristic plasma gun with adjustable magnetic resonance frequency, aerodynamically optimized energy core featuring integrated cooling system, front view, accurate, complete, white background...'
2025-08-08 23:45:29,126 - INFO -       🎯 Computing scores against original prompt: 'futuristic plasma gun with energy core...'
2025-08-08 23:46:28,104 - INFO -       📊 Validation score: 0.4463
2025-08-08 23:46:28,105 - INFO -       📉 Score declined: Consider different approach
2025-08-08 23:46:28,105 - INFO -       🔍 Increasing exploration to 0.80
2025-08-08 23:46:28,105 - INFO - 
   🔄 RL Round 8/17
2025-08-08 23:46:28,106 - INFO -       🎯 Strategy: contextual_scene_building (explore)
2025-08-08 23:46:32,294 - INFO - [TRELLIS] GPU cache cleared: {'status': 'cache_cleared', 'available_memory_gb': 20.629684224}
2025-08-08 23:46:32,295 - INFO -       🔍 Validating...
2025-08-08 23:46:32,295 - INFO -       📝 Using optimized prompt for generation: 'futuristic plasma gun with a slender, aerodynamically optimized energy core featuring adjustable power settings and a retractable safety mechanism, front view, accurate, complete, white background...'
2025-08-08 23:46:32,295 - INFO -       🎯 Computing scores against original prompt: 'futuristic plasma gun with energy core...'
2025-08-08 23:47:30,586 - INFO -       📊 Validation score: 0.8173
2025-08-08 23:47:30,587 - INFO -       📈 Improvement detected: contextual_scene_building working better
2025-08-08 23:47:30,587 - INFO - 
   🔄 RL Round 9/17
2025-08-08 23:47:30,587 - INFO -       🎯 Strategy: contextual_scene_building (explore)
2025-08-08 23:47:34,537 - INFO - [TRELLIS] GPU cache cleared: {'status': 'cache_cleared', 'available_memory_gb': 20.629684224}
2025-08-08 23:47:34,537 - INFO -       🔍 Validating...
2025-08-08 23:47:34,537 - INFO -       📝 Using optimized prompt for generation: 'futuristic plasma gun with an advanced, hexagonal-shaped energy core featuring a retractable thermal management system and adjustable resonance frequency, front view, accurate, complete, white background...'
2025-08-08 23:47:34,537 - INFO -       🎯 Computing scores against original prompt: 'futuristic plasma gun with energy core...'
2025-08-08 23:48:33,000 - INFO -       📊 Validation score: 0.9192
2025-08-08 23:48:33,001 - INFO -       🔍 Explore performing better - stricter convergence threshold: 0.005
2025-08-08 23:48:33,001 - INFO -       📈 Improvement detected: contextual_scene_building working better
2025-08-08 23:48:33,001 - INFO - 
   🔄 RL Round 10/17
2025-08-08 23:48:33,001 - INFO -       🔍 Explore performing better - increasing epsilon to 0.80
2025-08-08 23:48:33,002 - INFO -       🎯 Strategy: contextual_scene_building (exploit)
2025-08-08 23:48:36,490 - INFO - [TRELLIS] GPU cache cleared: {'status': 'cache_cleared', 'available_memory_gb': 20.629684224}
2025-08-08 23:48:36,490 - INFO -       🔍 Validating...
2025-08-08 23:48:36,491 - INFO -       📝 Using optimized prompt for generation: 'futuristic plasma gun with an advanced, aerodynamically optimized energy core featuring retractable thermal management and a durable, high-strength polymer casing, front view, accurate, complete, white background...'
2025-08-08 23:48:36,491 - INFO -       🎯 Computing scores against original prompt: 'futuristic plasma gun with energy core...'
2025-08-08 23:49:35,155 - INFO -       📊 Validation score: 0.1393
2025-08-08 23:49:35,156 - INFO -       🔍 Explore performing better - stricter convergence threshold: 0.005
2025-08-08 23:49:35,156 - INFO -       📉 Score declined: Consider different approach
2025-08-08 23:49:35,156 - INFO -       🔍 Increasing exploration to 0.80
2025-08-08 23:49:35,156 - INFO - 
   🔄 RL Round 11/17
2025-08-08 23:49:35,157 - INFO -       🔍 Explore performing better - increasing epsilon to 0.80
2025-08-08 23:49:35,157 - INFO -       🎯 Strategy: contextual_scene_building (explore)
2025-08-08 23:49:39,512 - INFO - [TRELLIS] GPU cache cleared: {'status': 'cache_cleared', 'available_memory_gb': 20.629684224}
2025-08-08 23:49:39,512 - INFO -       🔍 Validating...
2025-08-08 23:49:39,512 - INFO -       📝 Using optimized prompt for generation: 'futuristic plasma gun with an aerodynamically optimized, hexagonal-shaped energy core featuring retractable thermal shielding and advanced capacitors, front view, accurate, complete, white background...'
2025-08-08 23:49:39,512 - INFO -       🎯 Computing scores against original prompt: 'futuristic plasma gun with energy core...'
2025-08-08 23:50:39,548 - INFO -       📊 Validation score: 0.9200
2025-08-08 23:50:39,548 - INFO -       🔍 Explore performing better - stricter convergence threshold: 0.005
2025-08-08 23:50:39,548 - INFO -       📈 Improvement detected: contextual_scene_building working better
2025-08-08 23:50:39,548 - INFO - 
   🔄 RL Round 12/17
2025-08-08 23:50:39,549 - INFO -       🔍 Explore performing better - increasing epsilon to 0.80
2025-08-08 23:50:39,549 - INFO -       🎯 Strategy: minimalist_refinement (exploit)
2025-08-08 23:50:42,923 - INFO - [TRELLIS] GPU cache cleared: {'status': 'cache_cleared', 'available_memory_gb': 20.629684224}
2025-08-08 23:50:42,923 - INFO -       🔍 Validating...
2025-08-08 23:50:42,923 - INFO -       📝 Using optimized prompt for generation: 'futuristic plasma gun with an advanced, hexagonal-shaped energy core featuring retractable thermal management and adjustable resonance frequency, front view, accurate, complete, white background...'
2025-08-08 23:50:42,923 - INFO -       🎯 Computing scores against original prompt: 'futuristic plasma gun with energy core...'
2025-08-08 23:51:39,882 - INFO -       📊 Validation score: 0.9353
2025-08-08 23:51:39,882 - INFO -       🎯 New best score: 0.9353
2025-08-08 23:51:39,883 - INFO -       🔍 Explore performing better - stricter convergence threshold: 0.005
2025-08-08 23:51:39,883 - INFO -       📈 Improvement detected: minimalist_refinement working better
2025-08-08 23:51:39,883 - INFO - 
   🔄 RL Round 13/17
2025-08-08 23:51:39,883 - INFO -       🔍 Explore performing better - increasing epsilon to 0.80
2025-08-08 23:51:39,883 - INFO -       🎯 Strategy: technical_precision (explore)
2025-08-08 23:51:43,453 - INFO - [TRELLIS] GPU cache cleared: {'status': 'cache_cleared', 'available_memory_gb': 20.629684224}
2025-08-08 23:51:43,453 - INFO -       🔍 Validating...
2025-08-08 23:51:43,453 - INFO -       📝 Using optimized prompt for generation: 'futuristic plasma gun with a slender, aerodynamically optimized energy core featuring retractable thermal management and adjustable power settings, front view, accurate, complete, white background...'
2025-08-08 23:51:43,453 - INFO -       🎯 Computing scores against original prompt: 'futuristic plasma gun with energy core...'
2025-08-08 23:52:43,826 - INFO -       📊 Validation score: 0.8526
2025-08-08 23:52:43,826 - INFO -       🔍 Explore performing better - stricter convergence threshold: 0.005
2025-08-08 23:52:43,827 - INFO -       📉 Score declined: Consider different approach
2025-08-08 23:52:43,827 - INFO - 
   🔄 RL Round 14/17
2025-08-08 23:52:43,827 - INFO -       🔍 Explore performing better - increasing epsilon to 0.80
2025-08-08 23:52:43,827 - INFO -       🎯 Strategy: minimalist_refinement (exploit)
2025-08-08 23:52:46,683 - INFO - [TRELLIS] GPU cache cleared: {'status': 'cache_cleared', 'available_memory_gb': 20.629684224}
2025-08-08 23:52:46,683 - INFO -       🔍 Validating...
2025-08-08 23:52:46,683 - INFO -       📝 Using optimized prompt for generation: 'futuristic plasma gun with a slender, aerodynamically optimized energy core featuring advanced thermal management systems, front view, accurate, complete, white background...'
2025-08-08 23:52:46,683 - INFO -       🎯 Computing scores against original prompt: 'futuristic plasma gun with energy core...'
2025-08-08 23:53:42,765 - INFO -       📊 Validation score: 0.8907
2025-08-08 23:53:42,765 - INFO -       🔍 Explore performing better - stricter convergence threshold: 0.005
2025-08-08 23:53:42,765 - INFO -       📈 Improvement detected: minimalist_refinement working better
2025-08-08 23:53:42,766 - INFO - 
   🔄 RL Round 15/17
2025-08-08 23:53:42,766 - INFO -       🔍 Explore performing better - increasing epsilon to 0.80
2025-08-08 23:53:42,766 - INFO -       🎯 Strategy: minimalist_refinement (explore)
2025-08-08 23:53:46,613 - INFO - [TRELLIS] GPU cache cleared: {'status': 'cache_cleared', 'available_memory_gb': 20.629684224}
2025-08-08 23:53:46,613 - INFO -       🔍 Validating...
2025-08-08 23:53:46,614 - INFO -       📝 Using optimized prompt for generation: 'futuristic plasma gun with an aerodynamically optimized energy core featuring adjustable power settings and a retractable thermal management system, front view, accurate, complete, white background...'
2025-08-08 23:53:46,614 - INFO -       🎯 Computing scores against original prompt: 'futuristic plasma gun with energy core...'
2025-08-08 23:54:44,358 - INFO -       📊 Validation score: 0.7230
2025-08-08 23:54:44,359 - INFO -       🔍 Explore performing better - stricter convergence threshold: 0.005
2025-08-08 23:54:44,359 - INFO -       📉 Score declined: Consider different approach
2025-08-08 23:54:44,359 - INFO - 
   🔄 RL Round 16/17
2025-08-08 23:54:44,359 - INFO -       🔍 Explore performing better - increasing epsilon to 0.80
2025-08-08 23:54:44,359 - INFO -       🎯 Strategy: technical_precision (exploit)
2025-08-08 23:54:47,541 - INFO - [TRELLIS] GPU cache cleared: {'status': 'cache_cleared', 'available_memory_gb': 20.629684224}
2025-08-08 23:54:47,542 - INFO -       🔍 Validating...
2025-08-08 23:54:47,542 - INFO -       📝 Using optimized prompt for generation: 'a futuristic plasma gun with a slender, aerodynamically optimized energy core featuring retractable safety mechanisms and adjustable power settings, front view, accurate, complete, white background...'
2025-08-08 23:54:47,542 - INFO -       🎯 Computing scores against original prompt: 'futuristic plasma gun with energy core...'
2025-08-08 23:55:44,780 - INFO -       📊 Validation score: 0.7114
2025-08-08 23:55:44,781 - INFO -       🔍 Explore performing better - stricter convergence threshold: 0.005
2025-08-08 23:55:44,781 - INFO -       📉 Score declined: Consider different approach
2025-08-08 23:55:44,781 - INFO - 
   🔄 RL Round 17/17
2025-08-08 23:55:44,781 - INFO -       🔍 Explore performing better - increasing epsilon to 0.80
2025-08-08 23:55:44,781 - INFO -       🎯 Strategy: technical_precision (explore)
2025-08-08 23:55:48,972 - INFO - [TRELLIS] GPU cache cleared: {'status': 'cache_cleared', 'available_memory_gb': 20.629684224}
2025-08-08 23:55:48,973 - INFO -       🔍 Validating...
2025-08-08 23:55:48,973 - INFO -       📝 Using optimized prompt for generation: 'a futuristic plasma gun with a slender, aerodynamically optimized energy core featuring advanced thermal management systems, retractable safety mechanism, and customizable power settings, front view, accurate, complete, white background...'
2025-08-08 23:55:48,973 - INFO -       🎯 Computing scores against original prompt: 'futuristic plasma gun with energy core...'
2025-08-08 23:56:44,714 - INFO -       📊 Validation score: 0.4565
2025-08-08 23:56:44,735 - INFO - 
🎯 RL LOOP COMPLETE:
2025-08-08 23:56:44,735 - INFO -    Best prompt: futuristic plasma gun with an advanced, hexagonal-shaped energy core featuring retractable thermal management and adjustable resonance frequency, front view, accurate, complete, white background
2025-08-08 23:56:44,735 - INFO -    Best score: 0.9353
2025-08-08 23:56:44,735 - INFO -    Rounds: 17
2025-08-08 23:56:44,736 - INFO -    Convergence: False
2025-08-08 23:56:44,736 - INFO -    Convergence reason: Not converged
2025-08-08 23:56:44,736 - INFO -    Exploration ratio: 76.5%
2025-08-08 23:56:44,736 - INFO -    Insights learned: 2
2025-08-08 23:56:44,736 - INFO -    Total time: 1049.48s
2025-08-08 23:56:44,736 - INFO - Prompt optimized in 17 rounds: 0.903 → 0.935 (+0.033)
2025-08-08 23:56:44,736 - INFO - ⏰ Max rounds reached
2025-08-08 23:56:44,736 - INFO - 
--- Episode 1, Prompt 34 (Total: 63) ---
2025-08-08 23:56:44,736 - INFO - Optimizing: 'ornate brass candle holder with flickering flame'
2025-08-08 23:56:44,737 - INFO - 🔍 Checking server availability before optimization...
2025-08-08 23:56:44,743 - INFO - ✅ Server is available (status: completed)
2025-08-08 23:56:44,744 - INFO - 📝 Marked server as used at 1754697404.7441654
2025-08-08 23:56:44,744 - INFO - ✅ Server is available and marked as used
2025-08-08 23:56:44,744 - INFO - 🔄 Reproducibility optimization returned no result
2025-08-08 23:56:44,744 - INFO -       🔧 Overriding endpoint: generate/baolei/
2025-08-08 23:56:44,744 - INFO -       🔧 Using endpoint: generate/baolei/
2025-08-08 23:56:44,747 - INFO - 
🔄 RL LOOP OPTIMIZATION: 'ornate brass candle holder with flickering flame'
2025-08-08 23:56:44,747 - INFO -    Session: rl_session_1754697404_2070
2025-08-08 23:56:44,747 - INFO -    Max rounds: 17
2025-08-08 23:56:44,747 - INFO -    Min rounds before convergence: 5
2025-08-08 23:56:44,747 - INFO -    Target score: 0.99
2025-08-08 23:56:44,747 - INFO - 
   🔄 RL Round 1/17
2025-08-08 23:56:44,747 - INFO -       🔍 Explore performing better - increasing epsilon to 0.80
2025-08-08 23:56:44,747 - INFO -       🎯 Strategy: technical_precision (explore)
2025-08-08 23:56:48,591 - INFO - [TRELLIS] GPU cache cleared: {'status': 'cache_cleared', 'available_memory_gb': 20.629684224}
2025-08-08 23:56:48,591 - INFO -       🔍 Validating...
2025-08-08 23:56:48,591 - INFO -       📝 Using optimized prompt for generation: 'ornate brass candle holder with intricate etchings and a delicate, curved arm, front view, accurate, complete, white background...'
2025-08-08 23:56:48,591 - INFO -       🎯 Computing scores against original prompt: 'ornate brass candle holder with flickering flame...'
2025-08-08 23:57:44,288 - INFO -       📊 Validation score: 0.9174
2025-08-08 23:57:44,288 - INFO -       🎯 New best score: 0.9174
2025-08-08 23:57:44,289 - INFO - 
   🔄 RL Round 2/17
2025-08-08 23:57:44,289 - INFO -       🔍 Explore performing better - increasing epsilon to 0.80
2025-08-08 23:57:44,289 - INFO -       🎯 Strategy: minimalist_refinement (explore)
2025-08-08 23:57:47,389 - INFO - [TRELLIS] GPU cache cleared: {'status': 'cache_cleared', 'available_memory_gb': 20.629684224}
2025-08-08 23:57:47,389 - INFO -       🔍 Validating...
2025-08-08 23:57:47,389 - INFO -       📝 Using optimized prompt for generation: 'a slender, intricately decorated brass candle holder with a delicate curved arm and a subtle, ornate pattern etched into its surface, front view, front view, accurate, complete, white background...'
2025-08-08 23:57:47,389 - INFO -       🎯 Computing scores against original prompt: 'ornate brass candle holder with flickering flame...'
2025-08-08 23:58:41,786 - INFO -       📊 Validation score: 0.9084
2025-08-08 23:58:41,787 - INFO -       📉 Score declined: Consider different approach
2025-08-08 23:58:41,787 - INFO - 
   🔄 RL Round 3/17
2025-08-08 23:58:41,787 - INFO -       🔍 Explore performing better - increasing epsilon to 0.80
2025-08-08 23:58:41,787 - INFO -       🎯 Strategy: aggressive_transformation (explore)
2025-08-08 23:58:45,866 - INFO - [TRELLIS] GPU cache cleared: {'status': 'cache_cleared', 'available_memory_gb': 20.629684224}
2025-08-08 23:58:45,866 - INFO -       🔍 Validating...
2025-08-08 23:58:45,866 - INFO -       📝 Using optimized prompt for generation: 'a slender, intricately decorated brass candle holder with delicate etchings and a curved arm...'
2025-08-08 23:58:45,866 - INFO -       🎯 Computing scores against original prompt: 'ornate brass candle holder with flickering flame...'
2025-08-08 23:59:43,400 - INFO -       📊 Validation score: 0.8092
2025-08-08 23:59:43,401 - INFO -       📉 Score declined: Consider different approach
2025-08-08 23:59:43,401 - INFO - 
   🔄 RL Round 4/17
2025-08-08 23:59:43,401 - INFO -       🔍 Explore performing better - increasing epsilon to 0.80
2025-08-08 23:59:43,401 - INFO -       🎯 Strategy: conservative_enhancement (explore)
2025-08-08 23:59:46,908 - INFO - [TRELLIS] GPU cache cleared: {'status': 'cache_cleared', 'available_memory_gb': 20.629684224}
2025-08-08 23:59:46,909 - INFO -       🔍 Validating...
2025-08-08 23:59:46,909 - INFO -       📝 Using optimized prompt for generation: 'ornate brass candle holder with delicate filigree etchings and a curved arm, front view, accurate, complete, white background...'
2025-08-08 23:59:46,909 - INFO -       🎯 Computing scores against original prompt: 'ornate brass candle holder with flickering flame...'
2025-08-09 00:00:44,377 - INFO -       📊 Validation score: 0.9040
2025-08-09 00:00:44,377 - INFO -       📈 Improvement detected: conservative_enhancement working better
2025-08-09 00:00:44,377 - INFO - 
   🔄 RL Round 5/17
2025-08-09 00:00:44,377 - INFO -       🔍 Explore performing better - increasing epsilon to 0.80
2025-08-09 00:00:44,378 - INFO -       🎯 Strategy: aggressive_transformation (explore)
2025-08-09 00:00:49,425 - INFO - [TRELLIS] GPU cache cleared: {'status': 'cache_cleared', 'available_memory_gb': 20.629684224}
2025-08-09 00:00:49,425 - INFO -       🔍 Validating...
2025-08-09 00:00:49,426 - INFO -       📝 Using optimized prompt for generation: 'ornate brass candle holder with intricate etchings on its curved arm and delicate details on the base, front view, accurate, complete, white background...'
2025-08-09 00:00:49,426 - INFO -       🎯 Computing scores against original prompt: 'ornate brass candle holder with flickering flame...'
2025-08-09 00:01:47,092 - INFO -       📊 Validation score: 0.8713
2025-08-09 00:01:47,093 - INFO -       🔍 Explore performing better - stricter convergence threshold: 0.005
2025-08-09 00:01:47,093 - INFO -       📉 Score declined: Consider different approach
2025-08-09 00:01:47,093 - INFO - 
   🔄 RL Round 6/17
2025-08-09 00:01:47,093 - INFO -       🔍 Explore performing better - increasing epsilon to 0.80
2025-08-09 00:01:47,093 - INFO -       🎯 Strategy: minimalist_refinement (exploit)
2025-08-09 00:01:50,675 - INFO - [TRELLIS] GPU cache cleared: {'status': 'cache_cleared', 'available_memory_gb': 20.629684224}
2025-08-09 00:01:50,675 - INFO -       🔍 Validating...
2025-08-09 00:01:50,676 - INFO -       📝 Using optimized prompt for generation: 'ornate brass candle holder with delicate etchings on its curved arm and ornate filigree patterns along its body, front view, accurate, complete, white background...'
2025-08-09 00:01:50,676 - INFO -       🎯 Computing scores against original prompt: 'ornate brass candle holder with flickering flame...'
2025-08-09 00:02:47,737 - INFO -       📊 Validation score: 0.8945
2025-08-09 00:02:47,737 - INFO -       🔍 Explore performing better - stricter convergence threshold: 0.005
2025-08-09 00:02:47,737 - INFO -       📈 Improvement detected: minimalist_refinement working better
2025-08-09 00:02:47,737 - INFO - 
   🔄 RL Round 7/17
2025-08-09 00:02:47,738 - INFO -       🔍 Explore performing better - increasing epsilon to 0.80
2025-08-09 00:02:47,738 - INFO -       🎯 Strategy: minimalist_refinement (exploit)
2025-08-09 00:02:51,242 - INFO - [TRELLIS] GPU cache cleared: {'status': 'cache_cleared', 'available_memory_gb': 20.629684224}
2025-08-09 00:02:51,242 - INFO -       🔍 Validating...
2025-08-09 00:02:51,243 - INFO -       📝 Using optimized prompt for generation: 'an ornate brass candle holder with delicate etchings on its curved arm and ornate filigree patterns along its neck, front view, accurate, complete, white background...'
2025-08-09 00:02:51,243 - INFO -       🎯 Computing scores against original prompt: 'ornate brass candle holder with flickering flame...'
2025-08-09 00:03:48,735 - INFO -       📊 Validation score: 0.8532
2025-08-09 00:03:48,736 - INFO -       🔍 Explore performing better - stricter convergence threshold: 0.005
2025-08-09 00:03:48,736 - INFO -       📉 Score declined: Consider different approach
2025-08-09 00:03:48,736 - INFO - 
   🔄 RL Round 8/17
2025-08-09 00:03:48,736 - INFO -       🎯 Strategy: aggressive_transformation (explore)
2025-08-09 00:03:52,767 - INFO - [TRELLIS] GPU cache cleared: {'status': 'cache_cleared', 'available_memory_gb': 20.629684224}
2025-08-09 00:03:52,768 - INFO -       🔍 Validating...
2025-08-09 00:03:52,768 - INFO -       📝 Using optimized prompt for generation: 'a slender, intricately decorated brass candle holder with delicate etchings and ornate filigree patterns along its curved arm, front view, accurate, complete, white background...'
2025-08-09 00:03:52,768 - INFO -       🎯 Computing scores against original prompt: 'ornate brass candle holder with flickering flame...'
2025-08-09 00:04:50,200 - INFO -       📊 Validation score: 0.8706
2025-08-09 00:04:50,201 - INFO -       🔍 Explore performing better - stricter convergence threshold: 0.005
2025-08-09 00:04:50,202 - INFO -       📈 Improvement detected: aggressive_transformation working better
2025-08-09 00:04:50,202 - INFO - 
   🔄 RL Round 9/17
2025-08-09 00:04:50,202 - INFO -       🎯 Strategy: minimalist_refinement (exploit)
2025-08-09 00:04:54,453 - INFO - [TRELLIS] GPU cache cleared: {'status': 'cache_cleared', 'available_memory_gb': 20.629684224}
2025-08-09 00:04:54,454 - INFO -       🔍 Validating...
2025-08-09 00:04:54,454 - INFO -       📝 Using optimized prompt for generation: 'a slender ornate brass candle holder with delicate etchings on its curved arm and intricate details on the body, front view...'
2025-08-09 00:04:54,454 - INFO -       🎯 Computing scores against original prompt: 'ornate brass candle holder with flickering flame...'
2025-08-09 00:05:53,285 - INFO -       📊 Validation score: 0.8646
2025-08-09 00:05:53,286 - INFO -       🔍 Explore performing better - stricter convergence threshold: 0.005
2025-08-09 00:05:53,286 - INFO -       📉 Score declined: Consider different approach
2025-08-09 00:05:53,286 - INFO - 
   🔄 RL Round 10/17
2025-08-09 00:05:53,286 - INFO -       🎯 Strategy: minimalist_refinement (exploit)
2025-08-09 00:05:57,479 - INFO - [TRELLIS] GPU cache cleared: {'status': 'cache_cleared', 'available_memory_gb': 20.629684224}
2025-08-09 00:05:57,479 - INFO -       🔍 Validating...
2025-08-09 00:05:57,479 - INFO -       📝 Using optimized prompt for generation: 'ornate brass candle holder with intricately etched patterns on its curved arm and delicate, ornate details, front view, accurate, complete, white background...'
2025-08-09 00:05:57,479 - INFO -       🎯 Computing scores against original prompt: 'ornate brass candle holder with flickering flame...'
2025-08-09 00:06:55,037 - INFO -       📊 Validation score: 0.8706
2025-08-09 00:06:55,037 - INFO -       🔍 Explore performing better - stricter convergence threshold: 0.005
2025-08-09 00:06:55,038 - INFO -       📈 Improvement detected: minimalist_refinement working better
2025-08-09 00:06:55,038 - INFO - 
   🔄 RL Round 11/17
2025-08-09 00:06:55,038 - INFO -       🎯 Strategy: minimalist_refinement (exploit)
2025-08-09 00:06:58,634 - INFO - [TRELLIS] GPU cache cleared: {'status': 'cache_cleared', 'available_memory_gb': 20.629684224}
2025-08-09 00:06:58,634 - INFO -       🔍 Validating...
2025-08-09 00:06:58,634 - INFO -       📝 Using optimized prompt for generation: 'a slender, intricately decorated brass candle holder with delicate etchings on its curved arm and ornate filigree patterns along its body, front view, accurate, complete, white background...'
2025-08-09 00:06:58,634 - INFO -       🎯 Computing scores against original prompt: 'ornate brass candle holder with flickering flame...'
2025-08-09 00:07:55,126 - INFO -       📊 Validation score: 0.6139
2025-08-09 00:07:55,127 - INFO -       🔍 Explore performing better - stricter convergence threshold: 0.005
2025-08-09 00:07:55,127 - INFO -       📉 Score declined: Consider different approach
2025-08-09 00:07:55,127 - INFO - 
   🔄 RL Round 12/17
2025-08-09 00:07:55,127 - INFO -       🔍 Explore performing better - increasing epsilon to 0.80
2025-08-09 00:07:55,127 - INFO -       🎯 Strategy: minimalist_refinement (explore)
2025-08-09 00:07:58,899 - INFO - [TRELLIS] GPU cache cleared: {'status': 'cache_cleared', 'available_memory_gb': 20.629684224}
2025-08-09 00:07:58,899 - INFO -       🔍 Validating...
2025-08-09 00:07:58,899 - INFO -       📝 Using optimized prompt for generation: 'an ornate brass candle holder with intricate, curved etchings on its slender arm and a refined, delicate pattern of interconnected florals on its body...'
2025-08-09 00:07:58,899 - INFO -       🎯 Computing scores against original prompt: 'ornate brass candle holder with flickering flame...'
2025-08-09 00:08:57,418 - INFO -       📊 Validation score: 0.8251
2025-08-09 00:08:57,419 - INFO -       🔍 Explore performing better - stricter convergence threshold: 0.005
2025-08-09 00:08:57,419 - INFO -       📈 Improvement detected: minimalist_refinement working better
2025-08-09 00:08:57,419 - INFO - 
   🔄 RL Round 13/17
2025-08-09 00:08:57,419 - INFO -       🎯 Strategy: minimalist_refinement (explore)
2025-08-09 00:09:01,389 - INFO - [TRELLIS] GPU cache cleared: {'status': 'cache_cleared', 'available_memory_gb': 20.629684224}
2025-08-09 00:09:01,390 - INFO -       🔍 Validating...
2025-08-09 00:09:01,390 - INFO -       📝 Using optimized prompt for generation: 'ornate brass candle holder with intricate etchings on its curved arm and delicate patterns along its body, front view, accurate, complete, white background...'
2025-08-09 00:09:01,390 - INFO -       🎯 Computing scores against original prompt: 'ornate brass candle holder with flickering flame...'
2025-08-09 00:09:57,755 - INFO -       📊 Validation score: 0.8241
2025-08-09 00:09:57,756 - INFO -       🔍 Explore performing better - stricter convergence threshold: 0.005
2025-08-09 00:09:57,756 - INFO -       ✅ Convergence achieved: Convergence threshold met (improvement: -0.001)
2025-08-09 00:09:57,778 - INFO - 
🎯 RL LOOP COMPLETE:
2025-08-09 00:09:57,778 - INFO -    Best prompt: ornate brass candle holder with intricate etchings and a delicate, curved arm, front view, accurate, complete, white background
2025-08-09 00:09:57,778 - INFO -    Best score: 0.9174
2025-08-09 00:09:57,778 - INFO -    Rounds: 13
2025-08-09 00:09:57,778 - INFO -    Convergence: True
2025-08-09 00:09:57,778 - INFO -    Convergence reason: Convergence threshold met (improvement: -0.001)
2025-08-09 00:09:57,778 - INFO -    Exploration ratio: 61.5%
2025-08-09 00:09:57,778 - INFO -    Insights learned: 2
2025-08-09 00:09:57,778 - INFO -    Total time: 793.01s
2025-08-09 00:09:57,779 - INFO - Prompt optimized in 13 rounds: 0.917 → 0.917 (+0.000)
2025-08-09 00:09:57,779 - INFO - ✅ Target score achieved!
2025-08-09 00:09:57,779 - INFO - 
--- Episode 1, Prompt 35 (Total: 63) ---
2025-08-09 00:09:57,779 - INFO - Optimizing: 'small wooden hammer with screws'
2025-08-09 00:09:57,779 - INFO - 🔍 Checking server availability before optimization...
2025-08-09 00:09:57,787 - INFO - ✅ Server is available (status: completed)
2025-08-09 00:09:57,787 - INFO - 📝 Marked server as used at 1754698197.7872946
2025-08-09 00:09:57,787 - INFO - ✅ Server is available and marked as used
2025-08-09 00:09:57,787 - INFO - 🔄 Reproducibility optimization returned no result
2025-08-09 00:09:57,787 - INFO -       🔧 Overriding endpoint: generate/baolei/
2025-08-09 00:09:57,787 - INFO -       🔧 Using endpoint: generate/baolei/
2025-08-09 00:09:57,790 - INFO - 
🔄 RL LOOP OPTIMIZATION: 'small wooden hammer with screws'
2025-08-09 00:09:57,790 - INFO -    Session: rl_session_1754698197_6620
2025-08-09 00:09:57,790 - INFO -    Max rounds: 17
2025-08-09 00:09:57,790 - INFO -    Min rounds before convergence: 5
2025-08-09 00:09:57,790 - INFO -    Target score: 0.99
2025-08-09 00:09:57,791 - INFO - 
   🔄 RL Round 1/17
2025-08-09 00:09:57,791 - INFO -       🎯 Strategy: conservative_enhancement (explore)
2025-08-09 00:10:01,738 - INFO - [TRELLIS] GPU cache cleared: {'status': 'cache_cleared', 'available_memory_gb': 20.629684224}
2025-08-09 00:10:01,739 - INFO -       🔍 Validating...
2025-08-09 00:10:01,739 - INFO -       📝 Using optimized prompt for generation: 'a small, ergonomic wooden hammer with a unique hexagonal screw head and a subtle texture to the handle, front view, accurate, complete, white background...'
2025-08-09 00:10:01,739 - INFO -       🎯 Computing scores against original prompt: 'small wooden hammer with screws...'
2025-08-09 00:10:59,464 - INFO -       📊 Validation score: 0.8852
2025-08-09 00:10:59,464 - INFO -       🎯 New best score: 0.8852
2025-08-09 00:10:59,465 - INFO - 
   🔄 RL Round 2/17
2025-08-09 00:10:59,465 - INFO -       🎯 Strategy: technical_precision (explore)
2025-08-09 00:11:03,263 - INFO - [TRELLIS] GPU cache cleared: {'status': 'cache_cleared', 'available_memory_gb': 20.629684224}
2025-08-09 00:11:03,264 - INFO -       🔍 Validating...
2025-08-09 00:11:03,264 - INFO -       📝 Using optimized prompt for generation: 'a small, precision-crafted wooden hammer with intricately designed hexagonal screws and subtle wear on the handle, front view, accurate, complete, white background...'
2025-08-09 00:11:03,264 - INFO -       🎯 Computing scores against original prompt: 'small wooden hammer with screws...'
2025-08-09 00:11:58,786 - INFO -       📊 Validation score: 0.7142
2025-08-09 00:11:58,786 - INFO -       📉 Score declined: Consider different approach
2025-08-09 00:11:58,786 - INFO - 
   🔄 RL Round 3/17
2025-08-09 00:11:58,787 - INFO -       🎯 Strategy: contextual_scene_building (explore)
2025-08-09 00:12:01,917 - INFO - [TRELLIS] GPU cache cleared: {'status': 'cache_cleared', 'available_memory_gb': 20.629684224}
2025-08-09 00:12:01,917 - INFO -       🔍 Validating...
2025-08-09 00:12:01,917 - INFO -       📝 Using optimized prompt for generation: 'a finely crafted small wooden hammer with intricately machined hexagonal screws featuring subtle wear patterns and a rich patina that hints at its age and usage...'
2025-08-09 00:12:01,918 - INFO -       🎯 Computing scores against original prompt: 'small wooden hammer with screws...'
2025-08-09 00:13:02,893 - INFO -       📊 Validation score: 0.7785
2025-08-09 00:13:02,894 - INFO -       📈 Improvement detected: contextual_scene_building working better
2025-08-09 00:13:02,894 - INFO - 
   🔄 RL Round 4/17
2025-08-09 00:13:02,894 - INFO -       🎯 Strategy: hybrid_approach (explore)
2025-08-09 00:13:07,631 - INFO - [TRELLIS] GPU cache cleared: {'status': 'cache_cleared', 'available_memory_gb': 20.629684224}
2025-08-09 00:13:07,631 - INFO -       🔍 Validating...
2025-08-09 00:13:07,631 - INFO -       📝 Using optimized prompt for generation: 'a small, precision-crafted wooden hammer with intricately machined hexagonal screws featuring subtle wear marks on the handle and a delicate balance point...'
2025-08-09 00:13:07,631 - INFO -       🎯 Computing scores against original prompt: 'small wooden hammer with screws...'
2025-08-09 00:14:08,095 - INFO -       📊 Validation score: 0.7968
2025-08-09 00:14:08,096 - INFO -       📈 Improvement detected: hybrid_approach working better
2025-08-09 00:14:08,096 - INFO - 
   🔄 RL Round 5/17
2025-08-09 00:14:08,096 - INFO -       🎯 Strategy: conservative_enhancement (explore)
2025-08-09 00:14:12,553 - INFO - [TRELLIS] GPU cache cleared: {'status': 'cache_cleared', 'available_memory_gb': 20.629684224}
2025-08-09 00:14:12,554 - INFO -       🔍 Validating...
2025-08-09 00:14:12,554 - INFO -       📝 Using optimized prompt for generation: 'a small, precision-crafted wooden hammer with a unique hexagonal screw head featuring a subtle texture to the handle and a slight curvature to the claw for optimal grip, front view, accurate, complete, white background...'
2025-08-09 00:14:12,554 - INFO -       🎯 Computing scores against original prompt: 'small wooden hammer with screws...'
2025-08-09 00:15:07,217 - INFO -       📊 Validation score: 0.8258
2025-08-09 00:15:07,218 - INFO -       🔍 Explore performing better - stricter convergence threshold: 0.005
2025-08-09 00:15:07,218 - INFO -       📈 Improvement detected: conservative_enhancement working better
2025-08-09 00:15:07,218 - INFO - 
   🔄 RL Round 6/17
2025-08-09 00:15:07,218 - INFO -       🎯 Strategy: conservative_enhancement (explore)
2025-08-09 00:15:10,760 - INFO - [TRELLIS] GPU cache cleared: {'status': 'cache_cleared', 'available_memory_gb': 20.629684224}
2025-08-09 00:15:10,761 - INFO -       🔍 Validating...
2025-08-09 00:15:10,761 - INFO -       📝 Using optimized prompt for generation: 'a small, precision-crafted wooden hammer with a unique hexagonal screw head and microscopic scratches on the handle for added grip, front view, accurate, complete, white background...'
2025-08-09 00:15:10,761 - INFO -       🎯 Computing scores against original prompt: 'small wooden hammer with screws...'
2025-08-09 00:16:07,314 - INFO -       📊 Validation score: 0.6097
2025-08-09 00:16:07,315 - INFO -       🔍 Explore performing better - stricter convergence threshold: 0.005
2025-08-09 00:16:07,315 - INFO -       📉 Score declined: Consider different approach
2025-08-09 00:16:07,315 - INFO - 
   🔄 RL Round 7/17
2025-08-09 00:16:07,315 - INFO -       🎯 Strategy: conservative_enhancement (explore)
2025-08-09 00:16:10,954 - INFO - [TRELLIS] GPU cache cleared: {'status': 'cache_cleared', 'available_memory_gb': 20.629684224}
2025-08-09 00:16:10,954 - INFO -       🔍 Validating...
2025-08-09 00:16:10,955 - INFO -       📝 Using optimized prompt for generation: 'a small, precision-crafted wooden hammer with a unique hexagonal screw head featuring a subtle texture to the handle and a slight curve in the claw for improved grip, front view, accurate, complete, white background...'
2025-08-09 00:16:10,955 - INFO -       🎯 Computing scores against original prompt: 'small wooden hammer with screws...'
2025-08-09 00:17:07,351 - INFO -       📊 Validation score: 0.8726
2025-08-09 00:17:07,352 - INFO -       🔍 Explore performing better - stricter convergence threshold: 0.005
2025-08-09 00:17:07,352 - INFO -       📈 Improvement detected: conservative_enhancement working better
2025-08-09 00:17:07,352 - INFO - 
   🔄 RL Round 8/17
2025-08-09 00:17:07,352 - INFO -       🎯 Strategy: aggressive_transformation (explore)
2025-08-09 00:17:10,440 - INFO - [TRELLIS] GPU cache cleared: {'status': 'cache_cleared', 'available_memory_gb': 20.629684224}
2025-08-09 00:17:10,441 - INFO -       🔍 Validating...
2025-08-09 00:17:10,441 - INFO -       📝 Using optimized prompt for generation: 'a small wooden hammer with uniquely machined hexagonal screws featuring a subtle texture to the handle...'
2025-08-09 00:17:10,441 - INFO -       🎯 Computing scores against original prompt: 'small wooden hammer with screws...'
2025-08-09 00:18:07,811 - INFO -       📊 Validation score: 0.7765
2025-08-09 00:18:07,812 - INFO -       📉 Score declined: Consider different approach
2025-08-09 00:18:07,812 - INFO - 
   🔄 RL Round 9/17
2025-08-09 00:18:07,812 - INFO -       🎯 Strategy: minimalist_refinement (exploit)
2025-08-09 00:18:11,635 - INFO - [TRELLIS] GPU cache cleared: {'status': 'cache_cleared', 'available_memory_gb': 20.629684224}
2025-08-09 00:18:11,635 - INFO -       🔍 Validating...
2025-08-09 00:18:11,635 - INFO -       📝 Using optimized prompt for generation: 'a well-balanced small wooden hammer with intricately machined hexagonal screws, front view, accurate, complete, white background...'
2025-08-09 00:18:11,636 - INFO -       🎯 Computing scores against original prompt: 'small wooden hammer with screws...'
2025-08-09 00:19:06,759 - INFO -       📊 Validation score: 0.8484
2025-08-09 00:19:06,759 - INFO -       📈 Improvement detected: minimalist_refinement working better
2025-08-09 00:19:06,759 - INFO - 
   🔄 RL Round 10/17
2025-08-09 00:19:06,760 - INFO -       🎯 Strategy: aggressive_transformation (explore)
2025-08-09 00:19:10,333 - INFO - [TRELLIS] GPU cache cleared: {'status': 'cache_cleared', 'available_memory_gb': 20.629684224}
2025-08-09 00:19:10,334 - INFO -       🔍 Validating...
2025-08-09 00:19:10,334 - INFO -       📝 Using optimized prompt for generation: 'a finely crafted small wooden hammer with intricately machined hexagonal screws featuring subtle wear patterns and a delicate texture to the handle, front view, accurate, complete, white background...'
2025-08-09 00:19:10,334 - INFO -       🎯 Computing scores against original prompt: 'small wooden hammer with screws...'
2025-08-09 00:20:07,800 - INFO -       📊 Validation score: 0.8269
2025-08-09 00:20:07,801 - INFO -       📉 Score declined: Consider different approach
2025-08-09 00:20:07,801 - INFO - 
   🔄 RL Round 11/17
2025-08-09 00:20:07,801 - INFO -       🎯 Strategy: aggressive_transformation (explore)
2025-08-09 00:20:11,326 - INFO - [TRELLIS] GPU cache cleared: {'status': 'cache_cleared', 'available_memory_gb': 20.629684224}
2025-08-09 00:20:11,327 - INFO -       🔍 Validating...
2025-08-09 00:20:11,327 - INFO -       📝 Using optimized prompt for generation: 'a small wooden hammer with screws featuring a subtle texture to the handle and a precisely machined hexagonal screw head, front view, accurate, complete, white background...'
2025-08-09 00:20:11,327 - INFO -       🎯 Computing scores against original prompt: 'small wooden hammer with screws...'
2025-08-09 00:21:07,867 - INFO -       📊 Validation score: 0.8173
2025-08-09 00:21:07,868 - INFO -       ✅ Convergence achieved: Convergence threshold met (improvement: -0.010)
2025-08-09 00:21:07,889 - INFO - 
🎯 RL LOOP COMPLETE:
2025-08-09 00:21:07,890 - INFO -    Best prompt: a small, ergonomic wooden hammer with a unique hexagonal screw head and a subtle texture to the handle, front view, accurate, complete, white background
2025-08-09 00:21:07,890 - INFO -    Best score: 0.8852
2025-08-09 00:21:07,890 - INFO -    Rounds: 11
2025-08-09 00:21:07,890 - INFO -    Convergence: True
2025-08-09 00:21:07,890 - INFO -    Convergence reason: Convergence threshold met (improvement: -0.010)
2025-08-09 00:21:07,890 - INFO -    Exploration ratio: 90.9%
2025-08-09 00:21:07,890 - INFO -    Insights learned: 2
2025-08-09 00:21:07,890 - INFO -    Total time: 670.08s
2025-08-09 00:21:07,890 - INFO - Prompt optimized in 11 rounds: 0.885 → 0.885 (+0.000)
2025-08-09 00:21:07,891 - INFO - ✅ Target score achieved!
2025-08-09 00:21:07,891 - INFO - 
--- Episode 1, Prompt 36 (Total: 63) ---
2025-08-09 00:21:07,891 - INFO - Optimizing: 'orange metal pliers with long handles'
2025-08-09 00:21:07,891 - INFO - 🔍 Checking server availability before optimization...
2025-08-09 00:21:07,898 - INFO - ✅ Server is available (status: completed)
2025-08-09 00:21:07,898 - INFO - 📝 Marked server as used at 1754698867.8987868
2025-08-09 00:21:07,898 - INFO - ✅ Server is available and marked as used
2025-08-09 00:21:07,899 - INFO - 🔄 Reproducibility optimization returned no result
2025-08-09 00:21:07,899 - INFO -       🔧 Overriding endpoint: generate/baolei/
2025-08-09 00:21:07,899 - INFO -       🔧 Using endpoint: generate/baolei/
2025-08-09 00:21:07,901 - INFO - 
🔄 RL LOOP OPTIMIZATION: 'orange metal pliers with long handles'
2025-08-09 00:21:07,902 - INFO -    Session: rl_session_1754698867_1934
2025-08-09 00:21:07,902 - INFO -    Max rounds: 17
2025-08-09 00:21:07,902 - INFO -    Min rounds before convergence: 5
2025-08-09 00:21:07,902 - INFO -    Target score: 0.99
2025-08-09 00:21:07,902 - INFO - 
   🔄 RL Round 1/17
2025-08-09 00:21:07,902 - INFO -       🎯 Strategy: artistic_elaboration (explore)
2025-08-09 00:21:10,898 - INFO - [TRELLIS] GPU cache cleared: {'status': 'cache_cleared', 'available_memory_gb': 20.629684224}
2025-08-09 00:21:10,898 - INFO -       🔍 Validating...
2025-08-09 00:21:10,899 - INFO -       📝 Using optimized prompt for generation: 'orange metal pliers with long handles and intricate engravings depicting scenes of nature, front view, accurate, complete, white background...'
2025-08-09 00:21:10,899 - INFO -       🎯 Computing scores against original prompt: 'orange metal pliers with long handles...'
2025-08-09 00:22:06,588 - INFO -       📊 Validation score: 0.9134
2025-08-09 00:22:06,588 - INFO -       🎯 New best score: 0.9134
2025-08-09 00:22:06,588 - INFO - 
   🔄 RL Round 2/17
2025-08-09 00:22:06,588 - INFO -       🎯 Strategy: technical_precision (explore)
2025-08-09 00:22:10,015 - INFO - [TRELLIS] GPU cache cleared: {'status': 'cache_cleared', 'available_memory_gb': 20.629684224}
2025-08-09 00:22:10,016 - INFO -       🔍 Validating...
2025-08-09 00:22:10,016 - INFO -       📝 Using optimized prompt for generation: 'orange metal pliers with long, ergonomic handles featuring subtle serrations along the grip and a precision-ground tip for delicate work...'
2025-08-09 00:22:10,016 - INFO -       🎯 Computing scores against original prompt: 'orange metal pliers with long handles...'
2025-08-09 00:23:06,828 - WARNING -    🔧 Score 0.0 - clearing CUDA cache
2025-08-09 00:23:06,829 - INFO -       📊 Validation score: 0.0000
2025-08-09 00:23:06,829 - INFO - 
   🔄 RL Round 3/17
2025-08-09 00:23:06,829 - INFO -       🎯 Strategy: technical_precision (explore)
2025-08-09 00:23:10,688 - INFO - [TRELLIS] GPU cache cleared: {'status': 'cache_cleared', 'available_memory_gb': 20.629684224}
2025-08-09 00:23:10,688 - INFO -       🔍 Validating...
2025-08-09 00:23:10,688 - INFO -       📝 Using optimized prompt for generation: 'orange metal pliers with long, curved handles featuring a textured grip and subtle ridges along the shaft, front view, accurate, complete, white background...'
2025-08-09 00:23:10,688 - INFO -       🎯 Computing scores against original prompt: 'orange metal pliers with long handles...'
2025-08-09 00:24:07,604 - INFO -       📊 Validation score: 0.7174
2025-08-09 00:24:07,605 - INFO - 
   🔄 RL Round 4/17
2025-08-09 00:24:07,605 - INFO -       🎯 Strategy: artistic_elaboration (exploit)
2025-08-09 00:24:11,017 - INFO - [TRELLIS] GPU cache cleared: {'status': 'cache_cleared', 'available_memory_gb': 20.629684224}
2025-08-09 00:24:11,018 - INFO -       🔍 Validating...
2025-08-09 00:24:11,018 - INFO -       📝 Using optimized prompt for generation: 'orange metal pliers with long, ergonomic handles featuring subtle serrations along the grip and a precision-ground edge...'
2025-08-09 00:24:11,018 - INFO -       🎯 Computing scores against original prompt: 'orange metal pliers with long handles...'
2025-08-09 00:25:07,257 - INFO -       📊 Validation score: 0.7887
2025-08-09 00:25:07,257 - INFO -       📈 Improvement detected: artistic_elaboration working better
2025-08-09 00:25:07,257 - INFO - 
   🔄 RL Round 5/17
2025-08-09 00:25:07,258 - INFO -       🎯 Strategy: artistic_elaboration (explore)
2025-08-09 00:25:11,460 - INFO - [TRELLIS] GPU cache cleared: {'status': 'cache_cleared', 'available_memory_gb': 20.629684224}
2025-08-09 00:25:11,461 - INFO -       🔍 Validating...
2025-08-09 00:25:11,461 - INFO -       📝 Using optimized prompt for generation: 'orange metal pliers with long handles featuring a comfortable grip made from a tactile rubber strip and subtle ridges along the handle for added ergonomics, with an integrated wrist rest for reduced fatigue...'
2025-08-09 00:25:11,461 - INFO -       🎯 Computing scores against original prompt: 'orange metal pliers with long handles...'
2025-08-09 00:26:09,057 - INFO -       📊 Validation score: 0.8290
2025-08-09 00:26:09,058 - INFO -       📈 Improvement detected: artistic_elaboration working better
2025-08-09 00:26:09,058 - INFO - 
   🔄 RL Round 6/17
2025-08-09 00:26:09,058 - INFO -       🎯 Strategy: artistic_elaboration (explore)
2025-08-09 00:26:12,581 - INFO - [TRELLIS] GPU cache cleared: {'status': 'cache_cleared', 'available_memory_gb': 20.629684224}
2025-08-09 00:26:12,581 - INFO -       🔍 Validating...
2025-08-09 00:26:12,582 - INFO -       📝 Using optimized prompt for generation: 'orange metal pliers with long handles featuring a comfortable grip made from a textured rubber strip and subtle rivets along the handle's length, front view, accurate, complete, white background...'
2025-08-09 00:26:12,582 - INFO -       🎯 Computing scores against original prompt: 'orange metal pliers with long handles...'
2025-08-09 00:27:08,495 - INFO -       📊 Validation score: 0.8884
2025-08-09 00:27:08,496 - INFO -       📈 Improvement detected: artistic_elaboration working better
2025-08-09 00:27:08,496 - INFO - 
   🔄 RL Round 7/17
2025-08-09 00:27:08,496 - INFO -       🎯 Strategy: artistic_elaboration (exploit)
2025-08-09 00:27:11,941 - INFO - [TRELLIS] GPU cache cleared: {'status': 'cache_cleared', 'available_memory_gb': 20.629684224}
2025-08-09 00:27:11,942 - INFO -       🔍 Validating...
2025-08-09 00:27:11,942 - INFO -       📝 Using optimized prompt for generation: 'orange metal pliers with long handles featuring a contoured grip made from a tactile rubber strip and subtle serrations along the handle, front view, accurate, complete, white background...'
2025-08-09 00:27:11,942 - INFO -       🎯 Computing scores against original prompt: 'orange metal pliers with long handles...'
2025-08-09 00:28:07,696 - INFO -       📊 Validation score: 0.6048
2025-08-09 00:28:07,697 - INFO -       📉 Score declined: Consider different approach
2025-08-09 00:28:07,697 - INFO - 
   🔄 RL Round 8/17
2025-08-09 00:28:07,698 - INFO -       🔍 Explore performing better - increasing epsilon to 0.80
2025-08-09 00:28:07,698 - INFO -       🎯 Strategy: minimalist_refinement (exploit)
2025-08-09 00:28:11,526 - INFO - [TRELLIS] GPU cache cleared: {'status': 'cache_cleared', 'available_memory_gb': 20.629684224}
2025-08-09 00:28:11,526 - INFO -       🔍 Validating...
2025-08-09 00:28:11,526 - INFO -       📝 Using optimized prompt for generation: 'orange metal pliers with long handles featuring a contoured grip made from a textured rubber strip for improved comfort and reduced fatigue, front view, accurate, complete, white background...'
2025-08-09 00:28:11,526 - INFO -       🎯 Computing scores against original prompt: 'orange metal pliers with long handles...'
2025-08-09 00:29:06,281 - INFO -       📊 Validation score: 0.8959
2025-08-09 00:29:06,282 - INFO -       📈 Improvement detected: minimalist_refinement working better
2025-08-09 00:29:06,282 - INFO - 
   🔄 RL Round 9/17
2025-08-09 00:29:06,282 - INFO -       🔍 Explore performing better - increasing epsilon to 0.80
2025-08-09 00:29:06,282 - INFO -       🎯 Strategy: artistic_elaboration (explore)
2025-08-09 00:29:09,586 - INFO - [TRELLIS] GPU cache cleared: {'status': 'cache_cleared', 'available_memory_gb': 20.629684224}
2025-08-09 00:29:09,586 - INFO -       🔍 Validating...
2025-08-09 00:29:09,586 - INFO -       📝 Using optimized prompt for generation: 'orange metal pliers with long handles featuring a contoured grip made from a textured rubber strip and subtle serrations along the thumbrest for improved comfort and leverage, front view, accurate, complete, white background...'
2025-08-09 00:29:09,586 - INFO -       🎯 Computing scores against original prompt: 'orange metal pliers with long handles...'
2025-08-09 00:30:03,914 - INFO -       📊 Validation score: 0.8400
2025-08-09 00:30:03,915 - INFO -       📉 Score declined: Consider different approach
2025-08-09 00:30:03,915 - INFO - 
   🔄 RL Round 10/17
2025-08-09 00:30:03,915 - INFO -       🔍 Explore performing better - increasing epsilon to 0.80
2025-08-09 00:30:03,915 - INFO -       🎯 Strategy: artistic_elaboration (explore)
2025-08-09 00:30:06,970 - INFO - [TRELLIS] GPU cache cleared: {'status': 'cache_cleared', 'available_memory_gb': 20.629684224}
2025-08-09 00:30:06,970 - INFO -       🔍 Validating...
2025-08-09 00:30:06,970 - INFO -       📝 Using optimized prompt for generation: 'orange metal pliers with long handles featuring a textured grip and subtle ridges along the handle, front view, accurate, complete, white background...'
2025-08-09 00:30:06,970 - INFO -       🎯 Computing scores against original prompt: 'orange metal pliers with long handles...'
2025-08-09 00:30:59,334 - WARNING -    🔧 Score 0.0 - clearing CUDA cache
2025-08-09 00:30:59,335 - INFO -       📊 Validation score: 0.0000
2025-08-09 00:30:59,335 - INFO - 
   🔄 RL Round 11/17
2025-08-09 00:30:59,335 - INFO -       🔍 Explore performing better - increasing epsilon to 0.80
2025-08-09 00:30:59,335 - INFO -       🎯 Strategy: artistic_elaboration (explore)
2025-08-09 00:31:03,447 - INFO - [TRELLIS] GPU cache cleared: {'status': 'cache_cleared', 'available_memory_gb': 20.629684224}
2025-08-09 00:31:03,447 - INFO -       🔍 Validating...
2025-08-09 00:31:03,447 - INFO -       📝 Using optimized prompt for generation: 'orange metal pliers with long handles featuring a contoured grip made from a textured rubber strip and subtle ridges along the handle's edges, front view, accurate, complete, white background...'
2025-08-09 00:31:03,447 - INFO -       🎯 Computing scores against original prompt: 'orange metal pliers with long handles...'
2025-08-09 00:31:57,515 - INFO -       📊 Validation score: 0.7573
2025-08-09 00:31:57,516 - INFO - 
   🔄 RL Round 12/17
2025-08-09 00:31:57,516 - INFO -       🔍 Explore performing better - increasing epsilon to 0.80
2025-08-09 00:31:57,516 - INFO -       🎯 Strategy: artistic_elaboration (explore)
2025-08-09 00:32:01,383 - INFO - [TRELLIS] GPU cache cleared: {'status': 'cache_cleared', 'available_memory_gb': 20.629684224}
2025-08-09 00:32:01,384 - INFO -       🔍 Validating...
2025-08-09 00:32:01,384 - INFO -       📝 Using optimized prompt for generation: 'orange metal pliers with long handles featuring a precision-crafted grip with micro-serrations and a matte finish, front view, accurate, complete, white background...'
2025-08-09 00:32:01,384 - INFO -       🎯 Computing scores against original prompt: 'orange metal pliers with long handles...'
2025-08-09 00:32:56,174 - INFO -       📊 Validation score: 0.8944
2025-08-09 00:32:56,175 - INFO -       📈 Improvement detected: artistic_elaboration working better
2025-08-09 00:32:56,175 - INFO - 
   🔄 RL Round 13/17
2025-08-09 00:32:56,176 - INFO -       🔍 Explore performing better - increasing epsilon to 0.80
2025-08-09 00:32:56,176 - INFO -       🎯 Strategy: contextual_scene_building (explore)
2025-08-09 00:32:59,116 - INFO - [TRELLIS] GPU cache cleared: {'status': 'cache_cleared', 'available_memory_gb': 20.629684224}
2025-08-09 00:32:59,117 - INFO -       🔍 Validating...
2025-08-09 00:32:59,117 - INFO -       📝 Using optimized prompt for generation: 'orange metal pliers with long handles featuring an ergonomic grip made from a rubber strip with subtle ridges and a textured finish...'
2025-08-09 00:32:59,117 - INFO -       🎯 Computing scores against original prompt: 'orange metal pliers with long handles...'
2025-08-09 00:33:55,896 - INFO -       📊 Validation score: 0.7049
2025-08-09 00:33:55,897 - INFO -       📉 Score declined: Consider different approach
2025-08-09 00:33:55,897 - INFO - 
   🔄 RL Round 14/17
2025-08-09 00:33:55,897 - INFO -       🔍 Explore performing better - increasing epsilon to 0.80
2025-08-09 00:33:55,897 - INFO -       🎯 Strategy: contextual_scene_building (explore)
2025-08-09 00:33:59,290 - INFO - [TRELLIS] GPU cache cleared: {'status': 'cache_cleared', 'available_memory_gb': 20.629684224}
2025-08-09 00:33:59,290 - INFO -       🔍 Validating...
2025-08-09 00:33:59,291 - INFO -       📝 Using optimized prompt for generation: 'orange metal pliers with long handles featuring an ergonomic grip made from a textured rubber strip, adorned with small, subtle engravings that evoke a sense of industrial sophistication and precision craftsmanship...'
2025-08-09 00:33:59,291 - INFO -       🎯 Computing scores against original prompt: 'orange metal pliers with long handles...'
2025-08-09 00:34:55,868 - INFO -       📊 Validation score: 0.8492
2025-08-09 00:34:55,869 - INFO -       📈 Improvement detected: contextual_scene_building working better
2025-08-09 00:34:55,869 - INFO - 
   🔄 RL Round 15/17
2025-08-09 00:34:55,869 - INFO -       🔍 Explore performing better - increasing epsilon to 0.80
2025-08-09 00:34:55,869 - INFO -       🎯 Strategy: hybrid_approach (explore)
2025-08-09 00:34:59,024 - INFO - [TRELLIS] GPU cache cleared: {'status': 'cache_cleared', 'available_memory_gb': 20.629684224}
2025-08-09 00:34:59,025 - INFO -       🔍 Validating...
2025-08-09 00:34:59,025 - INFO -       📝 Using optimized prompt for generation: 'orange metal pliers with long handles featuring a contoured grip made from a textured rubber strip, front view, accurate, complete, white background...'
2025-08-09 00:34:59,025 - INFO -       🎯 Computing scores against original prompt: 'orange metal pliers with long handles...'
2025-08-09 00:35:54,377 - INFO -       📊 Validation score: 0.9133
2025-08-09 00:35:54,378 - INFO -       📈 Improvement detected: hybrid_approach working better
2025-08-09 00:35:54,378 - INFO - 
   🔄 RL Round 16/17
2025-08-09 00:35:54,378 - INFO -       🔍 Explore performing better - increasing epsilon to 0.80
2025-08-09 00:35:54,378 - INFO -       🎯 Strategy: hybrid_approach (explore)
2025-08-09 00:35:57,987 - INFO - [TRELLIS] GPU cache cleared: {'status': 'cache_cleared', 'available_memory_gb': 20.629684224}
2025-08-09 00:35:57,987 - INFO -       🔍 Validating...
2025-08-09 00:35:57,988 - INFO -       📝 Using optimized prompt for generation: 'orange metal pliers with long handles featuring a contoured grip made from a textured rubber strip and subtle serrations along the handle, precision-engineered for optimal comfort and functionality, front view, accurate, complete, white background...'
2025-08-09 00:35:57,988 - INFO -       🎯 Computing scores against original prompt: 'orange metal pliers with long handles...'
2025-08-09 00:36:53,657 - INFO -       📊 Validation score: 0.8422
2025-08-09 00:36:53,658 - INFO -       📉 Score declined: Consider different approach
2025-08-09 00:36:53,658 - INFO - 
   🔄 RL Round 17/17
2025-08-09 00:36:53,658 - INFO -       🔍 Explore performing better - increasing epsilon to 0.80
2025-08-09 00:36:53,658 - INFO -       🎯 Strategy: minimalist_refinement (exploit)
2025-08-09 00:36:57,329 - INFO - [TRELLIS] GPU cache cleared: {'status': 'cache_cleared', 'available_memory_gb': 20.629684224}
2025-08-09 00:36:57,330 - INFO -       🔍 Validating...
2025-08-09 00:36:57,330 - INFO -       📝 Using optimized prompt for generation: 'orange metal pliers with long handles featuring a precision-crafted grip with fine serrations along the ergonomic handle, front view, accurate, complete, white background...'
2025-08-09 00:36:57,330 - INFO -       🎯 Computing scores against original prompt: 'orange metal pliers with long handles...'
2025-08-09 00:37:52,939 - INFO -       📊 Validation score: 0.5532
2025-08-09 00:37:52,963 - INFO - 
🎯 RL LOOP COMPLETE:
2025-08-09 00:37:52,963 - INFO -    Best prompt: orange metal pliers with long handles and intricate engravings depicting scenes of nature, front view, accurate, complete, white background
2025-08-09 00:37:52,963 - INFO -    Best score: 0.9134
2025-08-09 00:37:52,963 - INFO -    Rounds: 17
2025-08-09 00:37:52,963 - INFO -    Convergence: False
2025-08-09 00:37:52,963 - INFO -    Convergence reason: Not converged
2025-08-09 00:37:52,963 - INFO -    Exploration ratio: 76.5%
2025-08-09 00:37:52,963 - INFO -    Insights learned: 2
2025-08-09 00:37:52,963 - INFO -    Total time: 1005.04s
2025-08-09 00:37:52,964 - INFO - Prompt optimized in 17 rounds: 0.913 → 0.913 (+0.000)
2025-08-09 00:37:52,964 - INFO - ⏰ Max rounds reached
2025-08-09 00:37:52,964 - INFO - 
--- Episode 1, Prompt 37 (Total: 63) ---
2025-08-09 00:37:52,964 - INFO - Optimizing: 'sapphire-studded sharp spear'
2025-08-09 00:37:52,964 - INFO - 🔍 Checking server availability before optimization...
2025-08-09 00:37:52,973 - INFO - ✅ Server is available (status: completed)
2025-08-09 00:37:52,973 - INFO - 📝 Marked server as used at 1754699872.9738286
2025-08-09 00:37:52,973 - INFO - ✅ Server is available and marked as used
2025-08-09 00:37:52,974 - INFO - 🔄 Reproducibility optimization returned no result
2025-08-09 00:37:52,974 - INFO -       🔧 Overriding endpoint: generate/baolei/
2025-08-09 00:37:52,974 - INFO -       🔧 Using endpoint: generate/baolei/
2025-08-09 00:37:52,977 - INFO - 
🔄 RL LOOP OPTIMIZATION: 'sapphire-studded sharp spear'
2025-08-09 00:37:52,977 - INFO -    Session: rl_session_1754699872_7545
2025-08-09 00:37:52,977 - INFO -    Max rounds: 17
2025-08-09 00:37:52,977 - INFO -    Min rounds before convergence: 5
2025-08-09 00:37:52,977 - INFO -    Target score: 0.99
2025-08-09 00:37:52,978 - INFO - 
   🔄 RL Round 1/17
2025-08-09 00:37:52,978 - INFO -       🔍 Explore performing better - increasing epsilon to 0.80
2025-08-09 00:37:52,978 - INFO -       🎯 Strategy: aggressive_transformation (exploit)
2025-08-09 00:37:57,989 - INFO - [TRELLIS] GPU cache cleared: {'status': 'cache_cleared', 'available_memory_gb': 20.629684224}
2025-08-09 00:37:57,989 - INFO -       🔍 Validating...
2025-08-09 00:37:57,989 - INFO -       📝 Using optimized prompt for generation: 'a sapphire-studded sharp spear with intricate silver filigree and a worn leather scabbard, front view, accurate, complete, white background...'
2025-08-09 00:37:57,989 - INFO -       🎯 Computing scores against original prompt: 'sapphire-studded sharp spear...'
2025-08-09 00:38:53,439 - INFO -       📊 Validation score: 0.9036
2025-08-09 00:38:53,439 - INFO -       🎯 New best score: 0.9036
2025-08-09 00:38:53,439 - INFO - 
   🔄 RL Round 2/17
2025-08-09 00:38:53,440 - INFO -       🔍 Explore performing better - increasing epsilon to 0.80
2025-08-09 00:38:53,440 - INFO -       🎯 Strategy: minimalist_refinement (explore)
2025-08-09 00:38:57,241 - INFO - [TRELLIS] GPU cache cleared: {'status': 'cache_cleared', 'available_memory_gb': 20.629684224}
2025-08-09 00:38:57,241 - INFO -       🔍 Validating...
2025-08-09 00:38:57,242 - INFO -       📝 Using optimized prompt for generation: 'a sapphire-studded sharp spear with delicate silver filigree, subtle wear marks on the blade's surface, and a supple leather scabbard wrapped around a polished wooden grip, front view, accurate, complete, white background...'
2025-08-09 00:38:57,242 - INFO -       🎯 Computing scores against original prompt: 'sapphire-studded sharp spear...'
2025-08-09 00:39:52,973 - INFO -       📊 Validation score: 0.9456
2025-08-09 00:39:52,973 - INFO -       🎯 New best score: 0.9456
2025-08-09 00:39:52,973 - INFO -       📈 Improvement detected: minimalist_refinement working better
2025-08-09 00:39:52,973 - INFO - 
   🔄 RL Round 3/17
2025-08-09 00:39:52,973 - INFO -       🔍 Explore performing better - increasing epsilon to 0.80
2025-08-09 00:39:52,973 - INFO -       🎯 Strategy: material_focus (explore)
2025-08-09 00:39:56,603 - INFO - [TRELLIS] GPU cache cleared: {'status': 'cache_cleared', 'available_memory_gb': 20.629684224}
2025-08-09 00:39:56,603 - INFO -       🔍 Validating...
2025-08-09 00:39:56,603 - INFO -       📝 Using optimized prompt for generation: 'a sapphire-studded sharp spear with delicate, hand-forged silver filigree and a subtle curve to its blade, worn leather scabbard resting against the shoulder, front view, accurate, complete, white background...'
2025-08-09 00:39:56,604 - INFO -       🎯 Computing scores against original prompt: 'sapphire-studded sharp spear...'
2025-08-09 00:40:52,727 - INFO -       📊 Validation score: 0.8857
2025-08-09 00:40:52,728 - INFO -       📉 Score declined: Consider different approach
2025-08-09 00:40:52,728 - INFO - 
   🔄 RL Round 4/17
2025-08-09 00:40:52,728 - INFO -       🔍 Explore performing better - increasing epsilon to 0.80
2025-08-09 00:40:52,728 - INFO -       🎯 Strategy: material_focus (explore)
2025-08-09 00:40:56,834 - INFO - [TRELLIS] GPU cache cleared: {'status': 'cache_cleared', 'available_memory_gb': 20.629684224}
2025-08-09 00:40:56,834 - INFO -       🔍 Validating...
2025-08-09 00:40:56,835 - INFO -       📝 Using optimized prompt for generation: 'a sapphire-studded sharp spear with an intricately crafted silver hilt featuring delicate etchings and subtle patterns, its blade bearing a distinctive curved shape and a hint of worn patina, front view, accurate, complete, white background...'
2025-08-09 00:40:56,835 - INFO -       🎯 Computing scores against original prompt: 'sapphire-studded sharp spear...'
2025-08-09 00:41:53,388 - INFO -       📊 Validation score: 0.8929
2025-08-09 00:41:53,388 - INFO -       📈 Improvement detected: material_focus working better
2025-08-09 00:41:53,388 - INFO - 
   🔄 RL Round 5/17
2025-08-09 00:41:53,389 - INFO -       🔍 Explore performing better - increasing epsilon to 0.80
2025-08-09 00:41:53,389 - INFO -       🎯 Strategy: material_focus (explore)
2025-08-09 00:41:57,473 - INFO - [TRELLIS] GPU cache cleared: {'status': 'cache_cleared', 'available_memory_gb': 20.629684224}
2025-08-09 00:41:57,473 - INFO -       🔍 Validating...
2025-08-09 00:41:57,473 - INFO -       📝 Using optimized prompt for generation: 'a high-carbon steel sharp spear with precision-crafted sapphire studs, weathered bronze accents, and a narrow, ergonomic grip, front view, accurate, complete, white background...'
2025-08-09 00:41:57,474 - INFO -       🎯 Computing scores against original prompt: 'sapphire-studded sharp spear...'
2025-08-09 00:42:53,952 - INFO -       📊 Validation score: 0.9051
2025-08-09 00:42:53,953 - INFO -       🔍 Explore performing better - stricter convergence threshold: 0.005
2025-08-09 00:42:53,953 - INFO -       📈 Improvement detected: material_focus working better
2025-08-09 00:42:53,953 - INFO - 
   🔄 RL Round 6/17
2025-08-09 00:42:53,953 - INFO -       🔍 Explore performing better - increasing epsilon to 0.80
2025-08-09 00:42:53,954 - INFO -       🎯 Strategy: technical_precision (explore)
2025-08-09 00:42:57,843 - INFO - [TRELLIS] GPU cache cleared: {'status': 'cache_cleared', 'available_memory_gb': 20.629684224}
2025-08-09 00:42:57,844 - INFO -       🔍 Validating...
2025-08-09 00:42:57,844 - INFO -       📝 Using optimized prompt for generation: 'a high-carbon steel sapphire-studded sharp spear with precision-crafted silver filigree, delicate etchings on the blade's surface, and a subtle curve to its ergonomic grip, front view, accurate, complete, white background...'
2025-08-09 00:42:57,844 - INFO -       🎯 Computing scores against original prompt: 'sapphire-studded sharp spear...'
2025-08-09 00:43:55,130 - INFO -       📊 Validation score: 0.8891
2025-08-09 00:43:55,130 - INFO -       🔍 Explore performing better - stricter convergence threshold: 0.005
2025-08-09 00:43:55,130 - INFO -       📉 Score declined: Consider different approach
2025-08-09 00:43:55,130 - INFO - 
   🔄 RL Round 7/17
2025-08-09 00:43:55,131 - INFO -       🔍 Explore performing better - increasing epsilon to 0.80
2025-08-09 00:43:55,131 - INFO -       🎯 Strategy: contextual_scene_building (explore)
2025-08-09 00:43:58,639 - INFO - [TRELLIS] GPU cache cleared: {'status': 'cache_cleared', 'available_memory_gb': 20.629684224}
2025-08-09 00:43:58,640 - INFO -       🔍 Validating...
2025-08-09 00:43:58,640 - INFO -       📝 Using optimized prompt for generation: 'a sleek and refined sapphire-studded sharp spear with delicate, hand-forged silver filigree and subtle wear marks on the blade's surface, front view, accurate, complete, white background...'
2025-08-09 00:43:58,640 - INFO -       🎯 Computing scores against original prompt: 'sapphire-studded sharp spear...'
2025-08-09 00:44:54,581 - INFO -       📊 Validation score: 0.8473
2025-08-09 00:44:54,582 - INFO -       🔍 Explore performing better - stricter convergence threshold: 0.005
2025-08-09 00:44:54,582 - INFO -       📉 Score declined: Consider different approach
2025-08-09 00:44:54,582 - INFO - 
   🔄 RL Round 8/17
2025-08-09 00:44:54,582 - INFO -       🔍 Explore performing better - increasing epsilon to 0.80
2025-08-09 00:44:54,582 - INFO -       🎯 Strategy: hybrid_approach (explore)
2025-08-09 00:44:58,655 - INFO - [TRELLIS] GPU cache cleared: {'status': 'cache_cleared', 'available_memory_gb': 20.629684224}
2025-08-09 00:44:58,655 - INFO -       🔍 Validating...
2025-08-09 00:44:58,655 - INFO -       📝 Using optimized prompt for generation: 'a sapphire-studded sharp spear with intricately forged silver filigree and a slender, curved blade, front view, accurate, complete, white background...'
2025-08-09 00:44:58,655 - INFO -       🎯 Computing scores against original prompt: 'sapphire-studded sharp spear...'
2025-08-09 00:45:52,286 - INFO -       📊 Validation score: 0.9394
2025-08-09 00:45:52,286 - INFO -       🔍 Explore performing better - stricter convergence threshold: 0.005
2025-08-09 00:45:52,286 - INFO -       📈 Improvement detected: hybrid_approach working better
2025-08-09 00:45:52,286 - INFO - 
   🔄 RL Round 9/17
2025-08-09 00:45:52,286 - INFO -       🔍 Explore performing better - increasing epsilon to 0.80
2025-08-09 00:45:52,287 - INFO -       🎯 Strategy: hybrid_approach (exploit)
2025-08-09 00:45:55,972 - INFO - [TRELLIS] GPU cache cleared: {'status': 'cache_cleared', 'available_memory_gb': 20.629684224}
2025-08-09 00:45:55,972 - INFO -       🔍 Validating...
2025-08-09 00:45:55,972 - INFO -       📝 Using optimized prompt for generation: 'a sapphire-studded sharp spear with precision-crafted silver filigree and subtle wear marks on its blade's surface...'
2025-08-09 00:45:55,973 - INFO -       🎯 Computing scores against original prompt: 'sapphire-studded sharp spear...'
2025-08-09 00:46:49,779 - INFO -       📊 Validation score: 0.8913
2025-08-09 00:46:49,780 - INFO -       🔍 Explore performing better - stricter convergence threshold: 0.005
2025-08-09 00:46:49,780 - INFO -       📉 Score declined: Consider different approach
2025-08-09 00:46:49,780 - INFO - 
   🔄 RL Round 10/17
2025-08-09 00:46:49,780 - INFO -       🔍 Explore performing better - increasing epsilon to 0.80
2025-08-09 00:46:49,780 - INFO -       🎯 Strategy: conservative_enhancement (explore)
2025-08-09 00:46:53,076 - INFO - [TRELLIS] GPU cache cleared: {'status': 'cache_cleared', 'available_memory_gb': 20.629684224}
2025-08-09 00:46:53,076 - INFO -       🔍 Validating...
2025-08-09 00:46:53,076 - INFO -       📝 Using optimized prompt for generation: 'a slender sapphire-studded sharp spear with precision-crafted silver filigree and subtle wear marks on its blade's surface, front view, accurate, complete, white background...'
2025-08-09 00:46:53,076 - INFO -       🎯 Computing scores against original prompt: 'sapphire-studded sharp spear...'
2025-08-09 00:47:46,812 - INFO -       📊 Validation score: 0.8524
2025-08-09 00:47:46,813 - INFO -       🔍 Explore performing better - stricter convergence threshold: 0.005
2025-08-09 00:47:46,813 - INFO -       📉 Score declined: Consider different approach
2025-08-09 00:47:46,813 - INFO - 
   🔄 RL Round 11/17
2025-08-09 00:47:46,813 - INFO -       🔍 Explore performing better - increasing epsilon to 0.80
2025-08-09 00:47:46,813 - INFO -       🎯 Strategy: hybrid_approach (exploit)
2025-08-09 00:47:50,003 - INFO - [TRELLIS] GPU cache cleared: {'status': 'cache_cleared', 'available_memory_gb': 20.629684224}
2025-08-09 00:47:50,003 - INFO -       🔍 Validating...
2025-08-09 00:47:50,003 - INFO -       📝 Using optimized prompt for generation: 'a sapphire-studded sharp spear with precision-crafted silver filigree and subtle wear marks on its blade's surface, front view, accurate, complete, white background...'
2025-08-09 00:47:50,003 - INFO -       🎯 Computing scores against original prompt: 'sapphire-studded sharp spear...'
2025-08-09 00:48:44,144 - INFO -       📊 Validation score: 0.8537
2025-08-09 00:48:44,145 - INFO -       🔍 Explore performing better - stricter convergence threshold: 0.005
2025-08-09 00:48:44,145 - INFO -       ✅ Convergence achieved: Convergence threshold met (improvement: 0.001)
2025-08-09 00:48:44,174 - INFO - 
🎯 RL LOOP COMPLETE:
2025-08-09 00:48:44,174 - INFO -    Best prompt: a sapphire-studded sharp spear with delicate silver filigree, subtle wear marks on the blade's surface, and a supple leather scabbard wrapped around a polished wooden grip, front view, accurate, complete, white background
2025-08-09 00:48:44,174 - INFO -    Best score: 0.9456
2025-08-09 00:48:44,174 - INFO -    Rounds: 11
2025-08-09 00:48:44,174 - INFO -    Convergence: True
2025-08-09 00:48:44,174 - INFO -    Convergence reason: Convergence threshold met (improvement: 0.001)
2025-08-09 00:48:44,174 - INFO -    Exploration ratio: 72.7%
2025-08-09 00:48:44,174 - INFO -    Insights learned: 2
2025-08-09 00:48:44,175 - INFO -    Total time: 651.17s
2025-08-09 00:48:44,175 - INFO - Prompt optimized in 11 rounds: 0.904 → 0.946 (+0.042)
2025-08-09 00:48:44,175 - INFO - ✅ Target score achieved!
2025-08-09 00:48:44,176 - INFO - 
--- Episode 1, Prompt 38 (Total: 63) ---
2025-08-09 00:48:44,176 - INFO - Optimizing: 'emerald pendant'
2025-08-09 00:48:44,176 - INFO - 🔍 Checking server availability before optimization...
2025-08-09 00:48:44,188 - INFO - ✅ Server is available (status: completed)
2025-08-09 00:48:44,189 - INFO - 📝 Marked server as used at 1754700524.189175
2025-08-09 00:48:44,189 - INFO - ✅ Server is available and marked as used
2025-08-09 00:48:44,189 - INFO - 🔄 Reproducibility optimization returned no result
2025-08-09 00:48:44,189 - INFO -       🔧 Overriding endpoint: generate/baolei/
2025-08-09 00:48:44,189 - INFO -       🔧 Using endpoint: generate/baolei/
2025-08-09 00:48:44,192 - INFO - 
🔄 RL LOOP OPTIMIZATION: 'emerald pendant'
2025-08-09 00:48:44,192 - INFO -    Session: rl_session_1754700524_1678
2025-08-09 00:48:44,192 - INFO -    Max rounds: 17
2025-08-09 00:48:44,192 - INFO -    Min rounds before convergence: 5
2025-08-09 00:48:44,192 - INFO -    Target score: 0.99
2025-08-09 00:48:44,192 - INFO - 
   🔄 RL Round 1/17
2025-08-09 00:48:44,193 - INFO -       🔍 Explore performing better - increasing epsilon to 0.80
2025-08-09 00:48:44,193 - INFO -       🎯 Strategy: hybrid_approach (exploit)
2025-08-09 00:48:48,000 - INFO - [TRELLIS] GPU cache cleared: {'status': 'cache_cleared', 'available_memory_gb': 20.629684224}
2025-08-09 00:48:48,001 - INFO -       🔍 Validating...
2025-08-09 00:48:48,001 - INFO -       📝 Using optimized prompt for generation: 'a delicate emerald pendant nestled within a velvet-lined box adorned with intricate gold filigree and suspended from a slender chain, front view, accurate, complete, white background...'
2025-08-09 00:48:48,001 - INFO -       🎯 Computing scores against original prompt: 'emerald pendant...'
2025-08-09 00:49:51,625 - INFO -       📊 Validation score: 0.2982
2025-08-09 00:49:51,625 - INFO -       🎯 New best score: 0.2982
2025-08-09 00:49:51,625 - INFO - 
   🔄 RL Round 2/17
2025-08-09 00:49:51,626 - INFO -       🔍 Explore performing better - increasing epsilon to 0.80
2025-08-09 00:49:51,626 - INFO -       🎯 Strategy: hybrid_approach (explore)
2025-08-09 00:49:55,686 - INFO - [TRELLIS] GPU cache cleared: {'status': 'cache_cleared', 'available_memory_gb': 20.629684224}
2025-08-09 00:49:55,687 - INFO -       🔍 Validating...
2025-08-09 00:49:55,687 - INFO -       📝 Using optimized prompt for generation: 'a slender emerald pendant with delicate filigree and subtle inlays of silver, suspended from a thin chain adorned with a small golden clasp, front view, accurate, complete, white background...'
2025-08-09 00:49:55,687 - INFO -       🎯 Computing scores against original prompt: 'emerald pendant...'
2025-08-09 00:50:52,912 - INFO -       📊 Validation score: 0.7105
2025-08-09 00:50:52,912 - INFO -       🎯 New best score: 0.7105
2025-08-09 00:50:52,913 - INFO -       📈 Improvement detected: hybrid_approach working better
2025-08-09 00:50:52,913 - INFO - 
   🔄 RL Round 3/17
2025-08-09 00:50:52,913 - INFO -       🔍 Explore performing better - increasing epsilon to 0.80
2025-08-09 00:50:52,913 - INFO -       🎯 Strategy: aggressive_transformation (exploit)
2025-08-09 00:50:57,787 - INFO - [TRELLIS] GPU cache cleared: {'status': 'cache_cleared', 'available_memory_gb': 20.629684224}
2025-08-09 00:50:57,788 - INFO -       🔍 Validating...
2025-08-09 00:50:57,788 - INFO -       📝 Using optimized prompt for generation: 'a slender emerald pendant with intricate filigree and delicate silver inlays, suspended from a thin chain that glimmers with subtle opalescent colors, front view, accurate, complete, white background...'
2025-08-09 00:50:57,788 - INFO -       🎯 Computing scores against original prompt: 'emerald pendant...'
2025-08-09 00:51:53,966 - INFO -       📊 Validation score: 0.8357
2025-08-09 00:51:53,967 - INFO -       🎯 New best score: 0.8357
2025-08-09 00:51:53,967 - INFO -       📈 Improvement detected: aggressive_transformation working better
2025-08-09 00:51:53,967 - INFO - 
   🔄 RL Round 4/17
2025-08-09 00:51:53,967 - INFO -       🔍 Explore performing better - increasing epsilon to 0.80
2025-08-09 00:51:53,967 - INFO -       🎯 Strategy: conservative_enhancement (exploit)
2025-08-09 00:51:58,241 - INFO - [TRELLIS] GPU cache cleared: {'status': 'cache_cleared', 'available_memory_gb': 20.629684224}
2025-08-09 00:51:58,242 - INFO -       🔍 Validating...
2025-08-09 00:51:58,242 - INFO -       📝 Using optimized prompt for generation: 'a slender emerald pendant with delicate filigree and subtle silver inlays, suspended from a thin chain, front view, accurate, complete, white background...'
2025-08-09 00:51:58,242 - INFO -       🎯 Computing scores against original prompt: 'emerald pendant...'
2025-08-09 00:52:55,948 - INFO -       📊 Validation score: 0.8391
2025-08-09 00:52:55,948 - INFO -       🎯 New best score: 0.8391
2025-08-09 00:52:55,949 - INFO -       📈 Improvement detected: conservative_enhancement working better
2025-08-09 00:52:55,952 - INFO - 
   🔄 RL Round 5/17
2025-08-09 00:52:55,952 - INFO -       🔍 Explore performing better - increasing epsilon to 0.80
2025-08-09 00:52:55,952 - INFO -       🎯 Strategy: conservative_enhancement (explore)
2025-08-09 00:52:59,870 - INFO - [TRELLIS] GPU cache cleared: {'status': 'cache_cleared', 'available_memory_gb': 20.629684224}
2025-08-09 00:52:59,871 - INFO -       🔍 Validating...
2025-08-09 00:52:59,871 - INFO -       📝 Using optimized prompt for generation: 'a slender emerald pendant with intricate filigree and subtle silver inlays suspended from a thin chain adorned with delicate engravings of botanical motifs...'
2025-08-09 00:52:59,871 - INFO -       🎯 Computing scores against original prompt: 'emerald pendant...'
2025-08-09 00:53:59,560 - INFO -       📊 Validation score: 0.8705
2025-08-09 00:53:59,561 - INFO -       🎯 New best score: 0.8705
2025-08-09 00:53:59,561 - INFO -       🔍 Explore performing better - stricter convergence threshold: 0.005
2025-08-09 00:53:59,561 - INFO -       📈 Improvement detected: conservative_enhancement working better
2025-08-09 00:53:59,561 - INFO - 
   🔄 RL Round 6/17
2025-08-09 00:53:59,561 - INFO -       🔍 Explore performing better - increasing epsilon to 0.80
2025-08-09 00:53:59,561 - INFO -       🎯 Strategy: hybrid_approach (explore)
2025-08-09 00:54:03,825 - INFO - [TRELLIS] GPU cache cleared: {'status': 'cache_cleared', 'available_memory_gb': 20.629684224}
2025-08-09 00:54:03,825 - INFO -       🔍 Validating...
2025-08-09 00:54:03,825 - INFO -       📝 Using optimized prompt for generation: 'a slender emerald pendant with delicate filigree and subtle silver inlays suspended from a thin chain, front view, accurate, complete, white background...'
2025-08-09 00:54:03,825 - INFO -       🎯 Computing scores against original prompt: 'emerald pendant...'
2025-08-09 00:55:01,774 - INFO -       📊 Validation score: 0.9027
2025-08-09 00:55:01,774 - INFO -       🎯 New best score: 0.9027
2025-08-09 00:55:01,775 - INFO -       🔍 Explore performing better - stricter convergence threshold: 0.005
2025-08-09 00:55:01,775 - INFO -       📈 Improvement detected: hybrid_approach working better
2025-08-09 00:55:01,775 - INFO - 
   🔄 RL Round 7/17
2025-08-09 00:55:01,775 - INFO -       🔍 Explore performing better - increasing epsilon to 0.80
2025-08-09 00:55:01,775 - INFO -       🎯 Strategy: technical_precision (explore)
2025-08-09 00:55:06,378 - INFO - [TRELLIS] GPU cache cleared: {'status': 'cache_cleared', 'available_memory_gb': 20.629684224}
2025-08-09 00:55:06,379 - INFO -       🔍 Validating...
2025-08-09 00:55:06,379 - INFO -       📝 Using optimized prompt for generation: 'an elegant emerald pendant with intricate filigree and subtle silver inlays, suspended from a thin chain, front view, accurate, complete, white background...'
2025-08-09 00:55:06,379 - INFO -       🎯 Computing scores against original prompt: 'emerald pendant...'
2025-08-09 00:56:04,290 - INFO -       📊 Validation score: 0.8602
2025-08-09 00:56:04,291 - INFO -       🔍 Explore performing better - stricter convergence threshold: 0.005
2025-08-09 00:56:04,291 - INFO -       📉 Score declined: Consider different approach
2025-08-09 00:56:04,291 - INFO - 
   🔄 RL Round 8/17
2025-08-09 00:56:04,291 - INFO -       🔍 Explore performing better - increasing epsilon to 0.80
2025-08-09 00:56:04,291 - INFO -       🎯 Strategy: contextual_scene_building (explore)
2025-08-09 00:56:08,751 - INFO - [TRELLIS] GPU cache cleared: {'status': 'cache_cleared', 'available_memory_gb': 20.629684224}
2025-08-09 00:56:08,752 - INFO -       🔍 Validating...
2025-08-09 00:56:08,752 - INFO -       📝 Using optimized prompt for generation: 'a slender emerald pendant with delicate filigree and subtle silver inlays suspended from a thin chain...'
2025-08-09 00:56:08,752 - INFO -       🎯 Computing scores against original prompt: 'emerald pendant...'
2025-08-09 00:57:06,450 - INFO -       📊 Validation score: -0.0448
2025-08-09 00:57:06,450 - INFO -       📉 Score declined: Consider different approach
2025-08-09 00:57:06,450 - INFO -       🔍 Increasing exploration to 0.80
2025-08-09 00:57:06,451 - INFO - 
   🔄 RL Round 9/17
2025-08-09 00:57:06,451 - INFO -       🎯 Strategy: contextual_scene_building (explore)
2025-08-09 00:57:10,081 - INFO - [TRELLIS] GPU cache cleared: {'status': 'cache_cleared', 'available_memory_gb': 20.629684224}
2025-08-09 00:57:10,081 - INFO -       🔍 Validating...
2025-08-09 00:57:10,081 - INFO -       📝 Using optimized prompt for generation: 'a slender emerald pendant with delicate filigree and subtle silver inlays, suspended from a thin chain, front view, accurate, complete, white background...'
2025-08-09 00:57:10,081 - INFO -       🎯 Computing scores against original prompt: 'emerald pendant...'
2025-08-09 00:58:08,244 - INFO -       📊 Validation score: 0.8402
2025-08-09 00:58:08,245 - INFO -       📈 Improvement detected: contextual_scene_building working better
2025-08-09 00:58:08,245 - INFO - 
   🔄 RL Round 10/17
2025-08-09 00:58:08,245 - INFO -       🎯 Strategy: contextual_scene_building (explore)
2025-08-09 00:58:12,968 - INFO - [TRELLIS] GPU cache cleared: {'status': 'cache_cleared', 'available_memory_gb': 20.629684224}
2025-08-09 00:58:12,968 - INFO -       🔍 Validating...
2025-08-09 00:58:12,969 - INFO -       📝 Using optimized prompt for generation: 'a slender emerald pendant with delicate filigree and subtle silver inlays, suspended from a thin chain adorned with a tiny, shimmering opal, front view, accurate, complete, white background...'
2025-08-09 00:58:12,969 - INFO -       🎯 Computing scores against original prompt: 'emerald pendant...'
2025-08-09 00:59:10,741 - INFO -       📊 Validation score: 0.8776
2025-08-09 00:59:10,742 - INFO -       📈 Improvement detected: contextual_scene_building working better
2025-08-09 00:59:10,742 - INFO - 
   🔄 RL Round 11/17
2025-08-09 00:59:10,742 - INFO -       🎯 Strategy: material_focus (explore)
2025-08-09 00:59:14,239 - INFO - [TRELLIS] GPU cache cleared: {'status': 'cache_cleared', 'available_memory_gb': 20.629684224}
2025-08-09 00:59:14,239 - INFO -       🔍 Validating...
2025-08-09 00:59:14,239 - INFO -       📝 Using optimized prompt for generation: 'a slender emerald pendant adorned with delicate filigree and intricate silver inlays suspended from a thin, delicate chain that glimmers with subtle hints of blue and green undertones, front view, accurate, complete, white background...'
2025-08-09 00:59:14,239 - INFO -       🎯 Computing scores against original prompt: 'emerald pendant...'
2025-08-09 01:00:12,189 - INFO -       📊 Validation score: 0.8590
2025-08-09 01:00:12,190 - INFO -       📉 Score declined: Consider different approach
2025-08-09 01:00:12,190 - INFO - 
   🔄 RL Round 12/17
2025-08-09 01:00:12,190 - INFO -       🎯 Strategy: material_focus (explore)
2025-08-09 01:00:16,035 - INFO - [TRELLIS] GPU cache cleared: {'status': 'cache_cleared', 'available_memory_gb': 20.629684224}
2025-08-09 01:00:16,035 - INFO -       🔍 Validating...
2025-08-09 01:00:16,035 - INFO -       📝 Using optimized prompt for generation: 'a slender emerald pendant with intricate filigree and delicate silver inlays suspended from a thin chain made of warm, rich gold, front view, accurate, complete, white background...'
2025-08-09 01:00:16,036 - INFO -       🎯 Computing scores against original prompt: 'emerald pendant...'
2025-08-09 01:01:12,500 - INFO -       📊 Validation score: 0.8609
2025-08-09 01:01:12,501 - INFO -       ✅ Convergence achieved: Convergence threshold met (improvement: 0.002)
2025-08-09 01:01:12,523 - INFO - 
🎯 RL LOOP COMPLETE:
2025-08-09 01:01:12,523 - INFO -    Best prompt: a slender emerald pendant with delicate filigree and subtle silver inlays suspended from a thin chain, front view, accurate, complete, white background
2025-08-09 01:01:12,524 - INFO -    Best score: 0.9027
2025-08-09 01:01:12,524 - INFO -    Rounds: 12
2025-08-09 01:01:12,524 - INFO -    Convergence: True
2025-08-09 01:01:12,524 - INFO -    Convergence reason: Convergence threshold met (improvement: 0.002)
2025-08-09 01:01:12,524 - INFO -    Exploration ratio: 75.0%
2025-08-09 01:01:12,524 - INFO -    Insights learned: 3
2025-08-09 01:01:12,524 - INFO -    Total time: 748.31s
2025-08-09 01:01:12,524 - INFO - Prompt optimized in 12 rounds: 0.298 → 0.903 (+0.605)
2025-08-09 01:01:12,524 - INFO - ✅ Target score achieved!
2025-08-09 01:01:12,524 - INFO - 
--- Episode 1, Prompt 39 (Total: 63) ---
2025-08-09 01:01:12,525 - INFO - Optimizing: 'bottle of red wine with cork in it'
2025-08-09 01:01:12,525 - INFO - 🔍 Checking server availability before optimization...
2025-08-09 01:01:12,532 - INFO - ✅ Server is available (status: completed)
2025-08-09 01:01:12,532 - INFO - 📝 Marked server as used at 1754701272.5328243
2025-08-09 01:01:12,532 - INFO - ✅ Server is available and marked as used
2025-08-09 01:01:12,533 - INFO - 🔄 Reproducibility optimization returned no result
2025-08-09 01:01:12,533 - INFO -       🔧 Overriding endpoint: generate/baolei/
2025-08-09 01:01:12,533 - INFO -       🔧 Using endpoint: generate/baolei/
2025-08-09 01:01:12,536 - INFO - 
🔄 RL LOOP OPTIMIZATION: 'bottle of red wine with cork in it'
2025-08-09 01:01:12,536 - INFO -    Session: rl_session_1754701272_8555
2025-08-09 01:01:12,536 - INFO -    Max rounds: 17
2025-08-09 01:01:12,536 - INFO -    Min rounds before convergence: 5
2025-08-09 01:01:12,536 - INFO -    Target score: 0.99
2025-08-09 01:01:12,536 - INFO - 
   🔄 RL Round 1/17
2025-08-09 01:01:12,537 - INFO -       🎯 Strategy: material_focus (exploit)
2025-08-09 01:01:16,749 - INFO - [TRELLIS] GPU cache cleared: {'status': 'cache_cleared', 'available_memory_gb': 20.629684224}
2025-08-09 01:01:16,750 - INFO -       🔍 Validating...
2025-08-09 01:01:16,750 - INFO -       📝 Using optimized prompt for generation: 'a delicate glass bottle of rich, full-bodied red wine with a perfectly intact cork and subtle sediment at the bottom, front view, accurate, complete, white background...'
2025-08-09 01:01:16,750 - INFO -       🎯 Computing scores against original prompt: 'bottle of red wine with cork in it...'
2025-08-09 01:02:14,989 - INFO -       📊 Validation score: 0.9039
2025-08-09 01:02:14,990 - INFO -       🎯 New best score: 0.9039
2025-08-09 01:02:14,990 - INFO - 
   🔄 RL Round 2/17
2025-08-09 01:02:14,990 - INFO -       🎯 Strategy: technical_precision (explore)
2025-08-09 01:02:19,347 - INFO - [TRELLIS] GPU cache cleared: {'status': 'cache_cleared', 'available_memory_gb': 20.629684224}
2025-08-09 01:02:19,348 - INFO -       🔍 Validating...
2025-08-09 01:02:19,348 - INFO -       📝 Using optimized prompt for generation: 'a slender glass bottle of rich, full-bodied red wine with a perfectly intact cork and subtle sediment at the bottom, front view, accurate, complete, white background...'
2025-08-09 01:02:19,348 - INFO -       🎯 Computing scores against original prompt: 'bottle of red wine with cork in it...'
2025-08-09 01:03:16,736 - INFO -       📊 Validation score: 0.8912
2025-08-09 01:03:16,737 - INFO -       📉 Score declined: Consider different approach
2025-08-09 01:03:16,737 - INFO - 
   🔄 RL Round 3/17
2025-08-09 01:03:16,737 - INFO -       🔍 Explore performing better - increasing epsilon to 0.72
2025-08-09 01:03:16,737 - INFO -       🎯 Strategy: aggressive_transformation (explore)
2025-08-09 01:03:20,350 - INFO - [TRELLIS] GPU cache cleared: {'status': 'cache_cleared', 'available_memory_gb': 20.629684224}
2025-08-09 01:03:20,351 - INFO -       🔍 Validating...
2025-08-09 01:03:20,351 - INFO -       📝 Using optimized prompt for generation: 'a slender glass bottle of rich, full-bodied red wine with a perfectly intact cork and subtle sediment, front view, accurate, complete, white background...'
2025-08-09 01:03:20,351 - INFO -       🎯 Computing scores against original prompt: 'bottle of red wine with cork in it...'
2025-08-09 01:04:18,226 - INFO -       📊 Validation score: 0.8026
2025-08-09 01:04:18,227 - INFO -       📉 Score declined: Consider different approach
2025-08-09 01:04:18,227 - INFO - 
   🔄 RL Round 4/17
2025-08-09 01:04:18,227 - INFO -       🔍 Explore performing better - increasing epsilon to 0.77
2025-08-09 01:04:18,227 - INFO -       🎯 Strategy: aggressive_transformation (explore)
2025-08-09 01:04:22,035 - INFO - [TRELLIS] GPU cache cleared: {'status': 'cache_cleared', 'available_memory_gb': 20.629684224}
2025-08-09 01:04:22,036 - INFO -       🔍 Validating...
2025-08-09 01:04:22,036 - INFO -       📝 Using optimized prompt for generation: 'a slender glass bottle of rich, full-bodied red wine with a perfectly intact cork and subtle sedimentation...'
2025-08-09 01:04:22,036 - INFO -       🎯 Computing scores against original prompt: 'bottle of red wine with cork in it...'
2025-08-09 01:05:19,745 - INFO -       📊 Validation score: 0.6966
2025-08-09 01:05:19,746 - INFO -       📉 Score declined: Consider different approach
2025-08-09 01:05:19,746 - INFO - 
   🔄 RL Round 5/17
2025-08-09 01:05:19,746 - INFO -       🔍 Explore performing better - increasing epsilon to 0.80
2025-08-09 01:05:19,746 - INFO -       🎯 Strategy: aggressive_transformation (explore)
2025-08-09 01:05:23,028 - INFO - [TRELLIS] GPU cache cleared: {'status': 'cache_cleared', 'available_memory_gb': 20.629684224}
2025-08-09 01:05:23,029 - INFO -       🔍 Validating...
2025-08-09 01:05:23,029 - INFO -       📝 Using optimized prompt for generation: 'a slender glass bottle of rich, full-bodied red wine with a perfectly intact cork and delicate gold trim...'
2025-08-09 01:05:23,029 - INFO -       🎯 Computing scores against original prompt: 'bottle of red wine with cork in it...'
2025-08-09 01:06:20,794 - INFO -       📊 Validation score: 0.7013
2025-08-09 01:06:20,795 - INFO -       ✅ Convergence achieved: Convergence threshold met (improvement: 0.005)
2025-08-09 01:06:20,821 - INFO - 
🎯 RL LOOP COMPLETE:
2025-08-09 01:06:20,821 - INFO -    Best prompt: a delicate glass bottle of rich, full-bodied red wine with a perfectly intact cork and subtle sediment at the bottom, front view, accurate, complete, white background
2025-08-09 01:06:20,821 - INFO -    Best score: 0.9039
2025-08-09 01:06:20,821 - INFO -    Rounds: 5
2025-08-09 01:06:20,821 - INFO -    Convergence: True
2025-08-09 01:06:20,821 - INFO -    Convergence reason: Convergence threshold met (improvement: 0.005)
2025-08-09 01:06:20,821 - INFO -    Exploration ratio: 80.0%
2025-08-09 01:06:20,821 - INFO -    Insights learned: 2
2025-08-09 01:06:20,821 - INFO -    Total time: 308.26s
2025-08-09 01:06:20,822 - INFO - Prompt optimized in 5 rounds: 0.904 → 0.904 (+0.000)
2025-08-09 01:06:20,822 - INFO - ✅ Target score achieved!
2025-08-09 01:06:20,822 - INFO - 
--- Episode 1, Prompt 40 (Total: 63) ---
2025-08-09 01:06:20,822 - INFO - Optimizing: 'crystal staff with swirling light'
2025-08-09 01:06:20,822 - INFO - 🔍 Checking server availability before optimization...
2025-08-09 01:06:20,834 - INFO - ✅ Server is available (status: completed)
2025-08-09 01:06:20,835 - INFO - 📝 Marked server as used at 1754701580.8352354
2025-08-09 01:06:20,835 - INFO - ✅ Server is available and marked as used
2025-08-09 01:06:20,835 - INFO - 🔄 Reproducibility optimization returned no result
2025-08-09 01:06:20,835 - INFO -       🔧 Overriding endpoint: generate/baolei/
2025-08-09 01:06:20,835 - INFO -       🔧 Using endpoint: generate/baolei/
2025-08-09 01:06:20,838 - INFO - 
🔄 RL LOOP OPTIMIZATION: 'crystal staff with swirling light'
2025-08-09 01:06:20,838 - INFO -    Session: rl_session_1754701580_5369
2025-08-09 01:06:20,839 - INFO -    Max rounds: 17
2025-08-09 01:06:20,839 - INFO -    Min rounds before convergence: 5
2025-08-09 01:06:20,839 - INFO -    Target score: 0.99
2025-08-09 01:06:20,839 - INFO - 
   🔄 RL Round 1/17
2025-08-09 01:06:20,839 - INFO -       🎯 Strategy: aggressive_transformation (explore)
2025-08-09 01:06:24,947 - INFO - [TRELLIS] GPU cache cleared: {'status': 'cache_cleared', 'available_memory_gb': 20.629684224}
2025-08-09 01:06:24,947 - INFO -       🔍 Validating...
2025-08-09 01:06:24,948 - INFO -       📝 Using optimized prompt for generation: 'a slender crystal staff with intricate, swirling patterns that evoke a sense of mysticism and ancient power, front view, accurate, complete, white background...'
2025-08-09 01:06:24,948 - INFO -       🎯 Computing scores against original prompt: 'crystal staff with swirling light...'
2025-08-09 01:07:20,719 - INFO -       📊 Validation score: 0.8540
2025-08-09 01:07:20,720 - INFO -       🎯 New best score: 0.8540
2025-08-09 01:07:20,720 - INFO - 
   🔄 RL Round 2/17
2025-08-09 01:07:20,720 - INFO -       🎯 Strategy: technical_precision (explore)
2025-08-09 01:07:24,776 - INFO - [TRELLIS] GPU cache cleared: {'status': 'cache_cleared', 'available_memory_gb': 20.629684224}
2025-08-09 01:07:24,777 - INFO -       🔍 Validating...
2025-08-09 01:07:24,777 - INFO -       📝 Using optimized prompt for generation: 'a slender crystal staff with swirling light that shimmers like a prism, its facets reflecting hues of sapphire and amethyst, and emitting a soft, pulsing glow...'
2025-08-09 01:07:24,777 - INFO -       🎯 Computing scores against original prompt: 'crystal staff with swirling light...'
2025-08-09 01:08:21,757 - INFO -       📊 Validation score: 0.9166
2025-08-09 01:08:21,757 - INFO -       🎯 New best score: 0.9166
2025-08-09 01:08:21,757 - INFO -       📈 Improvement detected: technical_precision working better
2025-08-09 01:08:21,757 - INFO - 
   🔄 RL Round 3/17
2025-08-09 01:08:21,757 - INFO -       🎯 Strategy: conservative_enhancement (explore)
2025-08-09 01:08:26,040 - INFO - [TRELLIS] GPU cache cleared: {'status': 'cache_cleared', 'available_memory_gb': 20.629684224}
2025-08-09 01:08:26,041 - INFO -       🔍 Validating...
2025-08-09 01:08:26,041 - INFO -       📝 Using optimized prompt for generation: 'a slender crystal staff with an ancient, mystical aura that shimmers like a prism, its facets reflecting hues of sapphire and amethyst in a swirling dance of light...'
2025-08-09 01:08:26,041 - INFO -       🎯 Computing scores against original prompt: 'crystal staff with swirling light...'
2025-08-09 01:09:21,621 - INFO -       📊 Validation score: 0.9072
2025-08-09 01:09:21,621 - INFO -       📉 Score declined: Consider different approach
2025-08-09 01:09:21,621 - INFO - 
   🔄 RL Round 4/17
2025-08-09 01:09:21,621 - INFO -       🔍 Explore performing better - increasing epsilon to 0.80
2025-08-09 01:09:21,621 - INFO -       🎯 Strategy: technical_precision (explore)
2025-08-09 01:09:25,186 - INFO - [TRELLIS] GPU cache cleared: {'status': 'cache_cleared', 'available_memory_gb': 20.629684224}
2025-08-09 01:09:25,186 - INFO -       🔍 Validating...
2025-08-09 01:09:25,186 - INFO -       📝 Using optimized prompt for generation: 'a slender crystal staff with intricate, swirling patterns of rose quartz and amethyst that evoke a sense of mysticism and ancient power, front view, accurate, complete, white background...'
2025-08-09 01:09:25,186 - INFO -       🎯 Computing scores against original prompt: 'crystal staff with swirling light...'
2025-08-09 01:10:20,919 - INFO -       📊 Validation score: 0.9325
2025-08-09 01:10:20,919 - INFO -       🎯 New best score: 0.9325
2025-08-09 01:10:20,919 - INFO -       📈 Improvement detected: technical_precision working better
2025-08-09 01:10:20,919 - INFO - 
   🔄 RL Round 5/17
2025-08-09 01:10:20,919 - INFO -       🔍 Explore performing better - increasing epsilon to 0.80
2025-08-09 01:10:20,920 - INFO -       🎯 Strategy: contextual_scene_building (explore)
2025-08-09 01:10:23,904 - INFO - [TRELLIS] GPU cache cleared: {'status': 'cache_cleared', 'available_memory_gb': 20.629684224}
2025-08-09 01:10:23,904 - INFO -       🔍 Validating...
2025-08-09 01:10:23,904 - INFO -       📝 Using optimized prompt for generation: 'a slender crystal staff with swirling patterns of silver and aquamarine that evoke a sense of mysticism and timelessness, front view, accurate, complete, white background...'
2025-08-09 01:10:23,904 - INFO -       🎯 Computing scores against original prompt: 'crystal staff with swirling light...'
2025-08-09 01:11:19,866 - INFO -       📊 Validation score: 0.5878
2025-08-09 01:11:19,866 - INFO -       🔍 Explore performing better - stricter convergence threshold: 0.005
2025-08-09 01:11:19,866 - INFO -       📉 Score declined: Consider different approach
2025-08-09 01:11:19,867 - INFO - 
   🔄 RL Round 6/17
2025-08-09 01:11:19,867 - INFO -       🔍 Explore performing better - increasing epsilon to 0.80
2025-08-09 01:11:19,867 - INFO -       🎯 Strategy: contextual_scene_building (explore)
2025-08-09 01:11:23,783 - INFO - [TRELLIS] GPU cache cleared: {'status': 'cache_cleared', 'available_memory_gb': 20.629684224}
2025-08-09 01:11:23,783 - INFO -       🔍 Validating...
2025-08-09 01:11:23,783 - INFO -       📝 Using optimized prompt for generation: 'a slender crystal staff with an intricate network of silver filigree that shimmers like stardust, its facets reflecting hues of rose quartz and amethyst in a mesmerizing pattern of swirling light...'
2025-08-09 01:11:23,783 - INFO -       🎯 Computing scores against original prompt: 'crystal staff with swirling light...'
2025-08-09 01:12:23,068 - INFO -       📊 Validation score: 0.9277
2025-08-09 01:12:23,069 - INFO -       🔍 Explore performing better - stricter convergence threshold: 0.005
2025-08-09 01:12:23,069 - INFO -       📈 Improvement detected: contextual_scene_building working better
2025-08-09 01:12:23,069 - INFO - 
   🔄 RL Round 7/17
2025-08-09 01:12:23,069 - INFO -       🔍 Explore performing better - increasing epsilon to 0.80
2025-08-09 01:12:23,069 - INFO -       🎯 Strategy: conservative_enhancement (explore)
2025-08-09 01:12:26,147 - INFO - [TRELLIS] GPU cache cleared: {'status': 'cache_cleared', 'available_memory_gb': 20.629684224}
2025-08-09 01:12:26,148 - INFO -       🔍 Validating...
2025-08-09 01:12:26,148 - INFO -       📝 Using optimized prompt for generation: 'a slender crystal staff with an iridescent sheen that shifts between hues of rose quartz and amethyst, its facets reflecting soft, ethereal light, front view, accurate, complete, white background...'
2025-08-09 01:12:26,148 - INFO -       🎯 Computing scores against original prompt: 'crystal staff with swirling light...'
2025-08-09 01:13:22,021 - INFO -       📊 Validation score: 0.9273
2025-08-09 01:13:22,022 - INFO -       🔍 Explore performing better - stricter convergence threshold: 0.005
2025-08-09 01:13:22,022 - INFO -       ✅ Convergence achieved: Convergence threshold met (improvement: -0.000)
2025-08-09 01:13:22,049 - INFO - 
🎯 RL LOOP COMPLETE:
2025-08-09 01:13:22,049 - INFO -    Best prompt: a slender crystal staff with intricate, swirling patterns of rose quartz and amethyst that evoke a sense of mysticism and ancient power, front view, accurate, complete, white background
2025-08-09 01:13:22,049 - INFO -    Best score: 0.9325
2025-08-09 01:13:22,049 - INFO -    Rounds: 7
2025-08-09 01:13:22,049 - INFO -    Convergence: True
2025-08-09 01:13:22,050 - INFO -    Convergence reason: Convergence threshold met (improvement: -0.000)
2025-08-09 01:13:22,050 - INFO -    Exploration ratio: 100.0%
2025-08-09 01:13:22,050 - INFO -    Insights learned: 3
2025-08-09 01:13:22,050 - INFO -    Total time: 421.18s
2025-08-09 01:13:22,050 - INFO - Prompt optimized in 7 rounds: 0.854 → 0.932 (+0.078)
2025-08-09 01:13:22,050 - INFO - ✅ Target score achieved!
2025-08-09 01:13:22,050 - INFO - 
--- Episode 1, Prompt 41 (Total: 63) ---
2025-08-09 01:13:22,051 - INFO - Optimizing: 'harp adorned with pearl inlays and gilded frame'
2025-08-09 01:13:22,051 - INFO - 🔍 Checking server availability before optimization...
2025-08-09 01:13:22,058 - INFO - ✅ Server is available (status: completed)
2025-08-09 01:13:22,059 - INFO - 📝 Marked server as used at 1754702002.0590215
2025-08-09 01:13:22,059 - INFO - ✅ Server is available and marked as used
2025-08-09 01:13:22,059 - INFO - 🔄 Reproducibility optimization returned no result
2025-08-09 01:13:22,059 - INFO -       🔧 Overriding endpoint: generate/baolei/
2025-08-09 01:13:22,060 - INFO -       🔧 Using endpoint: generate/baolei/
2025-08-09 01:13:22,063 - INFO - 
🔄 RL LOOP OPTIMIZATION: 'harp adorned with pearl inlays and gilded frame'
2025-08-09 01:13:22,063 - INFO -    Session: rl_session_1754702002_2268
2025-08-09 01:13:22,063 - INFO -    Max rounds: 17
2025-08-09 01:13:22,064 - INFO -    Min rounds before convergence: 5
2025-08-09 01:13:22,064 - INFO -    Target score: 0.99
2025-08-09 01:13:22,064 - INFO - 
   🔄 RL Round 1/17
2025-08-09 01:13:22,064 - INFO -       🔍 Explore performing better - increasing epsilon to 0.80
2025-08-09 01:13:22,064 - INFO -       🎯 Strategy: conservative_enhancement (exploit)
2025-08-09 01:13:25,069 - INFO - [TRELLIS] GPU cache cleared: {'status': 'cache_cleared', 'available_memory_gb': 20.629684224}
2025-08-09 01:13:25,070 - INFO -       🔍 Validating...
2025-08-09 01:13:25,070 - INFO -       📝 Using optimized prompt for generation: 'a harp adorned with intricate mother-of-pearl inlays and a gilded bronze frame that shines with a warm, golden light, front view, accurate, complete, white background...'
2025-08-09 01:13:25,070 - INFO -       🎯 Computing scores against original prompt: 'harp adorned with pearl inlays and gilded frame...'
2025-08-09 01:14:22,022 - INFO -       📊 Validation score: 0.7659
2025-08-09 01:14:22,022 - INFO -       🎯 New best score: 0.7659
2025-08-09 01:14:22,022 - INFO - 
   🔄 RL Round 2/17
2025-08-09 01:14:22,022 - INFO -       🔍 Explore performing better - increasing epsilon to 0.80
2025-08-09 01:14:22,023 - INFO -       🎯 Strategy: conservative_enhancement (explore)
2025-08-09 01:14:26,573 - INFO - [TRELLIS] GPU cache cleared: {'status': 'cache_cleared', 'available_memory_gb': 20.629684224}
2025-08-09 01:14:26,573 - INFO -       🔍 Validating...
2025-08-09 01:14:26,574 - INFO -       📝 Using optimized prompt for generation: 'a harp adorned with mother-of-pearl inlays that seem almost translucent in the soft light and has a subtle patina on its gilded frame, front view, accurate, complete, white background...'
2025-08-09 01:14:26,574 - INFO -       🎯 Computing scores against original prompt: 'harp adorned with pearl inlays and gilded frame...'
2025-08-09 01:15:24,449 - INFO -       📊 Validation score: 0.6201
2025-08-09 01:15:24,449 - INFO -       📉 Score declined: Consider different approach
2025-08-09 01:15:24,449 - INFO - 
   🔄 RL Round 3/17
2025-08-09 01:15:24,449 - INFO -       🔍 Explore performing better - increasing epsilon to 0.80
2025-08-09 01:15:24,449 - INFO -       🎯 Strategy: material_focus (exploit)
2025-08-09 01:15:29,701 - INFO - [TRELLIS] GPU cache cleared: {'status': 'cache_cleared', 'available_memory_gb': 20.629684224}
2025-08-09 01:15:29,701 - INFO -       🔍 Validating...
2025-08-09 01:15:29,702 - INFO -       📝 Using optimized prompt for generation: 'a harp adorned with delicate, luminous mother-of-pearl inlays and a gilded frame that shines with subtle warmth...'
2025-08-09 01:15:29,702 - INFO -       🎯 Computing scores against original prompt: 'harp adorned with pearl inlays and gilded frame...'
2025-08-09 01:16:27,895 - INFO -       📊 Validation score: 0.7372
2025-08-09 01:16:27,896 - INFO -       📈 Improvement detected: material_focus working better
2025-08-09 01:16:27,896 - INFO - 
   🔄 RL Round 4/17
2025-08-09 01:16:27,896 - INFO -       🎯 Strategy: material_focus (explore)
2025-08-09 01:16:32,279 - INFO - [TRELLIS] GPU cache cleared: {'status': 'cache_cleared', 'available_memory_gb': 20.629684224}
2025-08-09 01:16:32,279 - INFO -       🔍 Validating...
2025-08-09 01:16:32,279 - INFO -       📝 Using optimized prompt for generation: 'a harp adorned with luminous mother-of-pearl inlays and a gilded frame that shines with subtle gold accents, front view, accurate, complete, white background...'
2025-08-09 01:16:32,279 - INFO -       🎯 Computing scores against original prompt: 'harp adorned with pearl inlays and gilded frame...'
2025-08-09 01:17:29,723 - INFO -       📊 Validation score: 0.8939
2025-08-09 01:17:29,723 - INFO -       🎯 New best score: 0.8939
2025-08-09 01:17:29,724 - INFO -       📈 Improvement detected: material_focus working better
2025-08-09 01:17:29,724 - INFO - 
   🔄 RL Round 5/17
2025-08-09 01:17:29,724 - INFO -       🎯 Strategy: material_focus (exploit)
2025-08-09 01:17:33,435 - INFO - [TRELLIS] GPU cache cleared: {'status': 'cache_cleared', 'available_memory_gb': 20.629684224}
2025-08-09 01:17:33,436 - INFO -       🔍 Validating...
2025-08-09 01:17:33,436 - INFO -       📝 Using optimized prompt for generation: 'a harp adorned with luminous mother-of-pearl inlays and intricate gold filigree details that catch the light, evoking a sense of elegance and refinement, front view, accurate, complete, white background...'
2025-08-09 01:17:33,436 - INFO -       🎯 Computing scores against original prompt: 'harp adorned with pearl inlays and gilded frame...'
2025-08-09 01:18:32,736 - INFO -       📊 Validation score: 0.9177
2025-08-09 01:18:32,736 - INFO -       🎯 New best score: 0.9177
2025-08-09 01:18:32,736 - INFO -       📈 Improvement detected: material_focus working better
2025-08-09 01:18:32,736 - INFO - 
   🔄 RL Round 6/17
2025-08-09 01:18:32,737 - INFO -       🎯 Strategy: conservative_enhancement (explore)
2025-08-09 01:18:35,966 - INFO - [TRELLIS] GPU cache cleared: {'status': 'cache_cleared', 'available_memory_gb': 20.629684224}
2025-08-09 01:18:35,967 - INFO -       🔍 Validating...
2025-08-09 01:18:35,967 - INFO -       📝 Using optimized prompt for generation: 'a harp adorned with delicate, luminous mother-of-pearl inlays that seem almost translucent in the soft light and has a subtle gold patina on its bronze frame, front view, accurate, complete, white background...'
2025-08-09 01:18:35,967 - INFO -       🎯 Computing scores against original prompt: 'harp adorned with pearl inlays and gilded frame...'
2025-08-09 01:19:32,010 - INFO -       📊 Validation score: 0.5242
2025-08-09 01:19:32,011 - INFO -       📉 Score declined: Consider different approach
2025-08-09 01:19:32,011 - INFO - 
   🔄 RL Round 7/17
2025-08-09 01:19:32,011 - INFO -       🎯 Strategy: conservative_enhancement (explore)
2025-08-09 01:19:35,266 - INFO - [TRELLIS] GPU cache cleared: {'status': 'cache_cleared', 'available_memory_gb': 20.629684224}
2025-08-09 01:19:35,266 - INFO -       🔍 Validating...
2025-08-09 01:19:35,266 - INFO -       📝 Using optimized prompt for generation: 'a harp adorned with luminous mother-of-pearl inlays that shimmer subtly across its surface and features an intricate gold filigree pattern along its edges, set against a richly gilded background, front view, accurate, complete, white background...'
2025-08-09 01:19:35,266 - INFO -       🎯 Computing scores against original prompt: 'harp adorned with pearl inlays and gilded frame...'
2025-08-09 01:20:30,467 - INFO -       📊 Validation score: 0.8137
2025-08-09 01:20:30,468 - INFO -       📈 Improvement detected: conservative_enhancement working better
2025-08-09 01:20:30,468 - INFO - 
   🔄 RL Round 8/17
2025-08-09 01:20:30,468 - INFO -       🎯 Strategy: material_focus (exploit)
2025-08-09 01:20:34,673 - INFO - [TRELLIS] GPU cache cleared: {'status': 'cache_cleared', 'available_memory_gb': 20.629684224}
2025-08-09 01:20:34,673 - INFO -       🔍 Validating...
2025-08-09 01:20:34,673 - INFO -       📝 Using optimized prompt for generation: 'a harp adorned with delicate, luminous mother-of-pearl inlays and intricate gold filigree details that catch the light with a soft, ethereal glow, front view, accurate, complete, white background...'
2025-08-09 01:20:34,673 - INFO -       🎯 Computing scores against original prompt: 'harp adorned with pearl inlays and gilded frame...'
2025-08-09 01:21:29,885 - INFO -       📊 Validation score: 0.8949
2025-08-09 01:21:29,886 - INFO -       📈 Improvement detected: material_focus working better
2025-08-09 01:21:29,886 - INFO - 
   🔄 RL Round 9/17
2025-08-09 01:21:29,886 - INFO -       🎯 Strategy: technical_precision (explore)
2025-08-09 01:21:33,254 - INFO - [TRELLIS] GPU cache cleared: {'status': 'cache_cleared', 'available_memory_gb': 20.629684224}
2025-08-09 01:21:33,255 - INFO -       🔍 Validating...
2025-08-09 01:21:33,255 - INFO -       📝 Using optimized prompt for generation: 'a harp adorned with delicate, luminous mother-of-pearl inlays and a gilded frame that shines with subtle gold accents, front view, accurate, complete, white background...'
2025-08-09 01:21:33,255 - INFO -       🎯 Computing scores against original prompt: 'harp adorned with pearl inlays and gilded frame...'
2025-08-09 01:22:28,084 - INFO -       📊 Validation score: 0.8774
2025-08-09 01:22:28,084 - INFO -       📉 Score declined: Consider different approach
2025-08-09 01:22:28,084 - INFO - 
   🔄 RL Round 10/17
2025-08-09 01:22:28,085 - INFO -       🎯 Strategy: technical_precision (explore)
2025-08-09 01:22:31,861 - INFO - [TRELLIS] GPU cache cleared: {'status': 'cache_cleared', 'available_memory_gb': 20.629684224}
2025-08-09 01:22:31,861 - INFO -       🔍 Validating...
2025-08-09 01:22:31,861 - INFO -       📝 Using optimized prompt for generation: 'a harp adorned with delicate, luminous mother-of-pearl inlays and subtle gold accents that catch the light, front view, accurate, complete, white background...'
2025-08-09 01:22:31,862 - INFO -       🎯 Computing scores against original prompt: 'harp adorned with pearl inlays and gilded frame...'
2025-08-09 01:23:29,246 - INFO -       📊 Validation score: 0.4695
2025-08-09 01:23:29,247 - INFO -       📉 Score declined: Consider different approach
2025-08-09 01:23:29,247 - INFO -       🔍 Increasing exploration to 0.80
2025-08-09 01:23:29,247 - INFO - 
   🔄 RL Round 11/17
2025-08-09 01:23:29,247 - INFO -       🎯 Strategy: technical_precision (explore)
2025-08-09 01:23:32,594 - INFO - [TRELLIS] GPU cache cleared: {'status': 'cache_cleared', 'available_memory_gb': 20.629684224}
2025-08-09 01:23:32,594 - INFO -       🔍 Validating...
2025-08-09 01:23:32,595 - INFO -       📝 Using optimized prompt for generation: 'a harp adorned with intricate mother-of-pearl inlays featuring delicate filigree patterns along the neck and fingerboard, and a gilded frame that adds a touch of sophistication to its overall design, front view, accurate, complete, white background...'
2025-08-09 01:23:32,595 - INFO -       🎯 Computing scores against original prompt: 'harp adorned with pearl inlays and gilded frame...'
2025-08-09 01:24:27,204 - INFO -       📊 Validation score: 0.8483
2025-08-09 01:24:27,204 - INFO -       📈 Improvement detected: technical_precision working better
2025-08-09 01:24:27,204 - INFO - 
   🔄 RL Round 12/17
2025-08-09 01:24:27,204 - INFO -       🎯 Strategy: technical_precision (explore)
2025-08-09 01:24:30,895 - INFO - [TRELLIS] GPU cache cleared: {'status': 'cache_cleared', 'available_memory_gb': 20.629684224}
2025-08-09 01:24:30,895 - INFO -       🔍 Validating...
2025-08-09 01:24:30,895 - INFO -       📝 Using optimized prompt for generation: 'a harp adorned with luminous, mother-of-pearl inlays that exhibit a subtle iridescence and seem to glow from within, with intricate gold filigree details etched along the frame's edges, front view, accurate, complete, white background...'
2025-08-09 01:24:30,896 - INFO -       🎯 Computing scores against original prompt: 'harp adorned with pearl inlays and gilded frame...'
2025-08-09 01:25:26,228 - INFO -       📊 Validation score: 0.4513
2025-08-09 01:25:26,229 - INFO -       📉 Score declined: Consider different approach
2025-08-09 01:25:26,229 - INFO -       🔍 Increasing exploration to 0.80
2025-08-09 01:25:26,229 - INFO - 
   🔄 RL Round 13/17
2025-08-09 01:25:26,229 - INFO -       🎯 Strategy: technical_precision (explore)
2025-08-09 01:25:29,810 - INFO - [TRELLIS] GPU cache cleared: {'status': 'cache_cleared', 'available_memory_gb': 20.629684224}
2025-08-09 01:25:29,810 - INFO -       🔍 Validating...
2025-08-09 01:25:29,810 - INFO -       📝 Using optimized prompt for generation: 'a slender harp adorned with delicate, luminous mother-of-pearl inlays that seem almost translucent in the soft light, front view, accurate, complete, white background...'
2025-08-09 01:25:29,810 - INFO -       🎯 Computing scores against original prompt: 'harp adorned with pearl inlays and gilded frame...'
2025-08-09 01:26:25,182 - INFO -       📊 Validation score: 0.7201
2025-08-09 01:26:25,183 - INFO -       📈 Improvement detected: technical_precision working better
2025-08-09 01:26:25,183 - INFO - 
   🔄 RL Round 14/17
2025-08-09 01:26:25,183 - INFO -       🎯 Strategy: material_focus (exploit)
2025-08-09 01:26:28,235 - INFO - [TRELLIS] GPU cache cleared: {'status': 'cache_cleared', 'available_memory_gb': 20.629684224}
2025-08-09 01:26:28,236 - INFO -       🔍 Validating...
2025-08-09 01:26:28,236 - INFO -       📝 Using optimized prompt for generation: 'a slender harp adorned with delicate, luminous mother-of-pearl inlays and intricate gold filigree details that catch the light with subtle reflections, front view, accurate, complete, white background...'
2025-08-09 01:26:28,236 - INFO -       🎯 Computing scores against original prompt: 'harp adorned with pearl inlays and gilded frame...'
2025-08-09 01:27:23,550 - INFO -       📊 Validation score: 0.6654
2025-08-09 01:27:23,550 - INFO -       📉 Score declined: Consider different approach
2025-08-09 01:27:23,551 - INFO - 
   🔄 RL Round 15/17
2025-08-09 01:27:23,551 - INFO -       🎯 Strategy: hybrid_approach (exploit)
2025-08-09 01:27:27,323 - INFO - [TRELLIS] GPU cache cleared: {'status': 'cache_cleared', 'available_memory_gb': 20.629684224}
2025-08-09 01:27:27,323 - INFO -       🔍 Validating...
2025-08-09 01:27:27,323 - INFO -       📝 Using optimized prompt for generation: 'a harp adorned with luminous mother-of-pearl inlays and a gilded bronze frame that shines with a warm, golden light, front view, accurate, complete, white background...'
2025-08-09 01:27:27,323 - INFO -       🎯 Computing scores against original prompt: 'harp adorned with pearl inlays and gilded frame...'
2025-08-09 01:28:22,805 - INFO -       📊 Validation score: 0.6758
2025-08-09 01:28:22,805 - INFO -       📈 Improvement detected: hybrid_approach working better
2025-08-09 01:28:22,805 - INFO - 
   🔄 RL Round 16/17
2025-08-09 01:28:22,805 - INFO -       🎯 Strategy: hybrid_approach (explore)
2025-08-09 01:28:26,445 - INFO - [TRELLIS] GPU cache cleared: {'status': 'cache_cleared', 'available_memory_gb': 20.629684224}
2025-08-09 01:28:26,446 - INFO -       🔍 Validating...
2025-08-09 01:28:26,446 - INFO -       📝 Using optimized prompt for generation: 'a harp adorned with luminous mother-of-pearl inlays that seem to subtly shimmer across its surface, its gilded frame delicately etched with intricate gold filigree patterns, front view, accurate, complete, white background...'
2025-08-09 01:28:26,446 - INFO -       🎯 Computing scores against original prompt: 'harp adorned with pearl inlays and gilded frame...'
2025-08-09 01:29:23,712 - INFO -       📊 Validation score: 0.5694
2025-08-09 01:29:23,713 - INFO -       📉 Score declined: Consider different approach
2025-08-09 01:29:23,713 - INFO - 
   🔄 RL Round 17/17
2025-08-09 01:29:23,713 - INFO -       🎯 Strategy: hybrid_approach (explore)
2025-08-09 01:29:27,387 - INFO - [TRELLIS] GPU cache cleared: {'status': 'cache_cleared', 'available_memory_gb': 20.629684224}
2025-08-09 01:29:27,387 - INFO -       🔍 Validating...
2025-08-09 01:29:27,388 - INFO -       📝 Using optimized prompt for generation: 'a slender harp adorned with delicate, luminous mother-of-pearl inlays and intricate gold filigree patterns that dance across its surface, front view, accurate, complete, white background...'
2025-08-09 01:29:27,388 - INFO -       🎯 Computing scores against original prompt: 'harp adorned with pearl inlays and gilded frame...'
2025-08-09 01:30:24,806 - INFO -       📊 Validation score: 0.8967
2025-08-09 01:30:24,832 - INFO - 
🎯 RL LOOP COMPLETE:
2025-08-09 01:30:24,833 - INFO -    Best prompt: a harp adorned with luminous mother-of-pearl inlays and intricate gold filigree details that catch the light, evoking a sense of elegance and refinement, front view, accurate, complete, white background
2025-08-09 01:30:24,833 - INFO -    Best score: 0.9177
2025-08-09 01:30:24,833 - INFO -    Rounds: 17
2025-08-09 01:30:24,833 - INFO -    Convergence: False
2025-08-09 01:30:24,833 - INFO -    Convergence reason: Not converged
2025-08-09 01:30:24,833 - INFO -    Exploration ratio: 64.7%
2025-08-09 01:30:24,833 - INFO -    Insights learned: 3
2025-08-09 01:30:24,833 - INFO -    Total time: 1022.74s
2025-08-09 01:30:24,833 - INFO - Prompt optimized in 17 rounds: 0.766 → 0.918 (+0.152)
2025-08-09 01:30:24,834 - INFO - ⏰ Max rounds reached
2025-08-09 01:30:24,834 - INFO - 
--- Episode 1, Prompt 42 (Total: 63) ---
2025-08-09 01:30:24,834 - INFO - Optimizing: 'necklace with heart-shaped pendant made of silver and turquoise stones'
2025-08-09 01:30:24,834 - INFO - 🔍 Checking server availability before optimization...
2025-08-09 01:30:24,841 - INFO - ✅ Server is available (status: completed)
2025-08-09 01:30:24,841 - INFO - 📝 Marked server as used at 1754703024.84173
2025-08-09 01:30:24,841 - INFO - ✅ Server is available and marked as used
2025-08-09 01:30:24,841 - INFO - 🔄 Reproducibility optimization returned no result
2025-08-09 01:30:24,842 - INFO -       🔧 Overriding endpoint: generate/baolei/
2025-08-09 01:30:24,842 - INFO -       🔧 Using endpoint: generate/baolei/
2025-08-09 01:30:24,844 - INFO - 
🔄 RL LOOP OPTIMIZATION: 'necklace with heart-shaped pendant made of silver and turquoise stones'
2025-08-09 01:30:24,844 - INFO -    Session: rl_session_1754703024_2897
2025-08-09 01:30:24,844 - INFO -    Max rounds: 17
2025-08-09 01:30:24,845 - INFO -    Min rounds before convergence: 5
2025-08-09 01:30:24,845 - INFO -    Target score: 0.99
2025-08-09 01:30:24,845 - INFO - 
   🔄 RL Round 1/17
2025-08-09 01:30:24,845 - INFO -       🎯 Strategy: material_focus (explore)
2025-08-09 01:30:29,085 - INFO - [TRELLIS] GPU cache cleared: {'status': 'cache_cleared', 'available_memory_gb': 20.629684224}
2025-08-09 01:30:29,086 - INFO -       🔍 Validating...
2025-08-09 01:30:29,086 - INFO -       📝 Using optimized prompt for generation: 'a delicate silver necklace with a heart-shaped pendant featuring intricate turquoise inlays and subtle patina, front view, accurate, complete, white background...'
2025-08-09 01:30:29,086 - INFO -       🎯 Computing scores against original prompt: 'necklace with heart-shaped pendant made of silver and turquoise stones...'
2025-08-09 01:31:27,477 - INFO -       📊 Validation score: 0.7453
2025-08-09 01:31:27,477 - INFO -       🎯 New best score: 0.7453
2025-08-09 01:31:27,477 - INFO - 
   🔄 RL Round 2/17
2025-08-09 01:31:27,477 - INFO -       🎯 Strategy: technical_precision (explore)
2025-08-09 01:31:31,382 - INFO - [TRELLIS] GPU cache cleared: {'status': 'cache_cleared', 'available_memory_gb': 20.629684224}
2025-08-09 01:31:31,383 - INFO -       🔍 Validating...
2025-08-09 01:31:31,383 - INFO -       📝 Using optimized prompt for generation: 'a delicate necklace with a heart-shaped pendant featuring an intricate silver filigree design and subtly patterned turquoise stones, front view, accurate, complete, white background...'
2025-08-09 01:31:31,383 - INFO -       🎯 Computing scores against original prompt: 'necklace with heart-shaped pendant made of silver and turquoise stones...'
2025-08-09 01:32:28,764 - WARNING -    🔧 Score 0.0 - clearing CUDA cache
2025-08-09 01:32:28,765 - INFO -       📊 Validation score: 0.0000
2025-08-09 01:32:28,765 - INFO - 
   🔄 RL Round 3/17
2025-08-09 01:32:28,765 - INFO -       🎯 Strategy: material_focus (explore)
2025-08-09 01:32:32,771 - INFO - [TRELLIS] GPU cache cleared: {'status': 'cache_cleared', 'available_memory_gb': 20.629684224}
2025-08-09 01:32:32,772 - INFO -       🔍 Validating...
2025-08-09 01:32:32,772 - INFO -       📝 Using optimized prompt for generation: 'a delicate necklace with a heart-shaped pendant made of richly polished silver and intricately woven turquoise stones that catch the light like miniature stars on a midnight sky, front view, accurate, complete, white background...'
2025-08-09 01:32:32,772 - INFO -       🎯 Computing scores against original prompt: 'necklace with heart-shaped pendant made of silver and turquoise stones...'
2025-08-09 01:33:29,435 - INFO -       📊 Validation score: 0.7118
2025-08-09 01:33:29,435 - INFO - 
   🔄 RL Round 4/17
2025-08-09 01:33:29,436 - INFO -       🎯 Strategy: technical_precision (explore)
2025-08-09 01:33:33,087 - INFO - [TRELLIS] GPU cache cleared: {'status': 'cache_cleared', 'available_memory_gb': 20.629684224}
2025-08-09 01:33:33,087 - INFO -       🔍 Validating...
2025-08-09 01:33:33,087 - INFO -       📝 Using optimized prompt for generation: 'a slender silver necklace with an intricate heart-shaped pendant featuring delicate turquoise filigree and subtle etchings on the metal,
  refined engravings of floral patterns on the clasp, and a smooth silver chain with a secure clasp mechanism, front view, accurate, complete, white background...'
2025-08-09 01:33:33,087 - INFO -       🎯 Computing scores against original prompt: 'necklace with heart-shaped pendant made of silver and turquoise stones...'
2025-08-09 01:34:10,985 - WARNING -    ❌ Validation failed (return code 1)
2025-08-09 01:34:10,985 - INFO -       📊 Validation score: 0.0000
2025-08-09 01:34:10,986 - INFO - 
   🔄 RL Round 5/17
2025-08-09 01:34:10,986 - INFO -       🎯 Strategy: aggressive_transformation (exploit)
2025-08-09 01:34:14,351 - INFO - [TRELLIS] GPU cache cleared: {'status': 'cache_cleared', 'available_memory_gb': 20.629684224}
2025-08-09 01:34:14,351 - INFO -       🔍 Validating...
2025-08-09 01:34:14,352 - INFO -       📝 Using optimized prompt for generation: 'a delicate silver necklace with a heart-shaped pendant made of intricately polished turquoise stones and subtle filigree details, front view, accurate, complete, white background...'
2025-08-09 01:34:14,352 - INFO -       🎯 Computing scores against original prompt: 'necklace with heart-shaped pendant made of silver and turquoise stones...'
2025-08-09 01:35:12,274 - WARNING -    🔧 Score 0.0 - clearing CUDA cache
2025-08-09 01:35:12,275 - INFO -       📊 Validation score: 0.0000
2025-08-09 01:35:12,275 - INFO -       ✅ Convergence achieved: Convergence threshold met (improvement: 0.000)
2025-08-09 01:35:12,317 - INFO - 
🎯 RL LOOP COMPLETE:
2025-08-09 01:35:12,317 - INFO -    Best prompt: a delicate silver necklace with a heart-shaped pendant featuring intricate turquoise inlays and subtle patina, front view, accurate, complete, white background
2025-08-09 01:35:12,317 - INFO -    Best score: 0.7453
2025-08-09 01:35:12,317 - INFO -    Rounds: 5
2025-08-09 01:35:12,317 - INFO -    Convergence: True
2025-08-09 01:35:12,317 - INFO -    Convergence reason: Convergence threshold met (improvement: 0.000)
2025-08-09 01:35:12,318 - INFO -    Exploration ratio: 80.0%
2025-08-09 01:35:12,318 - INFO -    Insights learned: 2
2025-08-09 01:35:12,318 - INFO -    Total time: 287.43s
2025-08-09 01:35:12,318 - INFO - Prompt optimized in 5 rounds: 0.745 → 0.745 (+0.000)
2025-08-09 01:35:12,318 - INFO - ✅ Target score achieved!
2025-08-09 01:35:12,319 - INFO - 
--- Episode 1, Prompt 43 (Total: 63) ---
2025-08-09 01:35:12,319 - INFO - Optimizing: 'cupcake with chocolate icing on top'
2025-08-09 01:35:12,319 - INFO - 🔍 Checking server availability before optimization...
2025-08-09 01:35:12,330 - INFO - ✅ Server is available (status: completed)
2025-08-09 01:35:12,330 - INFO - 📝 Marked server as used at 1754703312.3307831
2025-08-09 01:35:12,330 - INFO - ✅ Server is available and marked as used
2025-08-09 01:35:12,331 - INFO - 🔄 Reproducibility optimization returned no result
2025-08-09 01:35:12,331 - INFO -       🔧 Overriding endpoint: generate/baolei/
2025-08-09 01:35:12,331 - INFO -       🔧 Using endpoint: generate/baolei/
2025-08-09 01:35:12,334 - INFO - 
🔄 RL LOOP OPTIMIZATION: 'cupcake with chocolate icing on top'
2025-08-09 01:35:12,334 - INFO -    Session: rl_session_1754703312_1921
2025-08-09 01:35:12,334 - INFO -    Max rounds: 17
2025-08-09 01:35:12,334 - INFO -    Min rounds before convergence: 5
2025-08-09 01:35:12,335 - INFO -    Target score: 0.99
2025-08-09 01:35:12,335 - INFO - 
   🔄 RL Round 1/17
2025-08-09 01:35:12,335 - INFO -       🎯 Strategy: aggressive_transformation (explore)
2025-08-09 01:35:15,632 - INFO - [TRELLIS] GPU cache cleared: {'status': 'cache_cleared', 'available_memory_gb': 20.629684224}
2025-08-09 01:35:15,633 - INFO -       🔍 Validating...
2025-08-09 01:35:15,633 - INFO -       📝 Using optimized prompt for generation: 'a delicate cupcake adorned with rich, velvety chocolate icing, perfectly balanced on a elegant pedestal amidst the soft glow of candlelight...'
2025-08-09 01:35:15,633 - INFO -       🎯 Computing scores against original prompt: 'cupcake with chocolate icing on top...'
2025-08-09 01:36:20,105 - INFO -       📊 Validation score: 0.8511
2025-08-09 01:36:20,105 - INFO -       🎯 New best score: 0.8511
2025-08-09 01:36:20,105 - INFO - 
   🔄 RL Round 2/17
2025-08-09 01:36:20,106 - INFO -       🎯 Strategy: minimalist_refinement (exploit)
2025-08-09 01:36:24,665 - INFO - [TRELLIS] GPU cache cleared: {'status': 'cache_cleared', 'available_memory_gb': 20.629684224}
2025-08-09 01:36:24,665 - INFO -       🔍 Validating...
2025-08-09 01:36:24,666 - INFO -       📝 Using optimized prompt for generation: 'a delicate cupcake adorned with rich, velvety chocolate icing and a sprinkle of edible gold dust on top, front view, accurate, complete, white background...'
2025-08-09 01:36:24,666 - INFO -       🎯 Computing scores against original prompt: 'cupcake with chocolate icing on top...'
2025-08-09 01:37:27,221 - INFO -       📊 Validation score: 0.7984
2025-08-09 01:37:27,221 - INFO -       📉 Score declined: Consider different approach
2025-08-09 01:37:27,221 - INFO - 
   🔄 RL Round 3/17
2025-08-09 01:37:27,221 - INFO -       🎯 Strategy: minimalist_refinement (exploit)
2025-08-09 01:37:30,969 - INFO - [TRELLIS] GPU cache cleared: {'status': 'cache_cleared', 'available_memory_gb': 20.629684224}
2025-08-09 01:37:30,969 - INFO -       🔍 Validating...
2025-08-09 01:37:30,969 - INFO -       📝 Using optimized prompt for generation: 'a delicate cupcake adorned with rich, velvety chocolate icing and a subtle sheen on the frosting that catches the light...'
2025-08-09 01:37:30,970 - INFO -       🎯 Computing scores against original prompt: 'cupcake with chocolate icing on top...'
2025-08-09 01:38:35,514 - INFO -       📊 Validation score: 0.8700
2025-08-09 01:38:35,514 - INFO -       🎯 New best score: 0.8700
2025-08-09 01:38:35,514 - INFO -       📈 Improvement detected: minimalist_refinement working better
2025-08-09 01:38:35,515 - INFO - 
   🔄 RL Round 4/17
2025-08-09 01:38:35,515 - INFO -       🎯 Strategy: minimalist_refinement (exploit)
2025-08-09 01:38:39,574 - INFO - [TRELLIS] GPU cache cleared: {'status': 'cache_cleared', 'available_memory_gb': 20.629684224}
2025-08-09 01:38:39,575 - INFO -       🔍 Validating...
2025-08-09 01:38:39,575 - INFO -       📝 Using optimized prompt for generation: 'a delicate cupcake adorned with rich, velvety chocolate icing with a subtle sheen and a delicate drizzle of caramel sauce, front view, accurate, complete, white background...'
2025-08-09 01:38:39,575 - INFO -       🎯 Computing scores against original prompt: 'cupcake with chocolate icing on top...'
2025-08-09 01:39:41,915 - INFO -       📊 Validation score: 0.5786
2025-08-09 01:39:41,916 - INFO -       📉 Score declined: Consider different approach
2025-08-09 01:39:41,916 - INFO - 
   🔄 RL Round 5/17
2025-08-09 01:39:41,916 - INFO -       🎯 Strategy: material_focus (exploit)
2025-08-09 01:39:45,633 - INFO - [TRELLIS] GPU cache cleared: {'status': 'cache_cleared', 'available_memory_gb': 20.629684224}
2025-08-09 01:39:45,633 - INFO -       🔍 Validating...
2025-08-09 01:39:45,633 - INFO -       📝 Using optimized prompt for generation: 'a delicate cupcake adorned with rich, velvety chocolate icing and a subtle sheen on the frosting that catches the light just so...'
2025-08-09 01:39:45,633 - INFO -       🎯 Computing scores against original prompt: 'cupcake with chocolate icing on top...'
2025-08-09 01:40:47,100 - INFO -       📊 Validation score: 0.8578
2025-08-09 01:40:47,100 - INFO -       📈 Improvement detected: material_focus working better
2025-08-09 01:40:47,101 - INFO - 
   🔄 RL Round 6/17
2025-08-09 01:40:47,101 - INFO -       🎯 Strategy: material_focus (exploit)
2025-08-09 01:40:51,100 - INFO - [TRELLIS] GPU cache cleared: {'status': 'cache_cleared', 'available_memory_gb': 20.629684224}
2025-08-09 01:40:51,101 - INFO -       🔍 Validating...
2025-08-09 01:40:51,101 - INFO -       📝 Using optimized prompt for generation: 'a delicate, moist cupcake with rich, velvety chocolate icing perfectly piped onto its surface in intricate swirls, adorned with a sprinkle of edible gold dust on top...'
2025-08-09 01:40:51,101 - INFO -       🎯 Computing scores against original prompt: 'cupcake with chocolate icing on top...'
2025-08-09 01:41:52,773 - INFO -       📊 Validation score: 0.8371
2025-08-09 01:41:52,773 - INFO -       📉 Score declined: Consider different approach
2025-08-09 01:41:52,774 - INFO - 
   🔄 RL Round 7/17
2025-08-09 01:41:52,774 - INFO -       🎯 Strategy: material_focus (exploit)
2025-08-09 01:41:56,322 - INFO - [TRELLIS] GPU cache cleared: {'status': 'cache_cleared', 'available_memory_gb': 20.629684224}
2025-08-09 01:41:56,323 - INFO -       🔍 Validating...
2025-08-09 01:41:56,323 - INFO -       📝 Using optimized prompt for generation: 'a delicate cupcake adorned with rich, velvety chocolate icing that has a subtle sheen to it, perfectly balanced on a elegant pedestal with a sprinkle of edible gold dust around the base, front view, accurate, complete, white background...'
2025-08-09 01:41:56,323 - INFO -       🎯 Computing scores against original prompt: 'cupcake with chocolate icing on top...'
2025-08-09 01:42:58,324 - INFO -       📊 Validation score: 0.6943
2025-08-09 01:42:58,324 - INFO -       📉 Score declined: Consider different approach
2025-08-09 01:42:58,324 - INFO - 
   🔄 RL Round 8/17
2025-08-09 01:42:58,324 - INFO -       🎯 Strategy: material_focus (exploit)
2025-08-09 01:43:01,984 - INFO - [TRELLIS] GPU cache cleared: {'status': 'cache_cleared', 'available_memory_gb': 20.629684224}
2025-08-09 01:43:01,985 - INFO -       🔍 Validating...
2025-08-09 01:43:01,985 - INFO -       📝 Using optimized prompt for generation: 'a delicate cupcake adorned with rich, velvety chocolate icing and subtle texture variations on its surface, front view, accurate, complete, white background...'
2025-08-09 01:43:01,985 - INFO -       🎯 Computing scores against original prompt: 'cupcake with chocolate icing on top...'
2025-08-09 01:44:02,537 - INFO -       📊 Validation score: 0.5599
2025-08-09 01:44:02,538 - INFO -       📉 Score declined: Consider different approach
2025-08-09 01:44:02,538 - INFO - 
   🔄 RL Round 9/17
2025-08-09 01:44:02,538 - INFO -       🎯 Strategy: aggressive_transformation (explore)
2025-08-09 01:44:05,848 - INFO - [TRELLIS] GPU cache cleared: {'status': 'cache_cleared', 'available_memory_gb': 20.629684224}
2025-08-09 01:44:05,849 - INFO -       🔍 Validating...
2025-08-09 01:44:05,849 - INFO -       📝 Using optimized prompt for generation: 'a delicate cupcake adorned with rich, velvety chocolate icing and subtle texture variations on its surface, front view, accurate, complete, white background...'
2025-08-09 01:44:05,849 - INFO -       🎯 Computing scores against original prompt: 'cupcake with chocolate icing on top...'
2025-08-09 01:45:06,264 - INFO -       📊 Validation score: 0.5690
2025-08-09 01:45:06,265 - INFO -       📈 Improvement detected: aggressive_transformation working better
2025-08-09 01:45:06,266 - INFO - 
   🔄 RL Round 10/17
2025-08-09 01:45:06,266 - INFO -       🎯 Strategy: minimalist_refinement (explore)
2025-08-09 01:45:10,222 - INFO - [TRELLIS] GPU cache cleared: {'status': 'cache_cleared', 'available_memory_gb': 20.629684224}
2025-08-09 01:45:10,223 - INFO -       🔍 Validating...
2025-08-09 01:45:10,223 - INFO -       📝 Using optimized prompt for generation: 'a delicate cupcake adorned with rich, velvety chocolate icing with subtle texture variations and a delicate sheen to its frosting, front view, accurate, complete, white background...'
2025-08-09 01:45:10,223 - INFO -       🎯 Computing scores against original prompt: 'cupcake with chocolate icing on top...'
2025-08-09 01:46:12,596 - INFO -       📊 Validation score: 0.5686
2025-08-09 01:46:12,597 - INFO -       ✅ Convergence achieved: Convergence threshold met (improvement: -0.000)
2025-08-09 01:46:12,623 - INFO - 
🎯 RL LOOP COMPLETE:
2025-08-09 01:46:12,623 - INFO -    Best prompt: a delicate cupcake adorned with rich, velvety chocolate icing and a subtle sheen on the frosting that catches the light
2025-08-09 01:46:12,623 - INFO -    Best score: 0.8700
2025-08-09 01:46:12,623 - INFO -    Rounds: 10
2025-08-09 01:46:12,623 - INFO -    Convergence: True
2025-08-09 01:46:12,623 - INFO -    Convergence reason: Convergence threshold met (improvement: -0.000)
2025-08-09 01:46:12,623 - INFO -    Exploration ratio: 30.0%
2025-08-09 01:46:12,623 - INFO -    Insights learned: 2
2025-08-09 01:46:12,624 - INFO -    Total time: 660.26s
2025-08-09 01:46:12,624 - INFO - Prompt optimized in 10 rounds: 0.851 → 0.870 (+0.019)
2025-08-09 01:46:12,624 - INFO - ✅ Target score achieved!
2025-08-09 01:46:12,624 - INFO - 
--- Episode 1, Prompt 44 (Total: 63) ---
2025-08-09 01:46:12,624 - INFO - Optimizing: 'matte black candle holder two interlocking pieces'
2025-08-09 01:46:12,624 - INFO - 🔍 Checking server availability before optimization...
2025-08-09 01:46:12,634 - INFO - ✅ Server is available (status: completed)
2025-08-09 01:46:12,634 - INFO - 📝 Marked server as used at 1754703972.6349282
2025-08-09 01:46:12,635 - INFO - ✅ Server is available and marked as used
2025-08-09 01:46:12,635 - INFO - 🔄 Reproducibility optimization returned no result
2025-08-09 01:46:12,635 - INFO -       🔧 Overriding endpoint: generate/baolei/
2025-08-09 01:46:12,635 - INFO -       🔧 Using endpoint: generate/baolei/
2025-08-09 01:46:12,638 - INFO - 
🔄 RL LOOP OPTIMIZATION: 'matte black candle holder two interlocking pieces'
2025-08-09 01:46:12,638 - INFO -    Session: rl_session_1754703972_2097
2025-08-09 01:46:12,639 - INFO -    Max rounds: 17
2025-08-09 01:46:12,639 - INFO -    Min rounds before convergence: 5
2025-08-09 01:46:12,639 - INFO -    Target score: 0.99
2025-08-09 01:46:12,639 - INFO - 
   🔄 RL Round 1/17
2025-08-09 01:46:12,639 - INFO -       🎯 Strategy: technical_precision (explore)
2025-08-09 01:46:16,254 - INFO - [TRELLIS] GPU cache cleared: {'status': 'cache_cleared', 'available_memory_gb': 20.629684224}
2025-08-09 01:46:16,255 - INFO -       🔍 Validating...
2025-08-09 01:46:16,255 - INFO -       📝 Using optimized prompt for generation: 'a sleek matte black candle holder with intricately interlocking two-piece design featuring subtle texture and rounded edges...'
2025-08-09 01:46:16,255 - INFO -       🎯 Computing scores against original prompt: 'matte black candle holder two interlocking pieces...'
2025-08-09 01:47:15,769 - INFO -       📊 Validation score: 0.8911
2025-08-09 01:47:15,769 - INFO -       🎯 New best score: 0.8911
2025-08-09 01:47:15,770 - INFO - 
   🔄 RL Round 2/17
2025-08-09 01:47:15,770 - INFO -       🎯 Strategy: minimalist_refinement (explore)
2025-08-09 01:47:19,881 - INFO - [TRELLIS] GPU cache cleared: {'status': 'cache_cleared', 'available_memory_gb': 20.629684224}
2025-08-09 01:47:19,882 - INFO -       🔍 Validating...
2025-08-09 01:47:19,882 - INFO -       📝 Using optimized prompt for generation: 'a matte black candle holder with sleek, interlocking two-piece design featuring subtle tapering at the edges and a minimalist metal base, front view, accurate, complete, white background...'
2025-08-09 01:47:19,882 - INFO -       🎯 Computing scores against original prompt: 'matte black candle holder two interlocking pieces...'
2025-08-09 01:48:16,799 - INFO -       📊 Validation score: 0.8106
2025-08-09 01:48:16,799 - INFO -       📉 Score declined: Consider different approach
2025-08-09 01:48:16,800 - INFO - 
   🔄 RL Round 3/17
2025-08-09 01:48:16,800 - INFO -       🎯 Strategy: material_focus (explore)
2025-08-09 01:48:20,589 - INFO - [TRELLIS] GPU cache cleared: {'status': 'cache_cleared', 'available_memory_gb': 20.629684224}
2025-08-09 01:48:20,590 - INFO -       🔍 Validating...
2025-08-09 01:48:20,590 - INFO -       📝 Using optimized prompt for generation: 'a sleek matte black candle holder with a precision-interlocked two-piece design featuring subtle ridges and a mirror-like finish, front view, accurate, complete, white background...'
2025-08-09 01:48:20,590 - INFO -       🎯 Computing scores against original prompt: 'matte black candle holder two interlocking pieces...'
2025-08-09 01:49:19,458 - INFO -       📊 Validation score: 0.8758
2025-08-09 01:49:19,459 - INFO -       📈 Improvement detected: material_focus working better
2025-08-09 01:49:19,459 - INFO - 
   🔄 RL Round 4/17
2025-08-09 01:49:19,459 - INFO -       🎯 Strategy: contextual_scene_building (explore)
2025-08-09 01:49:22,928 - INFO - [TRELLIS] GPU cache cleared: {'status': 'cache_cleared', 'available_memory_gb': 20.629684224}
2025-08-09 01:49:22,929 - INFO -       🔍 Validating...
2025-08-09 01:49:22,929 - INFO -       📝 Using optimized prompt for generation: 'a sleek matte black candle holder with precision-interlocked two-piece design featuring delicate flared edges and a smooth, rounded silhouette, front view, accurate, complete, white background...'
2025-08-09 01:49:22,929 - INFO -       🎯 Computing scores against original prompt: 'matte black candle holder two interlocking pieces...'
2025-08-09 01:50:20,487 - INFO -       📊 Validation score: 0.8782
2025-08-09 01:50:20,487 - INFO -       📈 Improvement detected: contextual_scene_building working better
2025-08-09 01:50:20,487 - INFO - 
   🔄 RL Round 5/17
2025-08-09 01:50:20,488 - INFO -       🔍 Explore performing better - increasing epsilon to 0.65
2025-08-09 01:50:20,488 - INFO -       🎯 Strategy: contextual_scene_building (exploit)
2025-08-09 01:50:23,664 - INFO - [TRELLIS] GPU cache cleared: {'status': 'cache_cleared', 'available_memory_gb': 20.629684224}
2025-08-09 01:50:23,664 - INFO -       🔍 Validating...
2025-08-09 01:50:23,665 - INFO -       📝 Using optimized prompt for generation: 'a sleek matte black candle holder with precision-interlocking two-piece design featuring delicate fluted edges and subtle tapering at the joints, front view, accurate, complete, white background...'
2025-08-09 01:50:23,665 - INFO -       🎯 Computing scores against original prompt: 'matte black candle holder two interlocking pieces...'
2025-08-09 01:51:25,285 - INFO -       📊 Validation score: 0.8647
2025-08-09 01:51:25,286 - INFO -       📉 Score declined: Consider different approach
2025-08-09 01:51:25,287 - INFO - 
   🔄 RL Round 6/17
2025-08-09 01:51:25,287 - INFO -       🎯 Strategy: contextual_scene_building (explore)
2025-08-09 01:51:29,452 - INFO - [TRELLIS] GPU cache cleared: {'status': 'cache_cleared', 'available_memory_gb': 20.629684224}
2025-08-09 01:51:29,452 - INFO -       🔍 Validating...
2025-08-09 01:51:29,452 - INFO -       📝 Using optimized prompt for generation: 'a sleek matte black candle holder with precision-interlocking two-piece design featuring delicate fluted edges and subtle tapered handles, front view, accurate, complete, white background...'
2025-08-09 01:51:29,452 - INFO -       🎯 Computing scores against original prompt: 'matte black candle holder two interlocking pieces...'
2025-08-09 01:52:28,066 - INFO -       📊 Validation score: 0.8527
2025-08-09 01:52:28,067 - INFO -       📉 Score declined: Consider different approach
2025-08-09 01:52:28,067 - INFO - 
   🔄 RL Round 7/17
2025-08-09 01:52:28,067 - INFO -       🔍 Explore performing better - increasing epsilon to 0.70
2025-08-09 01:52:28,067 - INFO -       🎯 Strategy: contextual_scene_building (explore)
2025-08-09 01:52:32,212 - INFO - [TRELLIS] GPU cache cleared: {'status': 'cache_cleared', 'available_memory_gb': 20.629684224}
2025-08-09 01:52:32,213 - INFO -       🔍 Validating...
2025-08-09 01:52:32,213 - INFO -       📝 Using optimized prompt for generation: 'a sleek matte black candle holder with precision-interlocking two-piece design featuring subtle tapering at the joints and delicate sculpted details...'
2025-08-09 01:52:32,213 - INFO -       🎯 Computing scores against original prompt: 'matte black candle holder two interlocking pieces...'
2025-08-09 01:53:32,599 - INFO -       📊 Validation score: 0.8779
2025-08-09 01:53:32,600 - INFO -       📈 Improvement detected: contextual_scene_building working better
2025-08-09 01:53:32,600 - INFO - 
   🔄 RL Round 8/17
2025-08-09 01:53:32,600 - INFO -       🔍 Explore performing better - increasing epsilon to 0.75
2025-08-09 01:53:32,600 - INFO -       🎯 Strategy: artistic_elaboration (explore)
2025-08-09 01:53:36,327 - INFO - [TRELLIS] GPU cache cleared: {'status': 'cache_cleared', 'available_memory_gb': 20.629684224}
2025-08-09 01:53:36,328 - INFO -       🔍 Validating...
2025-08-09 01:53:36,328 - INFO -       📝 Using optimized prompt for generation: 'a sleek matte black candle holder with a precision-interlocked two-piece design featuring delicate flared edges and subtle texture variation on the metal surfaces, front view, accurate, complete, white background...'
2025-08-09 01:53:36,329 - INFO -       🎯 Computing scores against original prompt: 'matte black candle holder two interlocking pieces...'
2025-08-09 01:54:32,280 - INFO -       📊 Validation score: 0.9005
2025-08-09 01:54:32,280 - INFO -       🎯 New best score: 0.9005
2025-08-09 01:54:32,281 - INFO -       🔍 Explore performing better - stricter convergence threshold: 0.005
2025-08-09 01:54:32,281 - INFO -       📈 Improvement detected: artistic_elaboration working better
2025-08-09 01:54:32,281 - INFO - 
   🔄 RL Round 9/17
2025-08-09 01:54:32,281 - INFO -       🔍 Explore performing better - increasing epsilon to 0.80
2025-08-09 01:54:32,281 - INFO -       🎯 Strategy: artistic_elaboration (explore)
2025-08-09 01:54:35,769 - INFO - [TRELLIS] GPU cache cleared: {'status': 'cache_cleared', 'available_memory_gb': 20.629684224}
2025-08-09 01:54:35,769 - INFO -       🔍 Validating...
2025-08-09 01:54:35,770 - INFO -       📝 Using optimized prompt for generation: 'a sleek matte black candle holder with precision-interlocking two-piece design featuring delicate fluting on each piece and subtle curves where they meet...'
2025-08-09 01:54:35,770 - INFO -       🎯 Computing scores against original prompt: 'matte black candle holder two interlocking pieces...'
2025-08-09 01:55:36,968 - INFO -       📊 Validation score: 0.8404
2025-08-09 01:55:36,968 - INFO -       🔍 Explore performing better - stricter convergence threshold: 0.005
2025-08-09 01:55:36,968 - INFO -       📉 Score declined: Consider different approach
2025-08-09 01:55:36,968 - INFO - 
   🔄 RL Round 10/17
2025-08-09 01:55:36,969 - INFO -       🔍 Explore performing better - increasing epsilon to 0.80
2025-08-09 01:55:36,969 - INFO -       🎯 Strategy: artistic_elaboration (explore)
2025-08-09 01:55:40,748 - INFO - [TRELLIS] GPU cache cleared: {'status': 'cache_cleared', 'available_memory_gb': 20.629684224}
2025-08-09 01:55:40,749 - INFO -       🔍 Validating...
2025-08-09 01:55:40,749 - INFO -       📝 Using optimized prompt for generation: 'a sleek matte black candle holder with precision-interlocked two-piece design featuring delicate flared edges and subtle tapering at the joints, front view, accurate, complete, white background...'
2025-08-09 01:55:40,749 - INFO -       🎯 Computing scores against original prompt: 'matte black candle holder two interlocking pieces...'
2025-08-09 01:56:40,826 - INFO -       📊 Validation score: 0.8604
2025-08-09 01:56:40,827 - INFO -       🔍 Explore performing better - stricter convergence threshold: 0.005
2025-08-09 01:56:40,827 - INFO -       📈 Improvement detected: artistic_elaboration working better
2025-08-09 01:56:40,827 - INFO - 
   🔄 RL Round 11/17
2025-08-09 01:56:40,827 - INFO -       🔍 Explore performing better - increasing epsilon to 0.80
2025-08-09 01:56:40,827 - INFO -       🎯 Strategy: artistic_elaboration (explore)
2025-08-09 01:56:44,710 - INFO - [TRELLIS] GPU cache cleared: {'status': 'cache_cleared', 'available_memory_gb': 20.629684224}
2025-08-09 01:56:44,711 - INFO -       🔍 Validating...
2025-08-09 01:56:44,711 - INFO -       📝 Using optimized prompt for generation: 'a sleek matte black candle holder with precision-interlocking two-piece design featuring subtle tapering at the edges and an ornate metal accent, front view, accurate, complete, white background...'
2025-08-09 01:56:44,711 - INFO -       🎯 Computing scores against original prompt: 'matte black candle holder two interlocking pieces...'
2025-08-09 01:57:45,097 - INFO -       📊 Validation score: 0.8595
2025-08-09 01:57:45,097 - INFO -       🔍 Explore performing better - stricter convergence threshold: 0.005
2025-08-09 01:57:45,097 - INFO -       ✅ Convergence achieved: Convergence threshold met (improvement: -0.001)
2025-08-09 01:57:45,123 - INFO - 
🎯 RL LOOP COMPLETE:
2025-08-09 01:57:45,123 - INFO -    Best prompt: a sleek matte black candle holder with a precision-interlocked two-piece design featuring delicate flared edges and subtle texture variation on the metal surfaces, front view, accurate, complete, white background
2025-08-09 01:57:45,123 - INFO -    Best score: 0.9005
2025-08-09 01:57:45,123 - INFO -    Rounds: 11
2025-08-09 01:57:45,123 - INFO -    Convergence: True
2025-08-09 01:57:45,124 - INFO -    Convergence reason: Convergence threshold met (improvement: -0.001)
2025-08-09 01:57:45,124 - INFO -    Exploration ratio: 90.9%
2025-08-09 01:57:45,124 - INFO -    Insights learned: 2
2025-08-09 01:57:45,124 - INFO -    Total time: 692.46s
2025-08-09 01:57:45,124 - INFO - Prompt optimized in 11 rounds: 0.891 → 0.900 (+0.009)
2025-08-09 01:57:45,124 - INFO - ✅ Target score achieved!
2025-08-09 01:57:45,124 - INFO - 
--- Episode 1, Prompt 45 (Total: 63) ---
2025-08-09 01:57:45,124 - INFO - Optimizing: 'greek kylix cup black-figure technique mythological scenes'
2025-08-09 01:57:45,125 - INFO - 🔍 Checking server availability before optimization...
2025-08-09 01:57:45,133 - INFO - ✅ Server is available (status: completed)
2025-08-09 01:57:45,133 - INFO - 📝 Marked server as used at 1754704665.133601
2025-08-09 01:57:45,133 - INFO - ✅ Server is available and marked as used
2025-08-09 01:57:45,133 - INFO - 🔄 Reproducibility optimization returned no result
2025-08-09 01:57:45,133 - INFO -       🔧 Overriding endpoint: generate/baolei/
2025-08-09 01:57:45,133 - INFO -       🔧 Using endpoint: generate/baolei/
2025-08-09 01:57:45,136 - INFO - 
🔄 RL LOOP OPTIMIZATION: 'greek kylix cup black-figure technique mythological scenes'
2025-08-09 01:57:45,137 - INFO -    Session: rl_session_1754704665_7096
2025-08-09 01:57:45,137 - INFO -    Max rounds: 17
2025-08-09 01:57:45,137 - INFO -    Min rounds before convergence: 5
2025-08-09 01:57:45,137 - INFO -    Target score: 0.99
2025-08-09 01:57:45,137 - INFO - 
   🔄 RL Round 1/17
2025-08-09 01:57:45,138 - INFO -       🔍 Explore performing better - increasing epsilon to 0.80
2025-08-09 01:57:45,138 - INFO -       🎯 Strategy: hybrid_approach (explore)
2025-08-09 01:57:49,685 - INFO - [TRELLIS] GPU cache cleared: {'status': 'cache_cleared', 'available_memory_gb': 20.629684224}
2025-08-09 01:57:49,685 - INFO -       🔍 Validating...
2025-08-09 01:57:49,685 - INFO -       📝 Using optimized prompt for generation: 'a black-figure kylix cup with intricate mythological scenes and figurines on its rim, set against a contrasting background of gold or crimson, front view, accurate, complete, white background...'
2025-08-09 01:57:49,685 - INFO -       🎯 Computing scores against original prompt: 'greek kylix cup black-figure technique mythological scenes...'
2025-08-09 01:58:48,838 - INFO -       📊 Validation score: 0.7005
2025-08-09 01:58:48,838 - INFO -       🎯 New best score: 0.7005
2025-08-09 01:58:48,839 - INFO - 
   🔄 RL Round 2/17
2025-08-09 01:58:48,839 - INFO -       🔍 Explore performing better - increasing epsilon to 0.80
2025-08-09 01:58:48,839 - INFO -       🎯 Strategy: contextual_scene_building (exploit)
2025-08-09 01:58:52,481 - INFO - [TRELLIS] GPU cache cleared: {'status': 'cache_cleared', 'available_memory_gb': 20.629684224}
2025-08-09 01:58:52,481 - INFO -       🔍 Validating...
2025-08-09 01:58:52,481 - INFO -       📝 Using optimized prompt for generation: 'a black-figure kylix cup with delicate, swirling patterns on its rim, adorned with mythological creatures and symbols from ancient Greek mythology, set against a subtle gradient of blue and gold, front view, accurate, complete, white background...'
2025-08-09 01:58:52,481 - INFO -       🎯 Computing scores against original prompt: 'greek kylix cup black-figure technique mythological scenes...'
2025-08-09 01:59:51,855 - INFO -       📊 Validation score: 0.4706
2025-08-09 01:59:51,856 - INFO -       📉 Score declined: Consider different approach
2025-08-09 01:59:51,856 - INFO -       🔍 Increasing exploration to 0.80
2025-08-09 01:59:51,856 - INFO - 
   🔄 RL Round 3/17
2025-08-09 01:59:51,856 - INFO -       🔍 Explore performing better - increasing epsilon to 0.80
2025-08-09 01:59:51,856 - INFO -       🎯 Strategy: contextual_scene_building (explore)
2025-08-09 01:59:55,122 - INFO - [TRELLIS] GPU cache cleared: {'status': 'cache_cleared', 'available_memory_gb': 20.629684224}
2025-08-09 01:59:55,123 - INFO -       🔍 Validating...
2025-08-09 01:59:55,123 - INFO -       📝 Using optimized prompt for generation: 'a black-figure kylix cup with delicate, yet intricate gold accents and ornate handles adorned with mythological creatures in a scrolling pattern around its rim, front view, accurate, complete, white background...'
2025-08-09 01:59:55,123 - INFO -       🎯 Computing scores against original prompt: 'greek kylix cup black-figure technique mythological scenes...'
2025-08-09 02:00:53,740 - INFO -       📊 Validation score: 0.7104
2025-08-09 02:00:53,740 - INFO -       🎯 New best score: 0.7104
2025-08-09 02:00:53,740 - INFO -       📈 Improvement detected: contextual_scene_building working better
2025-08-09 02:00:53,740 - INFO - 
   🔄 RL Round 4/17
2025-08-09 02:00:53,741 - INFO -       🔍 Explore performing better - increasing epsilon to 0.80
2025-08-09 02:00:53,741 - INFO -       🎯 Strategy: contextual_scene_building (explore)
2025-08-09 02:00:57,967 - INFO - [TRELLIS] GPU cache cleared: {'status': 'cache_cleared', 'available_memory_gb': 20.629684224}
2025-08-09 02:00:57,967 - INFO -       🔍 Validating...
2025-08-09 02:00:57,967 - INFO -       📝 Using optimized prompt for generation: 'a black-figure kylix cup with golden accents on its handle, adorned with mythological creatures and foliage in a stylized, curved shape, front view, accurate, complete, white background...'
2025-08-09 02:00:57,967 - INFO -       🎯 Computing scores against original prompt: 'greek kylix cup black-figure technique mythological scenes...'
2025-08-09 02:01:54,927 - INFO -       📊 Validation score: 0.4378
2025-08-09 02:01:54,928 - INFO -       📉 Score declined: Consider different approach
2025-08-09 02:01:54,928 - INFO -       🔍 Increasing exploration to 0.80
2025-08-09 02:01:54,928 - INFO - 
   🔄 RL Round 5/17
2025-08-09 02:01:54,929 - INFO -       🎯 Strategy: contextual_scene_building (explore)
2025-08-09 02:01:58,894 - INFO - [TRELLIS] GPU cache cleared: {'status': 'cache_cleared', 'available_memory_gb': 20.629684224}
2025-08-09 02:01:58,895 - INFO -       🔍 Validating...
2025-08-09 02:01:58,895 - INFO -       📝 Using optimized prompt for generation: 'a black-figure kylix cup with delicate, swirling patterns on its rim, adorned with intricate gold accents and ornate handles that evoke ancient Greek craftsmanship, front view, accurate, complete, white background...'
2025-08-09 02:01:58,895 - INFO -       🎯 Computing scores against original prompt: 'greek kylix cup black-figure technique mythological scenes...'
2025-08-09 02:02:57,514 - INFO -       📊 Validation score: 0.3886
2025-08-09 02:02:57,515 - INFO -       📉 Score declined: Consider different approach
2025-08-09 02:02:57,515 - INFO -       🔍 Increasing exploration to 0.80
2025-08-09 02:02:57,515 - INFO - 
   🔄 RL Round 6/17
2025-08-09 02:02:57,515 - INFO -       🎯 Strategy: artistic_elaboration (exploit)
2025-08-09 02:03:00,997 - INFO - [TRELLIS] GPU cache cleared: {'status': 'cache_cleared', 'available_memory_gb': 20.629684224}
2025-08-09 02:03:00,997 - INFO -       🔍 Validating...
2025-08-09 02:03:00,998 - INFO -       📝 Using optimized prompt for generation: 'a black-figure kylix cup with a rich, dark patina and subtle gold accents on its handle, adorned with delicate yet intricate mythological scenes and figurines...'
2025-08-09 02:03:00,998 - INFO -       🎯 Computing scores against original prompt: 'greek kylix cup black-figure technique mythological scenes...'
2025-08-09 02:03:58,348 - INFO -       📊 Validation score: 0.5337
2025-08-09 02:03:58,349 - INFO -       📈 Improvement detected: artistic_elaboration working better
2025-08-09 02:03:58,349 - INFO - 
   🔄 RL Round 7/17
2025-08-09 02:03:58,349 - INFO -       🎯 Strategy: artistic_elaboration (explore)
2025-08-09 02:04:02,233 - INFO - [TRELLIS] GPU cache cleared: {'status': 'cache_cleared', 'available_memory_gb': 20.629684224}
2025-08-09 02:04:02,233 - INFO -       🔍 Validating...
2025-08-09 02:04:02,234 - INFO -       📝 Using optimized prompt for generation: 'a black-figure kylix cup with expertly rendered, interlocking acanthus leaves and vines intertwined along its rim, showcasing exceptional control over the black-figure technique, front view, accurate, complete, white background...'
2025-08-09 02:04:02,234 - INFO -       🎯 Computing scores against original prompt: 'greek kylix cup black-figure technique mythological scenes...'
2025-08-09 02:05:02,907 - INFO -       📊 Validation score: 0.3678
2025-08-09 02:05:02,907 - INFO -       📉 Score declined: Consider different approach
2025-08-09 02:05:02,908 - INFO -       🔍 Increasing exploration to 0.80
2025-08-09 02:05:02,908 - INFO - 
   🔄 RL Round 8/17
2025-08-09 02:05:02,908 - INFO -       🎯 Strategy: artistic_elaboration (explore)
2025-08-09 02:05:06,637 - INFO - [TRELLIS] GPU cache cleared: {'status': 'cache_cleared', 'available_memory_gb': 18.724093952}
2025-08-09 02:05:06,638 - INFO -       🔍 Validating...
2025-08-09 02:05:06,638 - INFO -       📝 Using optimized prompt for generation: 'a black-figure kylix cup with intricately rendered, swirling patterns on its rim, adorned with delicate gold accents, front view, accurate, complete, white background...'
2025-08-09 02:05:06,638 - INFO -       🎯 Computing scores against original prompt: 'greek kylix cup black-figure technique mythological scenes...'
2025-08-09 02:06:05,014 - INFO -       📊 Validation score: 0.5595
2025-08-09 02:06:05,015 - INFO -       📈 Improvement detected: artistic_elaboration working better
2025-08-09 02:06:05,015 - INFO - 
   🔄 RL Round 9/17
2025-08-09 02:06:05,015 - INFO -       🎯 Strategy: material_focus (exploit)
2025-08-09 02:06:09,157 - INFO - [TRELLIS] GPU cache cleared: {'status': 'cache_cleared', 'available_memory_gb': 18.724093952}
2025-08-09 02:06:09,157 - INFO -       🔍 Validating...
2025-08-09 02:06:09,157 - INFO -       📝 Using optimized prompt for generation: 'a black-figure kylix cup with meticulously rendered, curved lines and ornate handles adorned with intertwining myrtle leaves and griffins, paying homage to the mythological creatures of ancient Greece, front view, accurate, complete, white background...'
2025-08-09 02:06:09,157 - INFO -       🎯 Computing scores against original prompt: 'greek kylix cup black-figure technique mythological scenes...'
2025-08-09 02:07:11,906 - INFO -       📊 Validation score: 0.6826
2025-08-09 02:07:11,906 - INFO -       📈 Improvement detected: material_focus working better
2025-08-09 02:07:11,906 - INFO - 
   🔄 RL Round 10/17
2025-08-09 02:07:11,907 - INFO -       🎯 Strategy: minimalist_refinement (exploit)
2025-08-09 02:07:15,986 - INFO - [TRELLIS] GPU cache cleared: {'status': 'cache_cleared', 'available_memory_gb': 18.724093952}
2025-08-09 02:07:15,987 - INFO -       🔍 Validating...
2025-08-09 02:07:15,987 - INFO -       📝 Using optimized prompt for generation: 'a black-figure kylix cup with intricate gold accents and delicate, swirling patterns on its rim...'
2025-08-09 02:07:15,987 - INFO -       🎯 Computing scores against original prompt: 'greek kylix cup black-figure technique mythological scenes...'
2025-08-09 02:08:16,738 - INFO -       📊 Validation score: 0.4502
2025-08-09 02:08:16,739 - INFO -       📉 Score declined: Consider different approach
2025-08-09 02:08:16,739 - INFO -       🔍 Increasing exploration to 0.80
2025-08-09 02:08:16,739 - INFO - 
   🔄 RL Round 11/17
2025-08-09 02:08:16,739 - INFO -       🎯 Strategy: contextual_scene_building (explore)
2025-08-09 02:08:20,675 - INFO - [TRELLIS] GPU cache cleared: {'status': 'cache_cleared', 'available_memory_gb': 18.724093952}
2025-08-09 02:08:20,676 - INFO -       🔍 Validating...
2025-08-09 02:08:20,676 - INFO -       📝 Using optimized prompt for generation: 'a black-figure kylix cup with intricately rendered, curved lines and golden accents on its rim, adorned with delicate, swirling patterns and mythological motifs that seem to dance across its surface, front view, accurate, complete, white background...'
2025-08-09 02:08:20,676 - INFO -       🎯 Computing scores against original prompt: 'greek kylix cup black-figure technique mythological scenes...'
2025-08-09 02:09:19,794 - INFO -       📊 Validation score: 0.8510
2025-08-09 02:09:19,795 - INFO -       🎯 New best score: 0.8510
2025-08-09 02:09:19,796 - INFO -       📈 Improvement detected: contextual_scene_building working better
2025-08-09 02:09:19,797 - INFO - 
   🔄 RL Round 12/17
2025-08-09 02:09:19,797 - INFO -       🎯 Strategy: minimalist_refinement (explore)
2025-08-09 02:09:24,300 - INFO - [TRELLIS] GPU cache cleared: {'status': 'cache_cleared', 'available_memory_gb': 18.724093952}
2025-08-09 02:09:24,301 - INFO -       🔍 Validating...
2025-08-09 02:09:24,301 - INFO -       📝 Using optimized prompt for generation: 'a black-figure kylix cup with delicate, swirling patterns on its rim, adorned with intricate gold accents and subtle, curved lines accentuating its shape, crafted from a single piece of dark terracotta clay, front view, accurate, complete, white background...'
2025-08-09 02:09:24,301 - INFO -       🎯 Computing scores against original prompt: 'greek kylix cup black-figure technique mythological scenes...'
