2025-07-26 15:38:44,851 - INFO - 🚀 Initialized performance-optimized prompt optimizer
2025-07-26 15:38:44,859 - INFO - 🔄 Initialized reproducibility system for pre-optimization
2025-07-26 15:38:44,860 - INFO - 🎯 Continuous TRELLIS Orchestrator initialized
2025-07-26 15:38:44,860 - INFO -    Output directory: continuous_trellis_outputs
2025-07-26 15:38:44,860 - INFO -    Generation server: http://localhost:8096
2025-07-26 15:38:44,860 - INFO -    Validation server: http://localhost:10006
2025-07-26 15:38:44,860 - INFO - 🔧 Prompt optimization: ENABLED (standard mode, detailed logging)
2025-07-26 15:38:44,860 - INFO - 🔄 Reproducibility optimization: ENABLED (min similarity: 0.3)
2025-07-26 15:38:44,861 - INFO - 🚀 Starting continuous TRELLIS mining...
2025-07-26 15:38:44,863 - INFO - ✅ Wallet loaded: 5Dw5ZNcG4oWPnthMy92VyCpohafUhUGLmWN69F5PtnbixPhR
2025-07-26 15:38:46,923 - INFO - ✅ Subtensor connected
2025-07-26 15:38:47,062 - INFO - ✅ Dendrite initialized
2025-07-26 15:38:48,157 - INFO - ✅ Metagraph loaded (netuid: 17)
2025-07-26 15:38:49,416 - INFO - ➕ Added new validator UID 110 (stake: 4581.0, trust: 0.890)
2025-07-26 15:38:49,416 - INFO - ➕ Added new validator UID 253 (stake: 2482.4, trust: 1.000)
2025-07-26 15:38:49,416 - INFO - ➕ Added new validator UID 45 (stake: 1019.8, trust: 0.936)
2025-07-26 15:38:49,416 - INFO - ➕ Added new validator UID 27 (stake: 60159.3, trust: 0.000)
2025-07-26 15:38:49,416 - INFO - ➕ Added new validator UID 49 (stake: 12364.4, trust: 0.000)
2025-07-26 15:38:49,416 - INFO - ➕ Added new validator UID 81 (stake: 1150.8, trust: 0.000)
2025-07-26 15:38:49,416 - INFO - ➕ Added new validator UID 124 (stake: 39801.5, trust: 0.000)
2025-07-26 15:38:49,416 - INFO - ➕ Added new validator UID 128 (stake: 13456.1, trust: 0.000)
2025-07-26 15:38:49,416 - INFO - ➕ Added new validator UID 142 (stake: 69534.1, trust: 0.000)
2025-07-26 15:38:49,416 - INFO - ➕ Added new validator UID 212 (stake: 103987.0, trust: 0.000)
2025-07-26 15:38:49,417 - INFO - ✅ Validator refresh complete:
2025-07-26 15:38:49,417 - INFO -    Active validators: 10
2025-07-26 15:38:49,417 - INFO -    Inactive validators: 0
2025-07-26 15:38:49,417 - INFO -    Total eligible validators found: 10
2025-07-26 15:38:49,417 - INFO -    Top validators by stake:
2025-07-26 15:38:49,417 - INFO -      UID 212: 103987.0 TAO (trust: 0.000)
2025-07-26 15:38:49,417 - INFO -      UID 142: 69534.1 TAO (trust: 0.000)
2025-07-26 15:38:49,417 - INFO -      UID 27: 60159.3 TAO (trust: 0.000)
2025-07-26 15:38:49,417 - INFO -      UID 124: 39801.5 TAO (trust: 0.000)
2025-07-26 15:38:49,417 - INFO -      UID 128: 13456.1 TAO (trust: 0.000)
2025-07-26 15:38:50,056 - INFO - ✅ Validator refresh complete:
2025-07-26 15:38:50,057 - INFO -    Active validators: 10
2025-07-26 15:38:50,057 - INFO -    Inactive validators: 0
2025-07-26 15:38:50,057 - INFO -    Total eligible validators found: 10
2025-07-26 15:38:50,057 - INFO -    Top validators by stake:
2025-07-26 15:38:50,057 - INFO -      UID 212: 103987.0 TAO (trust: 0.000)
2025-07-26 15:38:50,057 - INFO -      UID 142: 69534.1 TAO (trust: 0.000)
2025-07-26 15:38:50,057 - INFO -      UID 27: 60159.3 TAO (trust: 0.000)
2025-07-26 15:38:50,057 - INFO -      UID 124: 39801.5 TAO (trust: 0.000)
2025-07-26 15:38:50,057 - INFO -      UID 128: 13456.1 TAO (trust: 0.000)
2025-07-26 15:38:51,942 - INFO - ✅ New task from UID 49: 'small red drill with long wooden handle and metal ...'
2025-07-26 15:38:51,942 - INFO -    Threshold: 0.6, Query time: 0.48s
2025-07-26 15:38:51,943 - INFO - 🔄 Processing task 92832493-6109-40a9-b621-fce1b200d86d: 'small red drill with long wooden handle and metal bit'
2025-07-26 15:38:51,943 - INFO - 🎨 Generating 3D model: 'small red drill with long wooden handle and metal bit' (task: 92832493-6109-40a9-b621-fce1b200d86d)
2025-07-26 15:38:53,675 - INFO - 🔄 Reproducibility optimization applied:
2025-07-26 15:38:53,675 - INFO -    Original: small red drill with long wooden handle and metal bit
2025-07-26 15:38:53,675 - INFO -    Optimized: wbgmsst, a small, red drill with intricate metallic details and a long wooden handle, sits on a white background, round eyes glowing in the dark.
2025-07-26 15:38:53,676 - INFO -    Similarity: 0.560
2025-07-26 15:38:53,676 - INFO -    Gold score: 0.8968
2025-07-26 15:38:54,666 - INFO - [TRELLIS] GPU cache cleared: {'status': 'cache_cleared', 'available_memory_gb': 19.962789888}
2025-07-26 15:38:54,666 - INFO -    🎲 Using deterministic seed: 42
2025-07-26 15:39:15,695 - INFO - ✅ Generation successful in 21.03s (2,072,178 bytes)
2025-07-26 15:39:15,696 - INFO - 📤 Submitting result: 92832493-6109-40a9-b621-fce1b200d86d
2025-07-26 15:39:15,696 - INFO -    📦 Using SPZ-compressed data from server (2,072,178 bytes)
2025-07-26 15:39:17,712 - INFO - ⏱️ Total processing time: 25.79s (from validator response to submission)
2025-07-26 15:39:17,713 - INFO - ✅ Submission successful to UID 49 (2.01s)
2025-07-26 15:39:17,713 - INFO -    Task fidelity: 0.6447
2025-07-26 15:39:17,713 - INFO -    Average fidelity: 0.8278
2025-07-26 15:39:17,713 - INFO -    Miner reward: 25.662059
2025-07-26 15:39:17,713 - INFO -    Validation failed: False
2025-07-26 15:39:17,713 - INFO -    Generations in window: 31
2025-07-26 15:39:17,739 - INFO - ✅ Task 92832493-6109-40a9-b621-fce1b200d86d completed successfully
2025-07-26 15:39:18,631 - INFO - ✅ New task from UID 128: 'large pink stone on black background...'
2025-07-26 15:39:18,632 - INFO -    Threshold: 0.6, Query time: 0.28s
2025-07-26 15:39:18,632 - INFO - 🔄 Processing task 2541807b-1548-4d42-a524-350478145a94: 'large pink stone on black background'
2025-07-26 15:39:18,632 - INFO - 🎨 Generating 3D model: 'large pink stone on black background' (task: 2541807b-1548-4d42-a524-350478145a94)
2025-07-26 15:39:20,372 - INFO - 🔄 Reproducibility optimization applied:
2025-07-26 15:39:20,372 - INFO -    Original: large pink stone on black background
2025-07-26 15:39:20,372 - INFO -    Optimized: wbgmsst, a pink stone with intricate metallic details and glowing blue accents on a white background, has round eyes that glow in the dark, set against a contrasting black background.
2025-07-26 15:39:20,372 - INFO -    Similarity: 0.361
2025-07-26 15:39:20,372 - INFO -    Gold score: 0.8968
2025-07-26 15:39:21,806 - INFO - [TRELLIS] GPU cache cleared: {'status': 'cache_cleared', 'available_memory_gb': 19.962789888}
2025-07-26 15:39:21,806 - INFO -    🎲 Using deterministic seed: 42
2025-07-26 15:39:46,075 - INFO - ✅ Generation successful in 24.26s (6,033,043 bytes)
2025-07-26 15:39:46,075 - INFO - 📤 Submitting result: 2541807b-1548-4d42-a524-350478145a94
2025-07-26 15:39:46,075 - INFO -    📦 Using SPZ-compressed data from server (6,033,043 bytes)
2025-07-26 15:39:47,935 - INFO - ⏱️ Total processing time: 29.33s (from validator response to submission)
2025-07-26 15:39:47,936 - INFO - ✅ Submission successful to UID 128 (1.84s)
2025-07-26 15:39:47,936 - INFO -    Task fidelity: 0.0000
2025-07-26 15:39:47,936 - INFO -    Average fidelity: 0.9028
2025-07-26 15:39:47,936 - INFO -    Miner reward: 7.222514
2025-07-26 15:39:47,936 - INFO -    Validation failed: False
2025-07-26 15:39:47,936 - INFO -    Generations in window: 8
2025-07-26 15:39:47,960 - INFO - ✅ Task 2541807b-1548-4d42-a524-350478145a94 completed successfully
2025-07-26 15:39:48,796 - INFO - ✅ New task from UID 212: 'amethyst necklace with spiral chain...'
2025-07-26 15:39:48,796 - INFO -    Threshold: 0.6, Query time: 0.44s
2025-07-26 15:39:48,796 - INFO - 🔄 Processing task f143a341-cc6e-469c-af93-53f473c89735: 'amethyst necklace with spiral chain'
2025-07-26 15:39:48,796 - INFO - 🎨 Generating 3D model: 'amethyst necklace with spiral chain' (task: f143a341-cc6e-469c-af93-53f473c89735)
2025-07-26 15:39:50,406 - INFO - 🔄 Reproducibility optimization applied:
2025-07-26 15:39:50,406 - INFO -    Original: amethyst necklace with spiral chain
2025-07-26 15:39:50,406 - INFO -    Optimized: wbgmsst, an amethyst necklace with a twisted, coiled design featuring a winding spiral pattern, set against a white background.
2025-07-26 15:39:50,406 - INFO -    Similarity: 0.514
2025-07-26 15:39:50,406 - INFO -    Gold score: 0.8964
2025-07-26 15:39:51,565 - INFO - [TRELLIS] GPU cache cleared: {'status': 'cache_cleared', 'available_memory_gb': 19.962789888}
2025-07-26 15:39:51,565 - INFO -    🎲 Using deterministic seed: 42
2025-07-26 15:40:14,670 - INFO - ✅ Generation successful in 23.10s (3,498,959 bytes)
2025-07-26 15:40:14,670 - INFO - 📤 Submitting result: f143a341-cc6e-469c-af93-53f473c89735
2025-07-26 15:40:14,670 - INFO -    📦 Using SPZ-compressed data from server (3,498,959 bytes)
2025-07-26 15:40:17,077 - INFO - ⏱️ Total processing time: 28.30s (from validator response to submission)
2025-07-26 15:40:17,078 - INFO - ✅ Submission successful to UID 212 (2.39s)
2025-07-26 15:40:17,078 - INFO -    Task fidelity: 0.8847
2025-07-26 15:40:17,078 - INFO -    Average fidelity: 0.9196
2025-07-26 15:40:17,078 - INFO -    Miner reward: 5.517849
2025-07-26 15:40:17,079 - INFO -    Validation failed: False
2025-07-26 15:40:17,079 - INFO -    Generations in window: 6
2025-07-26 15:40:17,116 - INFO - ✅ Task f143a341-cc6e-469c-af93-53f473c89735 completed successfully
2025-07-26 15:40:17,117 - INFO - 📊 CONTINUOUS ORCHESTRATOR STATUS
2025-07-26 15:40:17,117 - INFO - ============================================================
2025-07-26 15:40:17,117 - INFO - Uptime: 0.02 hours
2025-07-26 15:40:17,117 - INFO - Tasks pulled: 3
2025-07-26 15:40:17,117 - INFO - Tasks processed: 3
2025-07-26 15:40:17,117 - INFO - Successful generations: 3
2025-07-26 15:40:17,117 - INFO - Successful validations: 0
2025-07-26 15:40:17,117 - INFO - Successful submissions: 3
2025-07-26 15:40:17,117 - INFO - Total rewards: 38.402422 TAO
2025-07-26 15:40:17,117 - INFO - Idle validations: 0
2025-07-26 15:40:17,117 - INFO - Prompts optimized: 3
2025-07-26 15:40:17,117 - INFO - Reproducibility optimizations: 3
2025-07-26 15:40:17,117 - INFO - Traditional optimizations: 0
2025-07-26 15:40:17,117 - INFO - Optimization improvements: 0
2025-07-26 15:40:17,117 - INFO - Tasks/hour: 123.1
2025-07-26 15:40:17,118 - INFO - Rewards/hour: 1576.394680 TAO
2025-07-26 15:40:17,118 - INFO - Average total processing time: 27.81s
2025-07-26 15:40:17,118 - INFO - Optimization rate: 0.0% of prompts improved
2025-07-26 15:40:17,118 - INFO - Active validators: 10
2025-07-26 15:40:17,118 - INFO -   UID 212: 0 tasks, avg score: 0.885
2025-07-26 15:40:17,118 - INFO -   UID 142: 0 tasks, avg score: 0.000
2025-07-26 15:40:17,118 - INFO -   UID 27: 0 tasks, avg score: 0.000
2025-07-26 15:40:17,119 - INFO - ============================================================
2025-07-26 15:40:17,120 - INFO - 📊 Statistics saved to continuous_trellis_outputs/continuous_stats_20250726_154017.json
2025-07-26 15:40:17,120 - INFO - 🧹 Cleaned up 0 old prompt records and 0 failed tasks
2025-07-26 15:40:34,437 - INFO - ✅ New task from UID 142: 'copper-colored robot with serious face...'
2025-07-26 15:40:34,437 - INFO -    Threshold: 0.6, Query time: 0.59s
2025-07-26 15:40:34,437 - INFO - 🔄 Processing task 8cf8fd9e-ee92-4e0a-b8bd-e9f132395a59: 'copper-colored robot with serious face'
2025-07-26 15:40:34,437 - INFO - 🎨 Generating 3D model: 'copper-colored robot with serious face' (task: 8cf8fd9e-ee92-4e0a-b8bd-e9f132395a59)
2025-07-26 15:40:36,125 - INFO - 🔄 Reproducibility optimization applied:
2025-07-26 15:40:36,125 - INFO -    Original: copper-colored robot with serious face
2025-07-26 15:40:36,125 - INFO -    Optimized: wbgmsst, a serious copper-colored robot with intricate metallic details and glowing blue accents stands in front of a white background.
2025-07-26 15:40:36,125 - INFO -    Similarity: 0.471
2025-07-26 15:40:36,125 - INFO -    Gold score: 0.8968
2025-07-26 15:40:37,251 - INFO - [TRELLIS] GPU cache cleared: {'status': 'cache_cleared', 'available_memory_gb': 19.962789888}
2025-07-26 15:40:37,252 - INFO -    🎲 Using deterministic seed: 42
2025-07-26 15:41:01,727 - INFO - ✅ Generation successful in 24.47s (6,203,267 bytes)
2025-07-26 15:41:01,728 - INFO - 📤 Submitting result: 8cf8fd9e-ee92-4e0a-b8bd-e9f132395a59
2025-07-26 15:41:01,728 - INFO -    📦 Using SPZ-compressed data from server (6,203,267 bytes)
2025-07-26 15:42:02,621 - INFO - ⏱️ Total processing time: 88.20s (from validator response to submission)
2025-07-26 15:42:02,621 - ERROR - ❌ No feedback received from UID 142
2025-07-26 15:42:02,646 - ERROR - ❌ Task 8cf8fd9e-ee92-4e0a-b8bd-e9f132395a59 submission failed
2025-07-26 15:42:06,249 - INFO - ✅ New task from UID 27: 'pink alien with tentacles on its head...'
2025-07-26 15:42:06,249 - INFO -    Threshold: 0.6, Query time: 0.62s
2025-07-26 15:42:06,249 - INFO - 🔄 Processing task add06ab0-d9dc-4461-9f07-9bb42fbe6931: 'pink alien with tentacles on its head'
2025-07-26 15:42:06,249 - INFO - 🎨 Generating 3D model: 'pink alien with tentacles on its head' (task: add06ab0-d9dc-4461-9f07-9bb42fbe6931)
2025-07-26 15:42:07,908 - INFO - 🔄 Reproducibility optimization applied:
2025-07-26 15:42:07,908 - INFO -    Original: pink alien with tentacles on its head
2025-07-26 15:42:07,908 - INFO -    Optimized: wbgmsst, an alien with pink skin and tentacles on its head, standing in a futuristic cityscape, is illuminated by soft ambient light, against a white background.
2025-07-26 15:42:07,908 - INFO -    Similarity: 0.475
2025-07-26 15:42:07,908 - INFO -    Gold score: 0.8511
2025-07-26 15:42:09,030 - INFO - [TRELLIS] GPU cache cleared: {'status': 'cache_cleared', 'available_memory_gb': 19.962789888}
2025-07-26 15:42:09,030 - INFO -    🎲 Using deterministic seed: 42
2025-07-26 15:42:35,856 - INFO - ✅ Generation successful in 26.82s (9,431,302 bytes)
2025-07-26 15:42:35,856 - INFO - 📤 Submitting result: add06ab0-d9dc-4461-9f07-9bb42fbe6931
2025-07-26 15:42:35,856 - INFO -    📦 Using SPZ-compressed data from server (9,431,302 bytes)
2025-07-26 15:42:43,017 - INFO - ⏱️ Total processing time: 36.79s (from validator response to submission)
2025-07-26 15:42:43,017 - INFO - ✅ Submission successful to UID 27 (7.12s)
2025-07-26 15:42:43,017 - INFO -    Task fidelity: 0.0000
2025-07-26 15:42:43,018 - INFO -    Average fidelity: 0.8630
2025-07-26 15:42:43,018 - INFO -    Miner reward: 12.082582
2025-07-26 15:42:43,018 - INFO -    Validation failed: False
2025-07-26 15:42:43,018 - INFO -    Generations in window: 14
2025-07-26 15:42:43,058 - INFO - ✅ Task add06ab0-d9dc-4461-9f07-9bb42fbe6931 completed successfully
2025-07-26 15:42:43,528 - INFO - ✅ New task from UID 49: 'small vase with delicate floral...'
2025-07-26 15:42:43,528 - INFO -    Threshold: 0.6, Query time: 0.44s
2025-07-26 15:42:43,528 - INFO - 🔄 Processing task a26c7f1b-b8b7-4b09-9f7c-a3a7cd333b34: 'small vase with delicate floral'
2025-07-26 15:42:43,528 - INFO - 🎨 Generating 3D model: 'small vase with delicate floral' (task: a26c7f1b-b8b7-4b09-9f7c-a3a7cd333b34)
2025-07-26 15:42:45,083 - INFO - 🔄 Reproducibility optimization applied:
2025-07-26 15:42:45,083 - INFO -    Original: small vase with delicate floral
2025-07-26 15:42:45,083 - INFO -    Optimized: wbgmsst, a delicate vase with intricate metallic details and glowing blue accents sits on a white background.
2025-07-26 15:42:45,084 - INFO -    Similarity: 0.462
2025-07-26 15:42:45,085 - INFO -    Gold score: 0.8968
2025-07-26 15:42:46,237 - INFO - [TRELLIS] GPU cache cleared: {'status': 'cache_cleared', 'available_memory_gb': 19.962789888}
2025-07-26 15:42:46,237 - INFO -    🎲 Using deterministic seed: 42
2025-07-26 15:43:09,245 - INFO - ✅ Generation successful in 23.00s (4,800,570 bytes)
2025-07-26 15:43:09,245 - INFO - 📤 Submitting result: a26c7f1b-b8b7-4b09-9f7c-a3a7cd333b34
2025-07-26 15:43:09,246 - INFO -    📦 Using SPZ-compressed data from server (4,800,570 bytes)
2025-07-26 15:43:11,662 - INFO - ⏱️ Total processing time: 28.15s (from validator response to submission)
2025-07-26 15:43:11,662 - INFO - ✅ Submission successful to UID 49 (2.40s)
2025-07-26 15:43:11,662 - INFO -    Task fidelity: 0.6114
2025-07-26 15:43:11,662 - INFO -    Average fidelity: 0.8170
2025-07-26 15:43:11,662 - INFO -    Miner reward: 26.143562
2025-07-26 15:43:11,662 - INFO -    Validation failed: False
2025-07-26 15:43:11,662 - INFO -    Generations in window: 32
2025-07-26 15:43:11,689 - INFO - ✅ Task a26c7f1b-b8b7-4b09-9f7c-a3a7cd333b34 completed successfully
2025-07-26 15:43:13,008 - INFO - ⏭️ Skipping duplicate from UID 142: 'copper-colored robot with serious face...'
2025-07-26 15:43:13,008 - INFO -    Analysis: 0/1 successful, 1 failed, 0 unprocessed
2025-07-26 15:43:22,964 - INFO - 📊 CONTINUOUS ORCHESTRATOR STATUS
2025-07-26 15:43:22,965 - INFO - ============================================================
2025-07-26 15:43:22,965 - INFO - Uptime: 0.08 hours
2025-07-26 15:43:22,965 - INFO - Tasks pulled: 6
2025-07-26 15:43:22,965 - INFO - Tasks processed: 6
2025-07-26 15:43:22,965 - INFO - Successful generations: 6
2025-07-26 15:43:22,965 - INFO - Successful validations: 0
2025-07-26 15:43:22,965 - INFO - Successful submissions: 5
2025-07-26 15:43:22,965 - INFO - Total rewards: 76.628566 TAO
2025-07-26 15:43:22,965 - INFO - Idle validations: 0
2025-07-26 15:43:22,965 - INFO - Prompts optimized: 6
2025-07-26 15:43:22,965 - INFO - Reproducibility optimizations: 6
2025-07-26 15:43:22,965 - INFO - Traditional optimizations: 0
2025-07-26 15:43:22,965 - INFO - Optimization improvements: 0
2025-07-26 15:43:22,966 - INFO - Tasks/hour: 79.0
2025-07-26 15:43:22,966 - INFO - Rewards/hour: 1008.465612 TAO
2025-07-26 15:43:22,966 - INFO - Average total processing time: 29.67s
2025-07-26 15:43:22,966 - INFO - Optimization rate: 0.0% of prompts improved
2025-07-26 15:43:22,966 - INFO - Active validators: 10
2025-07-26 15:43:22,966 - INFO -   UID 212: 0 tasks, avg score: 0.885
2025-07-26 15:43:22,966 - INFO -   UID 142: 0 tasks, avg score: 0.000
2025-07-26 15:43:22,966 - INFO -   UID 27: 0 tasks, avg score: 0.000
2025-07-26 15:43:22,967 - WARNING - ⚠️ Found 1 unfinished tasks in last 6 hours:
2025-07-26 15:43:22,967 - WARNING -    UID 142: 'copper-colored robot with seri...' - no_submission
2025-07-26 15:43:22,967 - INFO - ============================================================
2025-07-26 15:43:22,968 - INFO - 📊 Statistics saved to continuous_trellis_outputs/continuous_stats_20250726_154322.json
2025-07-26 15:43:22,968 - INFO - 🏁 Continuous mining stopped
2025-07-26 15:44:52,103 - INFO - 🚀 Initialized performance-optimized prompt optimizer
2025-07-26 15:44:52,108 - INFO - 🔄 Initialized reproducibility system for pre-optimization
2025-07-26 15:44:52,109 - INFO - 🎯 Continuous TRELLIS Orchestrator initialized
2025-07-26 15:44:52,109 - INFO -    Output directory: continuous_trellis_outputs
2025-07-26 15:44:52,109 - INFO -    Generation server: http://localhost:8096
2025-07-26 15:44:52,109 - INFO -    Validation server: http://localhost:10006
2025-07-26 15:44:52,109 - INFO - 🔧 Prompt optimization: ENABLED (standard mode, detailed logging)
2025-07-26 15:44:52,109 - INFO - 🔄 Reproducibility optimization: ENABLED (min similarity: 0.51)
2025-07-26 15:44:52,109 - INFO - 🚀 Starting continuous TRELLIS mining...
2025-07-26 15:44:52,112 - INFO - ✅ Wallet loaded: 5Dw5ZNcG4oWPnthMy92VyCpohafUhUGLmWN69F5PtnbixPhR
2025-07-26 15:44:54,305 - INFO - ✅ Subtensor connected
2025-07-26 15:44:54,436 - INFO - ✅ Dendrite initialized
2025-07-26 15:44:55,471 - INFO - ✅ Metagraph loaded (netuid: 17)
2025-07-26 15:44:56,443 - INFO - ➕ Added new validator UID 110 (stake: 4581.0, trust: 0.890)
2025-07-26 15:44:56,443 - INFO - ➕ Added new validator UID 253 (stake: 2482.4, trust: 1.000)
2025-07-26 15:44:56,443 - INFO - ➕ Added new validator UID 45 (stake: 1019.8, trust: 0.936)
2025-07-26 15:44:56,443 - INFO - ➕ Added new validator UID 27 (stake: 60159.3, trust: 0.000)
2025-07-26 15:44:56,443 - INFO - ➕ Added new validator UID 49 (stake: 12364.4, trust: 0.000)
2025-07-26 15:44:56,443 - INFO - ➕ Added new validator UID 81 (stake: 1150.8, trust: 0.000)
2025-07-26 15:44:56,443 - INFO - ➕ Added new validator UID 124 (stake: 39801.5, trust: 0.000)
2025-07-26 15:44:56,444 - INFO - ➕ Added new validator UID 128 (stake: 13456.1, trust: 0.000)
2025-07-26 15:44:56,444 - INFO - ➕ Added new validator UID 142 (stake: 69534.1, trust: 0.000)
2025-07-26 15:44:56,444 - INFO - ➕ Added new validator UID 212 (stake: 103987.0, trust: 0.000)
2025-07-26 15:44:56,444 - INFO - ✅ Validator refresh complete:
2025-07-26 15:44:56,444 - INFO -    Active validators: 10
2025-07-26 15:44:56,444 - INFO -    Inactive validators: 0
2025-07-26 15:44:56,444 - INFO -    Total eligible validators found: 10
2025-07-26 15:44:56,444 - INFO -    Top validators by stake:
2025-07-26 15:44:56,444 - INFO -      UID 212: 103987.0 TAO (trust: 0.000)
2025-07-26 15:44:56,444 - INFO -      UID 142: 69534.1 TAO (trust: 0.000)
2025-07-26 15:44:56,444 - INFO -      UID 27: 60159.3 TAO (trust: 0.000)
2025-07-26 15:44:56,444 - INFO -      UID 124: 39801.5 TAO (trust: 0.000)
2025-07-26 15:44:56,444 - INFO -      UID 128: 13456.1 TAO (trust: 0.000)
2025-07-26 15:44:57,233 - INFO - ✅ Validator refresh complete:
2025-07-26 15:44:57,234 - INFO -    Active validators: 10
2025-07-26 15:44:57,234 - INFO -    Inactive validators: 0
2025-07-26 15:44:57,234 - INFO -    Total eligible validators found: 10
2025-07-26 15:44:57,234 - INFO -    Top validators by stake:
2025-07-26 15:44:57,234 - INFO -      UID 212: 103987.0 TAO (trust: 0.000)
2025-07-26 15:44:57,234 - INFO -      UID 142: 69534.1 TAO (trust: 0.000)
2025-07-26 15:44:57,234 - INFO -      UID 27: 60159.3 TAO (trust: 0.000)
2025-07-26 15:44:57,234 - INFO -      UID 124: 39801.5 TAO (trust: 0.000)
2025-07-26 15:44:57,234 - INFO -      UID 128: 13456.1 TAO (trust: 0.000)
2025-07-26 15:44:58,800 - INFO - ✅ New task from UID 49: 'robot with blue and red elements...'
2025-07-26 15:44:58,801 - INFO -    Threshold: 0.6, Query time: 0.44s
2025-07-26 15:44:58,801 - INFO - 🔄 Processing task 77686c49-2595-4b46-a2ea-a16eff030cb8: 'robot with blue and red elements'
2025-07-26 15:44:58,801 - INFO - 🎨 Generating 3D model: 'robot with blue and red elements' (task: 77686c49-2595-4b46-a2ea-a16eff030cb8)
2025-07-26 15:45:00,731 - INFO - 🔄 Reproducibility optimization applied:
2025-07-26 15:45:00,731 - INFO -    Original: robot with blue and red elements
2025-07-26 15:45:00,731 - INFO -    Optimized: wbgmsst, a blue robot with intricate metallic details and glowing blue accents stands on a white background, its round eyes glow softly in the dim light.
2025-07-26 15:45:00,731 - INFO -    Similarity: 0.557
2025-07-26 15:45:00,731 - INFO -    Gold score: 0.8968
2025-07-26 15:45:01,679 - INFO - [TRELLIS] GPU cache cleared: {'status': 'cache_cleared', 'available_memory_gb': 19.962789888}
2025-07-26 15:45:01,679 - INFO -    🎲 Using deterministic seed: 42
2025-07-26 15:45:25,546 - INFO - ✅ Generation successful in 23.86s (7,640,977 bytes)
2025-07-26 15:45:25,547 - INFO - 📤 Submitting result: 77686c49-2595-4b46-a2ea-a16eff030cb8
2025-07-26 15:45:25,547 - INFO -    📦 Using SPZ-compressed data from server (7,640,977 bytes)
2025-07-26 15:45:27,747 - INFO - ⏱️ Total processing time: 28.98s (from validator response to submission)
2025-07-26 15:45:27,747 - INFO - ✅ Submission successful to UID 49 (2.16s)
2025-07-26 15:45:27,747 - INFO -    Task fidelity: 0.9071
2025-07-26 15:45:27,747 - INFO -    Average fidelity: 0.8215
2025-07-26 15:45:27,747 - INFO -    Miner reward: 27.109197
2025-07-26 15:45:27,747 - INFO -    Validation failed: False
2025-07-26 15:45:27,748 - INFO -    Generations in window: 33
2025-07-26 15:45:27,788 - INFO - ✅ Task 77686c49-2595-4b46-a2ea-a16eff030cb8 completed successfully
2025-07-26 15:45:28,286 - INFO - ✅ New task from UID 81: 'crossbow with intricate details on stock...'
2025-07-26 15:45:28,286 - INFO -    Threshold: 0.6, Query time: 0.47s
2025-07-26 15:45:28,286 - INFO - 🔄 Processing task 81cc9a69-13cc-42f7-861d-937df4c06db9: 'crossbow with intricate details on stock'
2025-07-26 15:45:28,286 - INFO - 🎨 Generating 3D model: 'crossbow with intricate details on stock' (task: 81cc9a69-13cc-42f7-861d-937df4c06db9)
2025-07-26 15:45:29,025 - INFO - 🚀 Traditional optimization applied:
2025-07-26 15:45:29,026 - INFO -    Original: crossbow with intricate details on stock
2025-07-26 15:45:29,026 - INFO -    Optimized: wbgmsst, a weathered crossbow with delicate, hand-tooled patterns and ornate metalwork adorns its rich wood stock, resting in a worn leather scabbard at the base of a gnarled tree stump, partially shrouded by a misty morning veil, white background
2025-07-26 15:45:29,026 - INFO -    Confidence: 80.0%
2025-07-26 15:45:30,318 - INFO - [TRELLIS] GPU cache cleared: {'status': 'cache_cleared', 'available_memory_gb': 19.962789888}
2025-07-26 15:45:30,319 - INFO -    🎲 Using deterministic seed: 42
2025-07-26 15:45:53,197 - INFO - ✅ Generation successful in 22.88s (3,475,073 bytes)
2025-07-26 15:45:53,198 - INFO - 📤 Submitting result: 81cc9a69-13cc-42f7-861d-937df4c06db9
2025-07-26 15:45:53,198 - INFO -    📦 Using SPZ-compressed data from server (3,475,073 bytes)
2025-07-26 15:45:56,057 - INFO - ⏱️ Total processing time: 27.79s (from validator response to submission)
2025-07-26 15:45:56,057 - INFO - ✅ Submission successful to UID 81 (2.84s)
2025-07-26 15:45:56,057 - INFO -    Task fidelity: 0.7009
2025-07-26 15:45:56,057 - INFO -    Average fidelity: 0.9460
2025-07-26 15:45:56,057 - INFO -    Miner reward: 4.729969
2025-07-26 15:45:56,058 - INFO -    Validation failed: False
2025-07-26 15:45:56,058 - INFO -    Generations in window: 5
2025-07-26 15:45:56,083 - INFO - ✅ Task 81cc9a69-13cc-42f7-861d-937df4c06db9 completed successfully
2025-07-26 15:45:57,330 - INFO - ✅ New task from UID 212: 'gold chain with infinity symbol and cross pendant...'
2025-07-26 15:45:57,330 - INFO -    Threshold: 0.6, Query time: 0.43s
2025-07-26 15:45:57,330 - INFO - 🔄 Processing task 8cebd4e0-847c-4e56-8054-423946850e51: 'gold chain with infinity symbol and cross pendant'
2025-07-26 15:45:57,330 - INFO - 🎨 Generating 3D model: 'gold chain with infinity symbol and cross pendant' (task: 8cebd4e0-847c-4e56-8054-423946850e51)
2025-07-26 15:45:57,850 - INFO - 🚀 Traditional optimization applied:
2025-07-26 15:45:57,850 - INFO -    Original: gold chain with infinity symbol and cross pendant
2025-07-26 15:45:57,850 - INFO -    Optimized: wbgmsst, a delicate gold chain adorned with an intricate infinity symbol pendant suspended around a slender cross, resting atop a weathered wooden altar in a dimly lit, mystical chamber with ancient stone walls and flickering candles, white background
2025-07-26 15:45:57,850 - INFO -    Confidence: 80.0%
2025-07-26 15:45:59,066 - INFO - [TRELLIS] GPU cache cleared: {'status': 'cache_cleared', 'available_memory_gb': 19.962789888}
2025-07-26 15:45:59,066 - INFO -    🎲 Using deterministic seed: 42
2025-07-26 15:46:24,055 - INFO - ✅ Generation successful in 24.98s (7,975,972 bytes)
2025-07-26 15:46:24,056 - INFO - 📤 Submitting result: 8cebd4e0-847c-4e56-8054-423946850e51
2025-07-26 15:46:24,056 - INFO -    📦 Using SPZ-compressed data from server (7,975,972 bytes)
2025-07-26 15:46:26,599 - INFO - ⏱️ Total processing time: 29.29s (from validator response to submission)
2025-07-26 15:46:26,599 - INFO - ✅ Submission successful to UID 212 (2.51s)
2025-07-26 15:46:26,599 - INFO -    Task fidelity: 0.0000
2025-07-26 15:46:26,599 - INFO -    Average fidelity: 0.9196
2025-07-26 15:46:26,599 - INFO -    Miner reward: 5.517849
2025-07-26 15:46:26,600 - INFO -    Validation failed: False
2025-07-26 15:46:26,600 - INFO -    Generations in window: 6
2025-07-26 15:46:26,633 - INFO - ✅ Task 8cebd4e0-847c-4e56-8054-423946850e51 completed successfully
2025-07-26 15:46:26,633 - INFO - 📊 CONTINUOUS ORCHESTRATOR STATUS
2025-07-26 15:46:26,633 - INFO - ============================================================
2025-07-26 15:46:26,633 - INFO - Uptime: 0.03 hours
2025-07-26 15:46:26,633 - INFO - Tasks pulled: 3
2025-07-26 15:46:26,633 - INFO - Tasks processed: 3
2025-07-26 15:46:26,633 - INFO - Successful generations: 3
2025-07-26 15:46:26,633 - INFO - Successful validations: 0
2025-07-26 15:46:26,633 - INFO - Successful submissions: 3
2025-07-26 15:46:26,634 - INFO - Total rewards: 37.357015 TAO
2025-07-26 15:46:26,634 - INFO - Idle validations: 0
2025-07-26 15:46:26,634 - INFO - Prompts optimized: 3
2025-07-26 15:46:26,634 - INFO - Reproducibility optimizations: 1
2025-07-26 15:46:26,634 - INFO - Traditional optimizations: 2
2025-07-26 15:46:26,634 - INFO - Optimization improvements: 0
2025-07-26 15:46:26,634 - INFO - Tasks/hour: 119.7
2025-07-26 15:46:26,634 - INFO - Rewards/hour: 1491.158490 TAO
2025-07-26 15:46:26,634 - INFO - Average total processing time: 28.69s
2025-07-26 15:46:26,634 - INFO - Optimization rate: 0.0% of prompts improved
2025-07-26 15:46:26,634 - INFO - Active validators: 10
2025-07-26 15:46:26,634 - INFO -   UID 212: 0 tasks, avg score: 0.000
2025-07-26 15:46:26,635 - INFO -   UID 142: 0 tasks, avg score: 0.000
2025-07-26 15:46:26,635 - INFO -   UID 27: 0 tasks, avg score: 0.000
2025-07-26 15:46:26,635 - WARNING - ⚠️ Found 1 unfinished tasks in last 6 hours:
2025-07-26 15:46:26,635 - WARNING -    UID 142: 'copper-colored robot with seri...' - no_submission
2025-07-26 15:46:26,635 - INFO - ============================================================
2025-07-26 15:46:26,636 - INFO - 📊 Statistics saved to continuous_trellis_outputs/continuous_stats_20250726_154626.json
2025-07-26 15:46:26,637 - INFO - 🧹 Cleaned up 0 old prompt records and 0 failed tasks
2025-07-26 15:47:15,947 - INFO - ✅ New task from UID 49: 'white bolt with hexagonal shape...'
2025-07-26 15:47:15,947 - INFO -    Threshold: 0.6, Query time: 0.44s
2025-07-26 15:47:15,947 - INFO - 🔄 Processing task 27335a5f-4420-48bf-bf94-c45ce3167c73: 'white bolt with hexagonal shape'
2025-07-26 15:47:15,948 - INFO - 🎨 Generating 3D model: 'white bolt with hexagonal shape' (task: 27335a5f-4420-48bf-bf94-c45ce3167c73)
2025-07-26 15:47:16,539 - INFO - 🚀 Traditional optimization applied:
2025-07-26 15:47:16,539 - INFO -    Original: white bolt with hexagonal shape
2025-07-26 15:47:16,539 - INFO -    Optimized: wbgmsst, a small, silver bolt with intricate hexagonal geometry, weathered from years of use, resting on a worn, wooden workbench amidst scattered tools and half-finished projects, under a soft, warm light that catches its metallic edge, white background
2025-07-26 15:47:16,539 - INFO -    Confidence: 80.0%
2025-07-26 15:47:17,827 - INFO - [TRELLIS] GPU cache cleared: {'status': 'cache_cleared', 'available_memory_gb': 19.962789888}
2025-07-26 15:47:17,827 - INFO -    🎲 Using deterministic seed: 42
2025-07-26 15:47:44,992 - INFO - ✅ Generation successful in 27.16s (9,799,904 bytes)
2025-07-26 15:47:44,993 - INFO - 📤 Submitting result: 27335a5f-4420-48bf-bf94-c45ce3167c73
2025-07-26 15:47:44,993 - INFO -    📦 Using SPZ-compressed data from server (9,799,904 bytes)
2025-07-26 15:47:47,305 - INFO - ⏱️ Total processing time: 31.38s (from validator response to submission)
2025-07-26 15:47:47,305 - INFO - ✅ Submission successful to UID 49 (2.27s)
2025-07-26 15:47:47,305 - INFO -    Task fidelity: 0.0000
2025-07-26 15:47:47,306 - INFO -    Average fidelity: 0.8215
2025-07-26 15:47:47,306 - INFO -    Miner reward: 27.109197
2025-07-26 15:47:47,306 - INFO -    Validation failed: False
2025-07-26 15:47:47,306 - INFO -    Generations in window: 33
2025-07-26 15:47:47,329 - INFO - ✅ Task 27335a5f-4420-48bf-bf94-c45ce3167c73 completed successfully
2025-07-26 15:50:06,735 - INFO - ✅ New task from UID 142: 'matte silver droid designed for combat...'
2025-07-26 15:50:06,735 - INFO -    Threshold: 0.6, Query time: 0.49s
2025-07-26 15:50:06,735 - INFO - 🔄 Processing task f17517b7-35c0-47ad-a9b9-cda294424ae2: 'matte silver droid designed for combat'
2025-07-26 15:50:06,735 - INFO - 🎨 Generating 3D model: 'matte silver droid designed for combat' (task: f17517b7-35c0-47ad-a9b9-cda294424ae2)
2025-07-26 15:50:07,372 - INFO - 🚀 Traditional optimization applied:
2025-07-26 15:50:07,372 - INFO -    Original: matte silver droid designed for combat
2025-07-26 15:50:07,372 - INFO -    Optimized: wbgmsst, a sleek matte silver combat droid standing proudly in the foreground of a dimly lit, metallic corridor with rugged concrete walls and flickering fluorescent lights overhead, rich industrial textures surrounding its mechanical body, slight wear on armor plating, 3D isometric accurate, white background
2025-07-26 15:50:07,372 - INFO -    Confidence: 80.0%
2025-07-26 15:50:08,673 - INFO - [TRELLIS] GPU cache cleared: {'status': 'cache_cleared', 'available_memory_gb': 19.962789888}
2025-07-26 15:50:08,673 - INFO -    🎲 Using deterministic seed: 42
2025-07-26 15:50:40,476 - INFO - ✅ Generation successful in 31.79s (15,234,418 bytes)
2025-07-26 15:50:40,477 - INFO - 📤 Submitting result: f17517b7-35c0-47ad-a9b9-cda294424ae2
2025-07-26 15:50:40,477 - INFO -    📦 Using SPZ-compressed data from server (15,234,418 bytes)
2025-07-26 15:51:41,648 - INFO - ⏱️ Total processing time: 94.94s (from validator response to submission)
2025-07-26 15:51:41,648 - ERROR - ❌ No feedback received from UID 142
2025-07-26 15:51:41,676 - ERROR - ❌ Task f17517b7-35c0-47ad-a9b9-cda294424ae2 submission failed
2025-07-26 15:51:46,133 - INFO - ✅ New task from UID 81: 'gold fire-breathing minotaur in chains...'
2025-07-26 15:51:46,133 - INFO -    Threshold: 0.6, Query time: 0.45s
2025-07-26 15:51:46,133 - INFO - 🔄 Processing task a91fe8fa-376c-49bb-b39c-8ceebccbdaca: 'gold fire-breathing minotaur in chains'
2025-07-26 15:51:46,133 - INFO - 🎨 Generating 3D model: 'gold fire-breathing minotaur in chains' (task: a91fe8fa-376c-49bb-b39c-8ceebccbdaca)
2025-07-26 15:51:46,716 - INFO - 🚀 Traditional optimization applied:
2025-07-26 15:51:46,716 - INFO -    Original: gold fire-breathing minotaur in chains
2025-07-26 15:51:46,716 - INFO -    Optimized: wbgmsst, a mighty gold-fire-breathing minotaur, entwined with gleaming black chain armor, standing atop a worn, crimson-hued stone pedestal amidst a sprawling, ancient labyrinth of twisted metal and weathered columns, white background**
2025-07-26 15:51:46,716 - INFO -    Confidence: 80.0%
2025-07-26 15:51:47,949 - INFO - [TRELLIS] GPU cache cleared: {'status': 'cache_cleared', 'available_memory_gb': 19.962789888}
2025-07-26 15:51:47,950 - INFO -    🎲 Using deterministic seed: 42
2025-07-26 15:52:12,721 - INFO - ✅ Generation successful in 24.77s (6,842,394 bytes)
2025-07-26 15:52:12,721 - INFO - 📤 Submitting result: a91fe8fa-376c-49bb-b39c-8ceebccbdaca
2025-07-26 15:52:12,722 - INFO -    📦 Using SPZ-compressed data from server (6,842,394 bytes)
2025-07-26 15:52:16,096 - INFO - ⏱️ Total processing time: 29.99s (from validator response to submission)
2025-07-26 15:52:16,096 - INFO - ✅ Submission successful to UID 81 (3.35s)
2025-07-26 15:52:16,096 - INFO -    Task fidelity: 0.8087
2025-07-26 15:52:16,096 - INFO -    Average fidelity: 0.9391
2025-07-26 15:52:16,096 - INFO -    Miner reward: 5.634764
2025-07-26 15:52:16,096 - INFO -    Validation failed: False
2025-07-26 15:52:16,096 - INFO -    Generations in window: 6
2025-07-26 15:52:16,126 - INFO - ✅ Task a91fe8fa-376c-49bb-b39c-8ceebccbdaca completed successfully
2025-07-26 15:52:16,905 - INFO - ⏭️ Skipping duplicate from UID 142: 'matte silver droid designed for combat...'
2025-07-26 15:52:16,905 - INFO -    Analysis: 0/2 successful, 2 failed, 0 unprocessed
2025-07-26 15:53:02,671 - INFO - ⏭️ Skipping duplicate from UID 142: 'matte silver droid designed for combat...'
2025-07-26 15:53:02,671 - INFO -    Analysis: 0/2 successful, 2 failed, 0 unprocessed
2025-07-26 15:53:48,519 - INFO - ⏭️ Skipping duplicate from UID 142: 'matte silver droid designed for combat...'
2025-07-26 15:53:48,519 - INFO -    Analysis: 0/2 successful, 2 failed, 0 unprocessed
2025-07-26 15:54:33,979 - INFO - ✅ New task from UID 128: 'glossy blue trumpet compact and shiny...'
2025-07-26 15:54:33,980 - INFO -    Threshold: 0.6, Query time: 0.28s
2025-07-26 15:54:33,980 - INFO - 🔄 Processing task a180850b-b4c9-4d22-93a6-ae0974bd4934: 'glossy blue trumpet compact and shiny'
2025-07-26 15:54:33,980 - INFO - 🎨 Generating 3D model: 'glossy blue trumpet compact and shiny' (task: a180850b-b4c9-4d22-93a6-ae0974bd4934)
2025-07-26 15:54:34,494 - INFO - 🚀 Traditional optimization applied:
2025-07-26 15:54:34,494 - INFO -    Original: glossy blue trumpet compact and shiny
2025-07-26 15:54:34,494 - INFO -    Optimized: wbgmsst, a sleek trumpet with a glossy blue finish resting against a worn, wooden music stand adorned with intricate carvings of musical notes in various keys, surrounded by soft focus concert hall shadows, white background
2025-07-26 15:54:34,494 - INFO -    Confidence: 80.0%
2025-07-26 15:54:35,676 - INFO - [TRELLIS] GPU cache cleared: {'status': 'cache_cleared', 'available_memory_gb': 19.962789888}
2025-07-26 15:54:35,677 - INFO -    🎲 Using deterministic seed: 42
2025-07-26 15:54:58,949 - INFO - ✅ Generation successful in 23.27s (5,542,793 bytes)
2025-07-26 15:54:58,949 - INFO - 📤 Submitting result: a180850b-b4c9-4d22-93a6-ae0974bd4934
2025-07-26 15:54:58,949 - INFO -    📦 Using SPZ-compressed data from server (5,542,793 bytes)
2025-07-26 15:55:00,732 - INFO - ⏱️ Total processing time: 26.77s (from validator response to submission)
2025-07-26 15:55:00,732 - INFO - ✅ Submission successful to UID 128 (1.76s)
2025-07-26 15:55:00,732 - INFO -    Task fidelity: 0.8910
2025-07-26 15:55:00,732 - INFO -    Average fidelity: 0.9022
2025-07-26 15:55:00,732 - INFO -    Miner reward: 8.120018
2025-07-26 15:55:00,732 - INFO -    Validation failed: False
2025-07-26 15:55:00,732 - INFO -    Generations in window: 9
2025-07-26 15:55:00,774 - INFO - ✅ Task a180850b-b4c9-4d22-93a6-ae0974bd4934 completed successfully
2025-07-26 15:55:01,309 - INFO - ⏭️ Skipping duplicate from UID 142: 'matte silver droid designed for combat...'
2025-07-26 15:55:01,309 - INFO -    Analysis: 0/2 successful, 2 failed, 0 unprocessed
2025-07-26 15:55:04,404 - INFO - ✅ Validator refresh complete:
2025-07-26 15:55:04,404 - INFO -    Active validators: 10
2025-07-26 15:55:04,404 - INFO -    Inactive validators: 0
2025-07-26 15:55:04,404 - INFO -    Total eligible validators found: 10
2025-07-26 15:55:04,404 - INFO -    Top validators by stake:
2025-07-26 15:55:04,404 - INFO -      UID 212: 103987.0 TAO (trust: 0.000)
2025-07-26 15:55:04,404 - INFO -      UID 142: 69534.1 TAO (trust: 0.000)
2025-07-26 15:55:04,405 - INFO -      UID 27: 60159.3 TAO (trust: 0.000)
2025-07-26 15:55:04,405 - INFO -      UID 124: 39801.5 TAO (trust: 0.000)
2025-07-26 15:55:04,405 - INFO -      UID 128: 13456.1 TAO (trust: 0.000)
2025-07-26 15:55:06,684 - INFO - 📊 CONTINUOUS ORCHESTRATOR STATUS
2025-07-26 15:55:06,685 - INFO - ============================================================
2025-07-26 15:55:06,685 - INFO - Uptime: 0.17 hours
2025-07-26 15:55:06,685 - INFO - Tasks pulled: 7
2025-07-26 15:55:06,685 - INFO - Tasks processed: 7
2025-07-26 15:55:06,685 - INFO - Successful generations: 7
2025-07-26 15:55:06,685 - INFO - Successful validations: 0
2025-07-26 15:55:06,685 - INFO - Successful submissions: 6
2025-07-26 15:55:06,685 - INFO - Total rewards: 78.220994 TAO
2025-07-26 15:55:06,685 - INFO - Idle validations: 0
2025-07-26 15:55:06,685 - INFO - Prompts optimized: 7
2025-07-26 15:55:06,685 - INFO - Reproducibility optimizations: 1
2025-07-26 15:55:06,685 - INFO - Traditional optimizations: 6
2025-07-26 15:55:06,685 - INFO - Optimization improvements: 0
2025-07-26 15:55:06,686 - INFO - Tasks/hour: 41.3
2025-07-26 15:55:06,686 - INFO - Rewards/hour: 461.450635 TAO
2025-07-26 15:55:06,686 - INFO - Average total processing time: 29.03s
2025-07-26 15:55:06,686 - INFO - Optimization rate: 0.0% of prompts improved
2025-07-26 15:55:06,686 - INFO - Active validators: 10
2025-07-26 15:55:06,686 - INFO -   UID 212: 0 tasks, avg score: 0.000
2025-07-26 15:55:06,686 - INFO -   UID 142: 0 tasks, avg score: 0.000
2025-07-26 15:55:06,686 - INFO -   UID 27: 0 tasks, avg score: 0.000
2025-07-26 15:55:06,687 - WARNING - ⚠️ Found 2 unfinished tasks in last 6 hours:
2025-07-26 15:55:06,687 - WARNING -    UID 142: 'matte silver droid designed fo...' - no_submission
2025-07-26 15:55:06,687 - WARNING -    UID 142: 'copper-colored robot with seri...' - no_submission
2025-07-26 15:55:06,687 - INFO - ============================================================
2025-07-26 15:55:06,688 - INFO - 📊 Statistics saved to continuous_trellis_outputs/continuous_stats_20250726_155506.json
2025-07-26 15:55:19,824 - WARNING - ⚠️ Exception checking TRELLIS server status: HTTPConnectionPool(host='localhost', port=8096): Read timed out. (read timeout=5), proceeding anyway.
2025-07-26 15:55:24,968 - WARNING - ⚠️ Exception checking TRELLIS server status: HTTPConnectionPool(host='localhost', port=8096): Read timed out. (read timeout=5), proceeding anyway.
2025-07-26 15:55:30,259 - WARNING - ⚠️ Exception checking TRELLIS server status: HTTPConnectionPool(host='localhost', port=8096): Read timed out. (read timeout=5), proceeding anyway.
2025-07-26 15:55:35,264 - WARNING - ⚠️ Exception checking TRELLIS server status: HTTPConnectionPool(host='localhost', port=8096): Read timed out. (read timeout=5), proceeding anyway.
2025-07-26 15:56:21,358 - WARNING - ⚠️ Exception checking TRELLIS server status: HTTPConnectionPool(host='localhost', port=8096): Read timed out. (read timeout=5), proceeding anyway.
2025-07-26 15:56:26,364 - WARNING - ⚠️ Exception checking TRELLIS server status: HTTPConnectionPool(host='localhost', port=8096): Read timed out. (read timeout=5), proceeding anyway.
2025-07-26 15:56:31,367 - WARNING - ⚠️ Exception checking TRELLIS server status: HTTPConnectionPool(host='localhost', port=8096): Read timed out. (read timeout=5), proceeding anyway.
2025-07-26 15:56:36,373 - WARNING - ⚠️ Exception checking TRELLIS server status: HTTPConnectionPool(host='localhost', port=8096): Read timed out. (read timeout=5), proceeding anyway.
2025-07-26 15:57:21,822 - WARNING - ⚠️ Exception checking TRELLIS server status: HTTPConnectionPool(host='localhost', port=8096): Read timed out. (read timeout=5), proceeding anyway.
2025-07-26 15:57:26,829 - WARNING - ⚠️ Exception checking TRELLIS server status: HTTPConnectionPool(host='localhost', port=8096): Read timed out. (read timeout=5), proceeding anyway.
2025-07-26 15:57:31,836 - WARNING - ⚠️ Exception checking TRELLIS server status: HTTPConnectionPool(host='localhost', port=8096): Read timed out. (read timeout=5), proceeding anyway.
2025-07-26 15:57:36,987 - WARNING - ⚠️ Exception checking TRELLIS server status: HTTPConnectionPool(host='localhost', port=8096): Read timed out. (read timeout=5), proceeding anyway.
2025-07-26 15:57:37,651 - INFO - ✅ New task from UID 27: 'pink fairy floating over flowers...'
2025-07-26 15:57:37,651 - INFO -    Threshold: 0.6, Query time: 0.62s
2025-07-26 15:57:37,651 - INFO - 🔄 Processing task 2dc15f75-68a5-4ec9-bccb-634cd44bc03c: 'pink fairy floating over flowers'
2025-07-26 15:57:37,652 - INFO - 🎨 Generating 3D model: 'pink fairy floating over flowers' (task: 2dc15f75-68a5-4ec9-bccb-634cd44bc03c)
2025-07-26 15:57:38,266 - INFO - 🚀 Traditional optimization applied:
2025-07-26 15:57:38,266 - INFO -    Original: pink fairy floating over flowers
2025-07-26 15:57:38,266 - INFO -    Optimized: wbgmsst, delicate, petal-soft pink wings of a tiny fairy suspended in mid-air amidst a lush meadow of vibrant wildflowers with slender stems and warm sunlight filtering through the petals, 3D isometric accurate, white background
2025-07-26 15:57:38,266 - INFO -    Confidence: 80.0%
2025-07-26 15:57:39,588 - INFO - [TRELLIS] GPU cache cleared: {'status': 'cache_cleared', 'available_memory_gb': 19.636355072}
2025-07-26 15:57:39,589 - INFO -    🎲 Using deterministic seed: 42
2025-07-26 15:58:03,084 - INFO - ✅ Generation successful in 23.49s (4,769,818 bytes)
2025-07-26 15:58:03,085 - INFO - 📤 Submitting result: 2dc15f75-68a5-4ec9-bccb-634cd44bc03c
2025-07-26 15:58:03,086 - INFO -    📦 Using SPZ-compressed data from server (4,769,818 bytes)
2025-07-26 15:58:09,500 - INFO - ⏱️ Total processing time: 31.89s (from validator response to submission)
2025-07-26 15:58:09,500 - INFO - ✅ Submission successful to UID 27 (6.39s)
2025-07-26 15:58:09,500 - INFO -    Task fidelity: 0.7789
2025-07-26 15:58:09,501 - INFO -    Average fidelity: 0.8588
2025-07-26 15:58:09,501 - INFO -    Miner reward: 12.882492
2025-07-26 15:58:09,501 - INFO -    Validation failed: False
2025-07-26 15:58:09,501 - INFO -    Generations in window: 15
2025-07-26 15:58:09,542 - INFO - ✅ Task 2dc15f75-68a5-4ec9-bccb-634cd44bc03c completed successfully
2025-07-26 15:58:10,524 - INFO - ✅ New task from UID 81: 'orange metal pliers with long handles...'
2025-07-26 15:58:10,524 - INFO -    Threshold: 0.6, Query time: 0.51s
2025-07-26 15:58:10,524 - INFO - 🔄 Processing task 74b87ffd-a372-4e31-beb2-10bc04af4a92: 'orange metal pliers with long handles'
2025-07-26 15:58:10,524 - INFO - 🎨 Generating 3D model: 'orange metal pliers with long handles' (task: 74b87ffd-a372-4e31-beb2-10bc04af4a92)
2025-07-26 15:58:11,043 - INFO - 🚀 Traditional optimization applied:
2025-07-26 15:58:11,043 - INFO -    Original: orange metal pliers with long handles
2025-07-26 15:58:11,043 - INFO -    Optimized: wbgmsst, a pair of worn orange metal pliers with long, slender handles resting atop a weathered wooden workbench in a dimly lit, rustic workshop, surrounded by vintage tools and half-finished projects, white background
2025-07-26 15:58:11,043 - INFO -    Confidence: 80.0%
2025-07-26 15:58:12,015 - INFO - [TRELLIS] GPU cache cleared: {'status': 'cache_cleared', 'available_memory_gb': 19.962789888}
2025-07-26 15:58:12,016 - INFO -    🎲 Using deterministic seed: 42
2025-07-26 15:58:39,465 - INFO - ✅ Generation successful in 27.44s (10,011,938 bytes)
2025-07-26 15:58:39,465 - INFO - 📤 Submitting result: 74b87ffd-a372-4e31-beb2-10bc04af4a92
2025-07-26 15:58:39,466 - INFO -    📦 Using SPZ-compressed data from server (10,011,938 bytes)
2025-07-26 15:58:42,788 - INFO - ⏱️ Total processing time: 32.29s (from validator response to submission)
2025-07-26 15:58:42,788 - INFO - ✅ Submission successful to UID 81 (3.30s)
2025-07-26 15:58:42,788 - INFO -    Task fidelity: 0.0000
2025-07-26 15:58:42,788 - INFO -    Average fidelity: 0.9391
2025-07-26 15:58:42,788 - INFO -    Miner reward: 5.634764
2025-07-26 15:58:42,788 - INFO -    Validation failed: False
2025-07-26 15:58:42,788 - INFO -    Generations in window: 6
2025-07-26 15:58:42,820 - INFO - ✅ Task 74b87ffd-a372-4e31-beb2-10bc04af4a92 completed successfully
2025-07-26 15:58:47,826 - WARNING - ⚠️ Exception checking TRELLIS server status: HTTPConnectionPool(host='localhost', port=8096): Read timed out. (read timeout=5), proceeding anyway.
2025-07-26 15:58:52,977 - WARNING - ⚠️ Exception checking TRELLIS server status: HTTPConnectionPool(host='localhost', port=8096): Read timed out. (read timeout=5), proceeding anyway.
2025-07-26 15:58:58,265 - WARNING - ⚠️ Exception checking TRELLIS server status: HTTPConnectionPool(host='localhost', port=8096): Read timed out. (read timeout=5), proceeding anyway.
2025-07-26 15:59:39,099 - INFO - ✅ New task from UID 128: 'small wooden hammer with screws...'
2025-07-26 15:59:39,100 - INFO -    Threshold: 0.6, Query time: 0.27s
2025-07-26 15:59:39,100 - INFO - 🔄 Processing task 7ff78807-8f86-4a06-b080-d442745a1990: 'small wooden hammer with screws'
2025-07-26 15:59:39,100 - INFO - 🎨 Generating 3D model: 'small wooden hammer with screws' (task: 7ff78807-8f86-4a06-b080-d442745a1990)
2025-07-26 15:59:39,579 - INFO - 🚀 Traditional optimization applied:
2025-07-26 15:59:39,579 - INFO -    Original: small wooden hammer with screws
2025-07-26 15:59:39,579 - INFO -    Optimized: wbgmsst, a weathered small wooden hammer resting on a worn leather workbench amidst tools of various trades in a cozy, rustic workshop filled with natural light and the scent of sawdust, white background
2025-07-26 15:59:39,579 - INFO -    Confidence: 80.0%
2025-07-26 15:59:40,739 - INFO - [TRELLIS] GPU cache cleared: {'status': 'cache_cleared', 'available_memory_gb': 19.962789888}
2025-07-26 15:59:40,740 - INFO -    🎲 Using deterministic seed: 42
2025-07-26 16:00:41,426 - INFO - ✅ Generation successful in 60.67s (18,064,320 bytes)
2025-07-26 16:00:41,426 - INFO - 📤 Submitting result: 7ff78807-8f86-4a06-b080-d442745a1990
2025-07-26 16:00:41,426 - INFO -    📦 Using SPZ-compressed data from server (18,064,320 bytes)
2025-07-26 16:00:44,239 - INFO - ⏱️ Total processing time: 65.16s (from validator response to submission)
2025-07-26 16:00:44,240 - INFO - ✅ Submission successful to UID 128 (2.73s)
2025-07-26 16:00:44,240 - INFO -    Task fidelity: 0.0000
2025-07-26 16:00:44,240 - INFO -    Average fidelity: 0.9022
2025-07-26 16:00:44,240 - INFO -    Miner reward: 8.120018
2025-07-26 16:00:44,240 - INFO -    Validation failed: False
2025-07-26 16:00:44,240 - INFO -    Generations in window: 9
2025-07-26 16:00:44,266 - INFO - ✅ Task 7ff78807-8f86-4a06-b080-d442745a1990 completed successfully
2025-07-26 16:00:49,858 - INFO - ✅ New task from UID 49: 'elongated citrine rod natural curvature present...'
2025-07-26 16:00:49,859 - INFO -    Threshold: 0.6, Query time: 0.44s
2025-07-26 16:00:49,859 - INFO - 🔄 Processing task 2f7c34f5-a0fa-4f6b-a009-b713953d8193: 'elongated citrine rod natural curvature present'
2025-07-26 16:00:49,859 - INFO - 🎨 Generating 3D model: 'elongated citrine rod natural curvature present' (task: 2f7c34f5-a0fa-4f6b-a009-b713953d8193)
2025-07-26 16:00:50,299 - INFO - 🚀 Traditional optimization applied:
2025-07-26 16:00:50,299 - INFO -    Original: elongated citrine rod natural curvature present
2025-07-26 16:00:50,299 - INFO -    Optimized: wbgmsst, an elongated citrine rod of organic, curved shape set against a rich, dark wood grain backdrop, with subtle reflections catching the soft light, white background
2025-07-26 16:00:50,299 - INFO -    Confidence: 80.0%
2025-07-26 16:00:51,633 - INFO - [TRELLIS] GPU cache cleared: {'status': 'cache_cleared', 'available_memory_gb': 18.97365504}
2025-07-26 16:00:51,633 - INFO -    🎲 Using deterministic seed: 42
2025-07-26 16:01:17,711 - INFO - ✅ Generation successful in 26.07s (7,666,599 bytes)
2025-07-26 16:01:17,711 - INFO - 📤 Submitting result: 2f7c34f5-a0fa-4f6b-a009-b713953d8193
2025-07-26 16:01:17,711 - INFO -    📦 Using SPZ-compressed data from server (7,666,599 bytes)
2025-07-26 16:01:25,783 - INFO - ⏱️ Total processing time: 35.97s (from validator response to submission)
2025-07-26 16:01:25,784 - INFO - ✅ Submission successful to UID 49 (8.04s)
2025-07-26 16:01:25,784 - INFO -    Task fidelity: 0.7676
2025-07-26 16:01:25,784 - INFO -    Average fidelity: 0.8188
2025-07-26 16:01:25,784 - INFO -    Miner reward: 27.020356
2025-07-26 16:01:25,784 - INFO -    Validation failed: False
2025-07-26 16:01:25,784 - INFO -    Generations in window: 33
2025-07-26 16:01:25,799 - INFO - ✅ Task 2f7c34f5-a0fa-4f6b-a009-b713953d8193 completed successfully
2025-07-26 16:01:30,477 - INFO - 📊 CONTINUOUS ORCHESTRATOR STATUS
2025-07-26 16:01:30,477 - INFO - ============================================================
2025-07-26 16:01:30,478 - INFO - Uptime: 0.28 hours
2025-07-26 16:01:30,478 - INFO - Tasks pulled: 11
2025-07-26 16:01:30,478 - INFO - Tasks processed: 11
2025-07-26 16:01:30,478 - INFO - Successful generations: 11
2025-07-26 16:01:30,478 - INFO - Successful validations: 0
2025-07-26 16:01:30,478 - INFO - Successful submissions: 10
2025-07-26 16:01:30,478 - INFO - Total rewards: 131.878624 TAO
2025-07-26 16:01:30,478 - INFO - Idle validations: 0
2025-07-26 16:01:30,479 - INFO - Prompts optimized: 11
2025-07-26 16:01:30,479 - INFO - Reproducibility optimizations: 1
2025-07-26 16:01:30,479 - INFO - Traditional optimizations: 10
2025-07-26 16:01:30,479 - INFO - Optimization improvements: 0
2025-07-26 16:01:30,479 - INFO - Tasks/hour: 39.8
2025-07-26 16:01:30,479 - INFO - Rewards/hour: 477.613215 TAO
2025-07-26 16:01:30,479 - INFO - Average total processing time: 33.95s
2025-07-26 16:01:30,479 - INFO - Optimization rate: 0.0% of prompts improved
2025-07-26 16:01:30,479 - INFO - Active validators: 10
2025-07-26 16:01:30,479 - INFO -   UID 212: 0 tasks, avg score: 0.000
2025-07-26 16:01:30,479 - INFO -   UID 142: 0 tasks, avg score: 0.000
2025-07-26 16:01:30,479 - INFO -   UID 27: 0 tasks, avg score: 0.779
2025-07-26 16:01:30,480 - WARNING - ⚠️ Found 2 unfinished tasks in last 6 hours:
2025-07-26 16:01:30,480 - WARNING -    UID 142: 'matte silver droid designed fo...' - no_submission
2025-07-26 16:01:30,481 - WARNING -    UID 142: 'copper-colored robot with seri...' - no_submission
2025-07-26 16:01:30,481 - INFO - ============================================================
2025-07-26 16:01:30,482 - INFO - 📊 Statistics saved to continuous_trellis_outputs/continuous_stats_20250726_160130.json
2025-07-26 16:01:30,482 - INFO - 🏁 Continuous mining stopped
2025-07-26 17:11:13,666 - INFO - 🚀 Initialized performance-optimized prompt optimizer
2025-07-26 17:11:13,671 - INFO - 🔄 Initialized reproducibility system for pre-optimization
2025-07-26 17:11:13,672 - INFO - 🎯 Continuous TRELLIS Orchestrator initialized
2025-07-26 17:11:13,672 - INFO -    Output directory: continuous_trellis_outputs
2025-07-26 17:11:13,672 - INFO -    Generation server: http://localhost:8096
2025-07-26 17:11:13,672 - INFO -    Validation server: http://localhost:10006
2025-07-26 17:11:13,672 - INFO - 🔧 Prompt optimization: ENABLED (standard mode, detailed logging)
2025-07-26 17:11:13,672 - INFO - 🔄 Reproducibility optimization: ENABLED (min similarity: 0.51)
2025-07-26 17:11:13,672 - INFO - 🚀 Starting continuous TRELLIS mining...
2025-07-26 17:11:13,674 - INFO - ✅ Wallet loaded: 5Dw5ZNcG4oWPnthMy92VyCpohafUhUGLmWN69F5PtnbixPhR
2025-07-26 17:11:15,863 - INFO - ✅ Subtensor connected
2025-07-26 17:11:16,006 - INFO - ✅ Dendrite initialized
2025-07-26 17:11:17,079 - INFO - ✅ Metagraph loaded (netuid: 17)
2025-07-26 17:11:18,176 - INFO - ➕ Added new validator UID 110 (stake: 4581.9, trust: 0.989)
2025-07-26 17:11:18,176 - INFO - ➕ Added new validator UID 253 (stake: 2483.3, trust: 1.000)
2025-07-26 17:11:18,176 - INFO - ➕ Added new validator UID 45 (stake: 1020.7, trust: 0.999)
2025-07-26 17:11:18,176 - INFO - ➕ Added new validator UID 27 (stake: 60164.2, trust: 0.000)
2025-07-26 17:11:18,176 - INFO - ➕ Added new validator UID 49 (stake: 12365.5, trust: 0.000)
2025-07-26 17:11:18,176 - INFO - ➕ Added new validator UID 81 (stake: 1150.9, trust: 0.000)
2025-07-26 17:11:18,176 - INFO - ➕ Added new validator UID 124 (stake: 39804.9, trust: 0.000)
2025-07-26 17:11:18,177 - INFO - ➕ Added new validator UID 128 (stake: 13457.0, trust: 0.000)
2025-07-26 17:11:18,177 - INFO - ➕ Added new validator UID 142 (stake: 69538.9, trust: 0.000)
2025-07-26 17:11:18,177 - INFO - ➕ Added new validator UID 212 (stake: 103995.9, trust: 0.000)
2025-07-26 17:11:18,177 - INFO - ✅ Validator refresh complete:
2025-07-26 17:11:18,177 - INFO -    Active validators: 10
2025-07-26 17:11:18,177 - INFO -    Inactive validators: 0
2025-07-26 17:11:18,177 - INFO -    Total eligible validators found: 10
2025-07-26 17:11:18,177 - INFO -    Top validators by stake:
2025-07-26 17:11:18,177 - INFO -      UID 212: 103995.9 TAO (trust: 0.000)
2025-07-26 17:11:18,177 - INFO -      UID 142: 69538.9 TAO (trust: 0.000)
2025-07-26 17:11:18,177 - INFO -      UID 27: 60164.2 TAO (trust: 0.000)
2025-07-26 17:11:18,177 - INFO -      UID 124: 39804.9 TAO (trust: 0.000)
2025-07-26 17:11:18,177 - INFO -      UID 128: 13457.0 TAO (trust: 0.000)
2025-07-26 17:11:18,949 - INFO - ✅ Validator refresh complete:
2025-07-26 17:11:18,950 - INFO -    Active validators: 10
2025-07-26 17:11:18,950 - INFO -    Inactive validators: 0
2025-07-26 17:11:18,950 - INFO -    Total eligible validators found: 10
2025-07-26 17:11:18,950 - INFO -    Top validators by stake:
2025-07-26 17:11:18,950 - INFO -      UID 212: 103995.9 TAO (trust: 0.000)
2025-07-26 17:11:18,950 - INFO -      UID 142: 69538.9 TAO (trust: 0.000)
2025-07-26 17:11:18,951 - INFO -      UID 27: 60164.2 TAO (trust: 0.000)
2025-07-26 17:11:18,951 - INFO -      UID 124: 39804.9 TAO (trust: 0.000)
2025-07-26 17:11:18,951 - INFO -      UID 128: 13457.0 TAO (trust: 0.000)
2025-07-26 17:11:20,058 - INFO - ✅ New task from UID 27: 'petite flute in silver color...'
2025-07-26 17:11:20,058 - INFO -    Threshold: 0.6, Query time: 0.63s
2025-07-26 17:11:20,058 - INFO - 🔄 Processing task 731708bc-99b5-4196-918b-fceda0ed4ccd: 'petite flute in silver color'
2025-07-26 17:11:20,059 - INFO - 🎨 Generating 3D model: 'petite flute in silver color' (task: 731708bc-99b5-4196-918b-fceda0ed4ccd)
2025-07-26 17:11:20,504 - INFO - 🚀 Traditional optimization applied:
2025-07-26 17:11:20,504 - INFO -    Original: petite flute in silver color
2025-07-26 17:11:20,504 - INFO -    Optimized: wbgmsst, a petite, delicate silver flute resting on a soft, plush velvet cushion amidst intricate carvings of Celtic knotwork, white background
2025-07-26 17:11:20,504 - INFO -    Confidence: 80.0%
2025-07-26 17:11:21,526 - INFO - [TRELLIS] GPU cache cleared: {'status': 'cache_cleared', 'available_memory_gb': 16.652107776}
2025-07-26 17:11:21,526 - INFO -    🎲 Using deterministic seed: 42
2025-07-26 17:11:48,136 - INFO - ✅ Generation successful in 26.60s (5,905,164 bytes)
2025-07-26 17:11:48,136 - INFO - 📤 Submitting result: 731708bc-99b5-4196-918b-fceda0ed4ccd
2025-07-26 17:11:48,136 - INFO -    📦 Using SPZ-compressed data from server (5,905,164 bytes)
2025-07-26 17:12:01,998 - INFO - ⏱️ Total processing time: 41.96s (from validator response to submission)
2025-07-26 17:12:01,999 - INFO - ✅ Submission successful to UID 27 (13.83s)
2025-07-26 17:12:01,999 - INFO -    Task fidelity: 0.8888
2025-07-26 17:12:01,999 - INFO -    Average fidelity: 0.8603
2025-07-26 17:12:01,999 - INFO -    Miner reward: 13.765301
2025-07-26 17:12:01,999 - INFO -    Validation failed: False
2025-07-26 17:12:01,999 - INFO -    Generations in window: 16
2025-07-26 17:12:02,026 - INFO - ✅ Task 731708bc-99b5-4196-918b-fceda0ed4ccd completed successfully
2025-07-26 17:12:07,034 - WARNING - ⚠️ Exception checking TRELLIS server status: HTTPConnectionPool(host='localhost', port=8096): Read timed out. (read timeout=5), proceeding anyway.
2025-07-26 17:12:07,487 - INFO - ✅ New task from UID 49: 'opal bracelet with black gold...'
2025-07-26 17:12:07,487 - INFO -    Threshold: 0.6, Query time: 0.45s
2025-07-26 17:12:07,487 - INFO - 🔄 Processing task ab513045-3951-4c17-8da4-c7eda6b2130a: 'opal bracelet with black gold'
2025-07-26 17:12:07,487 - INFO - 🎨 Generating 3D model: 'opal bracelet with black gold' (task: ab513045-3951-4c17-8da4-c7eda6b2130a)
2025-07-26 17:12:08,810 - INFO - 🚀 Traditional optimization applied:
2025-07-26 17:12:08,811 - INFO -    Original: opal bracelet with black gold
2025-07-26 17:12:08,811 - INFO -    Optimized: wbgmsst, a delicate opal bracelet with black gold threads woven throughout its intricate design, suspended on a velvety dark background, accentuated by subtle, shimmering highlights of the opals' inner light. , 3D isometric accurate, white background
2025-07-26 17:12:08,811 - INFO -    Confidence: 80.0%
2025-07-26 17:12:18,822 - WARNING - [TRELLIS] Exception clearing GPU cache: HTTPConnectionPool(host='localhost', port=8096): Read timed out. (read timeout=10)
2025-07-26 17:12:18,822 - INFO -    🎲 Using deterministic seed: 42
2025-07-26 17:12:49,021 - INFO - ✅ Generation successful in 30.19s (3,390,220 bytes)
2025-07-26 17:12:49,021 - INFO - 📤 Submitting result: ab513045-3951-4c17-8da4-c7eda6b2130a
2025-07-26 17:12:49,021 - INFO -    📦 Using SPZ-compressed data from server (3,390,220 bytes)
2025-07-26 17:12:50,925 - INFO - ⏱️ Total processing time: 43.44s (from validator response to submission)
2025-07-26 17:12:50,925 - INFO - ✅ Submission successful to UID 49 (1.89s)
2025-07-26 17:12:50,925 - INFO -    Task fidelity: 0.8954
2025-07-26 17:12:50,925 - INFO -    Average fidelity: 0.8226
2025-07-26 17:12:50,925 - INFO -    Miner reward: 27.146750
2025-07-26 17:12:50,925 - INFO -    Validation failed: False
2025-07-26 17:12:50,925 - INFO -    Generations in window: 33
2025-07-26 17:12:50,953 - INFO - ✅ Task ab513045-3951-4c17-8da4-c7eda6b2130a completed successfully
2025-07-26 17:12:51,497 - INFO - ✅ New task from UID 81: 'ornate brass candle holder with flickering flame...'
2025-07-26 17:12:51,497 - INFO -    Threshold: 0.6, Query time: 0.51s
2025-07-26 17:12:51,497 - INFO - 🔄 Processing task 43ca952c-e7b2-4ba9-8a5a-847b50f2c7d4: 'ornate brass candle holder with flickering flame'
2025-07-26 17:12:51,498 - INFO - 🎨 Generating 3D model: 'ornate brass candle holder with flickering flame' (task: 43ca952c-e7b2-4ba9-8a5a-847b50f2c7d4)
2025-07-26 17:12:51,973 - INFO - 🚀 Traditional optimization applied:
2025-07-26 17:12:51,974 - INFO -    Original: ornate brass candle holder with flickering flame
2025-07-26 17:12:51,974 - INFO -    Optimized: wbgmsst, a delicate ornate brass candle holder with intricate filigree and weathered patina, resting on a luxurious velvet cushion amidst soft, warm candlelight that dances across its surfaces, white background
2025-07-26 17:12:51,974 - INFO -    Confidence: 80.0%
2025-07-26 17:12:53,112 - INFO - [TRELLIS] GPU cache cleared: {'status': 'cache_cleared', 'available_memory_gb': 18.971557888}
2025-07-26 17:12:53,113 - INFO -    🎲 Using deterministic seed: 42
2025-07-26 17:13:18,576 - INFO - ✅ Generation successful in 25.46s (5,389,717 bytes)
2025-07-26 17:13:18,576 - INFO - 📤 Submitting result: 43ca952c-e7b2-4ba9-8a5a-847b50f2c7d4
2025-07-26 17:13:18,576 - INFO -    📦 Using SPZ-compressed data from server (5,389,717 bytes)
2025-07-26 17:13:21,293 - INFO - ⏱️ Total processing time: 29.82s (from validator response to submission)
2025-07-26 17:13:21,293 - INFO - ✅ Submission successful to UID 81 (2.69s)
2025-07-26 17:13:21,293 - INFO -    Task fidelity: 0.0000
2025-07-26 17:13:21,293 - INFO -    Average fidelity: 0.9391
2025-07-26 17:13:21,294 - INFO -    Miner reward: 5.634764
2025-07-26 17:13:21,294 - INFO -    Validation failed: False
2025-07-26 17:13:21,294 - INFO -    Generations in window: 6
2025-07-26 17:13:21,329 - INFO - ✅ Task 43ca952c-e7b2-4ba9-8a5a-847b50f2c7d4 completed successfully
2025-07-26 17:13:21,810 - INFO - ✅ New task from UID 128: 'silver hoop earrings with red garnet stones...'
2025-07-26 17:13:21,810 - INFO -    Threshold: 0.6, Query time: 0.29s
2025-07-26 17:13:21,810 - INFO - 🔄 Processing task c13d1c61-7dd7-4bb2-9f38-f6fd6bbd0e6d: 'silver hoop earrings with red garnet stones'
2025-07-26 17:13:21,810 - INFO - 🎨 Generating 3D model: 'silver hoop earrings with red garnet stones' (task: c13d1c61-7dd7-4bb2-9f38-f6fd6bbd0e6d)
2025-07-26 17:13:22,367 - INFO - 🚀 Traditional optimization applied:
2025-07-26 17:13:22,368 - INFO -    Original: silver hoop earrings with red garnet stones
2025-07-26 17:13:22,369 - INFO -    Optimized: wbgmsst, a delicate silver hoop earring suspended from a slender chain, featuring a large, crimson-red garnet stone set in intricate filigree, surrounded by a halo of soft, white light on a rich, velvety background,.
2025-07-26 17:13:22,369 - INFO -    Confidence: 80.0%
2025-07-26 17:13:23,399 - INFO - [TRELLIS] GPU cache cleared: {'status': 'cache_cleared', 'available_memory_gb': 19.960692736}
2025-07-26 17:13:23,400 - INFO -    🎲 Using deterministic seed: 42
2025-07-26 17:13:48,573 - INFO - ✅ Generation successful in 25.17s (6,588,123 bytes)
2025-07-26 17:13:48,573 - INFO - 📤 Submitting result: c13d1c61-7dd7-4bb2-9f38-f6fd6bbd0e6d
2025-07-26 17:13:48,573 - INFO -    📦 Using SPZ-compressed data from server (6,588,123 bytes)
2025-07-26 17:13:50,167 - INFO - ⏱️ Total processing time: 28.38s (from validator response to submission)
2025-07-26 17:13:50,167 - INFO - ✅ Submission successful to UID 128 (1.56s)
2025-07-26 17:13:50,167 - INFO -    Task fidelity: 0.6026
2025-07-26 17:13:50,167 - INFO -    Average fidelity: 0.8872
2025-07-26 17:13:50,167 - INFO -    Miner reward: 8.872438
2025-07-26 17:13:50,167 - INFO -    Validation failed: False
2025-07-26 17:13:50,167 - INFO -    Generations in window: 10
2025-07-26 17:13:50,207 - INFO - ✅ Task c13d1c61-7dd7-4bb2-9f38-f6fd6bbd0e6d completed successfully
2025-07-26 17:13:55,214 - WARNING - ⚠️ Exception checking TRELLIS server status: HTTPConnectionPool(host='localhost', port=8096): Read timed out. (read timeout=5), proceeding anyway.
2025-07-26 17:13:55,530 - INFO - ✅ New task from UID 142: 'futuristic plasma gun with energy core...'
2025-07-26 17:13:55,530 - INFO -    Threshold: 0.6, Query time: 0.29s
2025-07-26 17:13:55,530 - INFO - 🔄 Processing task 0e9015fd-3629-4ce7-b9fa-230d0bdade45: 'futuristic plasma gun with energy core'
2025-07-26 17:13:55,530 - INFO - 🎨 Generating 3D model: 'futuristic plasma gun with energy core' (task: 0e9015fd-3629-4ce7-b9fa-230d0bdade45)
2025-07-26 17:13:56,449 - INFO - 🚀 Traditional optimization applied:
2025-07-26 17:13:56,450 - INFO -    Original: futuristic plasma gun with energy core
2025-07-26 17:13:56,450 - INFO -    Optimized: wbgmsst, a sleek futuristic plasma gun resting on a metallic workbench amidst scattered high-tech components and wires in a dimly lit, industrial research facility, white background.
2025-07-26 17:13:56,450 - INFO -    Confidence: 80.0%
2025-07-26 17:14:06,460 - WARNING - [TRELLIS] Exception clearing GPU cache: HTTPConnectionPool(host='localhost', port=8096): Read timed out. (read timeout=10)
2025-07-26 17:14:06,460 - INFO -    🎲 Using deterministic seed: 42
2025-07-26 17:14:57,111 - INFO - ✅ Generation successful in 50.63s (19,345,906 bytes)
2025-07-26 17:14:57,112 - INFO - 📤 Submitting result: 0e9015fd-3629-4ce7-b9fa-230d0bdade45
2025-07-26 17:14:57,113 - INFO -    📦 Using SPZ-compressed data from server (19,345,906 bytes)
2025-07-26 17:15:00,250 - INFO - ⏱️ Total processing time: 64.74s (from validator response to submission)
2025-07-26 17:15:00,251 - INFO - ✅ Submission successful to UID 142 (3.05s)
2025-07-26 17:15:00,251 - INFO -    Task fidelity: 0.0000
2025-07-26 17:15:00,252 - INFO -    Average fidelity: 0.8485
2025-07-26 17:15:00,252 - INFO -    Miner reward: 11.030128
2025-07-26 17:15:00,252 - INFO -    Validation failed: False
2025-07-26 17:15:00,253 - INFO -    Generations in window: 13
2025-07-26 17:15:00,280 - INFO - ✅ Task 0e9015fd-3629-4ce7-b9fa-230d0bdade45 completed successfully
2025-07-26 17:15:00,741 - INFO - ✅ New task from UID 212: 'golden locket with intricate pattern...'
2025-07-26 17:15:00,741 - INFO -    Threshold: 0.6, Query time: 0.43s
2025-07-26 17:15:00,741 - INFO - 🔄 Processing task 2cbdba54-1074-49f2-aa91-dad5ea96a763: 'golden locket with intricate pattern'
2025-07-26 17:15:00,741 - INFO - 🎨 Generating 3D model: 'golden locket with intricate pattern' (task: 2cbdba54-1074-49f2-aa91-dad5ea96a763)
2025-07-26 17:15:01,112 - INFO - 🚀 Traditional optimization applied:
2025-07-26 17:15:01,113 - INFO -    Original: golden locket with intricate pattern
2025-07-26 17:15:01,113 - INFO -    Optimized: wbgmsst, a delicate golden locket adorned with an intricate floral pattern that catches the light, suspended on a rich velvet background, white background
2025-07-26 17:15:01,113 - INFO -    Confidence: 80.0%
2025-07-26 17:15:02,345 - INFO - [TRELLIS] GPU cache cleared: {'status': 'cache_cleared', 'available_memory_gb': 19.960692736}
2025-07-26 17:15:02,345 - INFO -    🎲 Using deterministic seed: 42
2025-07-26 17:15:30,240 - INFO - ✅ Generation successful in 27.89s (10,835,890 bytes)
2025-07-26 17:15:30,240 - INFO - 📤 Submitting result: 2cbdba54-1074-49f2-aa91-dad5ea96a763
2025-07-26 17:15:30,240 - INFO -    📦 Using SPZ-compressed data from server (10,835,890 bytes)
2025-07-26 17:15:33,239 - INFO - ⏱️ Total processing time: 32.52s (from validator response to submission)
2025-07-26 17:15:33,239 - INFO - ✅ Submission successful to UID 212 (2.96s)
2025-07-26 17:15:33,240 - INFO -    Task fidelity: 0.0000
2025-07-26 17:15:33,240 - INFO -    Average fidelity: 0.9196
2025-07-26 17:15:33,240 - INFO -    Miner reward: 2.758924
2025-07-26 17:15:33,240 - INFO -    Validation failed: False
2025-07-26 17:15:33,240 - INFO -    Generations in window: 3
2025-07-26 17:15:33,270 - INFO - ✅ Task 2cbdba54-1074-49f2-aa91-dad5ea96a763 completed successfully
2025-07-26 17:15:33,270 - INFO - 📊 CONTINUOUS ORCHESTRATOR STATUS
2025-07-26 17:15:33,270 - INFO - ============================================================
2025-07-26 17:15:33,270 - INFO - Uptime: 0.07 hours
2025-07-26 17:15:33,270 - INFO - Tasks pulled: 6
2025-07-26 17:15:33,271 - INFO - Tasks processed: 6
2025-07-26 17:15:33,271 - INFO - Successful generations: 6
2025-07-26 17:15:33,271 - INFO - Successful validations: 0
2025-07-26 17:15:33,271 - INFO - Successful submissions: 6
2025-07-26 17:15:33,271 - INFO - Total rewards: 69.208306 TAO
2025-07-26 17:15:33,271 - INFO - Idle validations: 0
2025-07-26 17:15:33,271 - INFO - Prompts optimized: 6
2025-07-26 17:15:33,271 - INFO - Reproducibility optimizations: 0
2025-07-26 17:15:33,271 - INFO - Traditional optimizations: 6
2025-07-26 17:15:33,272 - INFO - Optimization improvements: 0
2025-07-26 17:15:33,272 - INFO - Tasks/hour: 84.7
2025-07-26 17:15:33,272 - INFO - Rewards/hour: 976.703951 TAO
2025-07-26 17:15:33,272 - INFO - Average total processing time: 40.14s
2025-07-26 17:15:33,272 - INFO - Optimization rate: 0.0% of prompts improved
2025-07-26 17:15:33,272 - INFO - Active validators: 10
2025-07-26 17:15:33,272 - INFO -   UID 212: 0 tasks, avg score: 0.000
2025-07-26 17:15:33,272 - INFO -   UID 142: 0 tasks, avg score: 0.000
2025-07-26 17:15:33,272 - INFO -   UID 27: 0 tasks, avg score: 0.889
2025-07-26 17:15:33,273 - WARNING - ⚠️ Found 2 unfinished tasks in last 6 hours:
2025-07-26 17:15:33,273 - WARNING -    UID 142: 'matte silver droid designed fo...' - no_submission
2025-07-26 17:15:33,274 - WARNING -    UID 142: 'copper-colored robot with seri...' - no_submission
2025-07-26 17:15:33,274 - INFO - ============================================================
2025-07-26 17:15:33,275 - INFO - 📊 Statistics saved to continuous_trellis_outputs/continuous_stats_20250726_171533.json
2025-07-26 17:15:33,276 - INFO - 🧹 Cleaned up 0 old prompt records and 0 failed tasks
2025-07-26 17:15:40,285 - WARNING - ⚠️ Exception checking TRELLIS server status: HTTPConnectionPool(host='localhost', port=8096): Read timed out. (read timeout=5), proceeding anyway.
2025-07-26 17:15:45,438 - WARNING - ⚠️ Exception checking TRELLIS server status: HTTPConnectionPool(host='localhost', port=8096): Read timed out. (read timeout=5), proceeding anyway.
2025-07-26 17:15:50,587 - WARNING - ⚠️ Exception checking TRELLIS server status: HTTPConnectionPool(host='localhost', port=8096): Read timed out. (read timeout=5), proceeding anyway.
2025-07-26 17:15:55,733 - WARNING - ⚠️ Exception checking TRELLIS server status: HTTPConnectionPool(host='localhost', port=8096): Read timed out. (read timeout=5), proceeding anyway.
2025-07-26 17:16:00,639 - INFO - ✅ New task from UID 49: 'maroon football shoes...'
2025-07-26 17:16:00,639 - INFO -    Threshold: 0.6, Query time: 0.44s
2025-07-26 17:16:00,640 - INFO - 🔄 Processing task 94274fcc-bbe9-4d45-b9e8-b896f80d66bb: 'maroon football shoes'
2025-07-26 17:16:00,640 - INFO - 🎨 Generating 3D model: 'maroon football shoes' (task: 94274fcc-bbe9-4d45-b9e8-b896f80d66bb)
2025-07-26 17:16:01,074 - INFO - 🚀 Traditional optimization applied:
2025-07-26 17:16:01,074 - INFO -    Original: maroon football shoes
2025-07-26 17:16:01,074 - INFO -    Optimized: wbgmsst, a pair of maroon football shoes laid out on a crisp autumnal field with fallen leaves and a few scattered sports equipment remnants in the background, white background
2025-07-26 17:16:01,074 - INFO -    Confidence: 80.0%
2025-07-26 17:16:02,358 - INFO - [TRELLIS] GPU cache cleared: {'status': 'cache_cleared', 'available_memory_gb': 19.960692736}
2025-07-26 17:16:02,359 - INFO -    🎲 Using deterministic seed: 42
2025-07-26 17:16:26,300 - INFO - ✅ Generation successful in 23.94s (5,596,907 bytes)
2025-07-26 17:16:26,300 - INFO - 📤 Submitting result: 94274fcc-bbe9-4d45-b9e8-b896f80d66bb
2025-07-26 17:16:26,300 - INFO -    📦 Using SPZ-compressed data from server (5,596,907 bytes)
2025-07-26 17:16:29,085 - INFO - ⏱️ Total processing time: 28.46s (from validator response to submission)
2025-07-26 17:16:29,085 - INFO - ✅ Submission successful to UID 49 (2.76s)
2025-07-26 17:16:29,085 - INFO -    Task fidelity: 0.7187
2025-07-26 17:16:29,085 - INFO -    Average fidelity: 0.8174
2025-07-26 17:16:29,086 - INFO -    Miner reward: 27.792784
2025-07-26 17:16:29,086 - INFO -    Validation failed: False
2025-07-26 17:16:29,086 - INFO -    Generations in window: 34
2025-07-26 17:16:29,129 - INFO - ✅ Task 94274fcc-bbe9-4d45-b9e8-b896f80d66bb completed successfully
2025-07-26 17:16:42,097 - INFO - ✅ New task from UID 27: 'shiny garnet rich red glow...'
2025-07-26 17:16:42,097 - INFO -    Threshold: 0.6, Query time: 0.62s
2025-07-26 17:16:42,097 - INFO - 🔄 Processing task 7b4fe5f6-f1fe-464b-adfc-5eaec32fa4af: 'shiny garnet rich red glow'
2025-07-26 17:16:42,097 - INFO - 🎨 Generating 3D model: 'shiny garnet rich red glow' (task: 7b4fe5f6-f1fe-464b-adfc-5eaec32fa4af)
2025-07-26 17:16:42,577 - INFO - 🚀 Traditional optimization applied:
2025-07-26 17:16:42,577 - INFO -    Original: shiny garnet rich red glow
2025-07-26 17:16:42,577 - INFO -    Optimized: wbgmsst, a vibrant garnet nestled within a rich, crimson-red gemstone suspended in mid-air surrounded by soft, velvety shadows and delicate, frosty crystal formations, white background
2025-07-26 17:16:42,577 - INFO -    Confidence: 80.0%
2025-07-26 17:16:43,757 - INFO - [TRELLIS] GPU cache cleared: {'status': 'cache_cleared', 'available_memory_gb': 19.960692736}
2025-07-26 17:16:43,757 - INFO -    🎲 Using deterministic seed: 42
2025-07-26 17:17:13,582 - INFO - ✅ Generation successful in 29.81s (11,304,117 bytes)
2025-07-26 17:17:13,582 - INFO - 📤 Submitting result: 7b4fe5f6-f1fe-464b-adfc-5eaec32fa4af
2025-07-26 17:17:13,582 - INFO -    📦 Using SPZ-compressed data from server (11,304,117 bytes)
2025-07-26 17:17:17,884 - INFO - ⏱️ Total processing time: 35.81s (from validator response to submission)
2025-07-26 17:17:17,884 - INFO - ✅ Submission successful to UID 27 (4.27s)
2025-07-26 17:17:17,884 - INFO -    Task fidelity: 0.8077
2025-07-26 17:17:17,884 - INFO -    Average fidelity: 0.8577
2025-07-26 17:17:17,885 - INFO -    Miner reward: 13.723224
2025-07-26 17:17:17,885 - INFO -    Validation failed: False
2025-07-26 17:17:17,885 - INFO -    Generations in window: 16
2025-07-26 17:17:17,915 - INFO - ✅ Task 7b4fe5f6-f1fe-464b-adfc-5eaec32fa4af completed successfully
2025-07-26 17:17:31,691 - WARNING - ⚠️ Exception checking TRELLIS server status: HTTPConnectionPool(host='localhost', port=8096): Read timed out. (read timeout=5), proceeding anyway.
2025-07-26 17:17:36,698 - WARNING - ⚠️ Exception checking TRELLIS server status: HTTPConnectionPool(host='localhost', port=8096): Read timed out. (read timeout=5), proceeding anyway.
2025-07-26 17:17:41,705 - WARNING - ⚠️ Exception checking TRELLIS server status: HTTPConnectionPool(host='localhost', port=8096): Read timed out. (read timeout=5), proceeding anyway.
2025-07-26 17:17:46,712 - WARNING - ⚠️ Exception checking TRELLIS server status: HTTPConnectionPool(host='localhost', port=8096): Read timed out. (read timeout=5), proceeding anyway.
2025-07-26 17:18:04,297 - INFO - ✅ New task from UID 49: 'smooth wood staff carved detailed...'
2025-07-26 17:18:04,297 - INFO -    Threshold: 0.6, Query time: 0.46s
2025-07-26 17:18:04,297 - INFO - 🔄 Processing task 28adabff-7d38-49ad-a30c-9ab9e2c7fbb4: 'smooth wood staff carved detailed'
2025-07-26 17:18:04,297 - INFO - 🎨 Generating 3D model: 'smooth wood staff carved detailed' (task: 28adabff-7d38-49ad-a30c-9ab9e2c7fbb4)
2025-07-26 17:18:04,809 - INFO - 🚀 Traditional optimization applied:
2025-07-26 17:18:04,809 - INFO -    Original: smooth wood staff carved detailed
2025-07-26 17:18:04,809 - INFO -    Optimized: wbgmsst, a slender smooth wood staff adorned with intricate carvings of leaves and vines, set against a soft, warm background that evokes the scent of forest floor and sunlight filtering through ancient trees, white background
2025-07-26 17:18:04,809 - INFO -    Confidence: 80.0%
2025-07-26 17:18:06,051 - INFO - [TRELLIS] GPU cache cleared: {'status': 'cache_cleared', 'available_memory_gb': 19.399376896}
2025-07-26 17:18:06,051 - INFO -    🎲 Using deterministic seed: 42
2025-07-26 17:18:32,111 - INFO - ✅ Generation successful in 26.06s (5,739,602 bytes)
2025-07-26 17:18:32,112 - INFO - 📤 Submitting result: 28adabff-7d38-49ad-a30c-9ab9e2c7fbb4
2025-07-26 17:18:32,112 - INFO -    📦 Using SPZ-compressed data from server (5,739,602 bytes)
2025-07-26 17:18:34,798 - INFO - ⏱️ Total processing time: 30.53s (from validator response to submission)
2025-07-26 17:18:34,799 - INFO - ✅ Submission successful to UID 49 (2.66s)
2025-07-26 17:18:34,799 - INFO -    Task fidelity: 0.8407
2025-07-26 17:18:34,799 - INFO -    Average fidelity: 0.8186
2025-07-26 17:18:34,799 - INFO -    Miner reward: 27.832377
2025-07-26 17:18:34,799 - INFO -    Validation failed: False
2025-07-26 17:18:34,799 - INFO -    Generations in window: 34
2025-07-26 17:18:34,823 - INFO - ✅ Task 28adabff-7d38-49ad-a30c-9ab9e2c7fbb4 completed successfully
2025-07-26 17:18:35,711 - INFO - ✅ New task from UID 128: 'silver necklace with red zircon...'
2025-07-26 17:18:35,711 - INFO -    Threshold: 0.6, Query time: 0.26s
2025-07-26 17:18:35,712 - INFO - 🔄 Processing task 70e105ad-a961-401d-8010-2c59444bb2e7: 'silver necklace with red zircon'
2025-07-26 17:18:35,712 - INFO - 🎨 Generating 3D model: 'silver necklace with red zircon' (task: 70e105ad-a961-401d-8010-2c59444bb2e7)
2025-07-26 17:18:36,187 - INFO - 🚀 Traditional optimization applied:
2025-07-26 17:18:36,188 - INFO -    Original: silver necklace with red zircon
2025-07-26 17:18:36,189 - INFO -    Optimized: wbgmsst, a delicate silver necklace adorned with a vibrant red zircon pendant suspended around a slender neck, nestled among lush green foliage of autumn leaves and softly glowing sunlight filtering through the forest canopy, white background
2025-07-26 17:18:36,189 - INFO -    Confidence: 80.0%
2025-07-26 17:18:37,145 - INFO - [TRELLIS] GPU cache cleared: {'status': 'cache_cleared', 'available_memory_gb': 19.960692736}
2025-07-26 17:18:37,146 - INFO -    🎲 Using deterministic seed: 42
2025-07-26 17:19:28,941 - INFO - ✅ Generation successful in 51.78s (11,044,608 bytes)
2025-07-26 17:19:28,942 - INFO - 📤 Submitting result: 70e105ad-a961-401d-8010-2c59444bb2e7
2025-07-26 17:19:28,942 - INFO -    📦 Using SPZ-compressed data from server (11,044,608 bytes)
2025-07-26 17:19:32,156 - INFO - ⏱️ Total processing time: 56.47s (from validator response to submission)
2025-07-26 17:19:32,156 - INFO - ✅ Submission successful to UID 128 (3.14s)
2025-07-26 17:19:32,157 - INFO -    Task fidelity: 0.0000
2025-07-26 17:19:32,157 - INFO -    Average fidelity: 0.8872
2025-07-26 17:19:32,157 - INFO -    Miner reward: 8.872438
2025-07-26 17:19:32,157 - INFO -    Validation failed: False
2025-07-26 17:19:32,157 - INFO -    Generations in window: 10
2025-07-26 17:19:32,194 - INFO - ✅ Task 70e105ad-a961-401d-8010-2c59444bb2e7 completed successfully
2025-07-26 17:19:46,798 - WARNING - ⚠️ Exception checking TRELLIS server status: HTTPConnectionPool(host='localhost', port=8096): Read timed out. (read timeout=5), proceeding anyway.
2025-07-26 17:19:51,805 - WARNING - ⚠️ Exception checking TRELLIS server status: HTTPConnectionPool(host='localhost', port=8096): Read timed out. (read timeout=5), proceeding anyway.
2025-07-26 17:19:56,812 - WARNING - ⚠️ Exception checking TRELLIS server status: HTTPConnectionPool(host='localhost', port=8096): Read timed out. (read timeout=5), proceeding anyway.
2025-07-26 17:20:01,819 - WARNING - ⚠️ Exception checking TRELLIS server status: HTTPConnectionPool(host='localhost', port=8096): Read timed out. (read timeout=5), proceeding anyway.
2025-07-26 17:20:22,890 - INFO - ✅ New task from UID 49: 'dull green robot in spherical form...'
2025-07-26 17:20:22,891 - INFO -    Threshold: 0.6, Query time: 0.43s
2025-07-26 17:20:22,891 - INFO - 🔄 Processing task 75cfe250-4523-41a6-81a3-87d139632572: 'dull green robot in spherical form'
2025-07-26 17:20:22,891 - INFO - 🎨 Generating 3D model: 'dull green robot in spherical form' (task: 75cfe250-4523-41a6-81a3-87d139632572)
2025-07-26 17:20:24,887 - INFO - 🔄 Reproducibility optimization applied:
2025-07-26 17:20:24,888 - INFO -    Original: dull green robot in spherical form
2025-07-26 17:20:24,888 - INFO -    Optimized: wbgmsst, a highly detailed and enhanced robot with intricate metallic details, glowing blue accents near its round eyes, and subtle texture and shading, stands in spherical form on white background.
2025-07-26 17:20:24,889 - INFO -    Similarity: 0.519
2025-07-26 17:20:24,889 - INFO -    Gold score: 0.9211
2025-07-26 17:20:26,197 - INFO - [TRELLIS] GPU cache cleared: {'status': 'cache_cleared', 'available_memory_gb': 19.960692736}
2025-07-26 17:20:26,198 - INFO -    🎲 Using deterministic seed: 42
2025-07-26 17:20:50,849 - INFO - ✅ Generation successful in 24.65s (4,719,461 bytes)
2025-07-26 17:20:50,850 - INFO - 📤 Submitting result: 75cfe250-4523-41a6-81a3-87d139632572
2025-07-26 17:20:50,850 - INFO -    📦 Using SPZ-compressed data from server (4,719,461 bytes)
2025-07-26 17:20:52,783 - INFO - ⏱️ Total processing time: 29.91s (from validator response to submission)
2025-07-26 17:20:52,783 - INFO - ✅ Submission successful to UID 49 (1.92s)
2025-07-26 17:20:52,784 - INFO -    Task fidelity: 0.8835
2025-07-26 17:20:52,784 - INFO -    Average fidelity: 0.8218
2025-07-26 17:20:52,784 - INFO -    Miner reward: 28.764488
2025-07-26 17:20:52,784 - INFO -    Validation failed: False
2025-07-26 17:20:52,784 - INFO -    Generations in window: 35
2025-07-26 17:20:52,808 - INFO - ✅ Task 75cfe250-4523-41a6-81a3-87d139632572 completed successfully
2025-07-26 17:20:57,816 - WARNING - ⚠️ Exception checking TRELLIS server status: HTTPConnectionPool(host='localhost', port=8096): Read timed out. (read timeout=5), proceeding anyway.
2025-07-26 17:21:03,341 - WARNING - ⚠️ Exception checking TRELLIS server status: HTTPConnectionPool(host='localhost', port=8096): Read timed out. (read timeout=5), proceeding anyway.
2025-07-26 17:21:08,492 - WARNING - ⚠️ Exception checking TRELLIS server status: HTTPConnectionPool(host='localhost', port=8096): Read timed out. (read timeout=5), proceeding anyway.
2025-07-26 17:21:13,919 - WARNING - ⚠️ Exception checking TRELLIS server status: HTTPConnectionPool(host='localhost', port=8096): Read timed out. (read timeout=5), proceeding anyway.
2025-07-26 17:21:21,850 - INFO - ✅ Validator refresh complete:
2025-07-26 17:21:21,850 - INFO -    Active validators: 10
2025-07-26 17:21:21,850 - INFO -    Inactive validators: 0
2025-07-26 17:21:21,850 - INFO -    Total eligible validators found: 10
2025-07-26 17:21:21,850 - INFO -    Top validators by stake:
2025-07-26 17:21:21,850 - INFO -      UID 212: 103995.9 TAO (trust: 0.000)
2025-07-26 17:21:21,851 - INFO -      UID 142: 69538.9 TAO (trust: 0.000)
2025-07-26 17:21:21,851 - INFO -      UID 27: 60164.2 TAO (trust: 0.000)
2025-07-26 17:21:21,851 - INFO -      UID 124: 39804.9 TAO (trust: 0.000)
2025-07-26 17:21:21,851 - INFO -      UID 128: 13457.0 TAO (trust: 0.000)
2025-07-26 17:21:21,889 - INFO - 📊 CONTINUOUS ORCHESTRATOR STATUS
2025-07-26 17:21:21,890 - INFO - ============================================================
2025-07-26 17:21:21,890 - INFO - Uptime: 0.17 hours
2025-07-26 17:21:21,890 - INFO - Tasks pulled: 11
2025-07-26 17:21:21,890 - INFO - Tasks processed: 11
2025-07-26 17:21:21,890 - INFO - Successful generations: 11
2025-07-26 17:21:21,890 - INFO - Successful validations: 0
2025-07-26 17:21:21,890 - INFO - Successful submissions: 11
2025-07-26 17:21:21,891 - INFO - Total rewards: 176.193617 TAO
2025-07-26 17:21:21,891 - INFO - Idle validations: 0
2025-07-26 17:21:21,891 - INFO - Prompts optimized: 11
2025-07-26 17:21:21,891 - INFO - Reproducibility optimizations: 1
2025-07-26 17:21:21,891 - INFO - Traditional optimizations: 10
2025-07-26 17:21:21,891 - INFO - Optimization improvements: 0
2025-07-26 17:21:21,891 - INFO - Tasks/hour: 65.6
2025-07-26 17:21:21,891 - INFO - Rewards/hour: 1050.661763 TAO
2025-07-26 17:21:21,891 - INFO - Average total processing time: 38.37s
2025-07-26 17:21:21,892 - INFO - Optimization rate: 0.0% of prompts improved
2025-07-26 17:21:21,892 - INFO - Active validators: 10
2025-07-26 17:21:21,892 - INFO -   UID 212: 0 tasks, avg score: 0.000
2025-07-26 17:21:21,892 - INFO -   UID 142: 0 tasks, avg score: 0.000
2025-07-26 17:21:21,892 - INFO -   UID 27: 0 tasks, avg score: 0.881
2025-07-26 17:21:21,893 - WARNING - ⚠️ Found 2 unfinished tasks in last 6 hours:
2025-07-26 17:21:21,893 - WARNING -    UID 142: 'matte silver droid designed fo...' - no_submission
2025-07-26 17:21:21,893 - WARNING -    UID 142: 'copper-colored robot with seri...' - no_submission
2025-07-26 17:21:21,893 - INFO - ============================================================
2025-07-26 17:21:21,894 - INFO - 📊 Statistics saved to continuous_trellis_outputs/continuous_stats_20250726_172121.json
2025-07-26 17:22:05,264 - INFO - ✅ New task from UID 27: 'leather-bound ornate crossbow with flintlock...'
2025-07-26 17:22:05,264 - INFO -    Threshold: 0.6, Query time: 0.66s
2025-07-26 17:22:05,264 - INFO - 🔄 Processing task 53a6b866-90e8-4ab2-8292-e3203d95893d: 'leather-bound ornate crossbow with flintlock'
2025-07-26 17:22:05,264 - INFO - 🎨 Generating 3D model: 'leather-bound ornate crossbow with flintlock' (task: 53a6b866-90e8-4ab2-8292-e3203d95893d)
2025-07-26 17:22:06,015 - INFO - 🚀 Traditional optimization applied:
2025-07-26 17:22:06,016 - INFO -    Original: leather-bound ornate crossbow with flintlock
2025-07-26 17:22:06,016 - INFO -    Optimized: wbgmsst, a polished leather-bound ornate crossbow leaning against an intricately carved wooden tree trunk in a misty, dawn-lit forest glade surrounded by vibrant autumnal foliage, richly textured moss, and weathered stone pathways, white background.
2025-07-26 17:22:06,016 - INFO -    Confidence: 80.0%
2025-07-26 17:22:07,121 - INFO - [TRELLIS] GPU cache cleared: {'status': 'cache_cleared', 'available_memory_gb': 19.960692736}
2025-07-26 17:22:07,121 - INFO -    🎲 Using deterministic seed: 42
2025-07-26 17:22:33,120 - INFO - ✅ Generation successful in 25.99s (9,494,633 bytes)
2025-07-26 17:22:33,120 - INFO - 📤 Submitting result: 53a6b866-90e8-4ab2-8292-e3203d95893d
2025-07-26 17:22:33,121 - INFO -    📦 Using SPZ-compressed data from server (9,494,633 bytes)
2025-07-26 17:22:51,085 - INFO - ⏱️ Total processing time: 45.84s (from validator response to submission)
2025-07-26 17:22:51,085 - INFO - ✅ Submission successful to UID 27 (17.93s)
2025-07-26 17:22:51,085 - INFO -    Task fidelity: 0.0000
2025-07-26 17:22:51,085 - INFO -    Average fidelity: 0.8577
2025-07-26 17:22:51,085 - INFO -    Miner reward: 13.723224
2025-07-26 17:22:51,085 - INFO -    Validation failed: False
2025-07-26 17:22:51,085 - INFO -    Generations in window: 16
2025-07-26 17:22:51,114 - INFO - ✅ Task 53a6b866-90e8-4ab2-8292-e3203d95893d completed successfully
2025-07-26 17:22:51,586 - INFO - ✅ New task from UID 49: 'sharp green poison-tipped spear...'
2025-07-26 17:22:51,586 - INFO -    Threshold: 0.6, Query time: 0.45s
2025-07-26 17:22:51,587 - INFO - 🔄 Processing task e0bb3fbf-2f14-4d8b-95fe-47350064ceb4: 'sharp green poison-tipped spear'
2025-07-26 17:22:51,587 - INFO - 🎨 Generating 3D model: 'sharp green poison-tipped spear' (task: e0bb3fbf-2f14-4d8b-95fe-47350064ceb4)
2025-07-26 17:22:52,003 - INFO - 🚀 Traditional optimization applied:
2025-07-26 17:22:52,003 - INFO -    Original: sharp green poison-tipped spear
2025-07-26 17:22:52,003 - INFO -    Optimized: wbgmsst, a slender sharp green poison-tipped spear standing upright on a moss-covered rocky terrain amidst twisted thorny vines and gnarled branches, white background
2025-07-26 17:22:52,003 - INFO -    Confidence: 80.0%
2025-07-26 17:22:53,312 - INFO - [TRELLIS] GPU cache cleared: {'status': 'cache_cleared', 'available_memory_gb': 19.960692736}
2025-07-26 17:22:53,313 - INFO -    🎲 Using deterministic seed: 42
2025-07-26 17:23:15,835 - INFO - ✅ Generation successful in 22.52s (4,304,568 bytes)
2025-07-26 17:23:15,835 - INFO - 📤 Submitting result: e0bb3fbf-2f14-4d8b-95fe-47350064ceb4
2025-07-26 17:23:15,835 - INFO -    📦 Using SPZ-compressed data from server (4,304,568 bytes)
2025-07-26 17:23:18,863 - INFO - ⏱️ Total processing time: 27.30s (from validator response to submission)
2025-07-26 17:23:18,863 - INFO - ✅ Submission successful to UID 49 (3.01s)
2025-07-26 17:23:18,863 - INFO -    Task fidelity: 0.7282
2025-07-26 17:23:18,863 - INFO -    Average fidelity: 0.8172
2025-07-26 17:23:18,863 - INFO -    Miner reward: 29.417843
2025-07-26 17:23:18,863 - INFO -    Validation failed: False
2025-07-26 17:23:18,864 - INFO -    Generations in window: 36
2025-07-26 17:23:18,903 - INFO - ✅ Task e0bb3fbf-2f14-4d8b-95fe-47350064ceb4 completed successfully
2025-07-26 17:25:10,175 - INFO - ✅ New task from UID 49: 'rich mahogany clarinet with smooth surface...'
2025-07-26 17:25:10,176 - INFO -    Threshold: 0.6, Query time: 0.47s
2025-07-26 17:25:10,176 - INFO - 🔄 Processing task dd3007a6-1fa4-4ba0-a48b-9a115d37dd66: 'rich mahogany clarinet with smooth surface'
2025-07-26 17:25:10,176 - INFO - 🎨 Generating 3D model: 'rich mahogany clarinet with smooth surface' (task: dd3007a6-1fa4-4ba0-a48b-9a115d37dd66)
2025-07-26 17:25:10,765 - INFO - 🚀 Traditional optimization applied:
2025-07-26 17:25:10,765 - INFO -    Original: rich mahogany clarinet with smooth surface
2025-07-26 17:25:10,765 - INFO -    Optimized: wbgmsst, a rich mahogany clarinet with a smooth, luxurious surface and delicate, intricate carvings of leafy vines and flowers etched into the wood, caught in a warm, golden light that accentuates its subtle grain pattern, white background.
2025-07-26 17:25:10,765 - INFO -    Confidence: 80.0%
2025-07-26 17:25:11,871 - INFO - [TRELLIS] GPU cache cleared: {'status': 'cache_cleared', 'available_memory_gb': 19.960692736}
2025-07-26 17:25:11,872 - INFO -    🎲 Using deterministic seed: 42
2025-07-26 17:25:33,496 - INFO - ✅ Generation successful in 21.62s (2,699,539 bytes)
2025-07-26 17:25:33,497 - INFO - 📤 Submitting result: dd3007a6-1fa4-4ba0-a48b-9a115d37dd66
2025-07-26 17:25:33,497 - INFO -    📦 Using SPZ-compressed data from server (2,699,539 bytes)
2025-07-26 17:25:35,746 - INFO - ⏱️ Total processing time: 25.59s (from validator response to submission)
2025-07-26 17:25:35,746 - INFO - ✅ Submission successful to UID 49 (2.24s)
2025-07-26 17:25:35,746 - INFO -    Task fidelity: 0.8804
2025-07-26 17:25:35,747 - INFO -    Average fidelity: 0.8203
2025-07-26 17:25:35,747 - INFO -    Miner reward: 30.352048
2025-07-26 17:25:35,747 - INFO -    Validation failed: False
2025-07-26 17:25:35,747 - INFO -    Generations in window: 37
2025-07-26 17:25:35,771 - INFO - ✅ Task dd3007a6-1fa4-4ba0-a48b-9a115d37dd66 completed successfully
2025-07-26 17:27:13,493 - WARNING - ⚠️ Exception checking TRELLIS server status: HTTPConnectionPool(host='localhost', port=8096): Read timed out. (read timeout=5), proceeding anyway.
2025-07-26 17:27:18,649 - WARNING - ⚠️ Exception checking TRELLIS server status: HTTPConnectionPool(host='localhost', port=8096): Read timed out. (read timeout=5), proceeding anyway.
2025-07-26 17:27:23,802 - WARNING - ⚠️ Exception checking TRELLIS server status: HTTPConnectionPool(host='localhost', port=8096): Read timed out. (read timeout=5), proceeding anyway.
2025-07-26 17:27:28,949 - WARNING - ⚠️ Exception checking TRELLIS server status: HTTPConnectionPool(host='localhost', port=8096): Read timed out. (read timeout=5), proceeding anyway.
2025-07-26 17:27:30,429 - INFO - ✅ New task from UID 49: 'black bracelet with ruby and gold links...'
2025-07-26 17:27:30,429 - INFO -    Threshold: 0.6, Query time: 0.43s
2025-07-26 17:27:30,429 - INFO - 🔄 Processing task dd96e804-23fa-4f63-9e7a-3cc3ab51f889: 'black bracelet with ruby and gold links'
2025-07-26 17:27:30,429 - INFO - 🎨 Generating 3D model: 'black bracelet with ruby and gold links' (task: dd96e804-23fa-4f63-9e7a-3cc3ab51f889)
2025-07-26 17:27:32,516 - INFO - 🔄 Reproducibility optimization applied:
2025-07-26 17:27:32,516 - INFO -    Original: black bracelet with ruby and gold links
2025-07-26 17:27:32,517 - INFO -    Optimized: wbgmsst, an enhanced bracelet with intricate black metal design featuring ruby and gold accents, metallic details, subtle texture and shading, and links on the metal arms, has glowing blue accents near the round eyes, white background.
2025-07-26 17:27:32,517 - INFO -    Similarity: 0.512
2025-07-26 17:27:32,517 - INFO -    Gold score: 0.9211
2025-07-26 17:27:33,818 - INFO - [TRELLIS] GPU cache cleared: {'status': 'cache_cleared', 'available_memory_gb': 18.965266432}
2025-07-26 17:27:33,819 - INFO -    🎲 Using deterministic seed: 42
2025-07-26 17:27:59,207 - INFO - ✅ Generation successful in 25.38s (6,400,271 bytes)
2025-07-26 17:27:59,207 - INFO - 📤 Submitting result: dd96e804-23fa-4f63-9e7a-3cc3ab51f889
2025-07-26 17:27:59,207 - INFO -    📦 Using SPZ-compressed data from server (6,400,271 bytes)
2025-07-26 17:28:01,347 - INFO - ⏱️ Total processing time: 30.94s (from validator response to submission)
2025-07-26 17:28:01,347 - INFO - ✅ Submission successful to UID 49 (2.12s)
2025-07-26 17:28:01,348 - INFO -    Task fidelity: 0.8223
2025-07-26 17:28:01,348 - INFO -    Average fidelity: 0.8204
2025-07-26 17:28:01,348 - INFO -    Miner reward: 30.355732
2025-07-26 17:28:01,348 - INFO -    Validation failed: False
2025-07-26 17:28:01,348 - INFO -    Generations in window: 37
2025-07-26 17:28:01,364 - INFO - ✅ Task dd96e804-23fa-4f63-9e7a-3cc3ab51f889 completed successfully
2025-07-26 17:28:18,640 - WARNING - ⚠️ Exception checking TRELLIS server status: HTTPConnectionPool(host='localhost', port=8096): Read timed out. (read timeout=5), proceeding anyway.
2025-07-26 17:28:23,649 - WARNING - ⚠️ Exception checking TRELLIS server status: HTTPConnectionPool(host='localhost', port=8096): Read timed out. (read timeout=5), proceeding anyway.
2025-07-26 17:28:28,657 - WARNING - ⚠️ Exception checking TRELLIS server status: HTTPConnectionPool(host='localhost', port=8096): Read timed out. (read timeout=5), proceeding anyway.
2025-07-26 17:28:33,664 - WARNING - ⚠️ Exception checking TRELLIS server status: HTTPConnectionPool(host='localhost', port=8096): Read timed out. (read timeout=5), proceeding anyway.
2025-07-26 17:29:17,046 - WARNING - ⚠️ Exception checking TRELLIS server status: HTTPConnectionPool(host='localhost', port=8096): Read timed out. (read timeout=5), proceeding anyway.
2025-07-26 17:29:22,053 - WARNING - ⚠️ Exception checking TRELLIS server status: HTTPConnectionPool(host='localhost', port=8096): Read timed out. (read timeout=5), proceeding anyway.
2025-07-26 17:29:27,060 - WARNING - ⚠️ Exception checking TRELLIS server status: HTTPConnectionPool(host='localhost', port=8096): Read timed out. (read timeout=5), proceeding anyway.
2025-07-26 17:29:32,066 - WARNING - ⚠️ Exception checking TRELLIS server status: HTTPConnectionPool(host='localhost', port=8096): Read timed out. (read timeout=5), proceeding anyway.
2025-07-26 17:29:33,155 - INFO - ✅ New task from UID 49: 'blue tape measure flexible material retractable...'
2025-07-26 17:29:33,155 - INFO -    Threshold: 0.6, Query time: 0.43s
2025-07-26 17:29:33,155 - INFO - 🔄 Processing task 0a604d8e-b1bd-4d01-8d46-83d6b9a10ab5: 'blue tape measure flexible material retractable'
2025-07-26 17:29:33,156 - INFO - 🎨 Generating 3D model: 'blue tape measure flexible material retractable' (task: 0a604d8e-b1bd-4d01-8d46-83d6b9a10ab5)
2025-07-26 17:29:33,916 - INFO - 🚀 Traditional optimization applied:
2025-07-26 17:29:33,916 - INFO -    Original: blue tape measure flexible material retractable
2025-07-26 17:29:33,916 - INFO -    Optimized: wbgmsst, a slender blue tape measure featuring a flexible, braided core and a retractable mechanism with a metallic sheath, resting on a weathered wooden workbench amidst tools of various trades in a cozy, rustic workshop filled with natural light and the scent of sawdust, white background
2025-07-26 17:29:33,916 - INFO -    Confidence: 80.0%
2025-07-26 17:29:35,231 - INFO - [TRELLIS] GPU cache cleared: {'status': 'cache_cleared', 'available_memory_gb': 19.627966464}
2025-07-26 17:29:35,232 - INFO -    🎲 Using deterministic seed: 42
2025-07-26 17:30:04,830 - INFO - ✅ Generation successful in 29.59s (10,043,387 bytes)
2025-07-26 17:30:04,831 - INFO - 📤 Submitting result: 0a604d8e-b1bd-4d01-8d46-83d6b9a10ab5
2025-07-26 17:30:04,831 - INFO -    📦 Using SPZ-compressed data from server (10,043,387 bytes)
2025-07-26 17:30:07,474 - INFO - ⏱️ Total processing time: 34.33s (from validator response to submission)
2025-07-26 17:30:07,474 - INFO - ✅ Submission successful to UID 49 (2.61s)
2025-07-26 17:30:07,474 - INFO -    Task fidelity: 0.7180
2025-07-26 17:30:07,474 - INFO -    Average fidelity: 0.8153
2025-07-26 17:30:07,474 - INFO -    Miner reward: 30.981470
2025-07-26 17:30:07,474 - INFO -    Validation failed: False
2025-07-26 17:30:07,475 - INFO -    Generations in window: 38
2025-07-26 17:30:07,504 - INFO - ✅ Task 0a604d8e-b1bd-4d01-8d46-83d6b9a10ab5 completed successfully
2025-07-26 17:30:07,964 - INFO - ✅ New task from UID 81: 'ethereal white fairy sitting on blooming lily pad...'
2025-07-26 17:30:07,964 - INFO -    Threshold: 0.6, Query time: 0.44s
2025-07-26 17:30:07,964 - INFO - 🔄 Processing task 6ee44291-e647-497f-a193-8dac7bed9faf: 'ethereal white fairy sitting on blooming lily pad'
2025-07-26 17:30:07,964 - INFO - 🎨 Generating 3D model: 'ethereal white fairy sitting on blooming lily pad' (task: 6ee44291-e647-497f-a193-8dac7bed9faf)
2025-07-26 17:30:08,592 - INFO - 🚀 Traditional optimization applied:
2025-07-26 17:30:08,592 - INFO -    Original: ethereal white fairy sitting on blooming lily pad
2025-07-26 17:30:08,592 - INFO -    Optimized: wbgmsst, an ethereal white fairy perched delicately upon a delicate lily pad in full bloom amidst a serene and mystical pond, surrounded by lush greenery and vibrant wildflowers, her wings shimmering softly in the dappled sunlight, white background
2025-07-26 17:30:08,592 - INFO -    Confidence: 80.0%
2025-07-26 17:30:09,709 - INFO - [TRELLIS] GPU cache cleared: {'status': 'cache_cleared', 'available_memory_gb': 19.95440128}
2025-07-26 17:30:09,710 - INFO -    🎲 Using deterministic seed: 42
2025-07-26 17:30:35,855 - INFO - ✅ Generation successful in 26.14s (10,235,693 bytes)
2025-07-26 17:30:35,856 - INFO - 📤 Submitting result: 6ee44291-e647-497f-a193-8dac7bed9faf
2025-07-26 17:30:35,856 - INFO -    📦 Using SPZ-compressed data from server (10,235,693 bytes)
2025-07-26 17:30:40,298 - INFO - ⏱️ Total processing time: 32.35s (from validator response to submission)
2025-07-26 17:30:40,298 - INFO - ✅ Submission successful to UID 81 (4.40s)
2025-07-26 17:30:40,298 - INFO -    Task fidelity: 0.7510
2025-07-26 17:30:40,298 - INFO -    Average fidelity: 0.9297
2025-07-26 17:30:40,298 - INFO -    Miner reward: 6.508032
2025-07-26 17:30:40,299 - INFO -    Validation failed: False
2025-07-26 17:30:40,299 - INFO -    Generations in window: 7
2025-07-26 17:30:40,333 - INFO - ✅ Task 6ee44291-e647-497f-a193-8dac7bed9faf completed successfully
2025-07-26 17:30:45,340 - WARNING - ⚠️ Exception checking TRELLIS server status: HTTPConnectionPool(host='localhost', port=8096): Read timed out. (read timeout=5), proceeding anyway.
2025-07-26 17:30:50,536 - WARNING - ⚠️ Exception checking TRELLIS server status: HTTPConnectionPool(host='localhost', port=8096): Read timed out. (read timeout=5), proceeding anyway.
2025-07-26 17:30:55,827 - WARNING - ⚠️ Exception checking TRELLIS server status: HTTPConnectionPool(host='localhost', port=8096): Read timed out. (read timeout=5), proceeding anyway.
2025-07-26 17:30:56,245 - INFO - ✅ New task from UID 142: 'black granite statue of bear mightily standing...'
2025-07-26 17:30:56,245 - INFO -    Threshold: 0.6, Query time: 0.39s
2025-07-26 17:30:56,245 - INFO - 🔄 Processing task 15e9cce1-2c91-462f-98c3-363e7334325c: 'black granite statue of bear mightily standing'
2025-07-26 17:30:56,245 - INFO - 🎨 Generating 3D model: 'black granite statue of bear mightily standing' (task: 15e9cce1-2c91-462f-98c3-363e7334325c)
2025-07-26 17:30:56,849 - INFO - 🚀 Traditional optimization applied:
2025-07-26 17:30:56,852 - INFO -    Original: black granite statue of bear mightily standing
2025-07-26 17:30:56,852 - INFO -    Optimized: wbgmsst, a majestic black granite statue of a mighty grizzly bear emerging from the misty mountainside, weathered stone glistening with dew and sunlight casting a warm glow on its rugged fur, white background
2025-07-26 17:30:56,853 - INFO -    Confidence: 80.0%
2025-07-26 17:30:58,466 - INFO - [TRELLIS] GPU cache cleared: {'status': 'cache_cleared', 'available_memory_gb': 19.627966464}
2025-07-26 17:30:58,467 - INFO -    🎲 Using deterministic seed: 42
2025-07-26 17:31:25,608 - INFO - ✅ Generation successful in 27.13s (8,838,228 bytes)
2025-07-26 17:31:25,609 - INFO - 📤 Submitting result: 15e9cce1-2c91-462f-98c3-363e7334325c
2025-07-26 17:31:25,609 - INFO -    📦 Using SPZ-compressed data from server (8,838,228 bytes)
2025-07-26 17:31:43,850 - INFO - ⏱️ Total processing time: 47.63s (from validator response to submission)
2025-07-26 17:31:43,851 - INFO - ✅ Submission successful to UID 142 (18.21s)
2025-07-26 17:31:43,851 - INFO -    Task fidelity: 0.7919
2025-07-26 17:31:43,851 - INFO -    Average fidelity: 0.8456
2025-07-26 17:31:43,851 - INFO -    Miner reward: 10.993325
2025-07-26 17:31:43,851 - INFO -    Validation failed: False
2025-07-26 17:31:43,851 - INFO -    Generations in window: 13
2025-07-26 17:31:43,878 - INFO - ✅ Task 15e9cce1-2c91-462f-98c3-363e7334325c completed successfully
2025-07-26 17:31:48,883 - WARNING - ⚠️ Exception checking TRELLIS server status: HTTPConnectionPool(host='localhost', port=8096): Read timed out. (read timeout=5), proceeding anyway.
2025-07-26 17:31:49,328 - INFO - ✅ New task from UID 212: 'arrow with white feathers and black tip...'
2025-07-26 17:31:49,328 - INFO -    Threshold: 0.6, Query time: 0.42s
2025-07-26 17:31:49,328 - INFO - 🔄 Processing task 3a1c01d0-820f-465f-81b7-23af8819fe87: 'arrow with white feathers and black tip'
2025-07-26 17:31:49,328 - INFO - 🎨 Generating 3D model: 'arrow with white feathers and black tip' (task: 3a1c01d0-820f-465f-81b7-23af8819fe87)
2025-07-26 17:31:50,280 - INFO - 🚀 Traditional optimization applied:
2025-07-26 17:31:50,281 - INFO -    Original: arrow with white feathers and black tip
2025-07-26 17:31:50,281 - INFO -    Optimized: wbgmsst, an intricately crafted arrowhead adorned with delicate white goose feathers delicately tied around its slender metal shaft, which tapers into a razor-sharp black tip, white background
2025-07-26 17:31:50,281 - INFO -    Confidence: 80.0%
2025-07-26 17:31:59,570 - INFO - [TRELLIS] GPU cache cleared: {'status': 'cache_cleared', 'available_memory_gb': 19.627966464}
2025-07-26 17:31:59,570 - INFO -    🎲 Using deterministic seed: 42
2025-07-26 17:32:20,890 - INFO - ✅ Generation successful in 21.32s (842,767 bytes)
2025-07-26 17:32:20,891 - INFO - 📤 Submitting result: 3a1c01d0-820f-465f-81b7-23af8819fe87
2025-07-26 17:32:20,891 - INFO -    📦 Using SPZ-compressed data from server (842,767 bytes)
2025-07-26 17:32:22,778 - INFO - ⏱️ Total processing time: 33.47s (from validator response to submission)
2025-07-26 17:32:22,779 - INFO - ✅ Submission successful to UID 212 (1.88s)
2025-07-26 17:32:22,779 - INFO -    Task fidelity: 0.8908
2025-07-26 17:32:22,779 - INFO -    Average fidelity: 0.9182
2025-07-26 17:32:22,779 - INFO -    Miner reward: 3.672793
2025-07-26 17:32:22,779 - INFO -    Validation failed: False
2025-07-26 17:32:22,779 - INFO -    Generations in window: 4
2025-07-26 17:32:22,804 - INFO - ✅ Task 3a1c01d0-820f-465f-81b7-23af8819fe87 completed successfully
2025-07-26 17:32:25,488 - INFO - ✅ Validator refresh complete:
2025-07-26 17:32:25,488 - INFO -    Active validators: 10
2025-07-26 17:32:25,488 - INFO -    Inactive validators: 0
2025-07-26 17:32:25,488 - INFO -    Total eligible validators found: 10
2025-07-26 17:32:25,488 - INFO -    Top validators by stake:
2025-07-26 17:32:25,488 - INFO -      UID 212: 103995.9 TAO (trust: 0.000)
2025-07-26 17:32:25,489 - INFO -      UID 142: 69538.9 TAO (trust: 0.000)
2025-07-26 17:32:25,489 - INFO -      UID 27: 60164.2 TAO (trust: 0.000)
2025-07-26 17:32:25,489 - INFO -      UID 124: 39804.9 TAO (trust: 0.000)
2025-07-26 17:32:25,489 - INFO -      UID 128: 13457.0 TAO (trust: 0.000)
2025-07-26 17:32:27,010 - INFO - ✅ New task from UID 49: 'medium-sized robot in pink and blue...'
2025-07-26 17:32:27,010 - INFO -    Threshold: 0.6, Query time: 0.43s
2025-07-26 17:32:27,010 - INFO - 🔄 Processing task d41985d1-4846-463e-aa5f-9538eddf1d7f: 'medium-sized robot in pink and blue'
2025-07-26 17:32:27,011 - INFO - 🎨 Generating 3D model: 'medium-sized robot in pink and blue' (task: d41985d1-4846-463e-aa5f-9538eddf1d7f)
2025-07-26 17:32:27,470 - INFO - 🚀 Traditional optimization applied:
2025-07-26 17:32:27,471 - INFO -    Original: medium-sized robot in pink and blue
2025-07-26 17:32:27,471 - INFO -    Optimized: wbgmsst, a medium-sized robot clad in shimmering pink and blue metallic armor with intricate circuit patterns on its back, standing proudly amidst a backdrop of glowing neon city lights at dusk, white background
2025-07-26 17:32:27,471 - INFO -    Confidence: 80.0%
2025-07-26 17:32:28,578 - INFO - [TRELLIS] GPU cache cleared: {'status': 'cache_cleared', 'available_memory_gb': 19.95440128}
2025-07-26 17:32:28,578 - INFO -    🎲 Using deterministic seed: 42
2025-07-26 17:33:19,954 - INFO - ✅ Generation successful in 51.36s (13,553,777 bytes)
2025-07-26 17:33:19,955 - INFO - 📤 Submitting result: d41985d1-4846-463e-aa5f-9538eddf1d7f
2025-07-26 17:33:19,955 - INFO -    📦 Using SPZ-compressed data from server (13,553,777 bytes)
2025-07-26 17:33:22,768 - INFO - ⏱️ Total processing time: 55.78s (from validator response to submission)
2025-07-26 17:33:22,769 - INFO - ✅ Submission successful to UID 49 (2.75s)
2025-07-26 17:33:22,769 - INFO -    Task fidelity: 0.7480
2025-07-26 17:33:22,769 - INFO -    Average fidelity: 0.8119
2025-07-26 17:33:22,769 - INFO -    Miner reward: 30.041635
2025-07-26 17:33:22,769 - INFO -    Validation failed: False
2025-07-26 17:33:22,769 - INFO -    Generations in window: 37
2025-07-26 17:33:22,811 - INFO - ✅ Task d41985d1-4846-463e-aa5f-9538eddf1d7f completed successfully
2025-07-26 17:33:24,457 - INFO - 📊 CONTINUOUS ORCHESTRATOR STATUS
2025-07-26 17:33:24,457 - INFO - ============================================================
2025-07-26 17:33:24,458 - INFO - Uptime: 0.37 hours
2025-07-26 17:33:24,458 - INFO - Tasks pulled: 20
2025-07-26 17:33:24,458 - INFO - Tasks processed: 20
2025-07-26 17:33:24,458 - INFO - Successful generations: 20
2025-07-26 17:33:24,458 - INFO - Successful validations: 0
2025-07-26 17:33:24,458 - INFO - Successful submissions: 20
2025-07-26 17:33:24,458 - INFO - Total rewards: 362.239719 TAO
2025-07-26 17:33:24,458 - INFO - Idle validations: 0
2025-07-26 17:33:24,458 - INFO - Prompts optimized: 20
2025-07-26 17:33:24,458 - INFO - Reproducibility optimizations: 2
2025-07-26 17:33:24,458 - INFO - Traditional optimizations: 18
2025-07-26 17:33:24,459 - INFO - Optimization improvements: 0
2025-07-26 17:33:24,459 - INFO - Tasks/hour: 54.3
2025-07-26 17:33:24,459 - INFO - Rewards/hour: 983.248933 TAO
2025-07-26 17:33:24,459 - INFO - Average total processing time: 37.76s
2025-07-26 17:33:24,459 - INFO - Optimization rate: 0.0% of prompts improved
2025-07-26 17:33:24,459 - INFO - Active validators: 10
2025-07-26 17:33:24,459 - INFO -   UID 212: 0 tasks, avg score: 0.891
2025-07-26 17:33:24,459 - INFO -   UID 142: 0 tasks, avg score: 0.792
2025-07-26 17:33:24,459 - INFO -   UID 27: 0 tasks, avg score: 0.793
2025-07-26 17:33:24,460 - WARNING - ⚠️ Found 2 unfinished tasks in last 6 hours:
2025-07-26 17:33:24,460 - WARNING -    UID 142: 'matte silver droid designed fo...' - no_submission
2025-07-26 17:33:24,460 - WARNING -    UID 142: 'copper-colored robot with seri...' - no_submission
2025-07-26 17:33:24,460 - INFO - ============================================================
2025-07-26 17:33:24,461 - INFO - 📊 Statistics saved to continuous_trellis_outputs/continuous_stats_20250726_173324.json
2025-07-26 17:33:27,656 - ERROR - ServerDisconnectedError#5d6fee4a-a8cd-404b-bc5e-94013e9373ca: Server disconnected
2025-07-26 17:34:01,721 - WARNING - ⚠️ Exception checking TRELLIS server status: HTTPConnectionPool(host='localhost', port=8096): Read timed out. (read timeout=5), proceeding anyway.
2025-07-26 17:34:06,728 - WARNING - ⚠️ Exception checking TRELLIS server status: HTTPConnectionPool(host='localhost', port=8096): Read timed out. (read timeout=5), proceeding anyway.
2025-07-26 17:34:11,735 - WARNING - ⚠️ Exception checking TRELLIS server status: HTTPConnectionPool(host='localhost', port=8096): Read timed out. (read timeout=5), proceeding anyway.
2025-07-26 17:34:16,744 - WARNING - ⚠️ Exception checking TRELLIS server status: HTTPConnectionPool(host='localhost', port=8096): Read timed out. (read timeout=5), proceeding anyway.
2025-07-26 17:34:59,707 - WARNING - ⚠️ Exception checking TRELLIS server status: HTTPConnectionPool(host='localhost', port=8096): Read timed out. (read timeout=5), proceeding anyway.
2025-07-26 17:35:04,714 - WARNING - ⚠️ Exception checking TRELLIS server status: HTTPConnectionPool(host='localhost', port=8096): Read timed out. (read timeout=5), proceeding anyway.
2025-07-26 17:35:09,721 - WARNING - ⚠️ Exception checking TRELLIS server status: HTTPConnectionPool(host='localhost', port=8096): Read timed out. (read timeout=5), proceeding anyway.
2025-07-26 17:35:15,808 - INFO - ✅ New task from UID 49: 'robot with olive green brown and beige job...'
2025-07-26 17:35:15,808 - INFO -    Threshold: 0.6, Query time: 0.45s
2025-07-26 17:35:15,808 - INFO - 🔄 Processing task a0dbf8db-8cbf-485c-8a47-3428e14bd4ef: 'robot with olive green brown and beige job'
2025-07-26 17:35:15,808 - INFO - 🎨 Generating 3D model: 'robot with olive green brown and beige job' (task: a0dbf8db-8cbf-485c-8a47-3428e14bd4ef)
2025-07-26 17:35:16,277 - INFO - 🚀 Traditional optimization applied:
2025-07-26 17:35:16,277 - INFO -    Original: robot with olive green brown and beige job
2025-07-26 17:35:16,277 - INFO -    Optimized: wbgmsst, a sleek robot with olive green, brown, and beige job-specific components and tools, resting in a well-organized workshop or on a workbench amidst various industrial items, white background
2025-07-26 17:35:16,277 - INFO -    Confidence: 80.0%
2025-07-26 17:35:17,539 - INFO - [TRELLIS] GPU cache cleared: {'status': 'cache_cleared', 'available_memory_gb': 19.627966464}
2025-07-26 17:35:17,540 - INFO -    🎲 Using deterministic seed: 42
2025-07-26 17:35:48,331 - INFO - ✅ Generation successful in 30.78s (11,195,899 bytes)
2025-07-26 17:35:48,331 - INFO - 📤 Submitting result: a0dbf8db-8cbf-485c-8a47-3428e14bd4ef
2025-07-26 17:35:48,332 - INFO -    📦 Using SPZ-compressed data from server (11,195,899 bytes)
2025-07-26 17:35:50,973 - INFO - ⏱️ Total processing time: 35.19s (from validator response to submission)
2025-07-26 17:35:50,973 - INFO - ✅ Submission successful to UID 49 (2.60s)
2025-07-26 17:35:50,973 - INFO -    Task fidelity: 0.6969
2025-07-26 17:35:50,973 - INFO -    Average fidelity: 0.8062
2025-07-26 17:35:50,973 - INFO -    Miner reward: 29.828790
2025-07-26 17:35:50,973 - INFO -    Validation failed: False
2025-07-26 17:35:50,973 - INFO -    Generations in window: 37
2025-07-26 17:35:51,020 - INFO - ✅ Task a0dbf8db-8cbf-485c-8a47-3428e14bd4ef completed successfully
2025-07-26 17:35:51,570 - INFO - ✅ New task from UID 81: 'mystical purple amulet with symbols...'
2025-07-26 17:35:51,571 - INFO -    Threshold: 0.6, Query time: 0.52s
2025-07-26 17:35:51,571 - INFO - 🔄 Processing task 16a61f44-a3d7-477d-bf2d-f6334c602d4d: 'mystical purple amulet with symbols'
2025-07-26 17:35:51,571 - INFO - 🎨 Generating 3D model: 'mystical purple amulet with symbols' (task: 16a61f44-a3d7-477d-bf2d-f6334c602d4d)
2025-07-26 17:35:53,721 - INFO - 🔄 Reproducibility optimization applied:
2025-07-26 17:35:53,721 - INFO -    Original: mystical purple amulet with symbols
2025-07-26 17:35:53,721 - INFO -    Optimized: wbgmsst, a weathered purple amulet with intricate scratches and worn patina on the handle sits atop a distressed wooden workbench, surrounded by visible tool marks, emitting a soft white glow, white background.
2025-07-26 17:35:53,722 - INFO -    Similarity: 0.515
2025-07-26 17:35:53,722 - INFO -    Gold score: 0.7531
2025-07-26 17:35:54,677 - INFO - [TRELLIS] GPU cache cleared: {'status': 'cache_cleared', 'available_memory_gb': 19.95440128}
2025-07-26 17:35:54,678 - INFO -    🎲 Using deterministic seed: 42
2025-07-26 17:36:18,848 - INFO - ✅ Generation successful in 24.16s (6,475,390 bytes)
2025-07-26 17:36:18,848 - INFO - 📤 Submitting result: 16a61f44-a3d7-477d-bf2d-f6334c602d4d
2025-07-26 17:36:18,849 - INFO -    📦 Using SPZ-compressed data from server (6,475,390 bytes)
2025-07-26 17:36:21,537 - INFO - ⏱️ Total processing time: 29.99s (from validator response to submission)
2025-07-26 17:36:21,537 - INFO - ✅ Submission successful to UID 81 (2.66s)
2025-07-26 17:36:21,537 - INFO -    Task fidelity: 0.0000
2025-07-26 17:36:21,538 - INFO -    Average fidelity: 0.9297
2025-07-26 17:36:21,538 - INFO -    Miner reward: 5.578314
2025-07-26 17:36:21,538 - INFO -    Validation failed: False
2025-07-26 17:36:21,538 - INFO -    Generations in window: 6
2025-07-26 17:36:21,579 - INFO - ✅ Task 16a61f44-a3d7-477d-bf2d-f6334c602d4d completed successfully
2025-07-26 17:36:26,585 - WARNING - ⚠️ Exception checking TRELLIS server status: HTTPConnectionPool(host='localhost', port=8096): Read timed out. (read timeout=5), proceeding anyway.
2025-07-26 17:36:31,734 - WARNING - ⚠️ Exception checking TRELLIS server status: HTTPConnectionPool(host='localhost', port=8096): Read timed out. (read timeout=5), proceeding anyway.
2025-07-26 17:36:32,035 - INFO - ✅ New task from UID 128: 'black lacrosse stick with white shaft...'
2025-07-26 17:36:32,036 - INFO -    Threshold: 0.6, Query time: 0.28s
2025-07-26 17:36:32,036 - INFO - 🔄 Processing task 0b89d984-93bb-4c73-8ac2-40d3fdb83a53: 'black lacrosse stick with white shaft'
2025-07-26 17:36:32,036 - INFO - 🎨 Generating 3D model: 'black lacrosse stick with white shaft' (task: 0b89d984-93bb-4c73-8ac2-40d3fdb83a53)
2025-07-26 17:36:33,060 - INFO - 🚀 Traditional optimization applied:
2025-07-26 17:36:33,060 - INFO -    Original: black lacrosse stick with white shaft
2025-07-26 17:36:33,060 - INFO -    Optimized: wbgmsst, a sleek black lacrosse stick with a crisp white shaft, resting against a worn wooden fence post in a serene winter landscape of snow-covered trees and frosty morning light, white background
2025-07-26 17:36:33,060 - INFO -    Confidence: 80.0%
2025-07-26 17:36:41,642 - INFO - [TRELLIS] GPU cache cleared: {'status': 'cache_cleared', 'available_memory_gb': 19.627966464}
2025-07-26 17:36:41,642 - INFO -    🎲 Using deterministic seed: 42
2025-07-26 17:37:08,710 - INFO - ✅ Generation successful in 27.06s (8,734,100 bytes)
2025-07-26 17:37:08,711 - INFO - 📤 Submitting result: 0b89d984-93bb-4c73-8ac2-40d3fdb83a53
2025-07-26 17:37:08,711 - INFO -    📦 Using SPZ-compressed data from server (8,734,100 bytes)
2025-07-26 17:37:10,519 - INFO - ⏱️ Total processing time: 38.51s (from validator response to submission)
2025-07-26 17:37:10,519 - INFO - ✅ Submission successful to UID 128 (1.78s)
2025-07-26 17:37:10,520 - INFO -    Task fidelity: 0.6742
2025-07-26 17:37:10,520 - INFO -    Average fidelity: 0.8766
2025-07-26 17:37:10,520 - INFO -    Miner reward: 9.642509
2025-07-26 17:37:10,521 - INFO -    Validation failed: False
2025-07-26 17:37:10,521 - INFO -    Generations in window: 11
2025-07-26 17:37:10,551 - INFO - ✅ Task 0b89d984-93bb-4c73-8ac2-40d3fdb83a53 completed successfully
2025-07-26 17:37:10,860 - INFO - ✅ New task from UID 142: 'obsidian knife sharp blade and smooth handle...'
2025-07-26 17:37:10,860 - INFO -    Threshold: 0.6, Query time: 0.28s
2025-07-26 17:37:10,860 - INFO - 🔄 Processing task ceef4a76-b60f-41d0-9001-750207962dbd: 'obsidian knife sharp blade and smooth handle'
2025-07-26 17:37:10,861 - INFO - 🎨 Generating 3D model: 'obsidian knife sharp blade and smooth handle' (task: ceef4a76-b60f-41d0-9001-750207962dbd)
2025-07-26 17:37:11,522 - INFO - 🚀 Traditional optimization applied:
2025-07-26 17:37:11,523 - INFO -    Original: obsidian knife sharp blade and smooth handle
2025-07-26 17:37:11,523 - INFO -    Optimized: wbgmsst, an obsidian knife with a razor-sharp blade that catches the light, its dark glassy surface reflecting subtle nuances of shadow, suspended in mid-air over a sleek, modern workbench made from rich walnut wood, surrounded by scattered leather-bound tomes and precision-crafted tools of various metals.
2025-07-26 17:37:11,524 - INFO -    Confidence: 80.0%
2025-07-26 17:37:12,472 - INFO - [TRELLIS] GPU cache cleared: {'status': 'cache_cleared', 'available_memory_gb': 19.948109824}
2025-07-26 17:37:12,473 - INFO -    🎲 Using deterministic seed: 42
2025-07-26 17:37:36,987 - INFO - ✅ Generation successful in 24.51s (6,678,903 bytes)
2025-07-26 17:37:36,988 - INFO - 📤 Submitting result: ceef4a76-b60f-41d0-9001-750207962dbd
2025-07-26 17:37:36,988 - INFO -    📦 Using SPZ-compressed data from server (6,678,903 bytes)
2025-07-26 17:37:39,775 - INFO - ⏱️ Total processing time: 28.94s (from validator response to submission)
2025-07-26 17:37:39,775 - INFO - ✅ Submission successful to UID 142 (2.76s)
2025-07-26 17:37:39,775 - INFO -    Task fidelity: 0.7126
2025-07-26 17:37:39,776 - INFO -    Average fidelity: 0.8390
2025-07-26 17:37:39,776 - INFO -    Miner reward: 11.745817
2025-07-26 17:37:39,776 - INFO -    Validation failed: False
2025-07-26 17:37:39,776 - INFO -    Generations in window: 14
2025-07-26 17:37:39,819 - INFO - ✅ Task ceef4a76-b60f-41d0-9001-750207962dbd completed successfully
2025-07-26 17:37:44,826 - WARNING - ⚠️ Exception checking TRELLIS server status: HTTPConnectionPool(host='localhost', port=8096): Read timed out. (read timeout=5), proceeding anyway.
2025-07-26 17:37:45,289 - INFO - ✅ New task from UID 212: 'weathered leather-bound bow sturdy and reliable...'
2025-07-26 17:37:45,290 - INFO -    Threshold: 0.6, Query time: 0.44s
2025-07-26 17:37:45,290 - INFO - 🔄 Processing task 40972274-58eb-4667-b229-aed6fc16fa69: 'weathered leather-bound bow sturdy and reliable'
2025-07-26 17:37:45,290 - INFO - 🎨 Generating 3D model: 'weathered leather-bound bow sturdy and reliable' (task: 40972274-58eb-4667-b229-aed6fc16fa69)
2025-07-26 17:37:47,032 - INFO - 🚀 Traditional optimization applied:
2025-07-26 17:37:47,032 - INFO -    Original: weathered leather-bound bow sturdy and reliable
2025-07-26 17:37:47,034 - INFO -    Optimized: wbgmsst, a weathered leather-bound bow of supple, rich brown hue with intricate braiding along its edges, nestled amongst the roots of an ancient, gnarled tree in a mystical, mist-shrouded forest glade, where sunlight filters through lacy foliage and ferns sway gently in the soft, emerald breeze, white background
2025-07-26 17:37:47,034 - INFO -    Confidence: 80.0%
2025-07-26 17:37:57,048 - WARNING - [TRELLIS] Exception clearing GPU cache: HTTPConnectionPool(host='localhost', port=8096): Read timed out. (read timeout=10)
2025-07-26 17:37:57,048 - INFO -    🎲 Using deterministic seed: 42
2025-07-26 17:38:27,678 - INFO - ✅ Generation successful in 30.62s (9,369,278 bytes)
2025-07-26 17:38:27,678 - INFO - 📤 Submitting result: 40972274-58eb-4667-b229-aed6fc16fa69
2025-07-26 17:38:27,678 - INFO -    📦 Using SPZ-compressed data from server (9,369,278 bytes)
2025-07-26 17:38:39,491 - INFO - ⏱️ Total processing time: 54.22s (from validator response to submission)
2025-07-26 17:38:39,491 - INFO - ✅ Submission successful to UID 212 (11.79s)
2025-07-26 17:38:39,491 - INFO -    Task fidelity: 0.8000
2025-07-26 17:38:39,491 - INFO -    Average fidelity: 0.9123
2025-07-26 17:38:39,491 - INFO -    Miner reward: 4.561440
2025-07-26 17:38:39,491 - INFO -    Validation failed: False
2025-07-26 17:38:39,492 - INFO -    Generations in window: 5
2025-07-26 17:38:39,519 - INFO - ✅ Task 40972274-58eb-4667-b229-aed6fc16fa69 completed successfully
2025-07-26 17:38:46,528 - WARNING - ⚠️ Exception checking TRELLIS server status: HTTPConnectionPool(host='localhost', port=8096): Read timed out. (read timeout=5), proceeding anyway.
2025-07-26 17:38:51,693 - WARNING - ⚠️ Exception checking TRELLIS server status: HTTPConnectionPool(host='localhost', port=8096): Read timed out. (read timeout=5), proceeding anyway.
2025-07-26 17:38:56,847 - WARNING - ⚠️ Exception checking TRELLIS server status: HTTPConnectionPool(host='localhost', port=8096): Read timed out. (read timeout=5), proceeding anyway.
2025-07-26 17:39:02,007 - WARNING - ⚠️ Exception checking TRELLIS server status: HTTPConnectionPool(host='localhost', port=8096): Read timed out. (read timeout=5), proceeding anyway.
2025-07-26 17:39:02,692 - INFO - ✅ New task from UID 27: 'tourmaline with multicolored needle-like crystals...'
2025-07-26 17:39:02,692 - INFO -    Threshold: 0.6, Query time: 0.63s
2025-07-26 17:39:02,692 - INFO - 🔄 Processing task 91f411cb-47c2-4838-ab20-7e98eacdc9cd: 'tourmaline with multicolored needle-like crystals'
2025-07-26 17:39:02,692 - INFO - 🎨 Generating 3D model: 'tourmaline with multicolored needle-like crystals' (task: 91f411cb-47c2-4838-ab20-7e98eacdc9cd)
2025-07-26 17:39:03,159 - INFO - 🚀 Traditional optimization applied:
2025-07-26 17:39:03,159 - INFO -    Original: tourmaline with multicolored needle-like crystals
2025-07-26 17:39:03,160 - INFO -    Optimized: wbgmsst, a slender tourmaline gemstone showcasing multicolored needle-like crystals radiating from its crystalline structure amidst the soft glow of an ethereal light source, white background
2025-07-26 17:39:03,160 - INFO -    Confidence: 80.0%
2025-07-26 17:39:04,303 - INFO - [TRELLIS] GPU cache cleared: {'status': 'cache_cleared', 'available_memory_gb': 19.6132864}
2025-07-26 17:39:04,304 - INFO -    🎲 Using deterministic seed: 42
2025-07-26 17:39:30,327 - INFO - ✅ Generation successful in 26.02s (8,426,074 bytes)
2025-07-26 17:39:30,328 - INFO - 📤 Submitting result: 91f411cb-47c2-4838-ab20-7e98eacdc9cd
2025-07-26 17:39:30,328 - INFO -    📦 Using SPZ-compressed data from server (8,426,074 bytes)
2025-07-26 17:39:34,933 - INFO - ⏱️ Total processing time: 32.29s (from validator response to submission)
2025-07-26 17:39:34,934 - INFO - ✅ Submission successful to UID 27 (4.57s)
2025-07-26 17:39:34,934 - INFO -    Task fidelity: 0.8836
2025-07-26 17:39:34,935 - INFO -    Average fidelity: 0.8590
2025-07-26 17:39:34,935 - INFO -    Miner reward: 14.602911
2025-07-26 17:39:34,935 - INFO -    Validation failed: False
2025-07-26 17:39:34,935 - INFO -    Generations in window: 17
2025-07-26 17:39:34,957 - INFO - ✅ Task 91f411cb-47c2-4838-ab20-7e98eacdc9cd completed successfully
2025-07-26 17:39:35,438 - INFO - ✅ New task from UID 49: 'smooth jade greenish and cylindrical...'
2025-07-26 17:39:35,438 - INFO -    Threshold: 0.6, Query time: 0.45s
2025-07-26 17:39:35,438 - INFO - 🔄 Processing task 70cdb794-3720-4c6d-9d95-02f78d8e86b5: 'smooth jade greenish and cylindrical'
2025-07-26 17:39:35,438 - INFO - 🎨 Generating 3D model: 'smooth jade greenish and cylindrical' (task: 70cdb794-3720-4c6d-9d95-02f78d8e86b5)
2025-07-26 17:39:35,953 - INFO - 🚀 Traditional optimization applied:
2025-07-26 17:39:35,953 - INFO -    Original: smooth jade greenish and cylindrical
2025-07-26 17:39:35,954 - INFO -    Optimized: wbgmsst, a smooth jade-greenish and cylindrical object protrudes from ancient, weathered stone surrounded by vines with leaves that shimmer in soft, ethereal light on a misty, overgrown temple wall, white background
2025-07-26 17:39:35,954 - INFO -    Confidence: 80.0%
2025-07-26 17:39:36,946 - INFO - [TRELLIS] GPU cache cleared: {'status': 'cache_cleared', 'available_memory_gb': 19.939721216}
2025-07-26 17:39:36,947 - INFO -    🎲 Using deterministic seed: 42
2025-07-26 17:40:04,199 - INFO - ✅ Generation successful in 27.24s (10,330,008 bytes)
2025-07-26 17:40:04,199 - INFO - 📤 Submitting result: 70cdb794-3720-4c6d-9d95-02f78d8e86b5
2025-07-26 17:40:04,199 - INFO -    📦 Using SPZ-compressed data from server (10,330,008 bytes)
2025-07-26 17:40:06,722 - INFO - ⏱️ Total processing time: 31.31s (from validator response to submission)
2025-07-26 17:40:06,723 - INFO - ✅ Submission successful to UID 49 (2.48s)
2025-07-26 17:40:06,723 - INFO -    Task fidelity: 0.8811
2025-07-26 17:40:06,723 - INFO -    Average fidelity: 0.8099
2025-07-26 17:40:06,723 - INFO -    Miner reward: 29.967374
2025-07-26 17:40:06,723 - INFO -    Validation failed: False
2025-07-26 17:40:06,723 - INFO -    Generations in window: 37
2025-07-26 17:40:06,750 - INFO - ✅ Task 70cdb794-3720-4c6d-9d95-02f78d8e86b5 completed successfully
2025-07-26 17:40:11,757 - WARNING - ⚠️ Exception checking TRELLIS server status: HTTPConnectionPool(host='localhost', port=8096): Read timed out. (read timeout=5), proceeding anyway.
2025-07-26 17:40:17,284 - WARNING - ⚠️ Exception checking TRELLIS server status: HTTPConnectionPool(host='localhost', port=8096): Read timed out. (read timeout=5), proceeding anyway.
2025-07-26 17:40:22,434 - WARNING - ⚠️ Exception checking TRELLIS server status: HTTPConnectionPool(host='localhost', port=8096): Read timed out. (read timeout=5), proceeding anyway.
2025-07-26 17:40:27,729 - WARNING - ⚠️ Exception checking TRELLIS server status: HTTPConnectionPool(host='localhost', port=8096): Read timed out. (read timeout=5), proceeding anyway.
2025-07-26 17:41:10,972 - WARNING - ⚠️ Exception checking TRELLIS server status: HTTPConnectionPool(host='localhost', port=8096): Read timed out. (read timeout=5), proceeding anyway.
2025-07-26 17:41:15,975 - WARNING - ⚠️ Exception checking TRELLIS server status: HTTPConnectionPool(host='localhost', port=8096): Read timed out. (read timeout=5), proceeding anyway.
2025-07-26 17:41:21,126 - WARNING - ⚠️ Exception checking TRELLIS server status: HTTPConnectionPool(host='localhost', port=8096): Read timed out. (read timeout=5), proceeding anyway.
2025-07-26 17:41:26,281 - WARNING - ⚠️ Exception checking TRELLIS server status: HTTPConnectionPool(host='localhost', port=8096): Read timed out. (read timeout=5), proceeding anyway.
2025-07-26 17:42:09,370 - WARNING - ⚠️ Exception checking TRELLIS server status: HTTPConnectionPool(host='localhost', port=8096): Read timed out. (read timeout=5), proceeding anyway.
2025-07-26 17:42:14,374 - WARNING - ⚠️ Exception checking TRELLIS server status: HTTPConnectionPool(host='localhost', port=8096): Read timed out. (read timeout=5), proceeding anyway.
2025-07-26 17:42:19,381 - WARNING - ⚠️ Exception checking TRELLIS server status: HTTPConnectionPool(host='localhost', port=8096): Read timed out. (read timeout=5), proceeding anyway.
2025-07-26 17:42:24,533 - WARNING - ⚠️ Exception checking TRELLIS server status: HTTPConnectionPool(host='localhost', port=8096): Read timed out. (read timeout=5), proceeding anyway.
2025-07-26 17:42:29,511 - INFO - ✅ New task from UID 49: 'turquoise charm on chain...'
2025-07-26 17:42:29,511 - INFO -    Threshold: 0.6, Query time: 0.49s
2025-07-26 17:42:29,511 - INFO - 🔄 Processing task 91dc216a-df9f-4981-829c-51a299da07f2: 'turquoise charm on chain'
2025-07-26 17:42:29,511 - INFO - 🎨 Generating 3D model: 'turquoise charm on chain' (task: 91dc216a-df9f-4981-829c-51a299da07f2)
2025-07-26 17:42:29,985 - INFO - 🚀 Traditional optimization applied:
2025-07-26 17:42:29,985 - INFO -    Original: turquoise charm on chain
2025-07-26 17:42:29,985 - INFO -    Optimized: wbgmsst, a delicate turquoise charm suspended from a worn leather chain resting against a soft, velvety background with an intricate wooden clasp and subtle golden tones that catch the light, white background
2025-07-26 17:42:29,985 - INFO -    Confidence: 80.0%
2025-07-26 17:42:31,178 - INFO - [TRELLIS] GPU cache cleared: {'status': 'cache_cleared', 'available_memory_gb': 19.6132864}
2025-07-26 17:42:31,179 - INFO -    🎲 Using deterministic seed: 42
2025-07-26 17:42:55,443 - INFO - ✅ Generation successful in 24.26s (5,008,244 bytes)
2025-07-26 17:42:55,444 - INFO - 📤 Submitting result: 91dc216a-df9f-4981-829c-51a299da07f2
2025-07-26 17:42:55,444 - INFO -    📦 Using SPZ-compressed data from server (5,008,244 bytes)
2025-07-26 17:42:57,815 - INFO - ⏱️ Total processing time: 28.33s (from validator response to submission)
2025-07-26 17:42:57,816 - INFO - ✅ Submission successful to UID 49 (2.35s)
2025-07-26 17:42:57,816 - INFO -    Task fidelity: 0.7760
2025-07-26 17:42:57,816 - INFO -    Average fidelity: 0.8082
2025-07-26 17:42:57,816 - INFO -    Miner reward: 29.096362
2025-07-26 17:42:57,816 - INFO -    Validation failed: False
2025-07-26 17:42:57,816 - INFO -    Generations in window: 36
2025-07-26 17:42:57,842 - INFO - ✅ Task 91dc216a-df9f-4981-829c-51a299da07f2 completed successfully
2025-07-26 17:42:58,781 - INFO - ✅ New task from UID 128: 'purple eggplant glossy and firm...'
2025-07-26 17:42:58,781 - INFO -    Threshold: 0.6, Query time: 0.29s
2025-07-26 17:42:58,781 - INFO - 🔄 Processing task 164262e0-bf52-45b3-a404-09099e937c69: 'purple eggplant glossy and firm'
2025-07-26 17:42:58,781 - INFO - 🎨 Generating 3D model: 'purple eggplant glossy and firm' (task: 164262e0-bf52-45b3-a404-09099e937c69)
2025-07-26 17:42:59,414 - INFO - 🚀 Traditional optimization applied:
2025-07-26 17:42:59,414 - INFO -    Original: purple eggplant glossy and firm
2025-07-26 17:42:59,414 - INFO -    Optimized: wbgmsst, a deep purple eggplant with glossy, slightly tender skin, resting on a rustic wooden table surrounded by an assortment of fresh herbs (thyme, rosemary) in a cozy, sunlit garden filled with vibrant greenery and the warmth of golden sunlight, white background
2025-07-26 17:42:59,414 - INFO -    Confidence: 80.0%
2025-07-26 17:43:00,466 - INFO - [TRELLIS] GPU cache cleared: {'status': 'cache_cleared', 'available_memory_gb': 19.939721216}
2025-07-26 17:43:00,466 - INFO -    🎲 Using deterministic seed: 42
2025-07-26 17:43:25,654 - INFO - ✅ Generation successful in 25.18s (8,965,870 bytes)
2025-07-26 17:43:25,654 - INFO - 📤 Submitting result: 164262e0-bf52-45b3-a404-09099e937c69
2025-07-26 17:43:25,654 - INFO -    📦 Using SPZ-compressed data from server (8,965,870 bytes)
2025-07-26 17:43:27,315 - INFO - ⏱️ Total processing time: 28.56s (from validator response to submission)
2025-07-26 17:43:27,316 - INFO - ✅ Submission successful to UID 128 (1.64s)
2025-07-26 17:43:27,316 - INFO -    Task fidelity: 0.7602
2025-07-26 17:43:27,316 - INFO -    Average fidelity: 0.8708
2025-07-26 17:43:27,316 - INFO -    Miner reward: 10.449293
2025-07-26 17:43:27,316 - INFO -    Validation failed: False
2025-07-26 17:43:27,316 - INFO -    Generations in window: 12
2025-07-26 17:43:27,357 - INFO - ✅ Task 164262e0-bf52-45b3-a404-09099e937c69 completed successfully
2025-07-26 17:43:32,364 - WARNING - ⚠️ Exception checking TRELLIS server status: HTTPConnectionPool(host='localhost', port=8096): Read timed out. (read timeout=5), proceeding anyway.
2025-07-26 17:43:32,779 - INFO - ✅ New task from UID 142: 'pastel pink silk-draped chaise lounge...'
2025-07-26 17:43:32,780 - INFO -    Threshold: 0.6, Query time: 0.39s
2025-07-26 17:43:32,781 - INFO - 🔄 Processing task 02af957c-aab3-416e-a30d-f7cc5369b2f4: 'pastel pink silk-draped chaise lounge'
2025-07-26 17:43:32,782 - INFO - 🎨 Generating 3D model: 'pastel pink silk-draped chaise lounge' (task: 02af957c-aab3-416e-a30d-f7cc5369b2f4)
2025-07-26 17:43:33,865 - INFO - 🚀 Traditional optimization applied:
2025-07-26 17:43:33,865 - INFO -    Original: pastel pink silk-draped chaise lounge
2025-07-26 17:43:33,865 - INFO -    Optimized: wbgmsst, a pastel pink silk-draped chaise lounge sits elegantly against a soft, creamy wall in a serene and tranquil bedroom with large windows that filter in gentle morning light, white background
2025-07-26 17:43:33,865 - INFO -    Confidence: 80.0%
2025-07-26 17:43:43,877 - WARNING - [TRELLIS] Exception clearing GPU cache: HTTPConnectionPool(host='localhost', port=8096): Read timed out. (read timeout=10)
2025-07-26 17:43:43,878 - INFO -    🎲 Using deterministic seed: 42
2025-07-26 17:44:21,708 - INFO - ✅ Generation successful in 37.82s (11,680,114 bytes)
2025-07-26 17:44:21,708 - INFO - 📤 Submitting result: 02af957c-aab3-416e-a30d-f7cc5369b2f4
2025-07-26 17:44:21,708 - INFO -    📦 Using SPZ-compressed data from server (11,680,114 bytes)
2025-07-26 17:44:24,554 - INFO - ⏱️ Total processing time: 51.80s (from validator response to submission)
2025-07-26 17:44:24,555 - INFO - ✅ Submission successful to UID 142 (2.80s)
2025-07-26 17:44:24,555 - INFO -    Task fidelity: 0.0000
2025-07-26 17:44:24,555 - INFO -    Average fidelity: 0.8390
2025-07-26 17:44:24,555 - INFO -    Miner reward: 11.745817
2025-07-26 17:44:24,555 - INFO -    Validation failed: False
2025-07-26 17:44:24,555 - INFO -    Generations in window: 14
2025-07-26 17:44:24,587 - INFO - ✅ Task 02af957c-aab3-416e-a30d-f7cc5369b2f4 completed successfully
2025-07-26 17:44:25,024 - INFO - ✅ New task from UID 212: 'new blue screwdriver tip...'
2025-07-26 17:44:25,025 - INFO -    Threshold: 0.6, Query time: 0.41s
2025-07-26 17:44:25,025 - INFO - 🔄 Processing task e2a6fbbf-5aa4-42e0-a005-9c1dbafe8eaa: 'new blue screwdriver tip'
2025-07-26 17:44:25,025 - INFO - 🎨 Generating 3D model: 'new blue screwdriver tip' (task: e2a6fbbf-5aa4-42e0-a005-9c1dbafe8eaa)
2025-07-26 17:44:25,516 - INFO - 🚀 Traditional optimization applied:
2025-07-26 17:44:25,517 - INFO -    Original: new blue screwdriver tip
2025-07-26 17:44:25,517 - INFO -    Optimized: wbgmsst, a slender new blue screwdriver tip protrudes from a workbench, its surface reflecting a faint glow of ambient studio lighting, with scratches and minor scuffs hinting at its usage, white background
2025-07-26 17:44:25,517 - INFO -    Confidence: 80.0%
2025-07-26 17:44:26,493 - INFO - [TRELLIS] GPU cache cleared: {'status': 'cache_cleared', 'available_memory_gb': 19.939721216}
2025-07-26 17:44:26,494 - INFO -    🎲 Using deterministic seed: 42
2025-07-26 17:45:17,481 - INFO - ✅ Generation successful in 50.98s (2,939,874 bytes)
2025-07-26 17:45:17,481 - INFO - 📤 Submitting result: e2a6fbbf-5aa4-42e0-a005-9c1dbafe8eaa
2025-07-26 17:45:17,481 - INFO -    📦 Using SPZ-compressed data from server (2,939,874 bytes)
2025-07-26 17:45:19,510 - INFO - ⏱️ Total processing time: 54.51s (from validator response to submission)
2025-07-26 17:45:19,510 - INFO - ✅ Submission successful to UID 212 (2.02s)
2025-07-26 17:45:19,511 - INFO -    Task fidelity: 0.8166
2025-07-26 17:45:19,511 - INFO -    Average fidelity: 0.9075
2025-07-26 17:45:19,512 - INFO -    Miner reward: 5.445013
2025-07-26 17:45:19,512 - INFO -    Validation failed: False
2025-07-26 17:45:19,513 - INFO -    Generations in window: 6
2025-07-26 17:45:19,547 - INFO - ✅ Task e2a6fbbf-5aa4-42e0-a005-9c1dbafe8eaa completed successfully
2025-07-26 17:45:22,249 - INFO - ✅ Validator refresh complete:
2025-07-26 17:45:22,249 - INFO -    Active validators: 10
2025-07-26 17:45:22,249 - INFO -    Inactive validators: 0
2025-07-26 17:45:22,249 - INFO -    Total eligible validators found: 10
2025-07-26 17:45:22,249 - INFO -    Top validators by stake:
2025-07-26 17:45:22,249 - INFO -      UID 212: 103995.9 TAO (trust: 0.000)
2025-07-26 17:45:22,249 - INFO -      UID 142: 69538.9 TAO (trust: 0.000)
2025-07-26 17:45:22,249 - INFO -      UID 27: 60164.2 TAO (trust: 0.000)
2025-07-26 17:45:22,249 - INFO -      UID 124: 39804.9 TAO (trust: 0.000)
2025-07-26 17:45:22,249 - INFO -      UID 128: 13457.0 TAO (trust: 0.000)
2025-07-26 17:45:23,333 - INFO - ✅ New task from UID 27: 'translucent green jade stone...'
2025-07-26 17:45:23,333 - INFO -    Threshold: 0.6, Query time: 0.61s
2025-07-26 17:45:23,333 - INFO - 🔄 Processing task 42db799e-7f5e-4672-ba33-d610cf6cdbe7: 'translucent green jade stone'
2025-07-26 17:45:23,333 - INFO - 🎨 Generating 3D model: 'translucent green jade stone' (task: 42db799e-7f5e-4672-ba33-d610cf6cdbe7)
2025-07-26 17:45:23,808 - INFO - 🚀 Traditional optimization applied:
2025-07-26 17:45:23,808 - INFO -    Original: translucent green jade stone
2025-07-26 17:45:23,808 - INFO -    Optimized: wbgmsst, a translucent green jade stone nestled among velvety moss and ancient, weathered tree roots, its soft luminescence casting an ethereal glow on the surrounding forest floor, white background.
2025-07-26 17:45:23,808 - INFO -    Confidence: 80.0%
2025-07-26 17:45:25,099 - INFO - [TRELLIS] GPU cache cleared: {'status': 'cache_cleared', 'available_memory_gb': 18.950586368}
2025-07-26 17:45:25,100 - INFO -    🎲 Using deterministic seed: 42
2025-07-26 17:45:52,514 - INFO - ✅ Generation successful in 27.41s (7,557,478 bytes)
2025-07-26 17:45:52,514 - INFO - 📤 Submitting result: 42db799e-7f5e-4672-ba33-d610cf6cdbe7
2025-07-26 17:45:52,514 - INFO -    📦 Using SPZ-compressed data from server (7,557,478 bytes)
2025-07-26 17:45:56,430 - INFO - ⏱️ Total processing time: 33.12s (from validator response to submission)
2025-07-26 17:45:56,430 - INFO - ✅ Submission successful to UID 27 (3.89s)
2025-07-26 17:45:56,430 - INFO -    Task fidelity: 0.8011
2025-07-26 17:45:56,430 - INFO -    Average fidelity: 0.8561
2025-07-26 17:45:56,430 - INFO -    Miner reward: 15.409821
2025-07-26 17:45:56,431 - INFO -    Validation failed: False
2025-07-26 17:45:56,431 - INFO -    Generations in window: 18
2025-07-26 17:45:56,454 - INFO - ✅ Task 42db799e-7f5e-4672-ba33-d610cf6cdbe7 completed successfully
2025-07-26 17:45:56,986 - INFO - ✅ New task from UID 49: 'marimba keys with vibrant rainbow colors...'
2025-07-26 17:45:56,986 - INFO -    Threshold: 0.6, Query time: 0.50s
2025-07-26 17:45:56,986 - INFO - 🔄 Processing task b32bc656-320f-4e80-87f2-98a0ec27cc05: 'marimba keys with vibrant rainbow colors'
2025-07-26 17:45:56,986 - INFO - 🎨 Generating 3D model: 'marimba keys with vibrant rainbow colors' (task: b32bc656-320f-4e80-87f2-98a0ec27cc05)
2025-07-26 17:45:57,364 - INFO - 🚀 Traditional optimization applied:
2025-07-26 17:45:57,364 - INFO -    Original: marimba keys with vibrant rainbow colors
2025-07-26 17:45:57,365 - INFO -    Optimized: wbgmsst, a set of marimba keys with vibrant rainbow colors arranged in a harmonious pattern on a polished wooden surface, white background
2025-07-26 17:45:57,365 - INFO -    Confidence: 80.0%
2025-07-26 17:45:58,358 - INFO - [TRELLIS] GPU cache cleared: {'status': 'cache_cleared', 'available_memory_gb': 19.939721216}
2025-07-26 17:45:58,358 - INFO -    🎲 Using deterministic seed: 42
2025-07-26 17:46:21,159 - INFO - ✅ Generation successful in 22.80s (5,369,331 bytes)
2025-07-26 17:46:21,160 - INFO - 📤 Submitting result: b32bc656-320f-4e80-87f2-98a0ec27cc05
2025-07-26 17:46:21,160 - INFO -    📦 Using SPZ-compressed data from server (5,369,331 bytes)
2025-07-26 17:46:23,117 - INFO - ⏱️ Total processing time: 26.15s (from validator response to submission)
2025-07-26 17:46:23,118 - INFO - ✅ Submission successful to UID 49 (1.93s)
2025-07-26 17:46:23,118 - INFO -    Task fidelity: 0.8426
2025-07-26 17:46:23,118 - INFO -    Average fidelity: 0.8099
2025-07-26 17:46:23,118 - INFO -    Miner reward: 29.158176
2025-07-26 17:46:23,119 - INFO -    Validation failed: False
2025-07-26 17:46:23,119 - INFO -    Generations in window: 36
2025-07-26 17:46:23,142 - INFO - ✅ Task b32bc656-320f-4e80-87f2-98a0ec27cc05 completed successfully
2025-07-26 17:46:28,148 - WARNING - ⚠️ Exception checking TRELLIS server status: HTTPConnectionPool(host='localhost', port=8096): Read timed out. (read timeout=5), proceeding anyway.
2025-07-26 17:46:33,627 - WARNING - ⚠️ Exception checking TRELLIS server status: HTTPConnectionPool(host='localhost', port=8096): Read timed out. (read timeout=5), proceeding anyway.
2025-07-26 17:46:38,791 - WARNING - ⚠️ Exception checking TRELLIS server status: HTTPConnectionPool(host='localhost', port=8096): Read timed out. (read timeout=5), proceeding anyway.
2025-07-26 17:46:44,052 - WARNING - ⚠️ Exception checking TRELLIS server status: HTTPConnectionPool(host='localhost', port=8096): Read timed out. (read timeout=5), proceeding anyway.
2025-07-26 17:46:44,905 - INFO - 📊 CONTINUOUS ORCHESTRATOR STATUS
2025-07-26 17:46:44,906 - INFO - ============================================================
2025-07-26 17:46:44,906 - INFO - Uptime: 0.59 hours
2025-07-26 17:46:44,906 - INFO - Tasks pulled: 33
2025-07-26 17:46:44,906 - INFO - Tasks processed: 33
2025-07-26 17:46:44,906 - INFO - Successful generations: 33
2025-07-26 17:46:44,906 - INFO - Successful validations: 0
2025-07-26 17:46:44,906 - INFO - Successful submissions: 33
2025-07-26 17:46:44,906 - INFO - Total rewards: 569.471357 TAO
2025-07-26 17:46:44,906 - INFO - Idle validations: 0
2025-07-26 17:46:44,906 - INFO - Prompts optimized: 33
2025-07-26 17:46:44,907 - INFO - Reproducibility optimizations: 3
2025-07-26 17:46:44,907 - INFO - Traditional optimizations: 30
2025-07-26 17:46:44,907 - INFO - Optimization improvements: 0
2025-07-26 17:46:44,907 - INFO - Tasks/hour: 55.9
2025-07-26 17:46:44,907 - INFO - Rewards/hour: 963.967640 TAO
2025-07-26 17:46:44,907 - INFO - Average total processing time: 37.22s
2025-07-26 17:46:44,907 - INFO - Optimization rate: 0.0% of prompts improved
2025-07-26 17:46:44,907 - INFO - Active validators: 10
2025-07-26 17:46:44,907 - INFO -   UID 212: 0 tasks, avg score: 0.875
2025-07-26 17:46:44,907 - INFO -   UID 142: 0 tasks, avg score: 0.706
2025-07-26 17:46:44,907 - INFO -   UID 27: 0 tasks, avg score: 0.802
2025-07-26 17:46:44,908 - WARNING - ⚠️ Found 2 unfinished tasks in last 6 hours:
2025-07-26 17:46:44,908 - WARNING -    UID 142: 'matte silver droid designed fo...' - no_submission
2025-07-26 17:46:44,908 - WARNING -    UID 142: 'copper-colored robot with seri...' - no_submission
2025-07-26 17:46:44,909 - INFO - ============================================================
2025-07-26 17:46:44,910 - INFO - 📊 Statistics saved to continuous_trellis_outputs/continuous_stats_20250726_174644.json
2025-07-26 17:47:26,932 - WARNING - ⚠️ Exception checking TRELLIS server status: HTTPConnectionPool(host='localhost', port=8096): Read timed out. (read timeout=5), proceeding anyway.
2025-07-26 17:47:31,935 - WARNING - ⚠️ Exception checking TRELLIS server status: HTTPConnectionPool(host='localhost', port=8096): Read timed out. (read timeout=5), proceeding anyway.
2025-07-26 17:47:36,942 - WARNING - ⚠️ Exception checking TRELLIS server status: HTTPConnectionPool(host='localhost', port=8096): Read timed out. (read timeout=5), proceeding anyway.
2025-07-26 17:47:42,077 - WARNING - ⚠️ Exception checking TRELLIS server status: HTTPConnectionPool(host='localhost', port=8096): Read timed out. (read timeout=5), proceeding anyway.
2025-07-26 17:48:27,187 - WARNING - ⚠️ Exception checking TRELLIS server status: HTTPConnectionPool(host='localhost', port=8096): Read timed out. (read timeout=5), proceeding anyway.
2025-07-26 17:48:32,191 - WARNING - ⚠️ Exception checking TRELLIS server status: HTTPConnectionPool(host='localhost', port=8096): Read timed out. (read timeout=5), proceeding anyway.
2025-07-26 17:48:37,199 - WARNING - ⚠️ Exception checking TRELLIS server status: HTTPConnectionPool(host='localhost', port=8096): Read timed out. (read timeout=5), proceeding anyway.
2025-07-26 17:48:42,333 - WARNING - ⚠️ Exception checking TRELLIS server status: HTTPConnectionPool(host='localhost', port=8096): Read timed out. (read timeout=5), proceeding anyway.
2025-07-26 17:48:43,462 - INFO - ✅ New task from UID 49: 'coral earrings spiral shells...'
2025-07-26 17:48:43,463 - INFO -    Threshold: 0.6, Query time: 0.46s
2025-07-26 17:48:43,463 - INFO - 🔄 Processing task fd16aabd-9544-4a08-ae6b-5ecb13f2a96e: 'coral earrings spiral shells'
2025-07-26 17:48:43,463 - INFO - 🎨 Generating 3D model: 'coral earrings spiral shells' (task: fd16aabd-9544-4a08-ae6b-5ecb13f2a96e)
2025-07-26 17:48:44,052 - INFO - 🚀 Traditional optimization applied:
2025-07-26 17:48:44,052 - INFO -    Original: coral earrings spiral shells
2025-07-26 17:48:44,052 - INFO -    Optimized: wbgmsst, delicate coral earrings adorned with intricate spiral shell details suspended from a slender chain, nestled among soft, woven seaweed strands in a tranquil oceanic environment, surrounded by gentle waves and an ethereal glow of bioluminescent marine life, white background.
2025-07-26 17:48:44,052 - INFO -    Confidence: 80.0%
2025-07-26 17:48:45,320 - INFO - [TRELLIS] GPU cache cleared: {'status': 'cache_cleared', 'available_memory_gb': 19.6132864}
2025-07-26 17:48:45,321 - INFO -    🎲 Using deterministic seed: 42
2025-07-26 17:49:16,218 - INFO - ✅ Generation successful in 30.89s (12,168,859 bytes)
2025-07-26 17:49:16,218 - INFO - 📤 Submitting result: fd16aabd-9544-4a08-ae6b-5ecb13f2a96e
2025-07-26 17:49:16,218 - INFO -    📦 Using SPZ-compressed data from server (12,168,859 bytes)
2025-07-26 17:49:20,897 - INFO - ⏱️ Total processing time: 37.46s (from validator response to submission)
2025-07-26 17:49:20,898 - INFO - ✅ Submission successful to UID 49 (4.64s)
2025-07-26 17:49:20,898 - INFO -    Task fidelity: 0.8178
2025-07-26 17:49:20,898 - INFO -    Average fidelity: 0.8103
2025-07-26 17:49:20,898 - INFO -    Miner reward: 29.172260
2025-07-26 17:49:20,898 - INFO -    Validation failed: False
2025-07-26 17:49:20,898 - INFO -    Generations in window: 36
2025-07-26 17:49:20,926 - INFO - ✅ Task fd16aabd-9544-4a08-ae6b-5ecb13f2a96e completed successfully
2025-07-26 17:49:21,832 - INFO - ✅ New task from UID 128: 'soldier holding rifle standing...'
2025-07-26 17:49:21,832 - INFO -    Threshold: 0.6, Query time: 0.27s
2025-07-26 17:49:21,832 - INFO - 🔄 Processing task 4ef0bd39-b3f1-4353-98fb-ae12d8f86e09: 'soldier holding rifle standing'
2025-07-26 17:49:21,832 - INFO - 🎨 Generating 3D model: 'soldier holding rifle standing' (task: 4ef0bd39-b3f1-4353-98fb-ae12d8f86e09)
2025-07-26 17:49:22,304 - INFO - 🚀 Traditional optimization applied:
2025-07-26 17:49:22,305 - INFO -    Original: soldier holding rifle standing
2025-07-26 17:49:22,305 - INFO -    Optimized: wbgmsst, a weathered small wooden hammer resting on a worn leather workbench amidst tools of various trades in a cozy, rustic workshop filled with natural light and the scent of sawdust, white background
2025-07-26 17:49:22,305 - INFO -    Confidence: 80.0%
2025-07-26 17:49:23,420 - INFO - [TRELLIS] GPU cache cleared: {'status': 'cache_cleared', 'available_memory_gb': 19.939721216}
2025-07-26 17:49:23,421 - INFO -    🎲 Using deterministic seed: 42
2025-07-26 17:50:23,870 - INFO - ✅ Generation successful in 60.43s (18,058,702 bytes)
2025-07-26 17:50:23,871 - INFO - 📤 Submitting result: 4ef0bd39-b3f1-4353-98fb-ae12d8f86e09
2025-07-26 17:50:23,871 - INFO -    📦 Using SPZ-compressed data from server (18,058,702 bytes)
2025-07-26 17:50:27,047 - INFO - ⏱️ Total processing time: 65.24s (from validator response to submission)
2025-07-26 17:50:27,047 - INFO - ✅ Submission successful to UID 128 (3.10s)
2025-07-26 17:50:27,047 - INFO -    Task fidelity: 0.0000
2025-07-26 17:50:27,047 - INFO -    Average fidelity: 0.8708
2025-07-26 17:50:27,047 - INFO -    Miner reward: 9.578519
2025-07-26 17:50:27,047 - INFO -    Validation failed: False
2025-07-26 17:50:27,047 - INFO -    Generations in window: 11
2025-07-26 17:50:27,070 - INFO - ✅ Task 4ef0bd39-b3f1-4353-98fb-ae12d8f86e09 completed successfully
2025-07-26 17:50:27,807 - INFO - ✅ New task from UID 212: 'metal drill with black handle and blue tip...'
2025-07-26 17:50:27,807 - INFO -    Threshold: 0.6, Query time: 0.42s
2025-07-26 17:50:27,807 - INFO - 🔄 Processing task 117a0eda-4f5f-4e9c-9939-3c560928efa0: 'metal drill with black handle and blue tip'
2025-07-26 17:50:27,807 - INFO - 🎨 Generating 3D model: 'metal drill with black handle and blue tip' (task: 117a0eda-4f5f-4e9c-9939-3c560928efa0)
2025-07-26 17:50:28,410 - INFO - 🚀 Traditional optimization applied:
2025-07-26 17:50:28,410 - INFO -    Original: metal drill with black handle and blue tip
2025-07-26 17:50:28,410 - INFO -    Optimized: wbgmsst, a sleek metal drill with a weathered black handle and a bright blue tip resting on a worn wooden workbench amidst various hand tools in a cluttered, dimly lit garage filled with the scent of motor oil and the hum of machinery, white background
2025-07-26 17:50:28,410 - INFO -    Confidence: 80.0%
2025-07-26 17:50:29,621 - INFO - [TRELLIS] GPU cache cleared: {'status': 'cache_cleared', 'available_memory_gb': 18.950586368}
2025-07-26 17:50:29,622 - INFO -    🎲 Using deterministic seed: 42
2025-07-26 17:50:59,747 - INFO - ✅ Generation successful in 30.12s (9,776,934 bytes)
2025-07-26 17:50:59,747 - INFO - 📤 Submitting result: 117a0eda-4f5f-4e9c-9939-3c560928efa0
2025-07-26 17:50:59,748 - INFO -    📦 Using SPZ-compressed data from server (9,776,934 bytes)
2025-07-26 17:51:02,923 - INFO - ⏱️ Total processing time: 35.14s (from validator response to submission)
2025-07-26 17:51:02,923 - INFO - ✅ Submission successful to UID 212 (3.15s)
2025-07-26 17:51:02,923 - INFO -    Task fidelity: 0.0000
2025-07-26 17:51:02,924 - INFO -    Average fidelity: 0.9075
2025-07-26 17:51:02,924 - INFO -    Miner reward: 5.445013
2025-07-26 17:51:02,924 - INFO -    Validation failed: False
2025-07-26 17:51:02,924 - INFO -    Generations in window: 6
2025-07-26 17:51:02,952 - INFO - ✅ Task 117a0eda-4f5f-4e9c-9939-3c560928efa0 completed successfully
2025-07-26 17:51:06,078 - INFO - ✅ New task from UID 27: 'slender yellow monkey...'
2025-07-26 17:51:06,078 - INFO -    Threshold: 0.6, Query time: 0.64s
2025-07-26 17:51:06,079 - INFO - 🔄 Processing task e99c1d44-6174-4c6e-a49a-fa79e44a2741: 'slender yellow monkey'
2025-07-26 17:51:06,079 - INFO - 🎨 Generating 3D model: 'slender yellow monkey' (task: e99c1d44-6174-4c6e-a49a-fa79e44a2741)
2025-07-26 17:51:06,683 - INFO - 🚀 Traditional optimization applied:
2025-07-26 17:51:06,683 - INFO -    Original: slender yellow monkey
2025-07-26 17:51:06,683 - INFO -    Optimized: wbgmsst, a slender yellow monkey perched atop a gnarled branch suspended high above the misty jungle canopy with vines crawling down its trunk and sunlight filtering through the leaves in dappled patterns, white background
2025-07-26 17:51:06,684 - INFO -    Confidence: 80.0%
2025-07-26 17:51:07,616 - INFO - [TRELLIS] GPU cache cleared: {'status': 'cache_cleared', 'available_memory_gb': 19.939721216}
2025-07-26 17:51:07,617 - INFO -    🎲 Using deterministic seed: 42
2025-07-26 17:51:33,086 - INFO - ✅ Generation successful in 25.46s (8,298,146 bytes)
2025-07-26 17:51:33,088 - INFO - 📤 Submitting result: e99c1d44-6174-4c6e-a49a-fa79e44a2741
2025-07-26 17:51:33,088 - INFO -    📦 Using SPZ-compressed data from server (8,298,146 bytes)
2025-07-26 17:51:37,880 - INFO - ⏱️ Total processing time: 31.82s (from validator response to submission)
2025-07-26 17:51:37,880 - INFO - ✅ Submission successful to UID 27 (4.75s)
2025-07-26 17:51:37,881 - INFO -    Task fidelity: 0.8624
2025-07-26 17:51:37,881 - INFO -    Average fidelity: 0.8564
2025-07-26 17:51:37,881 - INFO -    Miner reward: 16.271929
2025-07-26 17:51:37,881 - INFO -    Validation failed: False
2025-07-26 17:51:37,881 - INFO -    Generations in window: 19
2025-07-26 17:51:37,906 - INFO - ✅ Task e99c1d44-6174-4c6e-a49a-fa79e44a2741 completed successfully
2025-07-26 17:51:42,911 - WARNING - ⚠️ Exception checking TRELLIS server status: HTTPConnectionPool(host='localhost', port=8096): Read timed out. (read timeout=5), proceeding anyway.
2025-07-26 17:51:43,490 - INFO - ✅ New task from UID 49: 'silver toy spoon feeding...'
2025-07-26 17:51:43,490 - INFO -    Threshold: 0.6, Query time: 0.55s
2025-07-26 17:51:43,490 - INFO - 🔄 Processing task 4c10bc65-9da9-4338-bc72-9712c8ead20a: 'silver toy spoon feeding'
2025-07-26 17:51:43,490 - INFO - 🎨 Generating 3D model: 'silver toy spoon feeding' (task: 4c10bc65-9da9-4338-bc72-9712c8ead20a)
2025-07-26 17:51:44,366 - INFO - 🚀 Traditional optimization applied:
2025-07-26 17:51:44,367 - INFO -    Original: silver toy spoon feeding
2025-07-26 17:51:44,367 - INFO -    Optimized: wbgmsst, a slender silver toy spoon delicately feeding tiny hands on a soft, plush toy's cheek, with subtle sheen and intricate details, white background.
2025-07-26 17:51:44,367 - INFO -    Confidence: 80.0%
2025-07-26 17:51:54,379 - WARNING - [TRELLIS] Exception clearing GPU cache: HTTPConnectionPool(host='localhost', port=8096): Read timed out. (read timeout=10)
2025-07-26 17:51:54,380 - INFO -    🎲 Using deterministic seed: 42
2025-07-26 17:52:25,095 - INFO - ✅ Generation successful in 30.71s (8,583,012 bytes)
2025-07-26 17:52:25,095 - INFO - 📤 Submitting result: 4c10bc65-9da9-4338-bc72-9712c8ead20a
2025-07-26 17:52:25,095 - INFO -    📦 Using SPZ-compressed data from server (8,583,012 bytes)
2025-07-26 17:52:27,424 - INFO - ⏱️ Total processing time: 43.96s (from validator response to submission)
2025-07-26 17:52:27,424 - INFO - ✅ Submission successful to UID 49 (2.29s)
2025-07-26 17:52:27,425 - INFO -    Task fidelity: 0.8302
2025-07-26 17:52:27,425 - INFO -    Average fidelity: 0.8113
2025-07-26 17:52:27,425 - INFO -    Miner reward: 29.208044
2025-07-26 17:52:27,425 - INFO -    Validation failed: False
2025-07-26 17:52:27,425 - INFO -    Generations in window: 36
2025-07-26 17:52:27,452 - INFO - ✅ Task 4c10bc65-9da9-4338-bc72-9712c8ead20a completed successfully
2025-07-26 17:52:27,999 - INFO - ✅ New task from UID 81: 'black matte boxy-shaped robot...'
2025-07-26 17:52:27,999 - INFO -    Threshold: 0.6, Query time: 0.52s
2025-07-26 17:52:27,999 - INFO - 🔄 Processing task b0006333-c349-4333-89ec-7b9a40e58e14: 'black matte boxy-shaped robot'
2025-07-26 17:52:28,000 - INFO - 🎨 Generating 3D model: 'black matte boxy-shaped robot' (task: b0006333-c349-4333-89ec-7b9a40e58e14)
2025-07-26 17:52:28,542 - INFO - 🚀 Traditional optimization applied:
2025-07-26 17:52:28,543 - INFO -    Original: black matte boxy-shaped robot
2025-07-26 17:52:28,543 - INFO -    Optimized: wbgmsst, a sleek black matte boxy-shaped robot stands proudly on a metallic workbench amidst an assortment of futuristic gadgets and wires in a dimly lit, high-tech laboratory filled with holographic displays and the hum of machinery, white background
2025-07-26 17:52:28,543 - INFO -    Confidence: 80.0%
2025-07-26 17:52:29,506 - INFO - [TRELLIS] GPU cache cleared: {'status': 'cache_cleared', 'available_memory_gb': 19.939721216}
2025-07-26 17:52:29,507 - INFO -    🎲 Using deterministic seed: 42
2025-07-26 17:53:25,443 - INFO - ✅ Generation successful in 55.92s (14,347,416 bytes)
2025-07-26 17:53:25,444 - INFO - 📤 Submitting result: b0006333-c349-4333-89ec-7b9a40e58e14
2025-07-26 17:53:25,445 - INFO -    📦 Using SPZ-compressed data from server (14,347,416 bytes)
2025-07-26 17:53:36,326 - INFO - ⏱️ Total processing time: 68.35s (from validator response to submission)
2025-07-26 17:53:36,327 - INFO - ✅ Submission successful to UID 81 (10.83s)
2025-07-26 17:53:36,327 - INFO -    Task fidelity: 0.6675
2025-07-26 17:53:36,327 - INFO -    Average fidelity: 0.9166
2025-07-26 17:53:36,327 - INFO -    Miner reward: 6.416267
2025-07-26 17:53:36,327 - INFO -    Validation failed: False
2025-07-26 17:53:36,327 - INFO -    Generations in window: 7
2025-07-26 17:53:36,366 - INFO - ✅ Task b0006333-c349-4333-89ec-7b9a40e58e14 completed successfully
2025-07-26 17:54:07,277 - WARNING - ⚠️ Exception checking TRELLIS server status: HTTPConnectionPool(host='localhost', port=8096): Read timed out. (read timeout=5), proceeding anyway.
2025-07-26 17:54:12,284 - WARNING - ⚠️ Exception checking TRELLIS server status: HTTPConnectionPool(host='localhost', port=8096): Read timed out. (read timeout=5), proceeding anyway.
2025-07-26 17:54:17,289 - WARNING - ⚠️ Exception checking TRELLIS server status: HTTPConnectionPool(host='localhost', port=8096): Read timed out. (read timeout=5), proceeding anyway.
2025-07-26 17:54:22,295 - WARNING - ⚠️ Exception checking TRELLIS server status: HTTPConnectionPool(host='localhost', port=8096): Read timed out. (read timeout=5), proceeding anyway.
2025-07-26 17:54:29,198 - INFO - ✅ New task from UID 49: 'brown army tent structure...'
2025-07-26 17:54:29,198 - INFO -    Threshold: 0.6, Query time: 0.43s
2025-07-26 17:54:29,198 - INFO - 🔄 Processing task 1f45d6fd-db77-4e45-b5e9-d75b8afa4f1e: 'brown army tent structure'
2025-07-26 17:54:29,198 - INFO - 🎨 Generating 3D model: 'brown army tent structure' (task: 1f45d6fd-db77-4e45-b5e9-d75b8afa4f1e)
2025-07-26 17:54:29,760 - INFO - 🚀 Traditional optimization applied:
2025-07-26 17:54:29,761 - INFO -    Original: brown army tent structure
2025-07-26 17:54:29,761 - INFO -    Optimized: wbgmsst, a sturdy brown army tent structure set against a misty morning landscape with rolling hills and distant trees, weathered canvas flapping gently in the breeze, rich earth tones and earthy scents of damp soil and foliage, white background
2025-07-26 17:54:29,761 - INFO -    Confidence: 80.0%
2025-07-26 17:54:30,888 - INFO - [TRELLIS] GPU cache cleared: {'status': 'cache_cleared', 'available_memory_gb': 18.950586368}
2025-07-26 17:54:30,889 - INFO -    🎲 Using deterministic seed: 42
2025-07-26 17:54:54,957 - INFO - ✅ Generation successful in 24.06s (4,208,933 bytes)
2025-07-26 17:54:54,958 - INFO - 📤 Submitting result: 1f45d6fd-db77-4e45-b5e9-d75b8afa4f1e
2025-07-26 17:54:54,958 - INFO -    📦 Using SPZ-compressed data from server (4,208,933 bytes)
2025-07-26 17:54:56,889 - INFO - ⏱️ Total processing time: 27.72s (from validator response to submission)
2025-07-26 17:54:56,890 - INFO - ✅ Submission successful to UID 49 (1.92s)
2025-07-26 17:54:56,890 - INFO -    Task fidelity: 0.6261
2025-07-26 17:54:56,890 - INFO -    Average fidelity: 0.8021
2025-07-26 17:54:56,891 - INFO -    Miner reward: 28.874577
2025-07-26 17:54:56,891 - INFO -    Validation failed: False
2025-07-26 17:54:56,891 - INFO -    Generations in window: 36
2025-07-26 17:54:56,918 - INFO - ✅ Task 1f45d6fd-db77-4e45-b5e9-d75b8afa4f1e completed successfully
2025-07-26 17:55:14,765 - WARNING - ⚠️ Exception checking TRELLIS server status: HTTPConnectionPool(host='localhost', port=8096): Read timed out. (read timeout=5), proceeding anyway.
2025-07-26 17:55:19,918 - WARNING - ⚠️ Exception checking TRELLIS server status: HTTPConnectionPool(host='localhost', port=8096): Read timed out. (read timeout=5), proceeding anyway.
2025-07-26 17:55:25,071 - WARNING - ⚠️ Exception checking TRELLIS server status: HTTPConnectionPool(host='localhost', port=8096): Read timed out. (read timeout=5), proceeding anyway.
2025-07-26 17:55:30,220 - WARNING - ⚠️ Exception checking TRELLIS server status: HTTPConnectionPool(host='localhost', port=8096): Read timed out. (read timeout=5), proceeding anyway.
2025-07-26 17:55:37,874 - INFO - ✅ Validator refresh complete:
2025-07-26 17:55:37,874 - INFO -    Active validators: 10
2025-07-26 17:55:37,874 - INFO -    Inactive validators: 0
2025-07-26 17:55:37,874 - INFO -    Total eligible validators found: 10
2025-07-26 17:55:37,874 - INFO -    Top validators by stake:
2025-07-26 17:55:37,874 - INFO -      UID 212: 103995.9 TAO (trust: 0.000)
2025-07-26 17:55:37,875 - INFO -      UID 142: 69538.9 TAO (trust: 0.000)
2025-07-26 17:55:37,875 - INFO -      UID 27: 60164.2 TAO (trust: 0.000)
2025-07-26 17:55:37,875 - INFO -      UID 124: 39804.9 TAO (trust: 0.000)
2025-07-26 17:55:37,875 - INFO -      UID 128: 13457.0 TAO (trust: 0.000)
2025-07-26 17:55:37,906 - INFO - 📊 CONTINUOUS ORCHESTRATOR STATUS
2025-07-26 17:55:37,906 - INFO - ============================================================
2025-07-26 17:55:37,906 - INFO - Uptime: 0.74 hours
2025-07-26 17:55:37,906 - INFO - Tasks pulled: 40
2025-07-26 17:55:37,906 - INFO - Tasks processed: 40
2025-07-26 17:55:37,906 - INFO - Successful generations: 40
2025-07-26 17:55:37,906 - INFO - Successful validations: 0
2025-07-26 17:55:37,907 - INFO - Successful submissions: 40
2025-07-26 17:55:37,907 - INFO - Total rewards: 694.437966 TAO
2025-07-26 17:55:37,907 - INFO - Idle validations: 0
2025-07-26 17:55:37,907 - INFO - Prompts optimized: 40
2025-07-26 17:55:37,907 - INFO - Reproducibility optimizations: 3
2025-07-26 17:55:37,907 - INFO - Traditional optimizations: 37
2025-07-26 17:55:37,907 - INFO - Optimization improvements: 0
2025-07-26 17:55:37,907 - INFO - Tasks/hour: 54.1
2025-07-26 17:55:37,907 - INFO - Rewards/hour: 939.936824 TAO
2025-07-26 17:55:37,907 - INFO - Average total processing time: 38.45s
2025-07-26 17:55:37,907 - INFO - Optimization rate: 0.0% of prompts improved
2025-07-26 17:55:37,907 - INFO - Active validators: 10
2025-07-26 17:55:37,907 - INFO -   UID 212: 0 tasks, avg score: 0.788
2025-07-26 17:55:37,908 - INFO -   UID 142: 0 tasks, avg score: 0.706
2025-07-26 17:55:37,908 - INFO -   UID 27: 0 tasks, avg score: 0.808
2025-07-26 17:55:37,909 - WARNING - ⚠️ Found 2 unfinished tasks in last 6 hours:
2025-07-26 17:55:37,909 - WARNING -    UID 142: 'matte silver droid designed fo...' - no_submission
2025-07-26 17:55:37,909 - WARNING -    UID 142: 'copper-colored robot with seri...' - no_submission
2025-07-26 17:55:37,909 - INFO - ============================================================
2025-07-26 17:55:37,910 - INFO - 📊 Statistics saved to continuous_trellis_outputs/continuous_stats_20250726_175537.json
2025-07-26 17:56:14,953 - WARNING - ⚠️ Exception checking TRELLIS server status: HTTPConnectionPool(host='localhost', port=8096): Read timed out. (read timeout=5), proceeding anyway.
2025-07-26 17:56:19,960 - WARNING - ⚠️ Exception checking TRELLIS server status: HTTPConnectionPool(host='localhost', port=8096): Read timed out. (read timeout=5), proceeding anyway.
2025-07-26 17:56:24,967 - WARNING - ⚠️ Exception checking TRELLIS server status: HTTPConnectionPool(host='localhost', port=8096): Read timed out. (read timeout=5), proceeding anyway.
2025-07-26 17:56:30,121 - WARNING - ⚠️ Exception checking TRELLIS server status: HTTPConnectionPool(host='localhost', port=8096): Read timed out. (read timeout=5), proceeding anyway.
2025-07-26 17:56:30,771 - INFO - ✅ New task from UID 27: 'lustrous teardrop-shaped garnet nugget...'
2025-07-26 17:56:30,771 - INFO -    Threshold: 0.6, Query time: 0.62s
2025-07-26 17:56:30,771 - INFO - 🔄 Processing task 4c442ef4-c5ee-4289-9c45-07f095a23e9e: 'lustrous teardrop-shaped garnet nugget'
2025-07-26 17:56:30,772 - INFO - 🎨 Generating 3D model: 'lustrous teardrop-shaped garnet nugget' (task: 4c442ef4-c5ee-4289-9c45-07f095a23e9e)
2025-07-26 17:56:31,325 - INFO - 🚀 Traditional optimization applied:
2025-07-26 17:56:31,326 - INFO -    Original: lustrous teardrop-shaped garnet nugget
2025-07-26 17:56:31,326 - INFO -    Optimized: wbgmsst, a lustrous teardrop-shaped garnet nugget nestled within a delicate, intricate crystal framework suspended from the edge of a polished obsidian pedestal, surrounded by frosty silver accents and set against a soft, ethereal glow.
2025-07-26 17:56:31,326 - INFO -    Confidence: 80.0%
2025-07-26 17:56:32,871 - INFO - [TRELLIS] GPU cache cleared: {'status': 'cache_cleared', 'available_memory_gb': 19.6132864}
2025-07-26 17:56:32,871 - INFO -    🎲 Using deterministic seed: 42
2025-07-26 17:57:06,061 - INFO - ✅ Generation successful in 33.18s (13,614,941 bytes)
2025-07-26 17:57:06,061 - INFO - 📤 Submitting result: 4c442ef4-c5ee-4289-9c45-07f095a23e9e
2025-07-26 17:57:06,062 - INFO -    📦 Using SPZ-compressed data from server (13,614,941 bytes)
2025-07-26 17:57:18,508 - INFO - ⏱️ Total processing time: 47.76s (from validator response to submission)
2025-07-26 17:57:18,508 - INFO - ✅ Submission successful to UID 27 (12.40s)
2025-07-26 17:57:18,508 - INFO -    Task fidelity: 0.8007
2025-07-26 17:57:18,508 - INFO -    Average fidelity: 0.8536
2025-07-26 17:57:18,508 - INFO -    Miner reward: 17.072623
2025-07-26 17:57:18,508 - INFO -    Validation failed: False
2025-07-26 17:57:18,508 - INFO -    Generations in window: 20
2025-07-26 17:57:18,549 - INFO - ✅ Task 4c442ef4-c5ee-4289-9c45-07f095a23e9e completed successfully
2025-07-26 17:57:23,557 - WARNING - ⚠️ Exception checking TRELLIS server status: HTTPConnectionPool(host='localhost', port=8096): Read timed out. (read timeout=5), proceeding anyway.
2025-07-26 17:57:24,023 - INFO - ✅ New task from UID 49: 'thick gold bracelet with large square green gemsto...'
2025-07-26 17:57:24,023 - INFO -    Threshold: 0.6, Query time: 0.44s
2025-07-26 17:57:24,024 - INFO - 🔄 Processing task 1e5684b4-17d5-4428-a1f3-e3de24e59054: 'thick gold bracelet with large square green gemstone in center'
2025-07-26 17:57:24,024 - INFO - 🎨 Generating 3D model: 'thick gold bracelet with large square green gemstone in center' (task: 1e5684b4-17d5-4428-a1f3-e3de24e59054)
2025-07-26 17:57:25,416 - INFO - 🚀 Traditional optimization applied:
2025-07-26 17:57:25,416 - INFO -    Original: thick gold bracelet with large square green gemstone in center
2025-07-26 17:57:25,416 - INFO -    Optimized: wbgmsst, a thick, ornate gold bracelet adorning the wrist of a noble figure, centered with a large, square-cut emerald-studded gemstone that glimmers like a miniature oasis amidst the intricate filigree and engravings on its surface, white background
2025-07-26 17:57:25,416 - INFO -    Confidence: 80.0%
2025-07-26 17:57:35,428 - WARNING - [TRELLIS] Exception clearing GPU cache: HTTPConnectionPool(host='localhost', port=8096): Read timed out. (read timeout=10)
2025-07-26 17:57:35,428 - INFO -    🎲 Using deterministic seed: 42
2025-07-26 17:58:08,678 - INFO - ✅ Generation successful in 33.24s (6,157,952 bytes)
2025-07-26 17:58:08,678 - INFO - 📤 Submitting result: 1e5684b4-17d5-4428-a1f3-e3de24e59054
2025-07-26 17:58:08,678 - INFO -    📦 Using SPZ-compressed data from server (6,157,952 bytes)
2025-07-26 17:58:12,441 - INFO - ⏱️ Total processing time: 48.44s (from validator response to submission)
2025-07-26 17:58:12,442 - INFO - ✅ Submission successful to UID 49 (3.75s)
2025-07-26 17:58:12,442 - INFO -    Task fidelity: 0.0000
2025-07-26 17:58:12,442 - INFO -    Average fidelity: 0.8021
2025-07-26 17:58:12,442 - INFO -    Miner reward: 27.270434
2025-07-26 17:58:12,442 - INFO -    Validation failed: False
2025-07-26 17:58:12,442 - INFO -    Generations in window: 34
2025-07-26 17:58:12,486 - INFO - ✅ Task 1e5684b4-17d5-4428-a1f3-e3de24e59054 completed successfully
2025-07-26 17:58:26,886 - WARNING - ⚠️ Exception checking TRELLIS server status: HTTPConnectionPool(host='localhost', port=8096): Read timed out. (read timeout=5), proceeding anyway.
2025-07-26 17:58:31,894 - WARNING - ⚠️ Exception checking TRELLIS server status: HTTPConnectionPool(host='localhost', port=8096): Read timed out. (read timeout=5), proceeding anyway.
2025-07-26 17:58:36,901 - WARNING - ⚠️ Exception checking TRELLIS server status: HTTPConnectionPool(host='localhost', port=8096): Read timed out. (read timeout=5), proceeding anyway.
2025-07-26 17:58:41,908 - WARNING - ⚠️ Exception checking TRELLIS server status: HTTPConnectionPool(host='localhost', port=8096): Read timed out. (read timeout=5), proceeding anyway.
2025-07-26 17:58:59,607 - INFO - ✅ New task from UID 81: 'sapphire brooch oval and deep-blue...'
2025-07-26 17:58:59,607 - INFO -    Threshold: 0.6, Query time: 0.46s
2025-07-26 17:58:59,607 - INFO - 🔄 Processing task 4ce0f6b5-6e2c-4687-9653-745e09ba8f7e: 'sapphire brooch oval and deep-blue'
2025-07-26 17:58:59,607 - INFO - 🎨 Generating 3D model: 'sapphire brooch oval and deep-blue' (task: 4ce0f6b5-6e2c-4687-9653-745e09ba8f7e)
2025-07-26 17:59:00,184 - INFO - 🚀 Traditional optimization applied:
2025-07-26 17:59:00,185 - INFO -    Original: sapphire brooch oval and deep-blue
2025-07-26 17:59:00,185 - INFO -    Optimized: wbgmsst, a sleek sapphire brooch set within an oval-shaped frame with delicate filigree details, suspended from a slender chain against a soft, velvety background, white background.
2025-07-26 17:59:00,186 - INFO -    Confidence: 80.0%
2025-07-26 17:59:01,433 - INFO - [TRELLIS] GPU cache cleared: {'status': 'cache_cleared', 'available_memory_gb': 14.206828544}
2025-07-26 17:59:01,433 - INFO -    🎲 Using deterministic seed: 42
2025-07-26 17:59:28,120 - INFO - ✅ Generation successful in 26.68s (4,885,433 bytes)
2025-07-26 17:59:28,120 - INFO - 📤 Submitting result: 4ce0f6b5-6e2c-4687-9653-745e09ba8f7e
2025-07-26 17:59:28,120 - INFO -    📦 Using SPZ-compressed data from server (4,885,433 bytes)
2025-07-26 17:59:31,253 - INFO - ⏱️ Total processing time: 31.69s (from validator response to submission)
2025-07-26 17:59:31,253 - INFO - ✅ Submission successful to UID 81 (3.11s)
2025-07-26 17:59:31,253 - INFO -    Task fidelity: 0.6117
2025-07-26 17:59:31,253 - INFO -    Average fidelity: 0.9014
2025-07-26 17:59:31,253 - INFO -    Miner reward: 6.309550
2025-07-26 17:59:31,253 - INFO -    Validation failed: False
2025-07-26 17:59:31,253 - INFO -    Generations in window: 7
2025-07-26 17:59:31,275 - INFO - ✅ Task 4ce0f6b5-6e2c-4687-9653-745e09ba8f7e completed successfully
2025-07-26 17:59:39,426 - WARNING - ⚠️ Exception checking TRELLIS server status: HTTPConnectionPool(host='localhost', port=8096): Read timed out. (read timeout=5), proceeding anyway.
2025-07-26 17:59:44,576 - WARNING - ⚠️ Exception checking TRELLIS server status: HTTPConnectionPool(host='localhost', port=8096): Read timed out. (read timeout=5), proceeding anyway.
2025-07-26 17:59:49,725 - WARNING - ⚠️ Exception checking TRELLIS server status: HTTPConnectionPool(host='localhost', port=8096): Read timed out. (read timeout=5), proceeding anyway.
2025-07-26 17:59:54,876 - WARNING - ⚠️ Exception checking TRELLIS server status: HTTPConnectionPool(host='localhost', port=8096): Read timed out. (read timeout=5), proceeding anyway.
2025-07-26 18:00:19,348 - INFO - ✅ New task from UID 142: 'matte gray military military dagger...'
2025-07-26 18:00:19,349 - INFO -    Threshold: 0.6, Query time: 0.32s
2025-07-26 18:00:19,349 - INFO - 🔄 Processing task 81b26500-8118-46af-9ce6-03d2b9f0cc41: 'matte gray military military dagger'
2025-07-26 18:00:19,349 - INFO - 🎨 Generating 3D model: 'matte gray military military dagger' (task: 81b26500-8118-46af-9ce6-03d2b9f0cc41)
2025-07-26 18:00:19,824 - INFO - 🚀 Traditional optimization applied:
2025-07-26 18:00:19,825 - INFO -    Original: matte gray military military dagger
2025-07-26 18:00:19,825 - INFO -    Optimized: wbgmsst, a sleek matte gray military-grade dagger resting on a worn, weathered wooden stock with visible screws and rivets, its blade sharpened to a deadly edge, white background
2025-07-26 18:00:19,825 - INFO -    Confidence: 80.0%
2025-07-26 18:00:21,183 - INFO - [TRELLIS] GPU cache cleared: {'status': 'cache_cleared', 'available_memory_gb': 19.937624064}
2025-07-26 18:00:21,183 - INFO -    🎲 Using deterministic seed: 42
2025-07-26 18:00:44,776 - INFO - ✅ Generation successful in 23.59s (3,665,428 bytes)
2025-07-26 18:00:44,777 - INFO - 📤 Submitting result: 81b26500-8118-46af-9ce6-03d2b9f0cc41
2025-07-26 18:00:44,777 - INFO -    📦 Using SPZ-compressed data from server (3,665,428 bytes)
2025-07-26 18:00:46,074 - INFO - ⏱️ Total processing time: 26.75s (from validator response to submission)
2025-07-26 18:00:46,074 - INFO - ✅ Submission successful to UID 142 (1.28s)
2025-07-26 18:00:46,075 - INFO -    Task fidelity: 0.0000
2025-07-26 18:00:46,075 - INFO -    Average fidelity: 0.8390
2025-07-26 18:00:46,075 - INFO -    Miner reward: 10.906831
2025-07-26 18:00:46,075 - INFO -    Validation failed: False
2025-07-26 18:00:46,075 - INFO -    Generations in window: 13
2025-07-26 18:00:46,098 - INFO - ✅ Task 81b26500-8118-46af-9ce6-03d2b9f0cc41 completed successfully
2025-07-26 18:00:53,544 - WARNING - ⚠️ Exception checking TRELLIS server status: HTTPConnectionPool(host='localhost', port=8096): Read timed out. (read timeout=5), proceeding anyway.
2025-07-26 18:00:58,686 - WARNING - ⚠️ Exception checking TRELLIS server status: HTTPConnectionPool(host='localhost', port=8096): Read timed out. (read timeout=5), proceeding anyway.
2025-07-26 18:01:03,837 - WARNING - ⚠️ Exception checking TRELLIS server status: HTTPConnectionPool(host='localhost', port=8096): Read timed out. (read timeout=5), proceeding anyway.
2025-07-26 18:01:08,992 - WARNING - ⚠️ Exception checking TRELLIS server status: HTTPConnectionPool(host='localhost', port=8096): Read timed out. (read timeout=5), proceeding anyway.
2025-07-26 18:01:52,886 - WARNING - ⚠️ Exception checking TRELLIS server status: HTTPConnectionPool(host='localhost', port=8096): Read timed out. (read timeout=5), proceeding anyway.
2025-07-26 18:01:57,893 - WARNING - ⚠️ Exception checking TRELLIS server status: HTTPConnectionPool(host='localhost', port=8096): Read timed out. (read timeout=5), proceeding anyway.
2025-07-26 18:02:02,901 - WARNING - ⚠️ Exception checking TRELLIS server status: HTTPConnectionPool(host='localhost', port=8096): Read timed out. (read timeout=5), proceeding anyway.
2025-07-26 18:02:08,274 - INFO - ✅ New task from UID 27: 'green assault rifle with laser sight attachment...'
2025-07-26 18:02:08,274 - INFO -    Threshold: 0.6, Query time: 0.65s
2025-07-26 18:02:08,274 - INFO - 🔄 Processing task 3727de4f-d400-4489-8867-b93569ec4cd2: 'green assault rifle with laser sight attachment'
2025-07-26 18:02:08,275 - INFO - 🎨 Generating 3D model: 'green assault rifle with laser sight attachment' (task: 3727de4f-d400-4489-8867-b93569ec4cd2)
2025-07-26 18:02:08,591 - INFO - 🚀 Traditional optimization applied:
2025-07-26 18:02:08,591 - INFO -    Original: green assault rifle with laser sight attachment
2025-07-26 18:02:08,591 - INFO -    Optimized: wbgmsst, a sleek green assault rifle with laser sight attachment situated on a tactical vest, white background
2025-07-26 18:02:08,592 - INFO -    Confidence: 80.0%
2025-07-26 18:02:09,939 - INFO - [TRELLIS] GPU cache cleared: {'status': 'cache_cleared', 'available_memory_gb': 19.611189248}
2025-07-26 18:02:09,940 - INFO -    🎲 Using deterministic seed: 42
2025-07-26 18:02:32,186 - INFO - ✅ Generation successful in 22.24s (1,683,756 bytes)
2025-07-26 18:02:32,187 - INFO - 📤 Submitting result: 3727de4f-d400-4489-8867-b93569ec4cd2
2025-07-26 18:02:32,187 - INFO -    📦 Using SPZ-compressed data from server (1,683,756 bytes)
2025-07-26 18:02:35,412 - INFO - ⏱️ Total processing time: 27.15s (from validator response to submission)
2025-07-26 18:02:35,413 - INFO - ✅ Submission successful to UID 27 (3.22s)
2025-07-26 18:02:35,413 - INFO -    Task fidelity: 0.8239
2025-07-26 18:02:35,413 - INFO -    Average fidelity: 0.8521
2025-07-26 18:02:35,413 - INFO -    Miner reward: 17.894988
2025-07-26 18:02:35,413 - INFO -    Validation failed: False
2025-07-26 18:02:35,413 - INFO -    Generations in window: 21
2025-07-26 18:02:35,454 - INFO - ✅ Task 3727de4f-d400-4489-8867-b93569ec4cd2 completed successfully
2025-07-26 18:02:53,668 - WARNING - ⚠️ Exception checking TRELLIS server status: HTTPConnectionPool(host='localhost', port=8096): Read timed out. (read timeout=5), proceeding anyway.
2025-07-26 18:02:58,675 - WARNING - ⚠️ Exception checking TRELLIS server status: HTTPConnectionPool(host='localhost', port=8096): Read timed out. (read timeout=5), proceeding anyway.
2025-07-26 18:03:03,683 - WARNING - ⚠️ Exception checking TRELLIS server status: HTTPConnectionPool(host='localhost', port=8096): Read timed out. (read timeout=5), proceeding anyway.
2025-07-26 18:03:51,810 - WARNING - ⚠️ Exception checking TRELLIS server status: HTTPConnectionPool(host='localhost', port=8096): Read timed out. (read timeout=5), proceeding anyway.
2025-07-26 18:03:56,817 - WARNING - ⚠️ Exception checking TRELLIS server status: HTTPConnectionPool(host='localhost', port=8096): Read timed out. (read timeout=5), proceeding anyway.
2025-07-26 18:04:01,824 - WARNING - ⚠️ Exception checking TRELLIS server status: HTTPConnectionPool(host='localhost', port=8096): Read timed out. (read timeout=5), proceeding anyway.
2025-07-26 18:04:06,979 - WARNING - ⚠️ Exception checking TRELLIS server status: HTTPConnectionPool(host='localhost', port=8096): Read timed out. (read timeout=5), proceeding anyway.
2025-07-26 18:04:50,456 - WARNING - ⚠️ Exception checking TRELLIS server status: HTTPConnectionPool(host='localhost', port=8096): Read timed out. (read timeout=5), proceeding anyway.
2025-07-26 18:04:55,463 - WARNING - ⚠️ Exception checking TRELLIS server status: HTTPConnectionPool(host='localhost', port=8096): Read timed out. (read timeout=5), proceeding anyway.
2025-07-26 18:05:00,470 - WARNING - ⚠️ Exception checking TRELLIS server status: HTTPConnectionPool(host='localhost', port=8096): Read timed out. (read timeout=5), proceeding anyway.
2025-07-26 18:05:05,625 - WARNING - ⚠️ Exception checking TRELLIS server status: HTTPConnectionPool(host='localhost', port=8096): Read timed out. (read timeout=5), proceeding anyway.
2025-07-26 18:05:07,463 - INFO - ✅ New task from UID 81: 'small silver dagger with curved blade and hilt dec...'
2025-07-26 18:05:07,464 - INFO -    Threshold: 0.6, Query time: 0.54s
2025-07-26 18:05:07,464 - INFO - 🔄 Processing task c4fb3b25-0af2-49f7-8413-8e26ae295c61: 'small silver dagger with curved blade and hilt decorated with jewels'
2025-07-26 18:05:07,464 - INFO - 🎨 Generating 3D model: 'small silver dagger with curved blade and hilt decorated with jewels' (task: c4fb3b25-0af2-49f7-8413-8e26ae295c61)
2025-07-26 18:05:07,930 - INFO - 🚀 Traditional optimization applied:
2025-07-26 18:05:07,930 - INFO -    Original: small silver dagger with curved blade and hilt decorated with jewels
2025-07-26 18:05:07,930 - INFO -    Optimized: wbgmsst, a small silver dagger with a curved blade and hilt adorned with intricate, faceted jewels that shimmer in the soft, diffused light of a moonlit night, white background
2025-07-26 18:05:07,930 - INFO -    Confidence: 80.0%
2025-07-26 18:05:09,376 - INFO - [TRELLIS] GPU cache cleared: {'status': 'cache_cleared', 'available_memory_gb': 19.611189248}
2025-07-26 18:05:09,376 - INFO -    🎲 Using deterministic seed: 42
2025-07-26 18:05:31,582 - INFO - ✅ Generation successful in 22.20s (1,791,293 bytes)
2025-07-26 18:05:31,583 - INFO - 📤 Submitting result: c4fb3b25-0af2-49f7-8413-8e26ae295c61
2025-07-26 18:05:31,583 - INFO -    📦 Using SPZ-compressed data from server (1,791,293 bytes)
2025-07-26 18:05:34,795 - INFO - ⏱️ Total processing time: 27.35s (from validator response to submission)
2025-07-26 18:05:34,795 - INFO - ✅ Submission successful to UID 81 (3.20s)
2025-07-26 18:05:34,796 - INFO -    Task fidelity: 0.8936
2025-07-26 18:05:34,796 - INFO -    Average fidelity: 0.9010
2025-07-26 18:05:34,796 - INFO -    Miner reward: 7.207809
2025-07-26 18:05:34,796 - INFO -    Validation failed: False
2025-07-26 18:05:34,796 - INFO -    Generations in window: 8
2025-07-26 18:05:34,822 - INFO - ✅ Task c4fb3b25-0af2-49f7-8413-8e26ae295c61 completed successfully
2025-07-26 18:05:36,701 - INFO - ✅ New task from UID 212: 'small pink buds on branches...'
2025-07-26 18:05:36,702 - INFO -    Threshold: 0.6, Query time: 0.41s
2025-07-26 18:05:36,702 - INFO - 🔄 Processing task 0ff52e3b-7a53-4a30-9534-5c4c544f3890: 'small pink buds on branches'
2025-07-26 18:05:36,702 - INFO - 🎨 Generating 3D model: 'small pink buds on branches' (task: 0ff52e3b-7a53-4a30-9534-5c4c544f3890)
2025-07-26 18:05:38,694 - INFO - 🔄 Reproducibility optimization applied:
2025-07-26 18:05:38,695 - INFO -    Original: small pink buds on branches
2025-07-26 18:05:38,695 - INFO -    Optimized: wbgmsst, a detailed and enhanced pink bud model with intricate patterns on metallic arms, sits on slender branches, featuring glowing blue accents near the round eyes, subtle texture and shading across its petals, all set against a clean white background.
2025-07-26 18:05:38,695 - INFO -    Similarity: 0.541
2025-07-26 18:05:38,695 - INFO -    Gold score: 0.9211
2025-07-26 18:05:39,938 - INFO - [TRELLIS] GPU cache cleared: {'status': 'cache_cleared', 'available_memory_gb': 19.937624064}
2025-07-26 18:05:39,939 - INFO -    🎲 Using deterministic seed: 42
2025-07-26 18:06:03,436 - INFO - ✅ Generation successful in 23.49s (6,020,913 bytes)
2025-07-26 18:06:03,437 - INFO - 📤 Submitting result: 0ff52e3b-7a53-4a30-9534-5c4c544f3890
2025-07-26 18:06:03,437 - INFO -    📦 Using SPZ-compressed data from server (6,020,913 bytes)
2025-07-26 18:06:07,124 - INFO - ⏱️ Total processing time: 30.45s (from validator response to submission)
2025-07-26 18:06:07,124 - INFO - ✅ Submission successful to UID 212 (3.67s)
2025-07-26 18:06:07,124 - INFO -    Task fidelity: 0.7869
2025-07-26 18:06:07,124 - INFO -    Average fidelity: 0.9015
2025-07-26 18:06:07,124 - INFO -    Miner reward: 6.310293
2025-07-26 18:06:07,124 - INFO -    Validation failed: False
2025-07-26 18:06:07,124 - INFO -    Generations in window: 7
2025-07-26 18:06:07,147 - INFO - ✅ Task 0ff52e3b-7a53-4a30-9534-5c4c544f3890 completed successfully
2025-07-26 18:06:09,871 - INFO - ✅ Validator refresh complete:
2025-07-26 18:06:09,871 - INFO -    Active validators: 10
2025-07-26 18:06:09,871 - INFO -    Inactive validators: 0
2025-07-26 18:06:09,871 - INFO -    Total eligible validators found: 10
2025-07-26 18:06:09,871 - INFO -    Top validators by stake:
2025-07-26 18:06:09,871 - INFO -      UID 212: 104004.7 TAO (trust: 0.000)
2025-07-26 18:06:09,872 - INFO -      UID 142: 69543.8 TAO (trust: 0.000)
2025-07-26 18:06:09,872 - INFO -      UID 27: 60169.2 TAO (trust: 0.000)
2025-07-26 18:06:09,872 - INFO -      UID 124: 39808.3 TAO (trust: 0.000)
2025-07-26 18:06:09,872 - INFO -      UID 128: 13457.9 TAO (trust: 0.000)
2025-07-26 18:06:14,879 - WARNING - ⚠️ Exception checking TRELLIS server status: HTTPConnectionPool(host='localhost', port=8096): Read timed out. (read timeout=5), proceeding anyway.
2025-07-26 18:06:20,037 - WARNING - ⚠️ Exception checking TRELLIS server status: HTTPConnectionPool(host='localhost', port=8096): Read timed out. (read timeout=5), proceeding anyway.
2025-07-26 18:06:25,195 - WARNING - ⚠️ Exception checking TRELLIS server status: HTTPConnectionPool(host='localhost', port=8096): Read timed out. (read timeout=5), proceeding anyway.
2025-07-26 18:06:28,386 - INFO - 📊 CONTINUOUS ORCHESTRATOR STATUS
2025-07-26 18:06:28,387 - INFO - ============================================================
2025-07-26 18:06:28,387 - INFO - Uptime: 0.92 hours
2025-07-26 18:06:28,388 - INFO - Tasks pulled: 47
2025-07-26 18:06:28,388 - INFO - Tasks processed: 47
2025-07-26 18:06:28,388 - INFO - Successful generations: 47
2025-07-26 18:06:28,388 - INFO - Successful validations: 0
2025-07-26 18:06:28,388 - INFO - Successful submissions: 47
2025-07-26 18:06:28,388 - INFO - Total rewards: 787.410493 TAO
2025-07-26 18:06:28,388 - INFO - Idle validations: 0
2025-07-26 18:06:28,388 - INFO - Prompts optimized: 47
2025-07-26 18:06:28,388 - INFO - Reproducibility optimizations: 4
2025-07-26 18:06:28,389 - INFO - Traditional optimizations: 43
2025-07-26 18:06:28,389 - INFO - Optimization improvements: 0
2025-07-26 18:06:28,389 - INFO - Tasks/hour: 51.1
2025-07-26 18:06:28,389 - INFO - Rewards/hour: 856.344071 TAO
2025-07-26 18:06:28,389 - INFO - Average total processing time: 37.82s
2025-07-26 18:06:28,389 - INFO - Optimization rate: 0.0% of prompts improved
2025-07-26 18:06:28,389 - INFO - Active validators: 10
2025-07-26 18:06:28,389 - INFO -   UID 212: 0 tasks, avg score: 0.788
2025-07-26 18:06:28,389 - INFO -   UID 142: 0 tasks, avg score: 0.635
2025-07-26 18:06:28,389 - INFO -   UID 27: 0 tasks, avg score: 0.809
2025-07-26 18:06:28,391 - WARNING - ⚠️ Found 2 unfinished tasks in last 6 hours:
2025-07-26 18:06:28,391 - WARNING -    UID 142: 'matte silver droid designed fo...' - no_submission
2025-07-26 18:06:28,391 - WARNING -    UID 142: 'copper-colored robot with seri...' - no_submission
2025-07-26 18:06:28,391 - INFO - ============================================================
2025-07-26 18:06:28,392 - INFO - 📊 Statistics saved to continuous_trellis_outputs/continuous_stats_20250726_180628.json
2025-07-26 18:07:09,074 - WARNING - ⚠️ Exception checking TRELLIS server status: HTTPConnectionPool(host='localhost', port=8096): Read timed out. (read timeout=5), proceeding anyway.
2025-07-26 18:07:14,082 - WARNING - ⚠️ Exception checking TRELLIS server status: HTTPConnectionPool(host='localhost', port=8096): Read timed out. (read timeout=5), proceeding anyway.
2025-07-26 18:07:19,244 - WARNING - ⚠️ Exception checking TRELLIS server status: HTTPConnectionPool(host='localhost', port=8096): Read timed out. (read timeout=5), proceeding anyway.
2025-07-26 18:07:24,710 - WARNING - ⚠️ Exception checking TRELLIS server status: HTTPConnectionPool(host='localhost', port=8096): Read timed out. (read timeout=5), proceeding anyway.
2025-07-26 18:07:25,391 - INFO - ✅ New task from UID 27: 'shimmering ruby pendant with intricate details...'
2025-07-26 18:07:25,391 - INFO -    Threshold: 0.6, Query time: 0.64s
2025-07-26 18:07:25,391 - INFO - 🔄 Processing task d0b201a3-1ec7-4485-ad89-f330b397b46e: 'shimmering ruby pendant with intricate details'
2025-07-26 18:07:25,391 - INFO - 🎨 Generating 3D model: 'shimmering ruby pendant with intricate details' (task: d0b201a3-1ec7-4485-ad89-f330b397b46e)
2025-07-26 18:07:26,120 - INFO - 🚀 Traditional optimization applied:
2025-07-26 18:07:26,120 - INFO -    Original: shimmering ruby pendant with intricate details
2025-07-26 18:07:26,121 - INFO -    Optimized: wbgmsst, a delicate, 18k gold-plated shimmering ruby pendant suspended around a slender chain, adorned with an intricate filigree design, featuring tiny, interlocking flowers and leaves, set against a rich, velvety black background.
2025-07-26 18:07:26,121 - INFO -    Confidence: 80.0%
2025-07-26 18:07:30,039 - INFO - [TRELLIS] GPU cache cleared: {'status': 'cache_cleared', 'available_memory_gb': 19.611189248}
2025-07-26 18:07:30,039 - INFO -    🎲 Using deterministic seed: 42
2025-07-26 18:07:53,349 - INFO - ✅ Generation successful in 23.31s (3,799,501 bytes)
2025-07-26 18:07:53,349 - INFO - 📤 Submitting result: d0b201a3-1ec7-4485-ad89-f330b397b46e
2025-07-26 18:07:53,349 - INFO -    📦 Using SPZ-compressed data from server (3,799,501 bytes)
2025-07-26 18:07:56,633 - INFO - ⏱️ Total processing time: 31.28s (from validator response to submission)
2025-07-26 18:07:56,634 - INFO - ✅ Submission successful to UID 27 (3.27s)
2025-07-26 18:07:56,634 - INFO -    Task fidelity: 0.9014
2025-07-26 18:07:56,634 - INFO -    Average fidelity: 0.8546
2025-07-26 18:07:56,635 - INFO -    Miner reward: 17.946670
2025-07-26 18:07:56,635 - INFO -    Validation failed: False
2025-07-26 18:07:56,635 - INFO -    Generations in window: 21
2025-07-26 18:07:56,658 - INFO - ✅ Task d0b201a3-1ec7-4485-ad89-f330b397b46e completed successfully
2025-07-26 18:07:58,464 - INFO - ✅ New task from UID 128: 'antique ivory curved harp strings...'
2025-07-26 18:07:58,465 - INFO -    Threshold: 0.6, Query time: 0.28s
2025-07-26 18:07:58,465 - INFO - 🔄 Processing task 635faf0d-cd86-470c-bb5c-7d471a739b94: 'antique ivory curved harp strings'
2025-07-26 18:07:58,465 - INFO - 🎨 Generating 3D model: 'antique ivory curved harp strings' (task: 635faf0d-cd86-470c-bb5c-7d471a739b94)
2025-07-26 18:07:59,044 - INFO - 🚀 Traditional optimization applied:
2025-07-26 18:07:59,045 - INFO -    Original: antique ivory curved harp strings
2025-07-26 18:07:59,045 - INFO -    Optimized: wbgmsst, antique ivory curved harp strings resting on a velvet-covered music stand with intricately carved wooden frame and golden hardware, suspended in soft focus against a warm, candlelit background with subtle reflections of ornate harpsichord keys, white background
2025-07-26 18:07:59,046 - INFO -    Confidence: 80.0%
2025-07-26 18:08:00,099 - INFO - [TRELLIS] GPU cache cleared: {'status': 'cache_cleared', 'available_memory_gb': 19.937624064}
2025-07-26 18:08:00,100 - INFO -    🎲 Using deterministic seed: 42
2025-07-26 18:08:26,970 - INFO - ✅ Generation successful in 26.86s (9,877,125 bytes)
2025-07-26 18:08:26,970 - INFO - 📤 Submitting result: 635faf0d-cd86-470c-bb5c-7d471a739b94
2025-07-26 18:08:26,971 - INFO -    📦 Using SPZ-compressed data from server (9,877,125 bytes)
2025-07-26 18:08:28,803 - INFO - ⏱️ Total processing time: 30.37s (from validator response to submission)
2025-07-26 18:08:28,804 - INFO - ✅ Submission successful to UID 128 (1.81s)
2025-07-26 18:08:28,804 - INFO -    Task fidelity: 0.0000
2025-07-26 18:08:28,804 - INFO -    Average fidelity: 0.8708
2025-07-26 18:08:28,804 - INFO -    Miner reward: 8.707744
2025-07-26 18:08:28,804 - INFO -    Validation failed: False
2025-07-26 18:08:28,805 - INFO -    Generations in window: 10
2025-07-26 18:08:28,850 - INFO - ✅ Task 635faf0d-cd86-470c-bb5c-7d471a739b94 completed successfully
2025-07-26 18:08:33,858 - WARNING - ⚠️ Exception checking TRELLIS server status: HTTPConnectionPool(host='localhost', port=8096): Read timed out. (read timeout=5), proceeding anyway.
2025-07-26 18:08:39,155 - WARNING - ⚠️ Exception checking TRELLIS server status: HTTPConnectionPool(host='localhost', port=8096): Read timed out. (read timeout=5), proceeding anyway.
2025-07-26 18:08:46,584 - WARNING - ⚠️ Exception checking TRELLIS server status: HTTPConnectionPool(host='localhost', port=8096): Read timed out. (read timeout=5), proceeding anyway.
2025-07-26 18:09:33,947 - WARNING - ⚠️ Exception checking TRELLIS server status: HTTPConnectionPool(host='localhost', port=8096): Read timed out. (read timeout=5), proceeding anyway.
2025-07-26 18:09:39,105 - WARNING - ⚠️ Exception checking TRELLIS server status: HTTPConnectionPool(host='localhost', port=8096): Read timed out. (read timeout=5), proceeding anyway.
2025-07-26 18:09:44,264 - WARNING - ⚠️ Exception checking TRELLIS server status: HTTPConnectionPool(host='localhost', port=8096): Read timed out. (read timeout=5), proceeding anyway.
2025-07-26 18:09:49,415 - WARNING - ⚠️ Exception checking TRELLIS server status: HTTPConnectionPool(host='localhost', port=8096): Read timed out. (read timeout=5), proceeding anyway.
2025-07-26 18:09:52,163 - INFO - ✅ New task from UID 49: 'dark red glue bottle...'
2025-07-26 18:09:52,163 - INFO -    Threshold: 0.6, Query time: 0.45s
2025-07-26 18:09:52,163 - INFO - 🔄 Processing task cea4ea4f-aa49-4b4a-ac2c-8fe4c4bc71a4: 'dark red glue bottle'
2025-07-26 18:09:52,163 - INFO - 🎨 Generating 3D model: 'dark red glue bottle' (task: cea4ea4f-aa49-4b4a-ac2c-8fe4c4bc71a4)
2025-07-26 18:09:52,837 - INFO - 🚀 Traditional optimization applied:
2025-07-26 18:09:52,837 - INFO -    Original: dark red glue bottle
2025-07-26 18:09:52,837 - INFO -    Optimized: wbgmsst, a dark red glue bottle with a worn metal cap and a subtle sheen from frequent use, resting on a cluttered workbench amidst rolls of transparent tape, scissors, and half-empty paint jars in a small, dimly lit craft room filled with the scent of glue and creativity, white background
2025-07-26 18:09:52,837 - INFO -    Confidence: 80.0%
2025-07-26 18:09:54,205 - INFO - [TRELLIS] GPU cache cleared: {'status': 'cache_cleared', 'available_memory_gb': 19.611189248}
2025-07-26 18:09:54,205 - INFO -    🎲 Using deterministic seed: 42
2025-07-26 18:10:24,937 - INFO - ✅ Generation successful in 30.72s (11,886,090 bytes)
2025-07-26 18:10:24,938 - INFO - 📤 Submitting result: cea4ea4f-aa49-4b4a-ac2c-8fe4c4bc71a4
2025-07-26 18:10:24,938 - INFO -    📦 Using SPZ-compressed data from server (11,886,090 bytes)
2025-07-26 18:10:29,875 - INFO - ⏱️ Total processing time: 37.74s (from validator response to submission)
2025-07-26 18:10:29,875 - INFO - ✅ Submission successful to UID 49 (4.89s)
2025-07-26 18:10:29,875 - INFO -    Task fidelity: 0.7104
2025-07-26 18:10:29,875 - INFO -    Average fidelity: 0.7975
2025-07-26 18:10:29,875 - INFO -    Miner reward: 26.317131
2025-07-26 18:10:29,876 - INFO -    Validation failed: False
2025-07-26 18:10:29,876 - INFO -    Generations in window: 33
2025-07-26 18:10:29,904 - INFO - ✅ Task cea4ea4f-aa49-4b4a-ac2c-8fe4c4bc71a4 completed successfully
2025-07-26 18:10:43,807 - WARNING - ⚠️ Exception checking TRELLIS server status: HTTPConnectionPool(host='localhost', port=8096): Read timed out. (read timeout=5), proceeding anyway.
2025-07-26 18:10:48,814 - WARNING - ⚠️ Exception checking TRELLIS server status: HTTPConnectionPool(host='localhost', port=8096): Read timed out. (read timeout=5), proceeding anyway.
2025-07-26 18:10:53,817 - WARNING - ⚠️ Exception checking TRELLIS server status: HTTPConnectionPool(host='localhost', port=8096): Read timed out. (read timeout=5), proceeding anyway.
2025-07-26 18:10:58,824 - WARNING - ⚠️ Exception checking TRELLIS server status: HTTPConnectionPool(host='localhost', port=8096): Read timed out. (read timeout=5), proceeding anyway.
2025-07-26 18:11:16,983 - INFO - ✅ New task from UID 81: 'robot wearing goggles and striped scarf...'
2025-07-26 18:11:16,984 - INFO -    Threshold: 0.6, Query time: 0.49s
2025-07-26 18:11:16,984 - INFO - 🔄 Processing task 8700308a-c75e-4ae2-88ac-d556931ff6ad: 'robot wearing goggles and striped scarf'
2025-07-26 18:11:16,984 - INFO - 🎨 Generating 3D model: 'robot wearing goggles and striped scarf' (task: 8700308a-c75e-4ae2-88ac-d556931ff6ad)
2025-07-26 18:11:17,508 - INFO - 🚀 Traditional optimization applied:
2025-07-26 18:11:17,509 - INFO -    Original: robot wearing goggles and striped scarf
2025-07-26 18:11:17,509 - INFO -    Optimized: wbgmsst, a sleek metallic robot donning a pair of polished goggles perched atop its shiny head with a matching striped scarf elegantly draped around its mechanical neck, white background
2025-07-26 18:11:17,509 - INFO -    Confidence: 80.0%
2025-07-26 18:11:18,692 - INFO - [TRELLIS] GPU cache cleared: {'status': 'cache_cleared', 'available_memory_gb': 14.284423168}
2025-07-26 18:11:18,692 - INFO -    🎲 Using deterministic seed: 42
2025-07-26 18:11:45,973 - INFO - ✅ Generation successful in 27.28s (6,700,121 bytes)
2025-07-26 18:11:45,974 - INFO - 📤 Submitting result: 8700308a-c75e-4ae2-88ac-d556931ff6ad
2025-07-26 18:11:45,975 - INFO -    📦 Using SPZ-compressed data from server (6,700,121 bytes)
2025-07-26 18:11:48,981 - INFO - ⏱️ Total processing time: 32.02s (from validator response to submission)
2025-07-26 18:11:48,981 - INFO - ✅ Submission successful to UID 81 (2.98s)
2025-07-26 18:11:48,981 - INFO -    Task fidelity: 0.8503
2025-07-26 18:11:48,981 - INFO -    Average fidelity: 0.8984
2025-07-26 18:11:48,981 - INFO -    Miner reward: 8.085995
2025-07-26 18:11:48,981 - INFO -    Validation failed: False
2025-07-26 18:11:48,981 - INFO -    Generations in window: 9
2025-07-26 18:11:49,013 - INFO - ✅ Task 8700308a-c75e-4ae2-88ac-d556931ff6ad completed successfully
2025-07-26 18:11:50,335 - INFO - ✅ New task from UID 212: 'blue mermaid with scales made...'
2025-07-26 18:11:50,335 - INFO -    Threshold: 0.6, Query time: 0.43s
2025-07-26 18:11:50,335 - INFO - 🔄 Processing task bcc079f9-6a5a-42a2-9611-77321d9415dd: 'blue mermaid with scales made'
2025-07-26 18:11:50,335 - INFO - 🎨 Generating 3D model: 'blue mermaid with scales made' (task: bcc079f9-6a5a-42a2-9611-77321d9415dd)
2025-07-26 18:11:54,564 - INFO - 🔄 Reproducibility optimization applied:
2025-07-26 18:11:54,565 - INFO -    Original: blue mermaid with scales made
2025-07-26 18:11:54,565 - INFO -    Optimized: wbgmsst, a weathered blue mermaid sits on a distressed wooden workbench with visible tool marks, surrounded by intricate scratches and worn patina on the handle. The model features subtle scuffs, minor dents, and detailed scales, under a soft white glow that casts a warm light across its made appearance, on a white background.
2025-07-26 18:11:54,566 - INFO -    Similarity: 0.533
2025-07-26 18:11:54,566 - INFO -    Gold score: 0.7531
2025-07-26 18:12:04,579 - WARNING - [TRELLIS] Exception clearing GPU cache: HTTPConnectionPool(host='localhost', port=8096): Read timed out. (read timeout=10)
2025-07-26 18:12:04,579 - INFO -    🎲 Using deterministic seed: 42
2025-07-26 18:12:41,799 - INFO - ✅ Generation successful in 37.22s (4,874,549 bytes)
2025-07-26 18:12:41,799 - INFO - 📤 Submitting result: bcc079f9-6a5a-42a2-9611-77321d9415dd
2025-07-26 18:12:41,800 - INFO -    📦 Using SPZ-compressed data from server (4,874,549 bytes)
2025-07-26 18:12:44,342 - INFO - ⏱️ Total processing time: 54.03s (from validator response to submission)
2025-07-26 18:12:44,342 - INFO - ✅ Submission successful to UID 212 (2.53s)
2025-07-26 18:12:44,342 - INFO -    Task fidelity: 0.0000
2025-07-26 18:12:44,342 - INFO -    Average fidelity: 0.9015
2025-07-26 18:12:44,343 - INFO -    Miner reward: 6.310293
2025-07-26 18:12:44,343 - INFO -    Validation failed: False
2025-07-26 18:12:44,343 - INFO -    Generations in window: 7
2025-07-26 18:12:44,365 - INFO - ✅ Task bcc079f9-6a5a-42a2-9611-77321d9415dd completed successfully
2025-07-26 18:12:47,585 - INFO - ✅ New task from UID 27: 'small platinum bracelet with big garnet...'
2025-07-26 18:12:47,585 - INFO -    Threshold: 0.6, Query time: 0.69s
2025-07-26 18:12:47,585 - INFO - 🔄 Processing task 1a44afff-912e-4a8f-a1ea-e05cbd4951fe: 'small platinum bracelet with big garnet'
2025-07-26 18:12:47,586 - INFO - 🎨 Generating 3D model: 'small platinum bracelet with big garnet' (task: 1a44afff-912e-4a8f-a1ea-e05cbd4951fe)
2025-07-26 18:12:48,215 - INFO - 🚀 Traditional optimization applied:
2025-07-26 18:12:48,216 - INFO -    Original: small platinum bracelet with big garnet
2025-07-26 18:12:48,216 - INFO -    Optimized: wbgmsst, a luxurious small platinum bracelet adorning a slender wrist, featuring a prominent big garnet that glimmers in the soft, ethereal light of a quiet evening, white background
2025-07-26 18:12:48,216 - INFO -    Confidence: 80.0%
2025-07-26 18:12:49,281 - INFO - [TRELLIS] GPU cache cleared: {'status': 'cache_cleared', 'available_memory_gb': 19.937624064}
2025-07-26 18:12:49,281 - INFO -    🎲 Using deterministic seed: 42
2025-07-26 18:13:19,249 - INFO - ✅ Generation successful in 29.96s (12,421,301 bytes)
2025-07-26 18:13:19,249 - INFO - 📤 Submitting result: 1a44afff-912e-4a8f-a1ea-e05cbd4951fe
2025-07-26 18:13:19,249 - INFO -    📦 Using SPZ-compressed data from server (12,421,301 bytes)
2025-07-26 18:13:27,430 - INFO - ⏱️ Total processing time: 39.87s (from validator response to submission)
2025-07-26 18:13:27,430 - INFO - ✅ Submission successful to UID 27 (8.15s)
2025-07-26 18:13:27,430 - INFO -    Task fidelity: 0.7048
2025-07-26 18:13:27,430 - INFO -    Average fidelity: 0.8471
2025-07-26 18:13:27,430 - INFO -    Miner reward: 17.789383
2025-07-26 18:13:27,430 - INFO -    Validation failed: False
2025-07-26 18:13:27,430 - INFO -    Generations in window: 21
2025-07-26 18:13:27,459 - INFO - ✅ Task 1a44afff-912e-4a8f-a1ea-e05cbd4951fe completed successfully
2025-07-26 18:13:32,462 - WARNING - ⚠️ Exception checking TRELLIS server status: HTTPConnectionPool(host='localhost', port=8096): Read timed out. (read timeout=5), proceeding anyway.
2025-07-26 18:13:32,912 - INFO - ✅ New task from UID 49: 'shotgun with extended magazine and smooth barrel...'
2025-07-26 18:13:32,912 - INFO -    Threshold: 0.6, Query time: 0.43s
2025-07-26 18:13:32,912 - INFO - 🔄 Processing task a879b1c0-704b-4eaf-b58d-317484f811c1: 'shotgun with extended magazine and smooth barrel'
2025-07-26 18:13:32,912 - INFO - 🎨 Generating 3D model: 'shotgun with extended magazine and smooth barrel' (task: a879b1c0-704b-4eaf-b58d-317484f811c1)
2025-07-26 18:13:33,645 - INFO - 🚀 Traditional optimization applied:
2025-07-26 18:13:33,646 - INFO -    Original: shotgun with extended magazine and smooth barrel
2025-07-26 18:13:33,646 - INFO -    Optimized: wbgmsst, a classic shotgun with an extended magazine and smooth barrel resting against a well-worn wooden fence post in a sun-drenched rural landscape, surrounded by tall grasses and wildflowers, white background
2025-07-26 18:13:33,646 - INFO -    Confidence: 80.0%
2025-07-26 18:13:43,657 - WARNING - [TRELLIS] Exception clearing GPU cache: HTTPConnectionPool(host='localhost', port=8096): Read timed out. (read timeout=10)
2025-07-26 18:13:43,658 - INFO -    🎲 Using deterministic seed: 42
2025-07-26 18:14:13,560 - INFO - ✅ Generation successful in 29.89s (10,918,455 bytes)
2025-07-26 18:14:13,560 - INFO - 📤 Submitting result: a879b1c0-704b-4eaf-b58d-317484f811c1
2025-07-26 18:14:13,560 - INFO -    📦 Using SPZ-compressed data from server (10,918,455 bytes)
2025-07-26 18:14:17,193 - INFO - ⏱️ Total processing time: 44.30s (from validator response to submission)
2025-07-26 18:14:17,193 - INFO - ✅ Submission successful to UID 49 (3.59s)
2025-07-26 18:14:17,194 - INFO -    Task fidelity: 0.7478
2025-07-26 18:14:17,194 - INFO -    Average fidelity: 0.7950
2025-07-26 18:14:17,194 - INFO -    Miner reward: 27.030189
2025-07-26 18:14:17,194 - INFO -    Validation failed: False
2025-07-26 18:14:17,194 - INFO -    Generations in window: 34
2025-07-26 18:14:17,232 - INFO - ✅ Task a879b1c0-704b-4eaf-b58d-317484f811c1 completed successfully
2025-07-26 18:14:19,051 - INFO - 🧹 Cleaned up 0 old prompt records and 0 failed tasks
2025-07-26 18:14:31,652 - WARNING - ⚠️ Exception checking TRELLIS server status: HTTPConnectionPool(host='localhost', port=8096): Read timed out. (read timeout=5), proceeding anyway.
2025-07-26 18:14:36,659 - WARNING - ⚠️ Exception checking TRELLIS server status: HTTPConnectionPool(host='localhost', port=8096): Read timed out. (read timeout=5), proceeding anyway.
2025-07-26 18:14:41,665 - WARNING - ⚠️ Exception checking TRELLIS server status: HTTPConnectionPool(host='localhost', port=8096): Read timed out. (read timeout=5), proceeding anyway.
2025-07-26 18:14:46,671 - WARNING - ⚠️ Exception checking TRELLIS server status: HTTPConnectionPool(host='localhost', port=8096): Read timed out. (read timeout=5), proceeding anyway.
2025-07-26 18:14:51,679 - WARNING - ⚠️ Exception checking TRELLIS server status: HTTPConnectionPool(host='localhost', port=8096): Read timed out. (read timeout=5), proceeding anyway.
2025-07-26 18:15:35,090 - WARNING - ⚠️ Exception checking TRELLIS server status: HTTPConnectionPool(host='localhost', port=8096): Read timed out. (read timeout=5), proceeding anyway.
2025-07-26 18:15:40,099 - WARNING - ⚠️ Exception checking TRELLIS server status: HTTPConnectionPool(host='localhost', port=8096): Read timed out. (read timeout=5), proceeding anyway.
2025-07-26 18:15:45,106 - WARNING - ⚠️ Exception checking TRELLIS server status: HTTPConnectionPool(host='localhost', port=8096): Read timed out. (read timeout=5), proceeding anyway.
2025-07-26 18:15:50,113 - WARNING - ⚠️ Exception checking TRELLIS server status: HTTPConnectionPool(host='localhost', port=8096): Read timed out. (read timeout=5), proceeding anyway.
2025-07-26 18:15:55,119 - WARNING - ⚠️ Exception checking TRELLIS server status: HTTPConnectionPool(host='localhost', port=8096): Read timed out. (read timeout=5), proceeding anyway.
2025-07-26 18:15:55,599 - INFO - ✅ New task from UID 49: 'green four-legged creature with long horns...'
2025-07-26 18:15:55,600 - INFO -    Threshold: 0.6, Query time: 0.46s
2025-07-26 18:15:55,600 - INFO - 🔄 Processing task ddb5ab0d-387a-42b8-8064-7b74e1233924: 'green four-legged creature with long horns'
2025-07-26 18:15:55,600 - INFO - 🎨 Generating 3D model: 'green four-legged creature with long horns' (task: ddb5ab0d-387a-42b8-8064-7b74e1233924)
2025-07-26 18:15:56,256 - INFO - 🚀 Traditional optimization applied:
2025-07-26 18:15:56,256 - INFO -    Original: green four-legged creature with long horns
2025-07-26 18:15:56,256 - INFO -    Optimized: wbgmsst, a resilient green four-legged creature with long, curved horns and thick, scaly hide stands proudly atop a moss-covered rocky outcropping in a dense, misty forest, illuminated by dappled sunlight filtering through the canopy above, white background.
2025-07-26 18:15:56,256 - INFO -    Confidence: 80.0%
2025-07-26 18:15:57,610 - INFO - [TRELLIS] GPU cache cleared: {'status': 'cache_cleared', 'available_memory_gb': 19.611189248}
2025-07-26 18:15:57,611 - INFO -    🎲 Using deterministic seed: 42
2025-07-26 18:16:27,448 - INFO - ✅ Generation successful in 29.83s (10,421,239 bytes)
2025-07-26 18:16:27,449 - INFO - 📤 Submitting result: ddb5ab0d-387a-42b8-8064-7b74e1233924
2025-07-26 18:16:27,449 - INFO -    📦 Using SPZ-compressed data from server (10,421,239 bytes)
2025-07-26 18:16:30,046 - INFO - ⏱️ Total processing time: 34.47s (from validator response to submission)
2025-07-26 18:16:30,047 - INFO - ✅ Submission successful to UID 49 (2.55s)
2025-07-26 18:16:30,047 - INFO -    Task fidelity: 0.6107
2025-07-26 18:16:30,048 - INFO -    Average fidelity: 0.7858
2025-07-26 18:16:30,048 - INFO -    Miner reward: 27.502676
2025-07-26 18:16:30,048 - INFO -    Validation failed: False
2025-07-26 18:16:30,049 - INFO -    Generations in window: 35
2025-07-26 18:16:30,101 - INFO - ✅ Task ddb5ab0d-387a-42b8-8064-7b74e1233924 completed successfully
2025-07-26 18:16:34,808 - INFO - ✅ Validator refresh complete:
2025-07-26 18:16:34,809 - INFO -    Active validators: 10
2025-07-26 18:16:34,809 - INFO -    Inactive validators: 0
2025-07-26 18:16:34,809 - INFO -    Total eligible validators found: 10
2025-07-26 18:16:34,809 - INFO -    Top validators by stake:
2025-07-26 18:16:34,809 - INFO -      UID 212: 104004.7 TAO (trust: 0.000)
2025-07-26 18:16:34,809 - INFO -      UID 142: 69543.8 TAO (trust: 0.000)
2025-07-26 18:16:34,809 - INFO -      UID 27: 60169.2 TAO (trust: 0.000)
2025-07-26 18:16:34,809 - INFO -      UID 124: 39808.3 TAO (trust: 0.000)
2025-07-26 18:16:34,809 - INFO -      UID 128: 13457.9 TAO (trust: 0.000)
2025-07-26 18:16:35,947 - INFO - 📊 CONTINUOUS ORCHESTRATOR STATUS
2025-07-26 18:16:35,947 - INFO - ============================================================
2025-07-26 18:16:35,948 - INFO - Uptime: 1.09 hours
2025-07-26 18:16:35,948 - INFO - Tasks pulled: 55
2025-07-26 18:16:35,948 - INFO - Tasks processed: 55
2025-07-26 18:16:35,948 - INFO - Successful generations: 55
2025-07-26 18:16:35,948 - INFO - Successful validations: 0
2025-07-26 18:16:35,948 - INFO - Successful submissions: 55
2025-07-26 18:16:35,948 - INFO - Total rewards: 927.100574 TAO
2025-07-26 18:16:35,948 - INFO - Idle validations: 0
2025-07-26 18:16:35,949 - INFO - Prompts optimized: 55
2025-07-26 18:16:35,949 - INFO - Reproducibility optimizations: 5
2025-07-26 18:16:35,949 - INFO - Traditional optimizations: 50
2025-07-26 18:16:35,949 - INFO - Optimization improvements: 0
2025-07-26 18:16:35,949 - INFO - Tasks/hour: 50.5
2025-07-26 18:16:35,949 - INFO - Rewards/hour: 851.903632 TAO
2025-07-26 18:16:35,949 - INFO - Average total processing time: 37.85s
2025-07-26 18:16:35,949 - INFO - Optimization rate: 0.0% of prompts improved
2025-07-26 18:16:35,950 - INFO - Active validators: 10
2025-07-26 18:16:35,950 - INFO -   UID 212: 0 tasks, avg score: 0.709
2025-07-26 18:16:35,950 - INFO -   UID 142: 0 tasks, avg score: 0.635
2025-07-26 18:16:35,950 - INFO -   UID 27: 0 tasks, avg score: 0.807
2025-07-26 18:16:35,952 - WARNING - ⚠️ Found 2 unfinished tasks in last 6 hours:
2025-07-26 18:16:35,952 - WARNING -    UID 142: 'matte silver droid designed fo...' - no_submission
2025-07-26 18:16:35,952 - WARNING -    UID 142: 'copper-colored robot with seri...' - no_submission
2025-07-26 18:16:35,953 - INFO - ============================================================
2025-07-26 18:16:35,954 - INFO - 📊 Statistics saved to continuous_trellis_outputs/continuous_stats_20250726_181635.json
2025-07-26 18:16:47,033 - WARNING - ⚠️ Exception checking TRELLIS server status: HTTPConnectionPool(host='localhost', port=8096): Read timed out. (read timeout=5), proceeding anyway.
2025-07-26 18:16:52,038 - WARNING - ⚠️ Exception checking TRELLIS server status: HTTPConnectionPool(host='localhost', port=8096): Read timed out. (read timeout=5), proceeding anyway.
2025-07-26 18:16:57,045 - WARNING - ⚠️ Exception checking TRELLIS server status: HTTPConnectionPool(host='localhost', port=8096): Read timed out. (read timeout=5), proceeding anyway.
2025-07-26 18:17:02,055 - WARNING - ⚠️ Exception checking TRELLIS server status: HTTPConnectionPool(host='localhost', port=8096): Read timed out. (read timeout=5), proceeding anyway.
2025-07-26 18:17:17,561 - INFO - ✅ New task from UID 81: 'small wooden spoon with curved handle and round bo...'
2025-07-26 18:17:17,561 - INFO -    Threshold: 0.6, Query time: 0.45s
2025-07-26 18:17:17,562 - INFO - 🔄 Processing task 31721caa-3a52-4e48-abd7-7f56eda4df0b: 'small wooden spoon with curved handle and round bowl white shiny smooth long and thin'
2025-07-26 18:17:17,562 - INFO - 🎨 Generating 3D model: 'small wooden spoon with curved handle and round bowl white shiny smooth long and thin' (task: 31721caa-3a52-4e48-abd7-7f56eda4df0b)
2025-07-26 18:17:18,162 - INFO - 🚀 Traditional optimization applied:
2025-07-26 18:17:18,163 - INFO -    Original: small wooden spoon with curved handle and round bowl white shiny smooth long and thin
2025-07-26 18:17:18,163 - INFO -    Optimized: wbgmsst, a slender small wooden spoon with a beautifully crafted curved handle and a rounded, egg-shaped bowl, resting on a worn, light-brown wooden cutting board in a cozy kitchen surrounded by vintage cooking utensils and warm, golden accents, white background
2025-07-26 18:17:18,163 - INFO -    Confidence: 80.0%
2025-07-26 18:17:19,376 - INFO - [TRELLIS] GPU cache cleared: {'status': 'cache_cleared', 'available_memory_gb': 15.165227008}
2025-07-26 18:17:19,377 - INFO -    🎲 Using deterministic seed: 42
2025-07-26 18:17:44,984 - INFO - ✅ Generation successful in 25.60s (4,602,576 bytes)
2025-07-26 18:17:44,985 - INFO - 📤 Submitting result: 31721caa-3a52-4e48-abd7-7f56eda4df0b
2025-07-26 18:17:44,985 - INFO -    📦 Using SPZ-compressed data from server (4,602,576 bytes)
2025-07-26 18:17:47,315 - INFO - ⏱️ Total processing time: 29.78s (from validator response to submission)
2025-07-26 18:17:47,315 - INFO - ✅ Submission successful to UID 81 (2.31s)
2025-07-26 18:17:47,315 - INFO -    Task fidelity: 0.0000
2025-07-26 18:17:47,316 - INFO -    Average fidelity: 0.8984
2025-07-26 18:17:47,316 - INFO -    Miner reward: 8.085995
2025-07-26 18:17:47,317 - INFO -    Validation failed: False
2025-07-26 18:17:47,317 - INFO -    Generations in window: 9
2025-07-26 18:17:47,343 - INFO - ✅ Task 31721caa-3a52-4e48-abd7-7f56eda4df0b completed successfully
2025-07-26 18:17:48,228 - INFO - ✅ New task from UID 142: 'wooden arrow with gold tip...'
2025-07-26 18:17:48,228 - INFO -    Threshold: 0.6, Query time: 0.36s
2025-07-26 18:17:48,228 - INFO - 🔄 Processing task 8fff9db4-a0e9-4c0e-bdb9-4b1d0f9f0be0: 'wooden arrow with gold tip'
2025-07-26 18:17:48,228 - INFO - 🎨 Generating 3D model: 'wooden arrow with gold tip' (task: 8fff9db4-a0e9-4c0e-bdb9-4b1d0f9f0be0)
2025-07-26 18:17:50,512 - INFO - 🔄 Reproducibility optimization applied:
2025-07-26 18:17:50,512 - INFO -    Original: wooden arrow with gold tip
2025-07-26 18:17:50,512 - INFO -    Optimized: wbgmsst, A weathered and distressed wooden arrow rests on a worn wooden workbench with visible tool marks, its handle bearing subtle scuffs and minor dents. The golden arrowhead is adorned with intrinsic scratches and a patina of age, emitting a soft white glow under gentle illumination, set against a crisp white background.
2025-07-26 18:17:50,512 - INFO -    Similarity: 0.526
2025-07-26 18:17:50,512 - INFO -    Gold score: 0.7531
2025-07-26 18:17:51,443 - INFO - [TRELLIS] GPU cache cleared: {'status': 'cache_cleared', 'available_memory_gb': 19.937624064}
2025-07-26 18:17:51,444 - INFO -    🎲 Using deterministic seed: 42
2025-07-26 18:18:13,563 - INFO - ✅ Generation successful in 22.12s (2,920,444 bytes)
2025-07-26 18:18:13,563 - INFO - 📤 Submitting result: 8fff9db4-a0e9-4c0e-bdb9-4b1d0f9f0be0
2025-07-26 18:18:13,564 - INFO -    📦 Using SPZ-compressed data from server (2,920,444 bytes)
2025-07-26 18:18:17,506 - INFO - ⏱️ Total processing time: 29.30s (from validator response to submission)
2025-07-26 18:18:17,507 - INFO - ✅ Submission successful to UID 142 (3.93s)
2025-07-26 18:18:17,507 - INFO -    Task fidelity: 0.8512
2025-07-26 18:18:17,507 - INFO -    Average fidelity: 0.8396
2025-07-26 18:18:17,507 - INFO -    Miner reward: 10.075177
2025-07-26 18:18:17,507 - INFO -    Validation failed: False
2025-07-26 18:18:17,507 - INFO -    Generations in window: 12
2025-07-26 18:18:17,530 - INFO - ✅ Task 8fff9db4-a0e9-4c0e-bdb9-4b1d0f9f0be0 completed successfully
2025-07-26 18:18:22,533 - WARNING - ⚠️ Exception checking TRELLIS server status: HTTPConnectionPool(host='localhost', port=8096): Read timed out. (read timeout=5), proceeding anyway.
2025-07-26 18:18:29,966 - WARNING - ⚠️ Exception checking TRELLIS server status: HTTPConnectionPool(host='localhost', port=8096): Read timed out. (read timeout=5), proceeding anyway.
2025-07-26 18:18:35,370 - WARNING - ⚠️ Exception checking TRELLIS server status: HTTPConnectionPool(host='localhost', port=8096): Read timed out. (read timeout=5), proceeding anyway.
2025-07-26 18:18:38,379 - INFO - ✅ New task from UID 27: 'garnet pendant in geometric frame...'
2025-07-26 18:18:38,379 - INFO -    Threshold: 0.6, Query time: 0.63s
2025-07-26 18:18:38,379 - INFO - 🔄 Processing task b5f3d775-4a28-424d-8df6-13e7f4120a32: 'garnet pendant in geometric frame'
2025-07-26 18:18:38,379 - INFO - 🎨 Generating 3D model: 'garnet pendant in geometric frame' (task: b5f3d775-4a28-424d-8df6-13e7f4120a32)
2025-07-26 18:18:38,992 - INFO - 🚀 Traditional optimization applied:
2025-07-26 18:18:38,992 - INFO -    Original: garnet pendant in geometric frame
2025-07-26 18:18:38,992 - INFO -    Optimized: wbgmsst, a luxurious garnet pendant suspended within an intricately crafted geometric frame that shimmers with subtle, warm light and catches the eye from multiple angles, rich wood grain surrounding it, white background
2025-07-26 18:18:38,993 - INFO -    Confidence: 80.0%
2025-07-26 18:18:40,380 - INFO - [TRELLIS] GPU cache cleared: {'status': 'cache_cleared', 'available_memory_gb': 19.611189248}
2025-07-26 18:18:40,381 - INFO -    🎲 Using deterministic seed: 42
2025-07-26 18:19:11,950 - INFO - ✅ Generation successful in 31.56s (13,621,769 bytes)
2025-07-26 18:19:11,951 - INFO - 📤 Submitting result: b5f3d775-4a28-424d-8df6-13e7f4120a32
2025-07-26 18:19:11,951 - INFO -    📦 Using SPZ-compressed data from server (13,621,769 bytes)
2025-07-26 18:19:18,918 - INFO - ⏱️ Total processing time: 40.56s (from validator response to submission)
2025-07-26 18:19:18,918 - INFO - ✅ Submission successful to UID 27 (6.92s)
2025-07-26 18:19:18,919 - INFO -    Task fidelity: 0.6506
2025-07-26 18:19:18,919 - INFO -    Average fidelity: 0.8373
2025-07-26 18:19:18,919 - INFO -    Miner reward: 17.582995
2025-07-26 18:19:18,919 - INFO -    Validation failed: False
2025-07-26 18:19:18,920 - INFO -    Generations in window: 21
2025-07-26 18:19:18,963 - INFO - ✅ Task b5f3d775-4a28-424d-8df6-13e7f4120a32 completed successfully
2025-07-26 18:19:19,488 - INFO - ✅ New task from UID 49: 'dark mahogany clarinet hand-crafted artistry...'
2025-07-26 18:19:19,488 - INFO -    Threshold: 0.6, Query time: 0.49s
2025-07-26 18:19:19,488 - INFO - 🔄 Processing task 7566ceb9-3458-4cc7-9185-bfe816f375e6: 'dark mahogany clarinet hand-crafted artistry'
2025-07-26 18:19:19,488 - INFO - 🎨 Generating 3D model: 'dark mahogany clarinet hand-crafted artistry' (task: 7566ceb9-3458-4cc7-9185-bfe816f375e6)
2025-07-26 18:19:20,169 - INFO - 🚀 Traditional optimization applied:
2025-07-26 18:19:20,169 - INFO -    Original: dark mahogany clarinet hand-crafted artistry
2025-07-26 18:19:20,170 - INFO -    Optimized: wbgmsst, a dark mahogany clarinet with intricate, hand-carved details and ornate silver trim adorning its surface, resting atop a polished wooden music stand amidst a cluttered, dimly lit atelier filled with vintage musical instruments, aged sheet music, and soft, warm candlelight, white background
2025-07-26 18:19:20,170 - INFO -    Confidence: 80.0%
2025-07-26 18:19:21,163 - INFO - [TRELLIS] GPU cache cleared: {'status': 'cache_cleared', 'available_memory_gb': 19.937624064}
2025-07-26 18:19:21,163 - INFO -    🎲 Using deterministic seed: 42
2025-07-26 18:19:51,020 - INFO - ✅ Generation successful in 29.85s (10,901,470 bytes)
2025-07-26 18:19:51,020 - INFO - 📤 Submitting result: 7566ceb9-3458-4cc7-9185-bfe816f375e6
2025-07-26 18:19:51,021 - INFO -    📦 Using SPZ-compressed data from server (10,901,470 bytes)
2025-07-26 18:19:54,290 - INFO - ⏱️ Total processing time: 34.82s (from validator response to submission)
2025-07-26 18:19:54,290 - INFO - ✅ Submission successful to UID 49 (3.24s)
2025-07-26 18:19:54,290 - INFO -    Task fidelity: 0.7894
2025-07-26 18:19:54,290 - INFO -    Average fidelity: 0.7860
2025-07-26 18:19:54,290 - INFO -    Miner reward: 27.509043
2025-07-26 18:19:54,290 - INFO -    Validation failed: False
2025-07-26 18:19:54,290 - INFO -    Generations in window: 35
2025-07-26 18:19:54,318 - INFO - ✅ Task 7566ceb9-3458-4cc7-9185-bfe816f375e6 completed successfully
2025-07-26 18:19:59,325 - WARNING - ⚠️ Exception checking TRELLIS server status: HTTPConnectionPool(host='localhost', port=8096): Read timed out. (read timeout=5), proceeding anyway.
2025-07-26 18:20:04,790 - WARNING - ⚠️ Exception checking TRELLIS server status: HTTPConnectionPool(host='localhost', port=8096): Read timed out. (read timeout=5), proceeding anyway.
2025-07-26 18:20:09,946 - WARNING - ⚠️ Exception checking TRELLIS server status: HTTPConnectionPool(host='localhost', port=8096): Read timed out. (read timeout=5), proceeding anyway.
2025-07-26 18:20:56,699 - WARNING - ⚠️ Exception checking TRELLIS server status: HTTPConnectionPool(host='localhost', port=8096): Read timed out. (read timeout=5), proceeding anyway.
2025-07-26 18:21:01,704 - WARNING - ⚠️ Exception checking TRELLIS server status: HTTPConnectionPool(host='localhost', port=8096): Read timed out. (read timeout=5), proceeding anyway.
2025-07-26 18:21:06,707 - WARNING - ⚠️ Exception checking TRELLIS server status: HTTPConnectionPool(host='localhost', port=8096): Read timed out. (read timeout=5), proceeding anyway.
2025-07-26 18:21:11,861 - WARNING - ⚠️ Exception checking TRELLIS server status: HTTPConnectionPool(host='localhost', port=8096): Read timed out. (read timeout=5), proceeding anyway.
2025-07-26 18:21:56,328 - WARNING - ⚠️ Exception checking TRELLIS server status: HTTPConnectionPool(host='localhost', port=8096): Read timed out. (read timeout=5), proceeding anyway.
2025-07-26 18:22:01,335 - WARNING - ⚠️ Exception checking TRELLIS server status: HTTPConnectionPool(host='localhost', port=8096): Read timed out. (read timeout=5), proceeding anyway.
2025-07-26 18:22:06,343 - WARNING - ⚠️ Exception checking TRELLIS server status: HTTPConnectionPool(host='localhost', port=8096): Read timed out. (read timeout=5), proceeding anyway.
2025-07-26 18:22:11,488 - WARNING - ⚠️ Exception checking TRELLIS server status: HTTPConnectionPool(host='localhost', port=8096): Read timed out. (read timeout=5), proceeding anyway.
2025-07-26 18:22:12,592 - INFO - ✅ New task from UID 49: 'black marker pen with fine tip for detailed drawin...'
2025-07-26 18:22:12,592 - INFO -    Threshold: 0.6, Query time: 0.45s
2025-07-26 18:22:12,593 - INFO - 🔄 Processing task 5f3ab48e-182c-4ea9-bb2c-70c362ca0680: 'black marker pen with fine tip for detailed drawing'
2025-07-26 18:22:12,593 - INFO - 🎨 Generating 3D model: 'black marker pen with fine tip for detailed drawing' (task: 5f3ab48e-182c-4ea9-bb2c-70c362ca0680)
2025-07-26 18:22:13,022 - INFO - 🚀 Traditional optimization applied:
2025-07-26 18:22:13,023 - INFO -    Original: black marker pen with fine tip for detailed drawing
2025-07-26 18:22:13,023 - INFO -    Optimized: wbgmsst, a sleek black marker pen with a precise fine tip, glides effortlessly across smooth paper, leaving behind a trail of vibrant lines and delicate shading, white background.
2025-07-26 18:22:13,023 - INFO -    Confidence: 80.0%
2025-07-26 18:22:14,195 - INFO - [TRELLIS] GPU cache cleared: {'status': 'cache_cleared', 'available_memory_gb': 19.611189248}
2025-07-26 18:22:14,196 - INFO -    🎲 Using deterministic seed: 42
2025-07-26 18:22:37,034 - INFO - ✅ Generation successful in 22.83s (3,372,658 bytes)
2025-07-26 18:22:37,034 - INFO - 📤 Submitting result: 5f3ab48e-182c-4ea9-bb2c-70c362ca0680
2025-07-26 18:22:37,034 - INFO -    📦 Using SPZ-compressed data from server (3,372,658 bytes)
2025-07-26 18:22:39,217 - INFO - ⏱️ Total processing time: 26.65s (from validator response to submission)
2025-07-26 18:22:39,217 - INFO - ✅ Submission successful to UID 49 (2.17s)
2025-07-26 18:22:39,217 - INFO -    Task fidelity: 0.8426
2025-07-26 18:22:39,218 - INFO -    Average fidelity: 0.7888
2025-07-26 18:22:39,218 - INFO -    Miner reward: 27.608105
2025-07-26 18:22:39,218 - INFO -    Validation failed: False
2025-07-26 18:22:39,218 - INFO -    Generations in window: 35
2025-07-26 18:22:39,240 - INFO - ✅ Task 5f3ab48e-182c-4ea9-bb2c-70c362ca0680 completed successfully
2025-07-26 18:22:57,886 - WARNING - ⚠️ Exception checking TRELLIS server status: HTTPConnectionPool(host='localhost', port=8096): Read timed out. (read timeout=5), proceeding anyway.
2025-07-26 18:23:02,892 - WARNING - ⚠️ Exception checking TRELLIS server status: HTTPConnectionPool(host='localhost', port=8096): Read timed out. (read timeout=5), proceeding anyway.
2025-07-26 18:23:07,899 - WARNING - ⚠️ Exception checking TRELLIS server status: HTTPConnectionPool(host='localhost', port=8096): Read timed out. (read timeout=5), proceeding anyway.
2025-07-26 18:23:13,060 - WARNING - ⚠️ Exception checking TRELLIS server status: HTTPConnectionPool(host='localhost', port=8096): Read timed out. (read timeout=5), proceeding anyway.
2025-07-26 18:23:28,428 - INFO - ✅ New task from UID 142: 'statue of boy wearing green shirt and blue jeans...'
2025-07-26 18:23:28,429 - INFO -    Threshold: 0.6, Query time: 0.50s
2025-07-26 18:23:28,429 - INFO - 🔄 Processing task 7517361e-96b6-4cdd-a9a4-ec633a60e708: 'statue of boy wearing green shirt and blue jeans'
2025-07-26 18:23:28,429 - INFO - 🎨 Generating 3D model: 'statue of boy wearing green shirt and blue jeans' (task: 7517361e-96b6-4cdd-a9a4-ec633a60e708)
2025-07-26 18:23:29,089 - INFO - 🚀 Traditional optimization applied:
2025-07-26 18:23:29,090 - INFO -    Original: statue of boy wearing green shirt and blue jeans
2025-07-26 18:23:29,090 - INFO -    Optimized: wbgmsst, a majestic statue of a youthful boy dressed in an olive green shirt with embroidered flowers on the collar and faded blue jeans, set against a lush, verdant forest backdrop with sunlight filtering through the trees, casting dappled shadows on the ground, white background
2025-07-26 18:23:29,090 - INFO -    Confidence: 80.0%
2025-07-26 18:23:30,367 - INFO - [TRELLIS] GPU cache cleared: {'status': 'cache_cleared', 'available_memory_gb': 14.500429824}
2025-07-26 18:23:30,367 - INFO -    🎲 Using deterministic seed: 42
2025-07-26 18:24:02,011 - INFO - ✅ Generation successful in 31.62s (12,173,039 bytes)
2025-07-26 18:24:02,011 - INFO - 📤 Submitting result: 7517361e-96b6-4cdd-a9a4-ec633a60e708
2025-07-26 18:24:02,011 - INFO -    📦 Using SPZ-compressed data from server (12,173,039 bytes)
2025-07-26 18:24:05,899 - INFO - ⏱️ Total processing time: 37.49s (from validator response to submission)
2025-07-26 18:24:05,899 - INFO - ✅ Submission successful to UID 142 (3.84s)
2025-07-26 18:24:05,899 - INFO -    Task fidelity: 0.8005
2025-07-26 18:24:05,899 - INFO -    Average fidelity: 0.8376
2025-07-26 18:24:05,900 - INFO -    Miner reward: 10.051706
2025-07-26 18:24:05,900 - INFO -    Validation failed: False
2025-07-26 18:24:05,900 - INFO -    Generations in window: 12
2025-07-26 18:24:05,930 - INFO - ✅ Task 7517361e-96b6-4cdd-a9a4-ec633a60e708 completed successfully
2025-07-26 18:24:10,937 - WARNING - ⚠️ Exception checking TRELLIS server status: HTTPConnectionPool(host='localhost', port=8096): Read timed out. (read timeout=5), proceeding anyway.
2025-07-26 18:24:18,446 - WARNING - ⚠️ Exception checking TRELLIS server status: HTTPConnectionPool(host='localhost', port=8096): Read timed out. (read timeout=5), proceeding anyway.
2025-07-26 18:24:24,016 - INFO - ✅ New task from UID 27: 'statue holding silver sword high...'
2025-07-26 18:24:24,017 - INFO -    Threshold: 0.6, Query time: 0.63s
2025-07-26 18:24:24,017 - INFO - 🔄 Processing task 74fb7189-b139-410d-8b6a-4f00a4627ed9: 'statue holding silver sword high'
2025-07-26 18:24:24,017 - INFO - 🎨 Generating 3D model: 'statue holding silver sword high' (task: 74fb7189-b139-410d-8b6a-4f00a4627ed9)
2025-07-26 18:24:24,892 - INFO - 🚀 Traditional optimization applied:
2025-07-26 18:24:24,892 - INFO -    Original: statue holding silver sword high
2025-07-26 18:24:24,892 - INFO -    Optimized: wbgmsst, a majestic statue of regal stature standing proudly atop a raised dais, its gleaming bronze surface adorned with intricate scrollwork and gilded accents, its weathered stone pedestal bearing the faint scars of time and exposure to the elements, silver sword held aloft in triumphant pose at its feet, shining brightly in the soft, diffused light of the setting sun casting long shadows across the surrounding landscape, white background
2025-07-26 18:24:24,893 - INFO -    Confidence: 80.0%
2025-07-26 18:24:26,233 - INFO - [TRELLIS] GPU cache cleared: {'status': 'cache_cleared', 'available_memory_gb': 19.611189248}
2025-07-26 18:24:26,234 - INFO -    🎲 Using deterministic seed: 42
2025-07-26 18:24:51,207 - INFO - ✅ Generation successful in 24.97s (4,621,100 bytes)
2025-07-26 18:24:51,207 - INFO - 📤 Submitting result: 74fb7189-b139-410d-8b6a-4f00a4627ed9
2025-07-26 18:24:51,208 - INFO -    📦 Using SPZ-compressed data from server (4,621,100 bytes)
2025-07-26 18:24:54,633 - INFO - ⏱️ Total processing time: 30.64s (from validator response to submission)
2025-07-26 18:24:54,633 - INFO - ✅ Submission successful to UID 27 (3.41s)
2025-07-26 18:24:54,633 - INFO -    Task fidelity: 0.9000
2025-07-26 18:24:54,633 - INFO -    Average fidelity: 0.8404
2025-07-26 18:24:54,633 - INFO -    Miner reward: 17.648836
2025-07-26 18:24:54,633 - INFO -    Validation failed: False
2025-07-26 18:24:54,633 - INFO -    Generations in window: 21
2025-07-26 18:24:54,668 - INFO - ✅ Task 74fb7189-b139-410d-8b6a-4f00a4627ed9 completed successfully
2025-07-26 18:24:55,127 - INFO - ✅ New task from UID 49: 'tall blue creature with scales and horns...'
2025-07-26 18:24:55,128 - INFO -    Threshold: 0.6, Query time: 0.43s
2025-07-26 18:24:55,128 - INFO - 🔄 Processing task 252e9a21-b7e9-48dd-9be6-39a376adff09: 'tall blue creature with scales and horns'
2025-07-26 18:24:55,129 - INFO - 🎨 Generating 3D model: 'tall blue creature with scales and horns' (task: 252e9a21-b7e9-48dd-9be6-39a376adff09)
2025-07-26 18:24:55,705 - INFO - 🚀 Traditional optimization applied:
2025-07-26 18:24:55,706 - INFO -    Original: tall blue creature with scales and horns
2025-07-26 18:24:55,706 - INFO -    Optimized: wbgmsst, a majestic tall blue dragon with intricately scaled armor and gleaming, razor-sharp horns rising from its forehead, its eyes burning with an inner fire on a misty, moonlit mountain peak surrounded by twisted, ancient trees, white background.
2025-07-26 18:24:55,706 - INFO -    Confidence: 80.0%
2025-07-26 18:24:56,661 - INFO - [TRELLIS] GPU cache cleared: {'status': 'cache_cleared', 'available_memory_gb': 19.937624064}
2025-07-26 18:24:56,661 - INFO -    🎲 Using deterministic seed: 42
2025-07-26 18:25:22,261 - INFO - ✅ Generation successful in 25.59s (9,166,689 bytes)
2025-07-26 18:25:22,261 - INFO - 📤 Submitting result: 252e9a21-b7e9-48dd-9be6-39a376adff09
2025-07-26 18:25:22,262 - INFO -    📦 Using SPZ-compressed data from server (9,166,689 bytes)
2025-07-26 18:25:24,694 - INFO - ⏱️ Total processing time: 29.59s (from validator response to submission)
2025-07-26 18:25:24,695 - INFO - ✅ Submission successful to UID 49 (2.41s)
2025-07-26 18:25:24,696 - INFO -    Task fidelity: 0.8759
2025-07-26 18:25:24,696 - INFO -    Average fidelity: 0.7932
2025-07-26 18:25:24,696 - INFO -    Miner reward: 27.760593
2025-07-26 18:25:24,696 - INFO -    Validation failed: False
2025-07-26 18:25:24,696 - INFO -    Generations in window: 35
2025-07-26 18:25:24,734 - INFO - ✅ Task 252e9a21-b7e9-48dd-9be6-39a376adff09 completed successfully
2025-07-26 18:25:29,741 - WARNING - ⚠️ Exception checking TRELLIS server status: HTTPConnectionPool(host='localhost', port=8096): Read timed out. (read timeout=5), proceeding anyway.
2025-07-26 18:25:35,226 - WARNING - ⚠️ Exception checking TRELLIS server status: HTTPConnectionPool(host='localhost', port=8096): Read timed out. (read timeout=5), proceeding anyway.
2025-07-26 18:25:40,377 - WARNING - ⚠️ Exception checking TRELLIS server status: HTTPConnectionPool(host='localhost', port=8096): Read timed out. (read timeout=5), proceeding anyway.
2025-07-26 18:25:40,662 - INFO - ✅ New task from UID 128: 'triangular clear panels with purple edges...'
2025-07-26 18:25:40,663 - INFO -    Threshold: 0.6, Query time: 0.26s
2025-07-26 18:25:40,663 - INFO - 🔄 Processing task a53e8026-05d3-466a-a86d-fa77f6945875: 'triangular clear panels with purple edges'
2025-07-26 18:25:40,663 - INFO - 🎨 Generating 3D model: 'triangular clear panels with purple edges' (task: a53e8026-05d3-466a-a86d-fa77f6945875)
2025-07-26 18:25:41,253 - INFO - 🚀 Traditional optimization applied:
2025-07-26 18:25:41,253 - INFO -    Original: triangular clear panels with purple edges
2025-07-26 18:25:41,253 - INFO -    Optimized: wbgmsst, a triangular transparent panel with deep violet edges delicately etched into its surface, suspended amidst an ethereal, moonlit sky, where stars twinkle like scattered diamonds against a soft, gradient blue backdrop, white background
2025-07-26 18:25:41,253 - INFO -    Confidence: 80.0%
2025-07-26 18:25:44,804 - INFO - [TRELLIS] GPU cache cleared: {'status': 'cache_cleared', 'available_memory_gb': 19.611189248}
2025-07-26 18:25:44,805 - INFO -    🎲 Using deterministic seed: 42
2025-07-26 18:26:27,258 - INFO - ✅ Generation successful in 42.44s (18,252,225 bytes)
2025-07-26 18:26:27,258 - INFO - 📤 Submitting result: a53e8026-05d3-466a-a86d-fa77f6945875
2025-07-26 18:26:27,259 - INFO -    📦 Using SPZ-compressed data from server (18,252,225 bytes)
2025-07-26 18:26:29,814 - INFO - ⏱️ Total processing time: 49.17s (from validator response to submission)
2025-07-26 18:26:29,814 - INFO - ✅ Submission successful to UID 128 (2.47s)
2025-07-26 18:26:29,814 - INFO -    Task fidelity: 0.8778
2025-07-26 18:26:29,814 - INFO -    Average fidelity: 0.8711
2025-07-26 18:26:29,814 - INFO -    Miner reward: 7.840152
2025-07-26 18:26:29,814 - INFO -    Validation failed: False
2025-07-26 18:26:29,815 - INFO -    Generations in window: 9
2025-07-26 18:26:29,825 - INFO - ✅ Task a53e8026-05d3-466a-a86d-fa77f6945875 completed successfully
2025-07-26 18:26:38,530 - INFO - ✅ Validator refresh complete:
2025-07-26 18:26:38,531 - INFO -    Active validators: 10
2025-07-26 18:26:38,531 - INFO -    Inactive validators: 0
2025-07-26 18:26:38,531 - INFO -    Total eligible validators found: 10
2025-07-26 18:26:38,532 - INFO -    Top validators by stake:
2025-07-26 18:26:38,532 - INFO -      UID 212: 104004.7 TAO (trust: 0.000)
2025-07-26 18:26:38,532 - INFO -      UID 142: 69543.8 TAO (trust: 0.000)
2025-07-26 18:26:38,532 - INFO -      UID 27: 60169.2 TAO (trust: 0.000)
2025-07-26 18:26:38,533 - INFO -      UID 124: 39808.3 TAO (trust: 0.000)
2025-07-26 18:26:38,533 - INFO -      UID 128: 13457.9 TAO (trust: 0.000)
2025-07-26 18:26:43,540 - WARNING - ⚠️ Exception checking TRELLIS server status: HTTPConnectionPool(host='localhost', port=8096): Read timed out. (read timeout=5), proceeding anyway.
2025-07-26 18:26:48,547 - WARNING - ⚠️ Exception checking TRELLIS server status: HTTPConnectionPool(host='localhost', port=8096): Read timed out. (read timeout=5), proceeding anyway.
2025-07-26 18:26:53,551 - WARNING - ⚠️ Exception checking TRELLIS server status: HTTPConnectionPool(host='localhost', port=8096): Read timed out. (read timeout=5), proceeding anyway.
2025-07-26 18:26:58,558 - WARNING - ⚠️ Exception checking TRELLIS server status: HTTPConnectionPool(host='localhost', port=8096): Read timed out. (read timeout=5), proceeding anyway.
2025-07-26 18:26:58,600 - INFO - 📊 CONTINUOUS ORCHESTRATOR STATUS
2025-07-26 18:26:58,600 - INFO - ============================================================
2025-07-26 18:26:58,600 - INFO - Uptime: 1.26 hours
2025-07-26 18:26:58,601 - INFO - Tasks pulled: 64
2025-07-26 18:26:58,601 - INFO - Tasks processed: 64
2025-07-26 18:26:58,601 - INFO - Successful generations: 64
2025-07-26 18:26:58,602 - INFO - Successful validations: 0
2025-07-26 18:26:58,602 - INFO - Successful submissions: 64
2025-07-26 18:26:58,602 - INFO - Total rewards: 1081.263176 TAO
2025-07-26 18:26:58,602 - INFO - Idle validations: 0
2025-07-26 18:26:58,603 - INFO - Prompts optimized: 64
2025-07-26 18:26:58,603 - INFO - Reproducibility optimizations: 6
2025-07-26 18:26:58,603 - INFO - Traditional optimizations: 58
2025-07-26 18:26:58,603 - INFO - Optimization improvements: 0
2025-07-26 18:26:58,603 - INFO - Tasks/hour: 50.7
2025-07-26 18:26:58,603 - INFO - Rewards/hour: 857.309605 TAO
2025-07-26 18:26:58,603 - INFO - Average total processing time: 37.34s
2025-07-26 18:26:58,603 - INFO - Optimization rate: 0.0% of prompts improved
2025-07-26 18:26:58,603 - INFO - Active validators: 10
2025-07-26 18:26:58,604 - INFO -   UID 212: 0 tasks, avg score: 0.709
2025-07-26 18:26:58,604 - INFO -   UID 142: 0 tasks, avg score: 0.671
2025-07-26 18:26:58,604 - INFO -   UID 27: 0 tasks, avg score: 0.802
2025-07-26 18:26:58,605 - WARNING - ⚠️ Found 2 unfinished tasks in last 6 hours:
2025-07-26 18:26:58,605 - WARNING -    UID 142: 'matte silver droid designed fo...' - no_submission
2025-07-26 18:26:58,605 - WARNING -    UID 142: 'copper-colored robot with seri...' - no_submission
2025-07-26 18:26:58,606 - INFO - ============================================================
2025-07-26 18:26:58,606 - INFO - 📊 Statistics saved to continuous_trellis_outputs/continuous_stats_20250726_182658.json
2025-07-26 18:27:21,236 - INFO - ✅ New task from UID 49: 'plastic-handled screwdriver bright orange color...'
2025-07-26 18:27:21,236 - INFO -    Threshold: 0.6, Query time: 0.46s
2025-07-26 18:27:21,236 - INFO - 🔄 Processing task 2e1b9408-1c9f-41f5-832c-c0b5207d9bad: 'plastic-handled screwdriver bright orange color'
2025-07-26 18:27:21,237 - INFO - 🎨 Generating 3D model: 'plastic-handled screwdriver bright orange color' (task: 2e1b9408-1c9f-41f5-832c-c0b5207d9bad)
2025-07-26 18:27:21,841 - INFO - 🚀 Traditional optimization applied:
2025-07-26 18:27:21,841 - INFO -    Original: plastic-handled screwdriver bright orange color
2025-07-26 18:27:21,841 - INFO -    Optimized: wbgmsst, a plastic-handled screwdriver with a vibrant bright orange hue and an ergonomic grip, resting on a workbench amidst various tools and half-disassembled machinery in a cluttered but well-organized garage workshop filled with natural light and the scent of motor oil.
2025-07-26 18:27:21,841 - INFO -    Confidence: 80.0%
2025-07-26 18:27:23,015 - INFO - [TRELLIS] GPU cache cleared: {'status': 'cache_cleared', 'available_memory_gb': 19.937624064}
2025-07-26 18:27:23,015 - INFO -    🎲 Using deterministic seed: 42
2025-07-26 18:27:56,990 - INFO - ✅ Generation successful in 33.96s (13,668,804 bytes)
2025-07-26 18:27:56,990 - INFO - 📤 Submitting result: 2e1b9408-1c9f-41f5-832c-c0b5207d9bad
2025-07-26 18:27:56,991 - INFO -    📦 Using SPZ-compressed data from server (13,668,804 bytes)
2025-07-26 18:27:59,682 - INFO - ⏱️ Total processing time: 38.47s (from validator response to submission)
2025-07-26 18:27:59,683 - INFO - ✅ Submission successful to UID 49 (2.66s)
2025-07-26 18:27:59,683 - INFO -    Task fidelity: 0.0000
2025-07-26 18:27:59,683 - INFO -    Average fidelity: 0.7932
2025-07-26 18:27:59,683 - INFO -    Miner reward: 26.967433
2025-07-26 18:27:59,683 - INFO -    Validation failed: False
2025-07-26 18:27:59,683 - INFO -    Generations in window: 34
2025-07-26 18:27:59,724 - INFO - ✅ Task 2e1b9408-1c9f-41f5-832c-c0b5207d9bad completed successfully
2025-07-26 18:28:04,732 - WARNING - ⚠️ Exception checking TRELLIS server status: HTTPConnectionPool(host='localhost', port=8096): Read timed out. (read timeout=5), proceeding anyway.
2025-07-26 18:28:10,183 - WARNING - ⚠️ Exception checking TRELLIS server status: HTTPConnectionPool(host='localhost', port=8096): Read timed out. (read timeout=5), proceeding anyway.
2025-07-26 18:28:15,333 - WARNING - ⚠️ Exception checking TRELLIS server status: HTTPConnectionPool(host='localhost', port=8096): Read timed out. (read timeout=5), proceeding anyway.
2025-07-26 18:28:20,900 - INFO - ✅ New task from UID 212: 'neon green chimeric beast with scales and wings...'
2025-07-26 18:28:20,901 - INFO -    Threshold: 0.6, Query time: 0.43s
2025-07-26 18:28:20,901 - INFO - 🔄 Processing task 5fd8bd67-8287-40a8-94ea-44a2e11d5d07: 'neon green chimeric beast with scales and wings'
2025-07-26 18:28:20,901 - INFO - 🎨 Generating 3D model: 'neon green chimeric beast with scales and wings' (task: 5fd8bd67-8287-40a8-94ea-44a2e11d5d07)
2025-07-26 18:28:21,488 - INFO - 🚀 Traditional optimization applied:
2025-07-26 18:28:21,488 - INFO -    Original: neon green chimeric beast with scales and wings
2025-07-26 18:28:21,488 - INFO -    Optimized: wbgmsst, a shimmering neon green chimeric beast with iridescent scales glistening in a mesmerizing dance of light and shadow on a misty, moonlit mountain range, surrounded by twisted, gnarled tree roots and ancient stone statues, white background
2025-07-26 18:28:21,488 - INFO -    Confidence: 80.0%
2025-07-26 18:28:22,625 - INFO - [TRELLIS] GPU cache cleared: {'status': 'cache_cleared', 'available_memory_gb': 19.611189248}
2025-07-26 18:28:22,625 - INFO -    🎲 Using deterministic seed: 42
2025-07-26 18:28:48,900 - INFO - ✅ Generation successful in 26.27s (9,136,214 bytes)
2025-07-26 18:28:48,900 - INFO - 📤 Submitting result: 5fd8bd67-8287-40a8-94ea-44a2e11d5d07
2025-07-26 18:28:48,900 - INFO -    📦 Using SPZ-compressed data from server (9,136,214 bytes)
2025-07-26 18:28:55,478 - INFO - ⏱️ Total processing time: 34.62s (from validator response to submission)
2025-07-26 18:28:55,479 - INFO - ✅ Submission successful to UID 212 (6.56s)
2025-07-26 18:28:55,479 - INFO -    Task fidelity: 0.8589
2025-07-26 18:28:55,480 - INFO -    Average fidelity: 0.8993
2025-07-26 18:28:55,480 - INFO -    Miner reward: 6.295391
2025-07-26 18:28:55,480 - INFO -    Validation failed: False
2025-07-26 18:28:55,480 - INFO -    Generations in window: 7
2025-07-26 18:28:55,509 - INFO - ✅ Task 5fd8bd67-8287-40a8-94ea-44a2e11d5d07 completed successfully
2025-07-26 18:29:08,875 - WARNING - ⚠️ Exception checking TRELLIS server status: HTTPConnectionPool(host='localhost', port=8096): Read timed out. (read timeout=5), proceeding anyway.
2025-07-26 18:29:13,882 - WARNING - ⚠️ Exception checking TRELLIS server status: HTTPConnectionPool(host='localhost', port=8096): Read timed out. (read timeout=5), proceeding anyway.
2025-07-26 18:29:18,889 - WARNING - ⚠️ Exception checking TRELLIS server status: HTTPConnectionPool(host='localhost', port=8096): Read timed out. (read timeout=5), proceeding anyway.
2025-07-26 18:29:23,554 - INFO - ✅ New task from UID 142: 'jasper stone with red and black spots...'
2025-07-26 18:29:23,555 - INFO -    Threshold: 0.6, Query time: 0.49s
2025-07-26 18:29:23,555 - INFO - 🔄 Processing task 5ec67b51-4e33-41a7-a6aa-9291b73e9846: 'jasper stone with red and black spots'
2025-07-26 18:29:23,555 - INFO - 🎨 Generating 3D model: 'jasper stone with red and black spots' (task: 5ec67b51-4e33-41a7-a6aa-9291b73e9846)
2025-07-26 18:29:24,062 - INFO - 🚀 Traditional optimization applied:
2025-07-26 18:29:24,062 - INFO -    Original: jasper stone with red and black spots
2025-07-26 18:29:24,062 - INFO -    Optimized: wbgmsst, a vibrant jasper stone featuring striking red and black spots set against a rich, velvety background, with delicate fractures and subtle shading that brings out the organic patterns of its natural beauty, white background
2025-07-26 18:29:24,062 - INFO -    Confidence: 80.0%
2025-07-26 18:29:25,168 - INFO - [TRELLIS] GPU cache cleared: {'status': 'cache_cleared', 'available_memory_gb': 19.611189248}
2025-07-26 18:29:25,169 - INFO -    🎲 Using deterministic seed: 42
2025-07-26 18:29:49,851 - INFO - ✅ Generation successful in 24.68s (6,722,332 bytes)
2025-07-26 18:29:49,852 - INFO - 📤 Submitting result: 5ec67b51-4e33-41a7-a6aa-9291b73e9846
2025-07-26 18:29:49,852 - INFO -    📦 Using SPZ-compressed data from server (6,722,332 bytes)
2025-07-26 18:29:52,045 - INFO - ⏱️ Total processing time: 28.51s (from validator response to submission)
2025-07-26 18:29:52,045 - INFO - ✅ Submission successful to UID 142 (2.16s)
2025-07-26 18:29:52,045 - INFO -    Task fidelity: 0.8610
2025-07-26 18:29:52,045 - INFO -    Average fidelity: 0.8388
2025-07-26 18:29:52,045 - INFO -    Miner reward: 10.904552
2025-07-26 18:29:52,045 - INFO -    Validation failed: False
2025-07-26 18:29:52,046 - INFO -    Generations in window: 13
2025-07-26 18:29:52,090 - INFO - ✅ Task 5ec67b51-4e33-41a7-a6aa-9291b73e9846 completed successfully
2025-07-26 18:29:55,618 - INFO - ✅ New task from UID 27: 'robot with silver gold and black spots...'
2025-07-26 18:29:55,618 - INFO -    Threshold: 0.6, Query time: 0.63s
2025-07-26 18:29:55,618 - INFO - 🔄 Processing task e9972eb0-1dab-4f3c-a3d6-0ef7c0b42a5f: 'robot with silver gold and black spots'
2025-07-26 18:29:55,618 - INFO - 🎨 Generating 3D model: 'robot with silver gold and black spots' (task: e9972eb0-1dab-4f3c-a3d6-0ef7c0b42a5f)
2025-07-26 18:29:56,135 - INFO - 🚀 Traditional optimization applied:
2025-07-26 18:29:56,135 - INFO -    Original: robot with silver gold and black spots
2025-07-26 18:29:56,135 - INFO -    Optimized: wbgmsst, a sleek robot with intricate silver, gold, and black spots adorning its metallic body, suspended in mid-air against a dark, starry night sky filled with constellations of gleaming stars, white background
2025-07-26 18:29:56,135 - INFO -    Confidence: 80.0%
2025-07-26 18:29:57,025 - INFO - [TRELLIS] GPU cache cleared: {'status': 'cache_cleared', 'available_memory_gb': 19.937624064}
2025-07-26 18:29:57,026 - INFO -    🎲 Using deterministic seed: 42
2025-07-26 18:30:20,567 - INFO - ✅ Generation successful in 23.54s (5,520,280 bytes)
2025-07-26 18:30:20,568 - INFO - 📤 Submitting result: e9972eb0-1dab-4f3c-a3d6-0ef7c0b42a5f
2025-07-26 18:30:20,568 - INFO -    📦 Using SPZ-compressed data from server (5,520,280 bytes)
2025-07-26 18:30:24,908 - INFO - ⏱️ Total processing time: 29.31s (from validator response to submission)
2025-07-26 18:30:24,908 - INFO - ✅ Submission successful to UID 27 (4.32s)
2025-07-26 18:30:24,908 - INFO -    Task fidelity: 0.9122
2025-07-26 18:30:24,908 - INFO -    Average fidelity: 0.8440
2025-07-26 18:30:24,908 - INFO -    Miner reward: 17.724178
2025-07-26 18:30:24,908 - INFO -    Validation failed: False
2025-07-26 18:30:24,908 - INFO -    Generations in window: 21
2025-07-26 18:30:24,932 - INFO - ✅ Task e9972eb0-1dab-4f3c-a3d6-0ef7c0b42a5f completed successfully
2025-07-26 18:30:29,938 - WARNING - ⚠️ Exception checking TRELLIS server status: HTTPConnectionPool(host='localhost', port=8096): Read timed out. (read timeout=5), proceeding anyway.
2025-07-26 18:30:35,461 - WARNING - ⚠️ Exception checking TRELLIS server status: HTTPConnectionPool(host='localhost', port=8096): Read timed out. (read timeout=5), proceeding anyway.
2025-07-26 18:30:40,956 - WARNING - ⚠️ Exception checking TRELLIS server status: HTTPConnectionPool(host='localhost', port=8096): Read timed out. (read timeout=5), proceeding anyway.
2025-07-26 18:31:25,927 - WARNING - ⚠️ Exception checking TRELLIS server status: HTTPConnectionPool(host='localhost', port=8096): Read timed out. (read timeout=5), proceeding anyway.
2025-07-26 18:31:30,935 - WARNING - ⚠️ Exception checking TRELLIS server status: HTTPConnectionPool(host='localhost', port=8096): Read timed out. (read timeout=5), proceeding anyway.
2025-07-26 18:31:36,081 - WARNING - ⚠️ Exception checking TRELLIS server status: HTTPConnectionPool(host='localhost', port=8096): Read timed out. (read timeout=5), proceeding anyway.
2025-07-26 18:31:42,038 - INFO - ✅ New task from UID 128: 'frosted cupcake with cherry top...'
2025-07-26 18:31:42,038 - INFO -    Threshold: 0.6, Query time: 0.25s
2025-07-26 18:31:42,038 - INFO - 🔄 Processing task faf7b9c9-8f03-4d1d-94de-c154ff4a6b1b: 'frosted cupcake with cherry top'
2025-07-26 18:31:42,038 - INFO - 🎨 Generating 3D model: 'frosted cupcake with cherry top' (task: faf7b9c9-8f03-4d1d-94de-c154ff4a6b1b)
2025-07-26 18:31:42,498 - INFO - 🚀 Traditional optimization applied:
2025-07-26 18:31:42,498 - INFO -    Original: frosted cupcake with cherry top
2025-07-26 18:31:42,499 - INFO -    Optimized: wbgmsst, a frosted cupcake with a vibrant cherry perched on its edge, set against a soft, creamy background with delicate swirling patterns of white and pale pink frosting, white background
2025-07-26 18:31:42,499 - INFO -    Confidence: 80.0%
2025-07-26 18:31:43,610 - INFO - [TRELLIS] GPU cache cleared: {'status': 'cache_cleared', 'available_memory_gb': 19.611189248}
2025-07-26 18:31:43,611 - INFO -    🎲 Using deterministic seed: 42
2025-07-26 18:32:08,206 - INFO - ✅ Generation successful in 24.59s (5,779,576 bytes)
2025-07-26 18:32:08,206 - INFO - 📤 Submitting result: faf7b9c9-8f03-4d1d-94de-c154ff4a6b1b
2025-07-26 18:32:08,207 - INFO -    📦 Using SPZ-compressed data from server (5,779,576 bytes)
2025-07-26 18:32:10,154 - INFO - ⏱️ Total processing time: 28.14s (from validator response to submission)
2025-07-26 18:32:10,154 - INFO - ✅ Submission successful to UID 128 (1.93s)
2025-07-26 18:32:10,154 - INFO -    Task fidelity: 0.9094
2025-07-26 18:32:10,154 - INFO -    Average fidelity: 0.8730
2025-07-26 18:32:10,154 - INFO -    Miner reward: 8.730417
2025-07-26 18:32:10,154 - INFO -    Validation failed: False
2025-07-26 18:32:10,155 - INFO -    Generations in window: 10
2025-07-26 18:32:10,177 - INFO - ✅ Task faf7b9c9-8f03-4d1d-94de-c154ff4a6b1b completed successfully
2025-07-26 18:32:26,927 - WARNING - ⚠️ Exception checking TRELLIS server status: HTTPConnectionPool(host='localhost', port=8096): Read timed out. (read timeout=5), proceeding anyway.
2025-07-26 18:32:31,934 - WARNING - ⚠️ Exception checking TRELLIS server status: HTTPConnectionPool(host='localhost', port=8096): Read timed out. (read timeout=5), proceeding anyway.
2025-07-26 18:32:36,940 - WARNING - ⚠️ Exception checking TRELLIS server status: HTTPConnectionPool(host='localhost', port=8096): Read timed out. (read timeout=5), proceeding anyway.
2025-07-26 18:32:42,089 - WARNING - ⚠️ Exception checking TRELLIS server status: HTTPConnectionPool(host='localhost', port=8096): Read timed out. (read timeout=5), proceeding anyway.
2025-07-26 18:33:24,938 - WARNING - ⚠️ Exception checking TRELLIS server status: HTTPConnectionPool(host='localhost', port=8096): Read timed out. (read timeout=5), proceeding anyway.
2025-07-26 18:33:29,944 - WARNING - ⚠️ Exception checking TRELLIS server status: HTTPConnectionPool(host='localhost', port=8096): Read timed out. (read timeout=5), proceeding anyway.
2025-07-26 18:33:34,951 - WARNING - ⚠️ Exception checking TRELLIS server status: HTTPConnectionPool(host='localhost', port=8096): Read timed out. (read timeout=5), proceeding anyway.
2025-07-26 18:34:22,068 - WARNING - ⚠️ Exception checking TRELLIS server status: HTTPConnectionPool(host='localhost', port=8096): Read timed out. (read timeout=5), proceeding anyway.
2025-07-26 18:34:27,076 - WARNING - ⚠️ Exception checking TRELLIS server status: HTTPConnectionPool(host='localhost', port=8096): Read timed out. (read timeout=5), proceeding anyway.
2025-07-26 18:34:32,082 - WARNING - ⚠️ Exception checking TRELLIS server status: HTTPConnectionPool(host='localhost', port=8096): Read timed out. (read timeout=5), proceeding anyway.
2025-07-26 18:34:37,226 - WARNING - ⚠️ Exception checking TRELLIS server status: HTTPConnectionPool(host='localhost', port=8096): Read timed out. (read timeout=5), proceeding anyway.
2025-07-26 18:34:38,877 - INFO - ✅ New task from UID 81: 'turquoise bangle aqua hue natural pattern...'
2025-07-26 18:34:38,878 - INFO -    Threshold: 0.6, Query time: 0.53s
2025-07-26 18:34:38,878 - INFO - 🔄 Processing task f38948cf-f0b7-40e6-810d-bccf1c5db471: 'turquoise bangle aqua hue natural pattern'
2025-07-26 18:34:38,878 - INFO - 🎨 Generating 3D model: 'turquoise bangle aqua hue natural pattern' (task: f38948cf-f0b7-40e6-810d-bccf1c5db471)
2025-07-26 18:34:39,361 - INFO - 🚀 Traditional optimization applied:
2025-07-26 18:34:39,362 - INFO -    Original: turquoise bangle aqua hue natural pattern
2025-07-26 18:34:39,362 - INFO -    Optimized: wbgmsst, a turquoise bangle adorned with an intricate natural pattern of intertwined branches and leaves, set against a soft, creamy background that subtly echoes the calming tones of the aqua hue, white background
2025-07-26 18:34:39,363 - INFO -    Confidence: 80.0%
2025-07-26 18:34:40,754 - INFO - [TRELLIS] GPU cache cleared: {'status': 'cache_cleared', 'available_memory_gb': 19.611189248}
2025-07-26 18:34:40,755 - INFO -    🎲 Using deterministic seed: 42
2025-07-26 18:35:10,012 - INFO - ✅ Generation successful in 29.25s (9,902,268 bytes)
2025-07-26 18:35:10,013 - INFO - 📤 Submitting result: f38948cf-f0b7-40e6-810d-bccf1c5db471
2025-07-26 18:35:10,013 - INFO -    📦 Using SPZ-compressed data from server (9,902,268 bytes)
2025-07-26 18:35:13,646 - INFO - ⏱️ Total processing time: 34.79s (from validator response to submission)
2025-07-26 18:35:13,647 - INFO - ✅ Submission successful to UID 81 (3.59s)
2025-07-26 18:35:13,647 - INFO -    Task fidelity: 0.7276
2025-07-26 18:35:13,647 - INFO -    Average fidelity: 0.8899
2025-07-26 18:35:13,647 - INFO -    Miner reward: 8.899037
2025-07-26 18:35:13,647 - INFO -    Validation failed: False
2025-07-26 18:35:13,647 - INFO -    Generations in window: 10
2025-07-26 18:35:13,682 - INFO - ✅ Task f38948cf-f0b7-40e6-810d-bccf1c5db471 completed successfully
2025-07-26 18:35:14,594 - INFO - ✅ New task from UID 142: 'white fairy with iridescent wings and wand...'
2025-07-26 18:35:14,594 - INFO -    Threshold: 0.6, Query time: 0.36s
2025-07-26 18:35:14,595 - INFO - 🔄 Processing task 207697c3-bc88-4ed5-8839-6cec11ea0e4a: 'white fairy with iridescent wings and wand'
2025-07-26 18:35:14,595 - INFO - 🎨 Generating 3D model: 'white fairy with iridescent wings and wand' (task: 207697c3-bc88-4ed5-8839-6cec11ea0e4a)
2025-07-26 18:35:14,980 - INFO - 🚀 Traditional optimization applied:
2025-07-26 18:35:14,980 - INFO -    Original: white fairy with iridescent wings and wand
2025-07-26 18:35:14,980 - INFO -    Optimized: wbgmsst, a delicate porcelain fairy perched on a branch of a rare, glowing flower amidst a lush forest filled with soft, filtered light, white background
2025-07-26 18:35:14,980 - INFO -    Confidence: 80.0%
2025-07-26 18:35:16,123 - INFO - [TRELLIS] GPU cache cleared: {'status': 'cache_cleared', 'available_memory_gb': 19.937624064}
2025-07-26 18:35:16,124 - INFO -    🎲 Using deterministic seed: 42
2025-07-26 18:36:04,056 - INFO - ✅ Generation successful in 47.92s (8,532,528 bytes)
2025-07-26 18:36:04,056 - INFO - 📤 Submitting result: 207697c3-bc88-4ed5-8839-6cec11ea0e4a
2025-07-26 18:36:04,057 - INFO -    📦 Using SPZ-compressed data from server (8,532,528 bytes)
2025-07-26 18:36:08,185 - INFO - ⏱️ Total processing time: 53.61s (from validator response to submission)
2025-07-26 18:36:08,185 - INFO - ✅ Submission successful to UID 142 (4.08s)
2025-07-26 18:36:08,186 - INFO -    Task fidelity: 0.0000
2025-07-26 18:36:08,186 - INFO -    Average fidelity: 0.8388
2025-07-26 18:36:08,186 - INFO -    Miner reward: 10.904552
2025-07-26 18:36:08,186 - INFO -    Validation failed: False
2025-07-26 18:36:08,186 - INFO -    Generations in window: 13
2025-07-26 18:36:08,234 - INFO - ✅ Task 207697c3-bc88-4ed5-8839-6cec11ea0e4a completed successfully
2025-07-26 18:36:08,694 - INFO - ✅ New task from UID 212: 'arrow with silver shaft and black head...'
2025-07-26 18:36:08,695 - INFO -    Threshold: 0.6, Query time: 0.43s
2025-07-26 18:36:08,695 - INFO - 🔄 Processing task 8c39af1b-f883-40ed-9001-ba08b045a339: 'arrow with silver shaft and black head'
2025-07-26 18:36:08,695 - INFO - 🎨 Generating 3D model: 'arrow with silver shaft and black head' (task: 8c39af1b-f883-40ed-9001-ba08b045a339)
2025-07-26 18:36:09,366 - INFO - 🚀 Traditional optimization applied:
2025-07-26 18:36:09,367 - INFO -    Original: arrow with silver shaft and black head
2025-07-26 18:36:09,367 - INFO -    Optimized: wbgmsst, a slender arrow with a silver shaft adorned with intricate silver filigree and a razor-sharp black head resting on a bed of soft, velvety moss in a misty forest glade surrounded by towering trees and dappled sunlight filtering through the canopy above, white background
2025-07-26 18:36:09,367 - INFO -    Confidence: 80.0%
2025-07-26 18:36:11,006 - INFO - [TRELLIS] GPU cache cleared: {'status': 'cache_cleared', 'available_memory_gb': 18.948489216}
2025-07-26 18:36:11,007 - INFO -    🎲 Using deterministic seed: 42
2025-07-26 18:36:38,720 - INFO - ✅ Generation successful in 27.71s (8,183,672 bytes)
2025-07-26 18:36:38,720 - INFO - 📤 Submitting result: 8c39af1b-f883-40ed-9001-ba08b045a339
2025-07-26 18:36:38,721 - INFO -    📦 Using SPZ-compressed data from server (8,183,672 bytes)
2025-07-26 18:36:41,597 - INFO - ⏱️ Total processing time: 32.92s (from validator response to submission)
2025-07-26 18:36:41,598 - INFO - ✅ Submission successful to UID 212 (2.84s)
2025-07-26 18:36:41,598 - INFO -    Task fidelity: 0.0000
2025-07-26 18:36:41,598 - INFO -    Average fidelity: 0.8993
2025-07-26 18:36:41,598 - INFO -    Miner reward: 6.295391
2025-07-26 18:36:41,598 - INFO -    Validation failed: False
2025-07-26 18:36:41,598 - INFO -    Generations in window: 7
2025-07-26 18:36:41,624 - INFO - ✅ Task 8c39af1b-f883-40ed-9001-ba08b045a339 completed successfully
2025-07-26 18:36:44,357 - INFO - ✅ Validator refresh complete:
2025-07-26 18:36:44,357 - INFO -    Active validators: 10
2025-07-26 18:36:44,358 - INFO -    Inactive validators: 0
2025-07-26 18:36:44,358 - INFO -    Total eligible validators found: 10
2025-07-26 18:36:44,358 - INFO -    Top validators by stake:
2025-07-26 18:36:44,358 - INFO -      UID 212: 104004.7 TAO (trust: 0.000)
2025-07-26 18:36:44,358 - INFO -      UID 142: 69543.8 TAO (trust: 0.000)
2025-07-26 18:36:44,358 - INFO -      UID 27: 60169.2 TAO (trust: 0.000)
2025-07-26 18:36:44,359 - INFO -      UID 124: 39808.3 TAO (trust: 0.000)
2025-07-26 18:36:44,359 - INFO -      UID 128: 13457.9 TAO (trust: 0.000)
2025-07-26 18:36:45,549 - INFO - ✅ New task from UID 27: 'black baseball bat with red tip and yellow handle...'
2025-07-26 18:36:45,550 - INFO -    Threshold: 0.6, Query time: 0.71s
2025-07-26 18:36:45,550 - INFO - 🔄 Processing task 53e85b3a-dd4f-4d48-9680-ec98e02786e3: 'black baseball bat with red tip and yellow handle'
2025-07-26 18:36:45,550 - INFO - 🎨 Generating 3D model: 'black baseball bat with red tip and yellow handle' (task: 53e85b3a-dd4f-4d48-9680-ec98e02786e3)
2025-07-26 18:36:47,532 - INFO - 🔄 Reproducibility optimization applied:
2025-07-26 18:36:47,532 - INFO -    Original: black baseball bat with red tip and yellow handle
2025-07-26 18:36:47,532 - INFO -    Optimized: wbgmsst, a detailed enhanced baseball bat with intricate designs and metallic details, features glowing blue accents along its length and subtle texture shading, white background.
2025-07-26 18:36:47,532 - INFO -    Similarity: 0.521
2025-07-26 18:36:47,532 - INFO -    Gold score: 0.9211
2025-07-26 18:36:48,396 - INFO - [TRELLIS] GPU cache cleared: {'status': 'cache_cleared', 'available_memory_gb': 19.937624064}
2025-07-26 18:36:48,396 - INFO -    🎲 Using deterministic seed: 42
2025-07-26 18:37:09,838 - INFO - ✅ Generation successful in 21.44s (1,537,756 bytes)
2025-07-26 18:37:09,839 - INFO - 📤 Submitting result: 53e85b3a-dd4f-4d48-9680-ec98e02786e3
2025-07-26 18:37:09,839 - INFO -    📦 Using SPZ-compressed data from server (1,537,756 bytes)
2025-07-26 18:37:13,282 - INFO - ⏱️ Total processing time: 27.76s (from validator response to submission)
2025-07-26 18:37:13,283 - INFO - ✅ Submission successful to UID 27 (3.44s)
2025-07-26 18:37:13,283 - INFO -    Task fidelity: 0.8935
2025-07-26 18:37:13,283 - INFO -    Average fidelity: 0.8465
2025-07-26 18:37:13,283 - INFO -    Miner reward: 17.776146
2025-07-26 18:37:13,283 - INFO -    Validation failed: False
2025-07-26 18:37:13,283 - INFO -    Generations in window: 21
2025-07-26 18:37:13,306 - INFO - ✅ Task 53e85b3a-dd4f-4d48-9680-ec98e02786e3 completed successfully
2025-07-26 18:37:18,311 - WARNING - ⚠️ Exception checking TRELLIS server status: HTTPConnectionPool(host='localhost', port=8096): Read timed out. (read timeout=5), proceeding anyway.
2025-07-26 18:37:23,774 - WARNING - ⚠️ Exception checking TRELLIS server status: HTTPConnectionPool(host='localhost', port=8096): Read timed out. (read timeout=5), proceeding anyway.
2025-07-26 18:37:29,307 - WARNING - ⚠️ Exception checking TRELLIS server status: HTTPConnectionPool(host='localhost', port=8096): Read timed out. (read timeout=5), proceeding anyway.
2025-07-26 18:37:31,556 - INFO - ✅ New task from UID 128: 'glowing purple wyvern tail...'
2025-07-26 18:37:31,557 - INFO -    Threshold: 0.6, Query time: 0.27s
2025-07-26 18:37:31,557 - INFO - 🔄 Processing task 40265c60-5dd8-4bb9-9ee2-a715ef4a25c3: 'glowing purple wyvern tail'
2025-07-26 18:37:31,557 - INFO - 🎨 Generating 3D model: 'glowing purple wyvern tail' (task: 40265c60-5dd8-4bb9-9ee2-a715ef4a25c3)
2025-07-26 18:37:32,211 - INFO - 🚀 Traditional optimization applied:
2025-07-26 18:37:32,211 - INFO -    Original: glowing purple wyvern tail
2025-07-26 18:37:32,211 - INFO -    Optimized: wbgmsst, a luminous glowing purple wyvern tail suspended in mid-air over a misty, moonlit cavern with ancient stone walls and an ethereal, pulsing glow emanating from the surrounding rocks, white background
2025-07-26 18:37:32,211 - INFO -    Confidence: 80.0%
2025-07-26 18:37:33,284 - INFO - [TRELLIS] GPU cache cleared: {'status': 'cache_cleared', 'available_memory_gb': 19.611189248}
2025-07-26 18:37:33,284 - INFO -    🎲 Using deterministic seed: 42
2025-07-26 18:38:00,988 - INFO - ✅ Generation successful in 27.70s (9,811,886 bytes)
2025-07-26 18:38:00,988 - INFO - 📤 Submitting result: 40265c60-5dd8-4bb9-9ee2-a715ef4a25c3
2025-07-26 18:38:00,988 - INFO -    📦 Using SPZ-compressed data from server (9,811,886 bytes)
2025-07-26 18:38:02,858 - INFO - ⏱️ Total processing time: 31.32s (from validator response to submission)
2025-07-26 18:38:02,858 - INFO - ✅ Submission successful to UID 128 (1.83s)
2025-07-26 18:38:02,858 - INFO -    Task fidelity: 0.8909
2025-07-26 18:38:02,859 - INFO -    Average fidelity: 0.8739
2025-07-26 18:38:02,859 - INFO -    Miner reward: 9.613269
2025-07-26 18:38:02,859 - INFO -    Validation failed: False
2025-07-26 18:38:02,859 - INFO -    Generations in window: 11
2025-07-26 18:38:02,888 - INFO - ✅ Task 40265c60-5dd8-4bb9-9ee2-a715ef4a25c3 completed successfully
2025-07-26 18:38:03,676 - INFO - 📊 CONTINUOUS ORCHESTRATOR STATUS
2025-07-26 18:38:03,676 - INFO - ============================================================
2025-07-26 18:38:03,676 - INFO - Uptime: 1.45 hours
2025-07-26 18:38:03,676 - INFO - Tasks pulled: 74
2025-07-26 18:38:03,676 - INFO - Tasks processed: 74
2025-07-26 18:38:03,676 - INFO - Successful generations: 74
2025-07-26 18:38:03,676 - INFO - Successful validations: 0
2025-07-26 18:38:03,676 - INFO - Successful submissions: 74
2025-07-26 18:38:03,677 - INFO - Total rewards: 1205.373542 TAO
2025-07-26 18:38:03,677 - INFO - Idle validations: 0
2025-07-26 18:38:03,677 - INFO - Prompts optimized: 74
2025-07-26 18:38:03,677 - INFO - Reproducibility optimizations: 7
2025-07-26 18:38:03,677 - INFO - Traditional optimizations: 67
2025-07-26 18:38:03,677 - INFO - Optimization improvements: 0
2025-07-26 18:38:03,677 - INFO - Tasks/hour: 51.2
2025-07-26 18:38:03,677 - INFO - Rewards/hour: 833.607940 TAO
2025-07-26 18:38:03,677 - INFO - Average total processing time: 36.88s
2025-07-26 18:38:03,677 - INFO - Optimization rate: 0.0% of prompts improved
2025-07-26 18:38:03,677 - INFO - Active validators: 10
2025-07-26 18:38:03,677 - INFO -   UID 212: 0 tasks, avg score: 0.651
2025-07-26 18:38:03,677 - INFO -   UID 142: 0 tasks, avg score: 0.621
2025-07-26 18:38:03,678 - INFO -   UID 27: 0 tasks, avg score: 0.821
2025-07-26 18:38:03,678 - WARNING - ⚠️ Found 2 unfinished tasks in last 6 hours:
2025-07-26 18:38:03,678 - WARNING -    UID 142: 'matte silver droid designed fo...' - no_submission
2025-07-26 18:38:03,679 - WARNING -    UID 142: 'copper-colored robot with seri...' - no_submission
2025-07-26 18:38:03,679 - INFO - ============================================================
2025-07-26 18:38:03,680 - INFO - 📊 Statistics saved to continuous_trellis_outputs/continuous_stats_20250726_183803.json
2025-07-26 18:38:19,814 - WARNING - ⚠️ Exception checking TRELLIS server status: HTTPConnectionPool(host='localhost', port=8096): Read timed out. (read timeout=5), proceeding anyway.
2025-07-26 18:38:24,821 - WARNING - ⚠️ Exception checking TRELLIS server status: HTTPConnectionPool(host='localhost', port=8096): Read timed out. (read timeout=5), proceeding anyway.
2025-07-26 18:38:29,828 - WARNING - ⚠️ Exception checking TRELLIS server status: HTTPConnectionPool(host='localhost', port=8096): Read timed out. (read timeout=5), proceeding anyway.
2025-07-26 18:39:17,940 - WARNING - ⚠️ Exception checking TRELLIS server status: HTTPConnectionPool(host='localhost', port=8096): Read timed out. (read timeout=5), proceeding anyway.
2025-07-26 18:39:22,947 - WARNING - ⚠️ Exception checking TRELLIS server status: HTTPConnectionPool(host='localhost', port=8096): Read timed out. (read timeout=5), proceeding anyway.
2025-07-26 18:39:27,957 - WARNING - ⚠️ Exception checking TRELLIS server status: HTTPConnectionPool(host='localhost', port=8096): Read timed out. (read timeout=5), proceeding anyway.
2025-07-26 18:39:32,964 - WARNING - ⚠️ Exception checking TRELLIS server status: HTTPConnectionPool(host='localhost', port=8096): Read timed out. (read timeout=5), proceeding anyway.
2025-07-26 18:39:42,771 - INFO - ✅ New task from UID 49: 'pink drill with metallic shaft...'
2025-07-26 18:39:42,771 - INFO -    Threshold: 0.6, Query time: 0.44s
2025-07-26 18:39:42,772 - INFO - 🔄 Processing task 736f932c-d108-4e8d-8784-33ea3ba52007: 'pink drill with metallic shaft'
2025-07-26 18:39:42,772 - INFO - 🎨 Generating 3D model: 'pink drill with metallic shaft' (task: 736f932c-d108-4e8d-8784-33ea3ba52007)
2025-07-26 18:39:44,491 - INFO - 🔄 Reproducibility optimization applied:
2025-07-26 18:39:44,491 - INFO -    Original: pink drill with metallic shaft
2025-07-26 18:39:44,491 - INFO -    Optimized: wbgmsst, a vibrant, futuristic drill with a metallic exosuit and neon-green accents, stands on its shaft, white background.
2025-07-26 18:39:44,491 - INFO -    Similarity: 0.597
2025-07-26 18:39:44,492 - INFO -    Gold score: 0.9082
2025-07-26 18:39:45,857 - INFO - [TRELLIS] GPU cache cleared: {'status': 'cache_cleared', 'available_memory_gb': 17.419665408}
2025-07-26 18:39:45,858 - INFO -    🎲 Using deterministic seed: 42
2025-07-26 18:40:11,209 - INFO - ✅ Generation successful in 25.34s (6,382,623 bytes)
2025-07-26 18:40:11,210 - INFO - 📤 Submitting result: 736f932c-d108-4e8d-8784-33ea3ba52007
2025-07-26 18:40:11,211 - INFO -    📦 Using SPZ-compressed data from server (6,382,623 bytes)
2025-07-26 18:40:13,569 - INFO - ⏱️ Total processing time: 30.84s (from validator response to submission)
2025-07-26 18:40:13,570 - INFO - ✅ Submission successful to UID 49 (2.33s)
2025-07-26 18:40:13,570 - INFO -    Task fidelity: 0.0000
2025-07-26 18:40:13,570 - INFO -    Average fidelity: 0.7932
2025-07-26 18:40:13,570 - INFO -    Miner reward: 24.587954
2025-07-26 18:40:13,570 - INFO -    Validation failed: False
2025-07-26 18:40:13,570 - INFO -    Generations in window: 31
2025-07-26 18:40:13,595 - INFO - ✅ Task 736f932c-d108-4e8d-8784-33ea3ba52007 completed successfully
2025-07-26 18:40:14,074 - INFO - ✅ New task from UID 81: 'robot with wings and silver body...'
2025-07-26 18:40:14,075 - INFO -    Threshold: 0.6, Query time: 0.47s
2025-07-26 18:40:14,075 - INFO - 🔄 Processing task 37efe3d5-c507-4f8d-b943-027f2070e871: 'robot with wings and silver body'
2025-07-26 18:40:14,075 - INFO - 🎨 Generating 3D model: 'robot with wings and silver body' (task: 37efe3d5-c507-4f8d-b943-027f2070e871)
2025-07-26 18:40:14,709 - INFO - 🚀 Traditional optimization applied:
2025-07-26 18:40:14,710 - INFO -    Original: robot with wings and silver body
2025-07-26 18:40:14,710 - INFO -    Optimized: wbgmsst, a sleek, aerodynamic robot with metallic silver body and gleaming, high-tech wings standing proudly against a futuristic cityscape at sunset, with neon skyscrapers and bustling streets in the background, white background
2025-07-26 18:40:14,710 - INFO -    Confidence: 80.0%
2025-07-26 18:40:15,573 - INFO - [TRELLIS] GPU cache cleared: {'status': 'cache_cleared', 'available_memory_gb': 19.937624064}
2025-07-26 18:40:15,574 - INFO -    🎲 Using deterministic seed: 42
2025-07-26 18:40:42,128 - INFO - ✅ Generation successful in 26.55s (9,075,844 bytes)
2025-07-26 18:40:42,129 - INFO - 📤 Submitting result: 37efe3d5-c507-4f8d-b943-027f2070e871
2025-07-26 18:40:42,129 - INFO -    📦 Using SPZ-compressed data from server (9,075,844 bytes)
2025-07-26 18:40:45,011 - INFO - ⏱️ Total processing time: 30.94s (from validator response to submission)
2025-07-26 18:40:45,011 - INFO - ✅ Submission successful to UID 81 (2.85s)
2025-07-26 18:40:45,011 - INFO -    Task fidelity: 0.7880
2025-07-26 18:40:45,011 - INFO -    Average fidelity: 0.8848
2025-07-26 18:40:45,011 - INFO -    Miner reward: 9.732870
2025-07-26 18:40:45,011 - INFO -    Validation failed: False
2025-07-26 18:40:45,011 - INFO -    Generations in window: 11
2025-07-26 18:40:45,041 - INFO - ✅ Task 37efe3d5-c507-4f8d-b943-027f2070e871 completed successfully
2025-07-26 18:40:50,045 - WARNING - ⚠️ Exception checking TRELLIS server status: HTTPConnectionPool(host='localhost', port=8096): Read timed out. (read timeout=5), proceeding anyway.
2025-07-26 18:40:55,198 - WARNING - ⚠️ Exception checking TRELLIS server status: HTTPConnectionPool(host='localhost', port=8096): Read timed out. (read timeout=5), proceeding anyway.
2025-07-26 18:41:00,479 - WARNING - ⚠️ Exception checking TRELLIS server status: HTTPConnectionPool(host='localhost', port=8096): Read timed out. (read timeout=5), proceeding anyway.
2025-07-26 18:41:46,296 - WARNING - ⚠️ Exception checking TRELLIS server status: HTTPConnectionPool(host='localhost', port=8096): Read timed out. (read timeout=5), proceeding anyway.
2025-07-26 18:41:51,301 - WARNING - ⚠️ Exception checking TRELLIS server status: HTTPConnectionPool(host='localhost', port=8096): Read timed out. (read timeout=5), proceeding anyway.
2025-07-26 18:41:56,309 - WARNING - ⚠️ Exception checking TRELLIS server status: HTTPConnectionPool(host='localhost', port=8096): Read timed out. (read timeout=5), proceeding anyway.
2025-07-26 18:42:01,465 - WARNING - ⚠️ Exception checking TRELLIS server status: HTTPConnectionPool(host='localhost', port=8096): Read timed out. (read timeout=5), proceeding anyway.
2025-07-26 18:42:02,125 - INFO - ✅ New task from UID 27: 'small metal chisel with green handle...'
2025-07-26 18:42:02,125 - INFO -    Threshold: 0.6, Query time: 0.64s
2025-07-26 18:42:02,125 - INFO - 🔄 Processing task 5a29348e-d65c-45f8-8c19-31beb867b1be: 'small metal chisel with green handle'
2025-07-26 18:42:02,125 - INFO - 🎨 Generating 3D model: 'small metal chisel with green handle' (task: 5a29348e-d65c-45f8-8c19-31beb867b1be)
2025-07-26 18:42:02,836 - INFO - 🚀 Traditional optimization applied:
2025-07-26 18:42:02,837 - INFO -    Original: small metal chisel with green handle
2025-07-26 18:42:02,837 - INFO -    Optimized: wbgmsst, a slender small metal chisel with an emerald green handle that resembles weathered jade, resting on a worn wooden workbench amidst scattered sheets of parchment and half-finished sculptures in a dimly lit, cluttered studio filled with the scent of wood shavings and the faint hint of oil, white background
2025-07-26 18:42:02,838 - INFO -    Confidence: 80.0%
2025-07-26 18:42:03,935 - INFO - [TRELLIS] GPU cache cleared: {'status': 'cache_cleared', 'available_memory_gb': 19.611189248}
2025-07-26 18:42:03,935 - INFO -    🎲 Using deterministic seed: 42
2025-07-26 18:42:38,207 - INFO - ✅ Generation successful in 34.26s (13,260,406 bytes)
2025-07-26 18:42:38,207 - INFO - 📤 Submitting result: 5a29348e-d65c-45f8-8c19-31beb867b1be
2025-07-26 18:42:38,208 - INFO -    📦 Using SPZ-compressed data from server (13,260,406 bytes)
2025-07-26 18:42:42,938 - INFO - ⏱️ Total processing time: 40.84s (from validator response to submission)
2025-07-26 18:42:42,938 - INFO - ✅ Submission successful to UID 27 (4.68s)
2025-07-26 18:42:42,938 - INFO -    Task fidelity: 0.0000
2025-07-26 18:42:42,938 - INFO -    Average fidelity: 0.8465
2025-07-26 18:42:42,938 - INFO -    Miner reward: 16.929663
2025-07-26 18:42:42,938 - INFO -    Validation failed: False
2025-07-26 18:42:42,939 - INFO -    Generations in window: 20
2025-07-26 18:42:42,965 - INFO - ✅ Task 5a29348e-d65c-45f8-8c19-31beb867b1be completed successfully
2025-07-26 18:42:47,813 - ERROR - ServerDisconnectedError#0ad98556-7340-4930-87dc-a13b184536fc: Server disconnected
2025-07-26 18:42:54,917 - WARNING - ⚠️ Exception checking TRELLIS server status: HTTPConnectionPool(host='localhost', port=8096): Read timed out. (read timeout=5), proceeding anyway.
2025-07-26 18:42:59,926 - WARNING - ⚠️ Exception checking TRELLIS server status: HTTPConnectionPool(host='localhost', port=8096): Read timed out. (read timeout=5), proceeding anyway.
2025-07-26 18:43:04,935 - WARNING - ⚠️ Exception checking TRELLIS server status: HTTPConnectionPool(host='localhost', port=8096): Read timed out. (read timeout=5), proceeding anyway.
2025-07-26 18:43:09,998 - WARNING - ⚠️ Exception checking TRELLIS server status: HTTPConnectionPool(host='localhost', port=8096): Read timed out. (read timeout=5), proceeding anyway.
2025-07-26 18:43:31,617 - INFO - ✅ New task from UID 128: 'baseball bat smooth wooden red...'
2025-07-26 18:43:31,618 - INFO -    Threshold: 0.6, Query time: 0.35s
2025-07-26 18:43:31,618 - INFO - 🔄 Processing task 7229a461-e7a1-4ca3-9208-9f407a4fbf1f: 'baseball bat smooth wooden red'
2025-07-26 18:43:31,618 - INFO - 🎨 Generating 3D model: 'baseball bat smooth wooden red' (task: 7229a461-e7a1-4ca3-9208-9f407a4fbf1f)
2025-07-26 18:43:32,096 - INFO - 🚀 Traditional optimization applied:
2025-07-26 18:43:32,096 - INFO -    Original: baseball bat smooth wooden red
2025-07-26 18:43:32,096 - INFO -    Optimized: wbgmsst, a sleek baseball bat crafted from rich, dark-redwood, exuding an aura of classic Americana, its weathered surface bearing subtle signs of well-worn use, white background
2025-07-26 18:43:32,096 - INFO -    Confidence: 80.0%
2025-07-26 18:43:33,460 - INFO - [TRELLIS] GPU cache cleared: {'status': 'cache_cleared', 'available_memory_gb': 19.937624064}
2025-07-26 18:43:33,460 - INFO -    🎲 Using deterministic seed: 42
2025-07-26 18:43:56,156 - INFO - ✅ Generation successful in 22.69s (1,694,539 bytes)
2025-07-26 18:43:56,156 - INFO - 📤 Submitting result: 7229a461-e7a1-4ca3-9208-9f407a4fbf1f
2025-07-26 18:43:56,156 - INFO -    📦 Using SPZ-compressed data from server (1,694,539 bytes)
2025-07-26 18:43:57,584 - INFO - ⏱️ Total processing time: 25.99s (from validator response to submission)
2025-07-26 18:43:57,584 - INFO - ✅ Submission successful to UID 128 (1.42s)
2025-07-26 18:43:57,584 - INFO -    Task fidelity: 0.8631
2025-07-26 18:43:57,584 - INFO -    Average fidelity: 0.8734
2025-07-26 18:43:57,584 - INFO -    Miner reward: 9.607301
2025-07-26 18:43:57,584 - INFO -    Validation failed: False
2025-07-26 18:43:57,584 - INFO -    Generations in window: 11
2025-07-26 18:43:57,614 - INFO - ✅ Task 7229a461-e7a1-4ca3-9208-9f407a4fbf1f completed successfully
2025-07-26 18:44:05,429 - WARNING - ⚠️ Exception checking TRELLIS server status: HTTPConnectionPool(host='localhost', port=8096): Read timed out. (read timeout=5), proceeding anyway.
2025-07-26 18:44:10,577 - WARNING - ⚠️ Exception checking TRELLIS server status: HTTPConnectionPool(host='localhost', port=8096): Read timed out. (read timeout=5), proceeding anyway.
2025-07-26 18:44:15,725 - WARNING - ⚠️ Exception checking TRELLIS server status: HTTPConnectionPool(host='localhost', port=8096): Read timed out. (read timeout=5), proceeding anyway.
2025-07-26 18:45:05,869 - WARNING - ⚠️ Exception checking TRELLIS server status: HTTPConnectionPool(host='localhost', port=8096): Read timed out. (read timeout=5), proceeding anyway.
2025-07-26 18:45:10,874 - WARNING - ⚠️ Exception checking TRELLIS server status: HTTPConnectionPool(host='localhost', port=8096): Read timed out. (read timeout=5), proceeding anyway.
2025-07-26 18:45:15,877 - WARNING - ⚠️ Exception checking TRELLIS server status: HTTPConnectionPool(host='localhost', port=8096): Read timed out. (read timeout=5), proceeding anyway.
2025-07-26 18:45:21,035 - WARNING - ⚠️ Exception checking TRELLIS server status: HTTPConnectionPool(host='localhost', port=8096): Read timed out. (read timeout=5), proceeding anyway.
2025-07-26 18:46:05,075 - WARNING - ⚠️ Exception checking TRELLIS server status: HTTPConnectionPool(host='localhost', port=8096): Read timed out. (read timeout=5), proceeding anyway.
2025-07-26 18:46:10,083 - WARNING - ⚠️ Exception checking TRELLIS server status: HTTPConnectionPool(host='localhost', port=8096): Read timed out. (read timeout=5), proceeding anyway.
2025-07-26 18:46:15,089 - WARNING - ⚠️ Exception checking TRELLIS server status: HTTPConnectionPool(host='localhost', port=8096): Read timed out. (read timeout=5), proceeding anyway.
2025-07-26 18:46:20,244 - WARNING - ⚠️ Exception checking TRELLIS server status: HTTPConnectionPool(host='localhost', port=8096): Read timed out. (read timeout=5), proceeding anyway.
2025-07-26 18:46:22,434 - INFO - ✅ New task from UID 81: 'fairy with wings that are...'
2025-07-26 18:46:22,434 - INFO -    Threshold: 0.6, Query time: 0.56s
2025-07-26 18:46:22,434 - INFO - 🔄 Processing task 0f52a1da-d3ee-4b5f-beac-9dca07a5e6a3: 'fairy with wings that are'
2025-07-26 18:46:22,435 - INFO - 🎨 Generating 3D model: 'fairy with wings that are' (task: 0f52a1da-d3ee-4b5f-beac-9dca07a5e6a3)
2025-07-26 18:46:22,931 - INFO - 🚀 Traditional optimization applied:
2025-07-26 18:46:22,932 - INFO -    Original: fairy with wings that are
2025-07-26 18:46:22,932 - INFO -    Optimized: wbgmsst, a delicate fairy with transparent, crystalline wings suspended in mid-air amidst a lush forest of towering trees and vibrant wildflowers, surrounded by soft, warm sunlight filtering through the leaves, white background
2025-07-26 18:46:22,932 - INFO -    Confidence: 80.0%
2025-07-26 18:46:24,403 - INFO - [TRELLIS] GPU cache cleared: {'status': 'cache_cleared', 'available_memory_gb': 19.611189248}
2025-07-26 18:46:24,404 - INFO -    🎲 Using deterministic seed: 42
2025-07-26 18:46:52,731 - INFO - ✅ Generation successful in 28.32s (8,988,727 bytes)
2025-07-26 18:46:52,732 - INFO - 📤 Submitting result: 0f52a1da-d3ee-4b5f-beac-9dca07a5e6a3
2025-07-26 18:46:52,732 - INFO -    📦 Using SPZ-compressed data from server (8,988,727 bytes)
2025-07-26 18:46:55,577 - INFO - ⏱️ Total processing time: 33.18s (from validator response to submission)
2025-07-26 18:46:55,578 - INFO - ✅ Submission successful to UID 81 (2.82s)
2025-07-26 18:46:55,578 - INFO -    Task fidelity: 0.8247
2025-07-26 18:46:55,578 - INFO -    Average fidelity: 0.8818
2025-07-26 18:46:55,578 - INFO -    Miner reward: 10.581627
2025-07-26 18:46:55,578 - INFO -    Validation failed: False
2025-07-26 18:46:55,578 - INFO -    Generations in window: 12
2025-07-26 18:46:55,630 - INFO - ✅ Task 0f52a1da-d3ee-4b5f-beac-9dca07a5e6a3 completed successfully
2025-07-26 18:46:59,899 - INFO - ✅ Validator refresh complete:
2025-07-26 18:46:59,900 - INFO -    Active validators: 10
2025-07-26 18:46:59,900 - INFO -    Inactive validators: 0
2025-07-26 18:46:59,900 - INFO -    Total eligible validators found: 10
2025-07-26 18:46:59,900 - INFO -    Top validators by stake:
2025-07-26 18:46:59,901 - INFO -      UID 212: 104004.7 TAO (trust: 0.000)
2025-07-26 18:46:59,901 - INFO -      UID 142: 69543.8 TAO (trust: 0.000)
2025-07-26 18:46:59,901 - INFO -      UID 27: 60169.2 TAO (trust: 0.000)
2025-07-26 18:46:59,901 - INFO -      UID 124: 39808.3 TAO (trust: 0.000)
2025-07-26 18:46:59,901 - INFO -      UID 128: 13457.9 TAO (trust: 0.000)
2025-07-26 18:47:00,232 - INFO - 📊 CONTINUOUS ORCHESTRATOR STATUS
2025-07-26 18:47:00,232 - INFO - ============================================================
2025-07-26 18:47:00,232 - INFO - Uptime: 1.60 hours
2025-07-26 18:47:00,232 - INFO - Tasks pulled: 79
2025-07-26 18:47:00,232 - INFO - Tasks processed: 79
2025-07-26 18:47:00,232 - INFO - Successful generations: 79
2025-07-26 18:47:00,232 - INFO - Successful validations: 0
2025-07-26 18:47:00,232 - INFO - Successful submissions: 79
2025-07-26 18:47:00,232 - INFO - Total rewards: 1276.812956 TAO
2025-07-26 18:47:00,233 - INFO - Idle validations: 0
2025-07-26 18:47:00,233 - INFO - Prompts optimized: 79
2025-07-26 18:47:00,233 - INFO - Reproducibility optimizations: 8
2025-07-26 18:47:00,233 - INFO - Traditional optimizations: 71
2025-07-26 18:47:00,233 - INFO - Optimization improvements: 0
2025-07-26 18:47:00,233 - INFO - Tasks/hour: 49.5
2025-07-26 18:47:00,233 - INFO - Rewards/hour: 800.502161 TAO
2025-07-26 18:47:00,233 - INFO - Average total processing time: 36.59s
2025-07-26 18:47:00,233 - INFO - Optimization rate: 0.0% of prompts improved
2025-07-26 18:47:00,233 - INFO - Active validators: 10
2025-07-26 18:47:00,233 - INFO -   UID 212: 0 tasks, avg score: 0.651
2025-07-26 18:47:00,233 - INFO -   UID 142: 0 tasks, avg score: 0.621
2025-07-26 18:47:00,233 - INFO -   UID 27: 0 tasks, avg score: 0.739
2025-07-26 18:47:00,234 - WARNING - ⚠️ Found 2 unfinished tasks in last 6 hours:
2025-07-26 18:47:00,234 - WARNING -    UID 142: 'matte silver droid designed fo...' - no_submission
2025-07-26 18:47:00,235 - WARNING -    UID 142: 'copper-colored robot with seri...' - no_submission
2025-07-26 18:47:00,235 - INFO - ============================================================
2025-07-26 18:47:00,236 - INFO - 📊 Statistics saved to continuous_trellis_outputs/continuous_stats_20250726_184700.json
2025-07-26 18:47:11,464 - WARNING - ⚠️ Exception checking TRELLIS server status: HTTPConnectionPool(host='localhost', port=8096): Read timed out. (read timeout=5), proceeding anyway.
2025-07-26 18:47:16,470 - WARNING - ⚠️ Exception checking TRELLIS server status: HTTPConnectionPool(host='localhost', port=8096): Read timed out. (read timeout=5), proceeding anyway.
2025-07-26 18:47:21,475 - WARNING - ⚠️ Exception checking TRELLIS server status: HTTPConnectionPool(host='localhost', port=8096): Read timed out. (read timeout=5), proceeding anyway.
2025-07-26 18:48:11,225 - WARNING - ⚠️ Exception checking TRELLIS server status: HTTPConnectionPool(host='localhost', port=8096): Read timed out. (read timeout=5), proceeding anyway.
2025-07-26 18:48:16,232 - WARNING - ⚠️ Exception checking TRELLIS server status: HTTPConnectionPool(host='localhost', port=8096): Read timed out. (read timeout=5), proceeding anyway.
2025-07-26 18:48:21,238 - WARNING - ⚠️ Exception checking TRELLIS server status: HTTPConnectionPool(host='localhost', port=8096): Read timed out. (read timeout=5), proceeding anyway.
2025-07-26 18:48:26,246 - WARNING - ⚠️ Exception checking TRELLIS server status: HTTPConnectionPool(host='localhost', port=8096): Read timed out. (read timeout=5), proceeding anyway.
2025-07-26 18:49:10,713 - WARNING - ⚠️ Exception checking TRELLIS server status: HTTPConnectionPool(host='localhost', port=8096): Read timed out. (read timeout=5), proceeding anyway.
2025-07-26 18:49:15,717 - WARNING - ⚠️ Exception checking TRELLIS server status: HTTPConnectionPool(host='localhost', port=8096): Read timed out. (read timeout=5), proceeding anyway.
2025-07-26 18:49:20,724 - WARNING - ⚠️ Exception checking TRELLIS server status: HTTPConnectionPool(host='localhost', port=8096): Read timed out. (read timeout=5), proceeding anyway.
2025-07-26 18:49:25,874 - WARNING - ⚠️ Exception checking TRELLIS server status: HTTPConnectionPool(host='localhost', port=8096): Read timed out. (read timeout=5), proceeding anyway.
2025-07-26 18:49:27,868 - INFO - ✅ New task from UID 128: 'bronze robot with ancient mystical feel...'
2025-07-26 18:49:27,869 - INFO -    Threshold: 0.6, Query time: 0.26s
2025-07-26 18:49:27,869 - INFO - 🔄 Processing task 9fdc8733-b683-4a59-bf5a-7e3b663cb665: 'bronze robot with ancient mystical feel'
2025-07-26 18:49:27,869 - INFO - 🎨 Generating 3D model: 'bronze robot with ancient mystical feel' (task: 9fdc8733-b683-4a59-bf5a-7e3b663cb665)
2025-07-26 18:49:28,567 - INFO - 🚀 Traditional optimization applied:
2025-07-26 18:49:28,567 - INFO -    Original: bronze robot with ancient mystical feel
2025-07-26 18:49:28,567 - INFO -    Optimized: wbgmsst, a weathered bronze robot with an ancient mystical feel standing proudly atop a pedestal of worn, crimson-red sandstone, its metallic body adorned with intricate, golden filigree and small, glowing gemstones set into the armor plating, casting an ethereal glow across the dark, mysterious surroundings, white background
2025-07-26 18:49:28,567 - INFO -    Confidence: 80.0%
2025-07-26 18:49:29,704 - INFO - [TRELLIS] GPU cache cleared: {'status': 'cache_cleared', 'available_memory_gb': 19.611189248}
2025-07-26 18:49:29,704 - INFO -    🎲 Using deterministic seed: 42
2025-07-26 18:49:54,747 - INFO - ✅ Generation successful in 25.04s (6,698,683 bytes)
2025-07-26 18:49:54,748 - INFO - 📤 Submitting result: 9fdc8733-b683-4a59-bf5a-7e3b663cb665
2025-07-26 18:49:54,748 - INFO -    📦 Using SPZ-compressed data from server (6,698,683 bytes)
2025-07-26 18:49:56,316 - INFO - ⏱️ Total processing time: 28.47s (from validator response to submission)
2025-07-26 18:49:56,316 - INFO - ✅ Submission successful to UID 128 (1.54s)
2025-07-26 18:49:56,316 - INFO -    Task fidelity: 0.7363
2025-07-26 18:49:56,317 - INFO -    Average fidelity: 0.8665
2025-07-26 18:49:56,317 - INFO -    Miner reward: 10.398427
2025-07-26 18:49:56,317 - INFO -    Validation failed: False
2025-07-26 18:49:56,317 - INFO -    Generations in window: 12
2025-07-26 18:49:56,340 - INFO - ✅ Task 9fdc8733-b683-4a59-bf5a-7e3b663cb665 completed successfully
2025-07-26 18:50:12,679 - WARNING - ⚠️ Exception checking TRELLIS server status: HTTPConnectionPool(host='localhost', port=8096): Read timed out. (read timeout=5), proceeding anyway.
2025-07-26 18:50:18,317 - WARNING - ⚠️ Exception checking TRELLIS server status: HTTPConnectionPool(host='localhost', port=8096): Read timed out. (read timeout=5), proceeding anyway.
2025-07-26 18:50:23,772 - WARNING - ⚠️ Exception checking TRELLIS server status: HTTPConnectionPool(host='localhost', port=8096): Read timed out. (read timeout=5), proceeding anyway.
2025-07-26 18:50:29,270 - WARNING - ⚠️ Exception checking TRELLIS server status: HTTPConnectionPool(host='localhost', port=8096): Read timed out. (read timeout=5), proceeding anyway.
2025-07-26 18:51:12,547 - WARNING - ⚠️ Exception checking TRELLIS server status: HTTPConnectionPool(host='localhost', port=8096): Read timed out. (read timeout=5), proceeding anyway.
2025-07-26 18:51:17,554 - WARNING - ⚠️ Exception checking TRELLIS server status: HTTPConnectionPool(host='localhost', port=8096): Read timed out. (read timeout=5), proceeding anyway.
2025-07-26 18:51:22,560 - WARNING - ⚠️ Exception checking TRELLIS server status: HTTPConnectionPool(host='localhost', port=8096): Read timed out. (read timeout=5), proceeding anyway.
2025-07-26 18:51:27,568 - WARNING - ⚠️ Exception checking TRELLIS server status: HTTPConnectionPool(host='localhost', port=8096): Read timed out. (read timeout=5), proceeding anyway.
2025-07-26 18:51:51,310 - INFO - ✅ New task from UID 49: 'translucent blue-tinted jagged crystal...'
2025-07-26 18:51:51,311 - INFO -    Threshold: 0.6, Query time: 0.42s
2025-07-26 18:51:51,311 - INFO - 🔄 Processing task 12b8716a-61e7-4c1b-9ef7-6cf84d358f55: 'translucent blue-tinted jagged crystal'
2025-07-26 18:51:51,311 - INFO - 🎨 Generating 3D model: 'translucent blue-tinted jagged crystal' (task: 12b8716a-61e7-4c1b-9ef7-6cf84d358f55)
2025-07-26 18:51:51,766 - INFO - 🚀 Traditional optimization applied:
2025-07-26 18:51:51,766 - INFO -    Original: translucent blue-tinted jagged crystal
2025-07-26 18:51:51,766 - INFO -    Optimized: wbgmsst, a delicate translucent blue-tinted jagged crystal suspended within a soft, ethereal glow amidst an icy winter wonderland of frosty trees and snow-covered terrain, white background
2025-07-26 18:51:51,766 - INFO -    Confidence: 80.0%
2025-07-26 18:51:53,001 - INFO - [TRELLIS] GPU cache cleared: {'status': 'cache_cleared', 'available_memory_gb': 19.937624064}
2025-07-26 18:51:53,002 - INFO -    🎲 Using deterministic seed: 42
2025-07-26 18:52:42,492 - INFO - ✅ Generation successful in 49.48s (8,842,670 bytes)
2025-07-26 18:52:42,492 - INFO - 📤 Submitting result: 12b8716a-61e7-4c1b-9ef7-6cf84d358f55
2025-07-26 18:52:42,493 - INFO -    📦 Using SPZ-compressed data from server (8,842,670 bytes)
2025-07-26 18:52:44,857 - INFO - ⏱️ Total processing time: 53.57s (from validator response to submission)
2025-07-26 18:52:44,857 - INFO - ✅ Submission successful to UID 49 (2.33s)
2025-07-26 18:52:44,857 - INFO -    Task fidelity: 0.0000
2025-07-26 18:52:44,857 - INFO -    Average fidelity: 0.7932
2025-07-26 18:52:44,857 - INFO -    Miner reward: 24.587954
2025-07-26 18:52:44,858 - INFO -    Validation failed: False
2025-07-26 18:52:44,858 - INFO -    Generations in window: 31
2025-07-26 18:52:44,887 - INFO - ✅ Task 12b8716a-61e7-4c1b-9ef7-6cf84d358f55 completed successfully
2025-07-26 18:52:45,359 - INFO - ✅ New task from UID 81: 'small white alien with blue eyes...'
2025-07-26 18:52:45,359 - INFO -    Threshold: 0.6, Query time: 0.45s
2025-07-26 18:52:45,359 - INFO - 🔄 Processing task 1f40dd4c-d34e-4400-a1ad-3da80b0fa712: 'small white alien with blue eyes'
2025-07-26 18:52:45,359 - INFO - 🎨 Generating 3D model: 'small white alien with blue eyes' (task: 1f40dd4c-d34e-4400-a1ad-3da80b0fa712)
2025-07-26 18:52:47,618 - INFO - 🔄 Reproducibility optimization applied:
2025-07-26 18:52:47,618 - INFO -    Original: small white alien with blue eyes
2025-07-26 18:52:47,618 - INFO -    Optimized: wbgmsst, a weathered and distressed alien rests on a worn wooden workbench with visible tool marks, its white patina bearing subtle scuffs and minor dents. The creature's handle shows intrinsic scratches, and it appears to be illuminated by a soft white glow that casts no shadows, against a pristine white background.
2025-07-26 18:52:47,623 - INFO -    Similarity: 0.540
2025-07-26 18:52:47,623 - INFO -    Gold score: 0.7531
2025-07-26 18:52:48,870 - INFO - [TRELLIS] GPU cache cleared: {'status': 'cache_cleared', 'available_memory_gb': 18.948489216}
2025-07-26 18:52:48,871 - INFO -    🎲 Using deterministic seed: 42
2025-07-26 18:53:14,943 - INFO - ✅ Generation successful in 26.07s (6,644,036 bytes)
2025-07-26 18:53:14,944 - INFO - 📤 Submitting result: 1f40dd4c-d34e-4400-a1ad-3da80b0fa712
2025-07-26 18:53:14,944 - INFO -    📦 Using SPZ-compressed data from server (6,644,036 bytes)
2025-07-26 18:53:17,674 - INFO - ⏱️ Total processing time: 32.34s (from validator response to submission)
2025-07-26 18:53:17,674 - INFO - ✅ Submission successful to UID 81 (2.70s)
2025-07-26 18:53:17,674 - INFO -    Task fidelity: 0.0000
2025-07-26 18:53:17,674 - INFO -    Average fidelity: 0.8818
2025-07-26 18:53:17,674 - INFO -    Miner reward: 9.699825
2025-07-26 18:53:17,674 - INFO -    Validation failed: False
2025-07-26 18:53:17,674 - INFO -    Generations in window: 11
2025-07-26 18:53:17,699 - INFO - ✅ Task 1f40dd4c-d34e-4400-a1ad-3da80b0fa712 completed successfully
2025-07-26 18:53:18,704 - INFO - ✅ New task from UID 142: 'blue unicycle neon lights...'
2025-07-26 18:53:18,704 - INFO -    Threshold: 0.6, Query time: 0.53s
2025-07-26 18:53:18,704 - INFO - 🔄 Processing task 6d515009-5f25-4fd8-a7ed-230aa9620657: 'blue unicycle neon lights'
2025-07-26 18:53:18,705 - INFO - 🎨 Generating 3D model: 'blue unicycle neon lights' (task: 6d515009-5f25-4fd8-a7ed-230aa9620657)
2025-07-26 18:53:19,296 - INFO - 🚀 Traditional optimization applied:
2025-07-26 18:53:19,296 - INFO -    Original: blue unicycle neon lights
2025-07-26 18:53:19,296 - INFO -    Optimized: wbgmsst, a slender blue unicycle stands alone under a starry night sky with neon lights wrapped around its metal frame, casting a vibrant glow on the surrounding grass and trees, white background
2025-07-26 18:53:19,296 - INFO -    Confidence: 80.0%
2025-07-26 18:53:20,353 - INFO - [TRELLIS] GPU cache cleared: {'status': 'cache_cleared', 'available_memory_gb': 19.937624064}
2025-07-26 18:53:20,353 - INFO -    🎲 Using deterministic seed: 42
2025-07-26 18:53:43,182 - INFO - ✅ Generation successful in 22.82s (5,339,234 bytes)
2025-07-26 18:53:43,182 - INFO - 📤 Submitting result: 6d515009-5f25-4fd8-a7ed-230aa9620657
2025-07-26 18:53:43,183 - INFO -    📦 Using SPZ-compressed data from server (5,339,234 bytes)
2025-07-26 18:53:47,263 - INFO - ⏱️ Total processing time: 28.58s (from validator response to submission)
2025-07-26 18:53:47,264 - INFO - ✅ Submission successful to UID 142 (4.07s)
2025-07-26 18:53:47,264 - INFO -    Task fidelity: 0.6185
2025-07-26 18:53:47,264 - INFO -    Average fidelity: 0.8278
2025-07-26 18:53:47,264 - INFO -    Miner reward: 9.105745
2025-07-26 18:53:47,264 - INFO -    Validation failed: False
2025-07-26 18:53:47,264 - INFO -    Generations in window: 11
2025-07-26 18:53:47,307 - INFO - ✅ Task 6d515009-5f25-4fd8-a7ed-230aa9620657 completed successfully
2025-07-26 18:53:52,312 - WARNING - ⚠️ Exception checking TRELLIS server status: HTTPConnectionPool(host='localhost', port=8096): Read timed out. (read timeout=5), proceeding anyway.
2025-07-26 18:53:52,823 - INFO - ✅ New task from UID 212: 'spinning top painted in vibrant colors...'
2025-07-26 18:53:52,823 - INFO -    Threshold: 0.6, Query time: 0.49s
2025-07-26 18:53:52,824 - INFO - 🔄 Processing task 9e3b08c2-4e8f-4ab1-82c3-f13eadc647b9: 'spinning top painted in vibrant colors'
2025-07-26 18:53:52,824 - INFO - 🎨 Generating 3D model: 'spinning top painted in vibrant colors' (task: 9e3b08c2-4e8f-4ab1-82c3-f13eadc647b9)
2025-07-26 18:53:53,382 - INFO - 🚀 Traditional optimization applied:
2025-07-26 18:53:53,382 - INFO -    Original: spinning top painted in vibrant colors
2025-07-26 18:53:53,382 - INFO -    Optimized: wbgmsst, a spinning top of swirling silver and turquoise hues, coated in fine, mirror-like paint, suspended in mid-air against a soft, gradient blue background.
2025-07-26 18:53:53,382 - INFO -    Confidence: 80.0%
2025-07-26 18:54:03,394 - WARNING - [TRELLIS] Exception clearing GPU cache: HTTPConnectionPool(host='localhost', port=8096): Read timed out. (read timeout=10)
2025-07-26 18:54:03,394 - INFO -    🎲 Using deterministic seed: 42
2025-07-26 18:54:31,275 - INFO - ✅ Generation successful in 27.87s (8,273,473 bytes)
2025-07-26 18:54:31,275 - INFO - 📤 Submitting result: 9e3b08c2-4e8f-4ab1-82c3-f13eadc647b9
2025-07-26 18:54:31,275 - INFO -    📦 Using SPZ-compressed data from server (8,273,473 bytes)
2025-07-26 18:54:33,799 - INFO - ⏱️ Total processing time: 41.00s (from validator response to submission)
2025-07-26 18:54:33,800 - INFO - ✅ Submission successful to UID 212 (2.50s)
2025-07-26 18:54:33,800 - INFO -    Task fidelity: 0.8196
2025-07-26 18:54:33,800 - INFO -    Average fidelity: 0.8954
2025-07-26 18:54:33,800 - INFO -    Miner reward: 7.162822
2025-07-26 18:54:33,800 - INFO -    Validation failed: False
2025-07-26 18:54:33,800 - INFO -    Generations in window: 8
2025-07-26 18:54:33,848 - INFO - ✅ Task 9e3b08c2-4e8f-4ab1-82c3-f13eadc647b9 completed successfully
2025-07-26 18:54:50,259 - WARNING - ⚠️ Exception checking TRELLIS server status: HTTPConnectionPool(host='localhost', port=8096): Read timed out. (read timeout=5), proceeding anyway.
2025-07-26 18:54:55,266 - WARNING - ⚠️ Exception checking TRELLIS server status: HTTPConnectionPool(host='localhost', port=8096): Read timed out. (read timeout=5), proceeding anyway.
2025-07-26 18:55:00,273 - WARNING - ⚠️ Exception checking TRELLIS server status: HTTPConnectionPool(host='localhost', port=8096): Read timed out. (read timeout=5), proceeding anyway.
2025-07-26 18:55:23,935 - INFO - ✅ New task from UID 128: 'dark gray cylindrical body...'
2025-07-26 18:55:23,935 - INFO -    Threshold: 0.6, Query time: 0.29s
2025-07-26 18:55:23,935 - INFO - 🔄 Processing task 80da7f18-f8ca-4b2e-8049-92113e20d092: 'dark gray cylindrical body'
2025-07-26 18:55:23,935 - INFO - 🎨 Generating 3D model: 'dark gray cylindrical body' (task: 80da7f18-f8ca-4b2e-8049-92113e20d092)
2025-07-26 18:55:24,493 - INFO - 🚀 Traditional optimization applied:
2025-07-26 18:55:24,493 - INFO -    Original: dark gray cylindrical body
2025-07-26 18:55:24,493 - INFO -    Optimized: wbgmsst, a dark gray cylindrical object of sleek design with a subtle metallic sheen, resting on a weathered wooden workbench amidst tools of various trades in a cozy, rustic workshop filled with natural light and the scent of sawdust, white background
2025-07-26 18:55:24,493 - INFO -    Confidence: 80.0%
2025-07-26 18:55:25,932 - INFO - [TRELLIS] GPU cache cleared: {'status': 'cache_cleared', 'available_memory_gb': 19.5608576}
2025-07-26 18:55:25,932 - INFO -    🎲 Using deterministic seed: 42
2025-07-26 18:56:17,925 - INFO - ✅ Generation successful in 51.98s (10,420,515 bytes)
2025-07-26 18:56:17,926 - INFO - 📤 Submitting result: 80da7f18-f8ca-4b2e-8049-92113e20d092
2025-07-26 18:56:17,926 - INFO -    📦 Using SPZ-compressed data from server (10,420,515 bytes)
2025-07-26 18:56:19,658 - INFO - ⏱️ Total processing time: 55.77s (from validator response to submission)
2025-07-26 18:56:19,659 - INFO - ✅ Submission successful to UID 128 (1.69s)
2025-07-26 18:56:19,659 - INFO -    Task fidelity: 0.0000
2025-07-26 18:56:19,659 - INFO -    Average fidelity: 0.8665
2025-07-26 18:56:19,659 - INFO -    Miner reward: 10.398427
2025-07-26 18:56:19,659 - INFO -    Validation failed: False
2025-07-26 18:56:19,659 - INFO -    Generations in window: 12
2025-07-26 18:56:19,690 - INFO - ✅ Task 80da7f18-f8ca-4b2e-8049-92113e20d092 completed successfully
2025-07-26 18:57:01,583 - WARNING - ⚠️ Exception checking TRELLIS server status: HTTPConnectionPool(host='localhost', port=8096): Read timed out. (read timeout=5), proceeding anyway.
2025-07-26 18:57:06,592 - WARNING - ⚠️ Exception checking TRELLIS server status: HTTPConnectionPool(host='localhost', port=8096): Read timed out. (read timeout=5), proceeding anyway.
2025-07-26 18:57:11,599 - WARNING - ⚠️ Exception checking TRELLIS server status: HTTPConnectionPool(host='localhost', port=8096): Read timed out. (read timeout=5), proceeding anyway.
2025-07-26 18:57:16,756 - WARNING - ⚠️ Exception checking TRELLIS server status: HTTPConnectionPool(host='localhost', port=8096): Read timed out. (read timeout=5), proceeding anyway.
2025-07-26 18:57:22,991 - INFO - ✅ Validator refresh complete:
2025-07-26 18:57:22,991 - INFO -    Active validators: 10
2025-07-26 18:57:22,991 - INFO -    Inactive validators: 0
2025-07-26 18:57:22,991 - INFO -    Total eligible validators found: 10
2025-07-26 18:57:22,991 - INFO -    Top validators by stake:
2025-07-26 18:57:22,992 - INFO -      UID 212: 104004.7 TAO (trust: 0.000)
2025-07-26 18:57:22,992 - INFO -      UID 142: 69543.8 TAO (trust: 0.000)
2025-07-26 18:57:22,992 - INFO -      UID 27: 60169.2 TAO (trust: 0.000)
2025-07-26 18:57:22,992 - INFO -      UID 124: 39808.3 TAO (trust: 0.000)
2025-07-26 18:57:22,992 - INFO -      UID 128: 13457.9 TAO (trust: 0.000)
2025-07-26 18:57:23,307 - INFO - 📊 CONTINUOUS ORCHESTRATOR STATUS
2025-07-26 18:57:23,307 - INFO - ============================================================
2025-07-26 18:57:23,307 - INFO - Uptime: 1.77 hours
2025-07-26 18:57:23,307 - INFO - Tasks pulled: 85
2025-07-26 18:57:23,308 - INFO - Tasks processed: 85
2025-07-26 18:57:23,308 - INFO - Successful generations: 85
2025-07-26 18:57:23,308 - INFO - Successful validations: 0
2025-07-26 18:57:23,308 - INFO - Successful submissions: 85
2025-07-26 18:57:23,308 - INFO - Total rewards: 1348.166156 TAO
2025-07-26 18:57:23,308 - INFO - Idle validations: 0
2025-07-26 18:57:23,308 - INFO - Prompts optimized: 85
2025-07-26 18:57:23,308 - INFO - Reproducibility optimizations: 9
2025-07-26 18:57:23,308 - INFO - Traditional optimizations: 76
2025-07-26 18:57:23,308 - INFO - Optimization improvements: 0
2025-07-26 18:57:23,308 - INFO - Tasks/hour: 48.1
2025-07-26 18:57:23,308 - INFO - Rewards/hour: 762.497938 TAO
2025-07-26 18:57:23,308 - INFO - Average total processing time: 36.83s
2025-07-26 18:57:23,308 - INFO - Optimization rate: 0.0% of prompts improved
2025-07-26 18:57:23,309 - INFO - Active validators: 10
2025-07-26 18:57:23,309 - INFO -   UID 212: 0 tasks, avg score: 0.668
2025-07-26 18:57:23,309 - INFO -   UID 142: 0 tasks, avg score: 0.621
2025-07-26 18:57:23,309 - INFO -   UID 27: 0 tasks, avg score: 0.739
2025-07-26 18:57:23,310 - WARNING - ⚠️ Found 2 unfinished tasks in last 6 hours:
2025-07-26 18:57:23,310 - WARNING -    UID 142: 'matte silver droid designed fo...' - no_submission
2025-07-26 18:57:23,310 - WARNING -    UID 142: 'copper-colored robot with seri...' - no_submission
2025-07-26 18:57:23,310 - INFO - ============================================================
2025-07-26 18:57:23,311 - INFO - 📊 Statistics saved to continuous_trellis_outputs/continuous_stats_20250726_185723.json
2025-07-26 18:58:01,402 - WARNING - ⚠️ Exception checking TRELLIS server status: HTTPConnectionPool(host='localhost', port=8096): Read timed out. (read timeout=5), proceeding anyway.
2025-07-26 18:58:06,406 - WARNING - ⚠️ Exception checking TRELLIS server status: HTTPConnectionPool(host='localhost', port=8096): Read timed out. (read timeout=5), proceeding anyway.
2025-07-26 18:58:11,411 - WARNING - ⚠️ Exception checking TRELLIS server status: HTTPConnectionPool(host='localhost', port=8096): Read timed out. (read timeout=5), proceeding anyway.
2025-07-26 18:58:16,563 - WARNING - ⚠️ Exception checking TRELLIS server status: HTTPConnectionPool(host='localhost', port=8096): Read timed out. (read timeout=5), proceeding anyway.
2025-07-26 18:58:17,227 - INFO - ✅ New task from UID 27: 'dark brown hockey stick in rink ice...'
2025-07-26 18:58:17,227 - INFO -    Threshold: 0.6, Query time: 0.64s
2025-07-26 18:58:17,227 - INFO - 🔄 Processing task be13d90f-da76-49a5-8d02-da85cacbfda4: 'dark brown hockey stick in rink ice'
2025-07-26 18:58:17,228 - INFO - 🎨 Generating 3D model: 'dark brown hockey stick in rink ice' (task: be13d90f-da76-49a5-8d02-da85cacbfda4)
2025-07-26 18:58:17,678 - INFO - 🚀 Traditional optimization applied:
2025-07-26 18:58:17,678 - INFO -    Original: dark brown hockey stick in rink ice
2025-07-26 18:58:17,679 - INFO -    Optimized: wbgmsst, a dark brown hockey stick lying horizontally on the smooth, frozen surface of an NHL ice rink, its edges slightly worn and weathered from countless games, white background.
2025-07-26 18:58:17,679 - INFO -    Confidence: 80.0%
2025-07-26 18:58:18,839 - INFO - [TRELLIS] GPU cache cleared: {'status': 'cache_cleared', 'available_memory_gb': 19.611189248}
2025-07-26 18:58:18,839 - INFO -    🎲 Using deterministic seed: 42
2025-07-26 18:58:41,266 - INFO - ✅ Generation successful in 22.43s (433,307 bytes)
2025-07-26 18:58:41,266 - INFO - 📤 Submitting result: be13d90f-da76-49a5-8d02-da85cacbfda4
2025-07-26 18:58:41,266 - INFO -    📦 Using SPZ-compressed data from server (433,307 bytes)
2025-07-26 18:58:43,621 - INFO - ⏱️ Total processing time: 26.42s (from validator response to submission)
2025-07-26 18:58:43,621 - INFO - ✅ Submission successful to UID 27 (2.35s)
2025-07-26 18:58:43,621 - INFO -    Task fidelity: 0.8214
2025-07-26 18:58:43,622 - INFO -    Average fidelity: 0.8452
2025-07-26 18:58:43,622 - INFO -    Miner reward: 17.749791
2025-07-26 18:58:43,622 - INFO -    Validation failed: False
2025-07-26 18:58:43,622 - INFO -    Generations in window: 21
2025-07-26 18:58:43,649 - INFO - ✅ Task be13d90f-da76-49a5-8d02-da85cacbfda4 completed successfully
2025-07-26 18:58:59,392 - WARNING - ⚠️ Exception checking TRELLIS server status: HTTPConnectionPool(host='localhost', port=8096): Read timed out. (read timeout=5), proceeding anyway.
2025-07-26 18:59:04,399 - WARNING - ⚠️ Exception checking TRELLIS server status: HTTPConnectionPool(host='localhost', port=8096): Read timed out. (read timeout=5), proceeding anyway.
2025-07-26 18:59:09,408 - WARNING - ⚠️ Exception checking TRELLIS server status: HTTPConnectionPool(host='localhost', port=8096): Read timed out. (read timeout=5), proceeding anyway.
2025-07-26 18:59:14,562 - WARNING - ⚠️ Exception checking TRELLIS server status: HTTPConnectionPool(host='localhost', port=8096): Read timed out. (read timeout=5), proceeding anyway.
2025-07-26 18:59:31,859 - INFO - ✅ New task from UID 142: 'yellow spaceship with rocket booster...'
2025-07-26 18:59:31,860 - INFO -    Threshold: 0.6, Query time: 0.36s
2025-07-26 18:59:31,860 - INFO - 🔄 Processing task 8b17ea40-5a07-4b3d-b184-8b858adef49a: 'yellow spaceship with rocket booster'
2025-07-26 18:59:31,861 - INFO - 🎨 Generating 3D model: 'yellow spaceship with rocket booster' (task: 8b17ea40-5a07-4b3d-b184-8b858adef49a)
2025-07-26 18:59:32,445 - INFO - 🚀 Traditional optimization applied:
2025-07-26 18:59:32,445 - INFO -    Original: yellow spaceship with rocket booster
2025-07-26 18:59:32,445 - INFO -    Optimized: wbgmsst, a sleek yellow spaceship with a detachable rocket booster standing proudly on a rocky planetary surface amidst a starry night sky with a distant crescent moon and a hint of nebular gas in the background, white background
2025-07-26 18:59:32,445 - INFO -    Confidence: 80.0%
2025-07-26 18:59:34,024 - INFO - [TRELLIS] GPU cache cleared: {'status': 'cache_cleared', 'available_memory_gb': 16.396255232}
2025-07-26 18:59:34,025 - INFO -    🎲 Using deterministic seed: 42
2025-07-26 19:00:02,148 - INFO - ✅ Generation successful in 28.11s (7,981,459 bytes)
2025-07-26 19:00:02,148 - INFO - 📤 Submitting result: 8b17ea40-5a07-4b3d-b184-8b858adef49a
2025-07-26 19:00:02,148 - INFO -    📦 Using SPZ-compressed data from server (7,981,459 bytes)
2025-07-26 19:00:05,399 - INFO - ⏱️ Total processing time: 33.56s (from validator response to submission)
2025-07-26 19:00:05,400 - INFO - ✅ Submission successful to UID 142 (3.18s)
2025-07-26 19:00:05,400 - INFO -    Task fidelity: 0.8388
2025-07-26 19:00:05,400 - INFO -    Average fidelity: 0.8283
2025-07-26 19:00:05,400 - INFO -    Miner reward: 9.940149
2025-07-26 19:00:05,400 - INFO -    Validation failed: False
2025-07-26 19:00:05,400 - INFO -    Generations in window: 12
2025-07-26 19:00:05,425 - INFO - ✅ Task 8b17ea40-5a07-4b3d-b184-8b858adef49a completed successfully
2025-07-26 19:00:05,875 - INFO - ✅ New task from UID 212: 'dulled purple robot in arched stance...'
2025-07-26 19:00:05,876 - INFO -    Threshold: 0.6, Query time: 0.42s
2025-07-26 19:00:05,876 - INFO - 🔄 Processing task 66fefbec-ebff-469f-8ff0-596a3e41eee6: 'dulled purple robot in arched stance'
2025-07-26 19:00:05,876 - INFO - 🎨 Generating 3D model: 'dulled purple robot in arched stance' (task: 66fefbec-ebff-469f-8ff0-596a3e41eee6)
2025-07-26 19:00:06,345 - INFO - 🚀 Traditional optimization applied:
2025-07-26 19:00:06,346 - INFO -    Original: dulled purple robot in arched stance
2025-07-26 19:00:06,346 - INFO -    Optimized: wbgmsst, a dulled purple robot stands proudly atop a weathered, metallic pedestal within an abandoned, avant-garde laboratory filled with retro-futuristic contraptions and flickering fluorescent lights, white background
2025-07-26 19:00:06,346 - INFO -    Confidence: 80.0%
2025-07-26 19:00:07,434 - INFO - [TRELLIS] GPU cache cleared: {'status': 'cache_cleared', 'available_memory_gb': 19.937624064}
2025-07-26 19:00:07,434 - INFO -    🎲 Using deterministic seed: 42
2025-07-26 19:00:59,070 - INFO - ✅ Generation successful in 51.62s (13,457,976 bytes)
2025-07-26 19:00:59,070 - INFO - 📤 Submitting result: 66fefbec-ebff-469f-8ff0-596a3e41eee6
2025-07-26 19:00:59,070 - INFO -    📦 Using SPZ-compressed data from server (13,457,976 bytes)
2025-07-26 19:01:02,395 - INFO - ⏱️ Total processing time: 56.54s (from validator response to submission)
2025-07-26 19:01:02,395 - INFO - ✅ Submission successful to UID 212 (3.26s)
2025-07-26 19:01:02,396 - INFO -    Task fidelity: 0.8659
2025-07-26 19:01:02,396 - INFO -    Average fidelity: 0.8939
2025-07-26 19:01:02,396 - INFO -    Miner reward: 8.044905
2025-07-26 19:01:02,396 - INFO -    Validation failed: False
2025-07-26 19:01:02,396 - INFO -    Generations in window: 9
2025-07-26 19:01:02,451 - INFO - ✅ Task 66fefbec-ebff-469f-8ff0-596a3e41eee6 completed successfully
2025-07-26 19:01:16,824 - WARNING - ⚠️ Exception checking TRELLIS server status: HTTPConnectionPool(host='localhost', port=8096): Read timed out. (read timeout=5), proceeding anyway.
2025-07-26 19:01:21,832 - WARNING - ⚠️ Exception checking TRELLIS server status: HTTPConnectionPool(host='localhost', port=8096): Read timed out. (read timeout=5), proceeding anyway.
2025-07-26 19:01:26,839 - WARNING - ⚠️ Exception checking TRELLIS server status: HTTPConnectionPool(host='localhost', port=8096): Read timed out. (read timeout=5), proceeding anyway.
2025-07-26 19:02:12,936 - WARNING - ⚠️ Exception checking TRELLIS server status: HTTPConnectionPool(host='localhost', port=8096): Read timed out. (read timeout=5), proceeding anyway.
2025-07-26 19:02:17,943 - WARNING - ⚠️ Exception checking TRELLIS server status: HTTPConnectionPool(host='localhost', port=8096): Read timed out. (read timeout=5), proceeding anyway.
2025-07-26 19:02:22,950 - WARNING - ⚠️ Exception checking TRELLIS server status: HTTPConnectionPool(host='localhost', port=8096): Read timed out. (read timeout=5), proceeding anyway.
2025-07-26 19:02:27,956 - WARNING - ⚠️ Exception checking TRELLIS server status: HTTPConnectionPool(host='localhost', port=8096): Read timed out. (read timeout=5), proceeding anyway.
2025-07-26 19:03:09,838 - WARNING - ⚠️ Exception checking TRELLIS server status: HTTPConnectionPool(host='localhost', port=8096): Read timed out. (read timeout=5), proceeding anyway.
2025-07-26 19:03:14,845 - WARNING - ⚠️ Exception checking TRELLIS server status: HTTPConnectionPool(host='localhost', port=8096): Read timed out. (read timeout=5), proceeding anyway.
2025-07-26 19:03:19,852 - WARNING - ⚠️ Exception checking TRELLIS server status: HTTPConnectionPool(host='localhost', port=8096): Read timed out. (read timeout=5), proceeding anyway.
2025-07-26 19:03:24,860 - WARNING - ⚠️ Exception checking TRELLIS server status: HTTPConnectionPool(host='localhost', port=8096): Read timed out. (read timeout=5), proceeding anyway.
2025-07-26 19:04:07,596 - WARNING - ⚠️ Exception checking TRELLIS server status: HTTPConnectionPool(host='localhost', port=8096): Read timed out. (read timeout=5), proceeding anyway.
2025-07-26 19:04:12,602 - WARNING - ⚠️ Exception checking TRELLIS server status: HTTPConnectionPool(host='localhost', port=8096): Read timed out. (read timeout=5), proceeding anyway.
2025-07-26 19:04:17,608 - WARNING - ⚠️ Exception checking TRELLIS server status: HTTPConnectionPool(host='localhost', port=8096): Read timed out. (read timeout=5), proceeding anyway.
2025-07-26 19:04:23,033 - INFO - ✅ New task from UID 27: 'yellow and black stripes with big horns...'
2025-07-26 19:04:23,033 - INFO -    Threshold: 0.6, Query time: 0.63s
2025-07-26 19:04:23,034 - INFO - 🔄 Processing task c4eb1f73-6d12-44b4-bdec-b45ea2de63ce: 'yellow and black stripes with big horns'
2025-07-26 19:04:23,034 - INFO - 🎨 Generating 3D model: 'yellow and black stripes with big horns' (task: c4eb1f73-6d12-44b4-bdec-b45ea2de63ce)
2025-07-26 19:04:23,569 - INFO - 🚀 Traditional optimization applied:
2025-07-26 19:04:23,570 - INFO -    Original: yellow and black stripes with big horns
2025-07-26 19:04:23,570 - INFO -    Optimized: wbgmsst, a vibrant yellow and black striped hat adorned with large, curved horns, resting on a vintage wooden rack in a cozy, rustic apothecary filled with dusty jars of herbs and bottles of peculiar potions, white background
2025-07-26 19:04:23,570 - INFO -    Confidence: 80.0%
2025-07-26 19:04:24,795 - INFO - [TRELLIS] GPU cache cleared: {'status': 'cache_cleared', 'available_memory_gb': 19.611189248}
2025-07-26 19:04:24,796 - INFO -    🎲 Using deterministic seed: 42
2025-07-26 19:04:50,307 - INFO - ✅ Generation successful in 25.50s (6,873,514 bytes)
2025-07-26 19:04:50,307 - INFO - 📤 Submitting result: c4eb1f73-6d12-44b4-bdec-b45ea2de63ce
2025-07-26 19:04:50,307 - INFO -    📦 Using SPZ-compressed data from server (6,873,514 bytes)
2025-07-26 19:05:08,282 - INFO - ⏱️ Total processing time: 45.29s (from validator response to submission)
2025-07-26 19:05:08,282 - INFO - ✅ Submission successful to UID 27 (17.95s)
2025-07-26 19:05:08,282 - INFO -    Task fidelity: 0.8232
2025-07-26 19:05:08,282 - INFO -    Average fidelity: 0.8441
2025-07-26 19:05:08,283 - INFO -    Miner reward: 18.570751
2025-07-26 19:05:08,283 - INFO -    Validation failed: False
2025-07-26 19:05:08,283 - INFO -    Generations in window: 22
2025-07-26 19:05:08,323 - INFO - ✅ Task c4eb1f73-6d12-44b4-bdec-b45ea2de63ce completed successfully
2025-07-26 19:05:13,335 - WARNING - ⚠️ Exception checking TRELLIS server status: HTTPConnectionPool(host='localhost', port=8096): Read timed out. (read timeout=5), proceeding anyway.
2025-07-26 19:05:18,778 - WARNING - ⚠️ Exception checking TRELLIS server status: HTTPConnectionPool(host='localhost', port=8096): Read timed out. (read timeout=5), proceeding anyway.
2025-07-26 19:05:24,242 - WARNING - ⚠️ Exception checking TRELLIS server status: HTTPConnectionPool(host='localhost', port=8096): Read timed out. (read timeout=5), proceeding anyway.
2025-07-26 19:05:29,394 - WARNING - ⚠️ Exception checking TRELLIS server status: HTTPConnectionPool(host='localhost', port=8096): Read timed out. (read timeout=5), proceeding anyway.
2025-07-26 19:05:30,439 - INFO - ✅ New task from UID 142: 'opal bracelet with purple stone on it...'
2025-07-26 19:05:30,439 - INFO -    Threshold: 0.6, Query time: 0.44s
2025-07-26 19:05:30,440 - INFO - 🔄 Processing task 4981eca2-f987-4782-ab17-e09eb6ff6ff1: 'opal bracelet with purple stone on it'
2025-07-26 19:05:30,440 - INFO - 🎨 Generating 3D model: 'opal bracelet with purple stone on it' (task: 4981eca2-f987-4782-ab17-e09eb6ff6ff1)
2025-07-26 19:05:32,133 - INFO - 🔄 Reproducibility optimization applied:
2025-07-26 19:05:32,133 - INFO -    Original: opal bracelet with purple stone on it
2025-07-26 19:05:32,133 - INFO -    Optimized: wbgmsst, a vibrant futuristic bracelet with a metallic exosuit and neon-green accents, features a purple stone surrounded by an opal, against a white background.
2025-07-26 19:05:32,133 - INFO -    Similarity: 0.514
2025-07-26 19:05:32,133 - INFO -    Gold score: 0.9082
2025-07-26 19:05:33,421 - INFO - [TRELLIS] GPU cache cleared: {'status': 'cache_cleared', 'available_memory_gb': 19.611189248}
2025-07-26 19:05:33,422 - INFO -    🎲 Using deterministic seed: 42
2025-07-26 19:05:58,353 - INFO - ✅ Generation successful in 24.93s (6,675,002 bytes)
2025-07-26 19:05:58,354 - INFO - 📤 Submitting result: 4981eca2-f987-4782-ab17-e09eb6ff6ff1
2025-07-26 19:05:58,354 - INFO -    📦 Using SPZ-compressed data from server (6,675,002 bytes)
2025-07-26 19:06:59,649 - INFO - ⏱️ Total processing time: 89.23s (from validator response to submission)
2025-07-26 19:06:59,650 - ERROR - ❌ No feedback received from UID 142
2025-07-26 19:06:59,673 - ERROR - ❌ Task 4981eca2-f987-4782-ab17-e09eb6ff6ff1 submission failed
2025-07-26 19:07:00,147 - INFO - ✅ New task from UID 212: 'small brown creature with big eyes and long nose...'
2025-07-26 19:07:00,147 - INFO -    Threshold: 0.6, Query time: 0.45s
2025-07-26 19:07:00,147 - INFO - 🔄 Processing task 5c1a1415-7d9d-4f87-8d6b-78c31a879b0b: 'small brown creature with big eyes and long nose'
2025-07-26 19:07:00,147 - INFO - 🎨 Generating 3D model: 'small brown creature with big eyes and long nose' (task: 5c1a1415-7d9d-4f87-8d6b-78c31a879b0b)
2025-07-26 19:07:02,584 - INFO - 🔄 Reproducibility optimization applied:
2025-07-26 19:07:02,585 - INFO -    Original: small brown creature with big eyes and long nose
2025-07-26 19:07:02,585 - INFO -    Optimized: wbgmsst, an enhanced brown creature with intricate details and a metallic sheen, features glowing blue accents near its large, glowing round eyes, has subtle texture and shading throughout its body, a long neck, and detailed patterns on metal arms, set against a brown background, white background.
2025-07-26 19:07:02,585 - INFO -    Similarity: 0.589
2025-07-26 19:07:02,585 - INFO -    Gold score: 0.9211
2025-07-26 19:07:03,580 - INFO - [TRELLIS] GPU cache cleared: {'status': 'cache_cleared', 'available_memory_gb': 19.937624064}
2025-07-26 19:07:03,581 - INFO -    🎲 Using deterministic seed: 42
2025-07-26 19:07:28,870 - INFO - ✅ Generation successful in 25.28s (8,961,643 bytes)
2025-07-26 19:07:28,870 - INFO - 📤 Submitting result: 5c1a1415-7d9d-4f87-8d6b-78c31a879b0b
2025-07-26 19:07:28,871 - INFO -    📦 Using SPZ-compressed data from server (8,961,643 bytes)
2025-07-26 19:07:32,247 - INFO - ⏱️ Total processing time: 32.12s (from validator response to submission)
2025-07-26 19:07:32,248 - INFO - ✅ Submission successful to UID 212 (3.35s)
2025-07-26 19:07:32,248 - INFO -    Task fidelity: 0.8594
2025-07-26 19:07:32,248 - INFO -    Average fidelity: 0.8922
2025-07-26 19:07:32,248 - INFO -    Miner reward: 8.921529
2025-07-26 19:07:32,248 - INFO -    Validation failed: False
2025-07-26 19:07:32,248 - INFO -    Generations in window: 10
2025-07-26 19:07:32,279 - INFO - ✅ Task 5c1a1415-7d9d-4f87-8d6b-78c31a879b0b completed successfully
2025-07-26 19:07:34,989 - INFO - ✅ Validator refresh complete:
2025-07-26 19:07:34,989 - INFO -    Active validators: 10
2025-07-26 19:07:34,989 - INFO -    Inactive validators: 0
2025-07-26 19:07:34,990 - INFO -    Total eligible validators found: 10
2025-07-26 19:07:34,990 - INFO -    Top validators by stake:
2025-07-26 19:07:34,990 - INFO -      UID 212: 104004.7 TAO (trust: 0.000)
2025-07-26 19:07:34,990 - INFO -      UID 142: 69543.8 TAO (trust: 0.000)
2025-07-26 19:07:34,990 - INFO -      UID 27: 60169.2 TAO (trust: 0.000)
2025-07-26 19:07:34,990 - INFO -      UID 124: 39808.3 TAO (trust: 0.000)
2025-07-26 19:07:34,990 - INFO -      UID 128: 13457.9 TAO (trust: 0.000)
2025-07-26 19:07:39,998 - WARNING - ⚠️ Exception checking TRELLIS server status: HTTPConnectionPool(host='localhost', port=8096): Read timed out. (read timeout=5), proceeding anyway.
2025-07-26 19:07:45,140 - WARNING - ⚠️ Exception checking TRELLIS server status: HTTPConnectionPool(host='localhost', port=8096): Read timed out. (read timeout=5), proceeding anyway.
2025-07-26 19:07:50,295 - WARNING - ⚠️ Exception checking TRELLIS server status: HTTPConnectionPool(host='localhost', port=8096): Read timed out. (read timeout=5), proceeding anyway.
2025-07-26 19:07:55,757 - INFO - ✅ New task from UID 49: 'burgundy pliers insulated handles...'
2025-07-26 19:07:55,757 - INFO -    Threshold: 0.6, Query time: 0.43s
2025-07-26 19:07:55,757 - INFO - 🔄 Processing task 6c274655-e7d3-4ff2-b638-70ae7b1e6307: 'burgundy pliers insulated handles'
2025-07-26 19:07:55,757 - INFO - 🎨 Generating 3D model: 'burgundy pliers insulated handles' (task: 6c274655-e7d3-4ff2-b638-70ae7b1e6307)
2025-07-26 19:07:56,417 - INFO - 🚀 Traditional optimization applied:
2025-07-26 19:07:56,417 - INFO -    Original: burgundy pliers insulated handles
2025-07-26 19:07:56,417 - INFO -    Optimized: wbgmsst, a pair of burgundy insulated pliers resting on a workbench amidst a collection of hand tools and metal pipes in a well-lit garage filled with the scent of grease and worn leather, white background
2025-07-26 19:07:56,417 - INFO -    Confidence: 80.0%
2025-07-26 19:07:57,793 - INFO - [TRELLIS] GPU cache cleared: {'status': 'cache_cleared', 'available_memory_gb': 19.611189248}
2025-07-26 19:07:57,794 - INFO -    🎲 Using deterministic seed: 42
2025-07-26 19:08:27,218 - INFO - ✅ Generation successful in 29.42s (10,197,879 bytes)
2025-07-26 19:08:27,218 - INFO - 📤 Submitting result: 6c274655-e7d3-4ff2-b638-70ae7b1e6307
2025-07-26 19:08:27,219 - INFO -    📦 Using SPZ-compressed data from server (10,197,879 bytes)
2025-07-26 19:08:32,233 - INFO - ⏱️ Total processing time: 36.50s (from validator response to submission)
2025-07-26 19:08:32,234 - INFO - ✅ Submission successful to UID 49 (4.97s)
2025-07-26 19:08:32,234 - INFO -    Task fidelity: 0.0000
2025-07-26 19:08:32,234 - INFO -    Average fidelity: 0.7932
2025-07-26 19:08:32,234 - INFO -    Miner reward: 22.208474
2025-07-26 19:08:32,234 - INFO -    Validation failed: False
2025-07-26 19:08:32,235 - INFO -    Generations in window: 28
2025-07-26 19:08:32,267 - INFO - ✅ Task 6c274655-e7d3-4ff2-b638-70ae7b1e6307 completed successfully
2025-07-26 19:08:33,440 - INFO - ⏭️ Skipping duplicate from UID 142: 'opal bracelet with purple stone on it...'
2025-07-26 19:08:33,441 - INFO -    Analysis: 11/14 successful, 3 failed, 0 unprocessed
2025-07-26 19:08:33,971 - INFO - 📊 CONTINUOUS ORCHESTRATOR STATUS
2025-07-26 19:08:33,974 - INFO - ============================================================
2025-07-26 19:08:33,974 - INFO - Uptime: 1.95 hours
2025-07-26 19:08:33,975 - INFO - Tasks pulled: 92
2025-07-26 19:08:33,975 - INFO - Tasks processed: 92
2025-07-26 19:08:33,976 - INFO - Successful generations: 92
2025-07-26 19:08:33,976 - INFO - Successful validations: 0
2025-07-26 19:08:33,976 - INFO - Successful submissions: 91
2025-07-26 19:08:33,976 - INFO - Total rewards: 1433.601757 TAO
2025-07-26 19:08:33,977 - INFO - Idle validations: 0
2025-07-26 19:08:33,977 - INFO - Prompts optimized: 92
2025-07-26 19:08:33,977 - INFO - Reproducibility optimizations: 11
2025-07-26 19:08:33,977 - INFO - Traditional optimizations: 81
2025-07-26 19:08:33,977 - INFO - Optimization improvements: 0
2025-07-26 19:08:33,977 - INFO - Tasks/hour: 47.1
2025-07-26 19:08:33,977 - INFO - Rewards/hour: 733.530153 TAO
2025-07-26 19:08:33,977 - INFO - Average total processing time: 36.93s
2025-07-26 19:08:33,977 - INFO - Optimization rate: 0.0% of prompts improved
2025-07-26 19:08:33,978 - INFO - Active validators: 10
2025-07-26 19:08:33,980 - INFO -   UID 212: 0 tasks, avg score: 0.705
2025-07-26 19:08:33,980 - INFO -   UID 142: 0 tasks, avg score: 0.643
2025-07-26 19:08:33,981 - INFO -   UID 27: 0 tasks, avg score: 0.755
2025-07-26 19:08:33,983 - WARNING - ⚠️ Found 3 unfinished tasks in last 6 hours:
2025-07-26 19:08:33,983 - WARNING -    UID 142: 'opal bracelet with purple ston...' - no_submission
2025-07-26 19:08:33,983 - WARNING -    UID 142: 'matte silver droid designed fo...' - no_submission
2025-07-26 19:08:33,983 - WARNING -    UID 142: 'copper-colored robot with seri...' - no_submission
2025-07-26 19:08:33,983 - INFO - ============================================================
2025-07-26 19:08:33,987 - INFO - 📊 Statistics saved to continuous_trellis_outputs/continuous_stats_20250726_190833.json
2025-07-26 19:08:45,484 - WARNING - ⚠️ Exception checking TRELLIS server status: HTTPConnectionPool(host='localhost', port=8096): Read timed out. (read timeout=5), proceeding anyway.
2025-07-26 19:08:50,491 - WARNING - ⚠️ Exception checking TRELLIS server status: HTTPConnectionPool(host='localhost', port=8096): Read timed out. (read timeout=5), proceeding anyway.
2025-07-26 19:08:55,503 - WARNING - ⚠️ Exception checking TRELLIS server status: HTTPConnectionPool(host='localhost', port=8096): Read timed out. (read timeout=5), proceeding anyway.
2025-07-26 19:09:00,510 - WARNING - ⚠️ Exception checking TRELLIS server status: HTTPConnectionPool(host='localhost', port=8096): Read timed out. (read timeout=5), proceeding anyway.
2025-07-26 19:09:19,464 - INFO - ⏭️ Skipping duplicate from UID 142: 'opal bracelet with purple stone on it...'
2025-07-26 19:09:19,464 - INFO -    Analysis: 11/14 successful, 3 failed, 0 unprocessed
2025-07-26 19:09:45,641 - WARNING - ⚠️ Exception checking TRELLIS server status: HTTPConnectionPool(host='localhost', port=8096): Read timed out. (read timeout=5), proceeding anyway.
2025-07-26 19:09:50,649 - WARNING - ⚠️ Exception checking TRELLIS server status: HTTPConnectionPool(host='localhost', port=8096): Read timed out. (read timeout=5), proceeding anyway.
2025-07-26 19:09:55,657 - WARNING - ⚠️ Exception checking TRELLIS server status: HTTPConnectionPool(host='localhost', port=8096): Read timed out. (read timeout=5), proceeding anyway.
2025-07-26 19:10:00,666 - WARNING - ⚠️ Exception checking TRELLIS server status: HTTPConnectionPool(host='localhost', port=8096): Read timed out. (read timeout=5), proceeding anyway.
2025-07-26 19:10:01,307 - INFO - ✅ New task from UID 27: 'orange twisted vine whip...'
2025-07-26 19:10:01,308 - INFO -    Threshold: 0.6, Query time: 0.62s
2025-07-26 19:10:01,308 - INFO - 🔄 Processing task 0a4001a6-e2f9-439c-9efc-0d17109726ad: 'orange twisted vine whip'
2025-07-26 19:10:01,308 - INFO - 🎨 Generating 3D model: 'orange twisted vine whip' (task: 0a4001a6-e2f9-439c-9efc-0d17109726ad)
2025-07-26 19:10:02,324 - INFO - 🚀 Traditional optimization applied:
2025-07-26 19:10:02,325 - INFO -    Original: orange twisted vine whip
2025-07-26 19:10:02,325 - INFO -    Optimized: wbgmsst, an orange twisted vine whip coiled around a gnarled wooden handle with visible ridges and a delicate, hand-forged metal ferrule, suspended from a worn leather holster on a rustic, weathered belt, white background
2025-07-26 19:10:02,325 - INFO -    Confidence: 80.0%
2025-07-26 19:10:12,341 - WARNING - [TRELLIS] Exception clearing GPU cache: HTTPConnectionPool(host='localhost', port=8096): Read timed out. (read timeout=10)
2025-07-26 19:10:12,341 - INFO -    🎲 Using deterministic seed: 42
2025-07-26 19:10:40,000 - INFO - ✅ Generation successful in 27.65s (5,228,018 bytes)
2025-07-26 19:10:40,000 - INFO - 📤 Submitting result: 0a4001a6-e2f9-439c-9efc-0d17109726ad
2025-07-26 19:10:40,000 - INFO -    📦 Using SPZ-compressed data from server (5,228,018 bytes)
2025-07-26 19:10:45,579 - INFO - ⏱️ Total processing time: 44.29s (from validator response to submission)
2025-07-26 19:10:45,579 - INFO - ✅ Submission successful to UID 27 (5.56s)
2025-07-26 19:10:45,579 - INFO -    Task fidelity: 0.9094
2025-07-26 19:10:45,579 - INFO -    Average fidelity: 0.8474
2025-07-26 19:10:45,579 - INFO -    Miner reward: 18.642596
2025-07-26 19:10:45,579 - INFO -    Validation failed: False
2025-07-26 19:10:45,579 - INFO -    Generations in window: 22
2025-07-26 19:10:45,620 - INFO - ✅ Task 0a4001a6-e2f9-439c-9efc-0d17109726ad completed successfully
2025-07-26 19:10:46,557 - INFO - ✅ New task from UID 81: 'orange glass filled with orange juice above...'
2025-07-26 19:10:46,558 - INFO -    Threshold: 0.6, Query time: 0.45s
2025-07-26 19:10:46,558 - INFO - 🔄 Processing task c3dd40a6-dcdf-416c-b261-8bf0b3646be3: 'orange glass filled with orange juice above'
2025-07-26 19:10:46,558 - INFO - 🎨 Generating 3D model: 'orange glass filled with orange juice above' (task: c3dd40a6-dcdf-416c-b261-8bf0b3646be3)
2025-07-26 19:10:47,019 - INFO - 🚀 Traditional optimization applied:
2025-07-26 19:10:47,019 - INFO -    Original: orange glass filled with orange juice above
2025-07-26 19:10:47,019 - INFO -    Optimized: wbgmsst, an orange glass of vibrant orange juice suspended in mid-air above a worn wooden table with a few scattered citrus peels and a subtle drizzle of honey on the surface, white background
2025-07-26 19:10:47,020 - INFO -    Confidence: 80.0%
2025-07-26 19:10:48,310 - INFO - [TRELLIS] GPU cache cleared: {'status': 'cache_cleared', 'available_memory_gb': 18.948489216}
2025-07-26 19:10:48,310 - INFO -    🎲 Using deterministic seed: 42
2025-07-26 19:11:12,777 - INFO - ✅ Generation successful in 24.46s (3,702,027 bytes)
2025-07-26 19:11:12,777 - INFO - 📤 Submitting result: c3dd40a6-dcdf-416c-b261-8bf0b3646be3
2025-07-26 19:11:12,777 - INFO -    📦 Using SPZ-compressed data from server (3,702,027 bytes)
2025-07-26 19:11:15,225 - INFO - ⏱️ Total processing time: 28.69s (from validator response to submission)
2025-07-26 19:11:15,225 - INFO - ✅ Submission successful to UID 81 (2.44s)
2025-07-26 19:11:15,226 - INFO -    Task fidelity: 0.0000
2025-07-26 19:11:15,226 - INFO -    Average fidelity: 0.8818
2025-07-26 19:11:15,226 - INFO -    Miner reward: 9.699825
2025-07-26 19:11:15,226 - INFO -    Validation failed: False
2025-07-26 19:11:15,226 - INFO -    Generations in window: 11
2025-07-26 19:11:15,237 - INFO - ✅ Task c3dd40a6-dcdf-416c-b261-8bf0b3646be3 completed successfully
2025-07-26 19:11:32,732 - WARNING - ⚠️ Exception checking TRELLIS server status: HTTPConnectionPool(host='localhost', port=8096): Read timed out. (read timeout=5), proceeding anyway.
2025-07-26 19:11:37,740 - WARNING - ⚠️ Exception checking TRELLIS server status: HTTPConnectionPool(host='localhost', port=8096): Read timed out. (read timeout=5), proceeding anyway.
2025-07-26 19:11:42,746 - WARNING - ⚠️ Exception checking TRELLIS server status: HTTPConnectionPool(host='localhost', port=8096): Read timed out. (read timeout=5), proceeding anyway.
2025-07-26 19:11:47,753 - WARNING - ⚠️ Exception checking TRELLIS server status: HTTPConnectionPool(host='localhost', port=8096): Read timed out. (read timeout=5), proceeding anyway.
2025-07-26 19:11:52,761 - WARNING - ⚠️ Exception checking TRELLIS server status: HTTPConnectionPool(host='localhost', port=8096): Read timed out. (read timeout=5), proceeding anyway.
2025-07-26 19:12:37,868 - WARNING - ⚠️ Exception checking TRELLIS server status: HTTPConnectionPool(host='localhost', port=8096): Read timed out. (read timeout=5), proceeding anyway.
2025-07-26 19:12:42,875 - WARNING - ⚠️ Exception checking TRELLIS server status: HTTPConnectionPool(host='localhost', port=8096): Read timed out. (read timeout=5), proceeding anyway.
2025-07-26 19:12:47,882 - WARNING - ⚠️ Exception checking TRELLIS server status: HTTPConnectionPool(host='localhost', port=8096): Read timed out. (read timeout=5), proceeding anyway.
2025-07-26 19:12:52,889 - WARNING - ⚠️ Exception checking TRELLIS server status: HTTPConnectionPool(host='localhost', port=8096): Read timed out. (read timeout=5), proceeding anyway.
2025-07-26 19:12:58,523 - WARNING - ⚠️ Exception checking TRELLIS server status: HTTPConnectionPool(host='localhost', port=8096): Read timed out. (read timeout=5), proceeding anyway.
2025-07-26 19:13:00,180 - INFO - ✅ New task from UID 128: 'old rusty red trumpet...'
2025-07-26 19:13:00,181 - INFO -    Threshold: 0.6, Query time: 0.28s
2025-07-26 19:13:00,181 - INFO - 🔄 Processing task 1dbdfddc-31c6-4d61-a05a-0f30527f6da6: 'old rusty red trumpet'
2025-07-26 19:13:00,181 - INFO - 🎨 Generating 3D model: 'old rusty red trumpet' (task: 1dbdfddc-31c6-4d61-a05a-0f30527f6da6)
2025-07-26 19:13:00,727 - INFO - 🚀 Traditional optimization applied:
2025-07-26 19:13:00,727 - INFO -    Original: old rusty red trumpet
2025-07-26 19:13:00,727 - INFO -    Optimized: wbgmsst, an old rusty red trumpet with intricate engravings and a worn leather case standing alone on a vintage wooden music stand in a dimly lit antique shop with faded curtains and soft, golden light pouring through the windows, white background
2025-07-26 19:13:00,727 - INFO -    Confidence: 80.0%
2025-07-26 19:13:02,329 - INFO - [TRELLIS] GPU cache cleared: {'status': 'cache_cleared', 'available_memory_gb': 19.611189248}
2025-07-26 19:13:02,329 - INFO -    🎲 Using deterministic seed: 42
2025-07-26 19:13:33,950 - INFO - ✅ Generation successful in 31.61s (12,591,992 bytes)
2025-07-26 19:13:33,950 - INFO - 📤 Submitting result: 1dbdfddc-31c6-4d61-a05a-0f30527f6da6
2025-07-26 19:13:33,950 - INFO -    📦 Using SPZ-compressed data from server (12,591,992 bytes)
2025-07-26 19:13:36,969 - INFO - ⏱️ Total processing time: 36.80s (from validator response to submission)
2025-07-26 19:13:36,969 - INFO - ✅ Submission successful to UID 128 (2.98s)
2025-07-26 19:13:36,969 - INFO -    Task fidelity: 0.6631
2025-07-26 19:13:36,970 - INFO -    Average fidelity: 0.8564
2025-07-26 19:13:36,970 - INFO -    Miner reward: 9.420016
2025-07-26 19:13:36,970 - INFO -    Validation failed: False
2025-07-26 19:13:36,970 - INFO -    Generations in window: 11
2025-07-26 19:13:37,003 - INFO - ✅ Task 1dbdfddc-31c6-4d61-a05a-0f30527f6da6 completed successfully
2025-07-26 19:13:37,785 - INFO - ✅ New task from UID 212: 'iridescent mermaid singing at coral...'
2025-07-26 19:13:37,786 - INFO -    Threshold: 0.6, Query time: 0.41s
2025-07-26 19:13:37,786 - INFO - 🔄 Processing task 19d02408-40c1-468d-b8ce-5be8958b8078: 'iridescent mermaid singing at coral'
2025-07-26 19:13:37,786 - INFO - 🎨 Generating 3D model: 'iridescent mermaid singing at coral' (task: 19d02408-40c1-468d-b8ce-5be8958b8078)
2025-07-26 19:13:38,265 - INFO - 🚀 Traditional optimization applied:
2025-07-26 19:13:38,265 - INFO -    Original: iridescent mermaid singing at coral
2025-07-26 19:13:38,265 - INFO -    Optimized: wbgmsst, an iridescent mermaid sings melodiously surrounded by a kaleidoscope of colorful coral formations and schools of shimmering fish swimming in harmony, 3D isometric accurate, white background
2025-07-26 19:13:38,265 - INFO -    Confidence: 80.0%
2025-07-26 19:13:39,441 - INFO - [TRELLIS] GPU cache cleared: {'status': 'cache_cleared', 'available_memory_gb': 19.937624064}
2025-07-26 19:13:39,441 - INFO -    🎲 Using deterministic seed: 42
2025-07-26 19:14:04,929 - INFO - ✅ Generation successful in 25.48s (9,460,337 bytes)
2025-07-26 19:14:04,930 - INFO - 📤 Submitting result: 19d02408-40c1-468d-b8ce-5be8958b8078
2025-07-26 19:14:04,930 - INFO -    📦 Using SPZ-compressed data from server (9,460,337 bytes)
2025-07-26 19:14:07,643 - INFO - ⏱️ Total processing time: 29.88s (from validator response to submission)
2025-07-26 19:14:07,643 - INFO - ✅ Submission successful to UID 212 (2.67s)
2025-07-26 19:14:07,643 - INFO -    Task fidelity: 0.8617
2025-07-26 19:14:07,643 - INFO -    Average fidelity: 0.8906
2025-07-26 19:14:07,643 - INFO -    Miner reward: 9.796925
2025-07-26 19:14:07,643 - INFO -    Validation failed: False
2025-07-26 19:14:07,643 - INFO -    Generations in window: 11
2025-07-26 19:14:07,671 - INFO - ✅ Task 19d02408-40c1-468d-b8ce-5be8958b8078 completed successfully
2025-07-26 19:14:14,681 - WARNING - ⚠️ Exception checking TRELLIS server status: HTTPConnectionPool(host='localhost', port=8096): Read timed out. (read timeout=5), proceeding anyway.
2025-07-26 19:14:19,832 - WARNING - ⚠️ Exception checking TRELLIS server status: HTTPConnectionPool(host='localhost', port=8096): Read timed out. (read timeout=5), proceeding anyway.
2025-07-26 19:14:24,980 - WARNING - ⚠️ Exception checking TRELLIS server status: HTTPConnectionPool(host='localhost', port=8096): Read timed out. (read timeout=5), proceeding anyway.
2025-07-26 19:14:29,999 - INFO - 🧹 Cleaned up 0 old prompt records and 0 failed tasks
2025-07-26 19:15:09,960 - WARNING - ⚠️ Exception checking TRELLIS server status: HTTPConnectionPool(host='localhost', port=8096): Read timed out. (read timeout=5), proceeding anyway.
2025-07-26 19:15:14,970 - WARNING - ⚠️ Exception checking TRELLIS server status: HTTPConnectionPool(host='localhost', port=8096): Read timed out. (read timeout=5), proceeding anyway.
2025-07-26 19:15:20,239 - WARNING - ⚠️ Exception checking TRELLIS server status: HTTPConnectionPool(host='localhost', port=8096): Read timed out. (read timeout=5), proceeding anyway.
2025-07-26 19:15:25,391 - WARNING - ⚠️ Exception checking TRELLIS server status: HTTPConnectionPool(host='localhost', port=8096): Read timed out. (read timeout=5), proceeding anyway.
2025-07-26 19:15:28,993 - INFO - ✅ New task from UID 142: 'glossy purple jump rope coiled...'
2025-07-26 19:15:28,993 - INFO -    Threshold: 0.6, Query time: 0.29s
2025-07-26 19:15:28,993 - INFO - 🔄 Processing task 91a297b2-b1a1-4660-85bf-c895734c7348: 'glossy purple jump rope coiled'
2025-07-26 19:15:28,993 - INFO - 🎨 Generating 3D model: 'glossy purple jump rope coiled' (task: 91a297b2-b1a1-4660-85bf-c895734c7348)
2025-07-26 19:15:29,476 - INFO - 🚀 Traditional optimization applied:
2025-07-26 19:15:29,476 - INFO -    Original: glossy purple jump rope coiled
2025-07-26 19:15:29,476 - INFO -    Optimized: wbgmsst, a glossy purple jump rope coiled and suspended from a rusty metal ring on an old wooden fence in a neglected playground filled with overgrown grass and vibrant wildflowers under a warm summer sun
2025-07-26 19:15:29,476 - INFO -    Confidence: 80.0%
2025-07-26 19:15:30,837 - INFO - [TRELLIS] GPU cache cleared: {'status': 'cache_cleared', 'available_memory_gb': 19.611189248}
2025-07-26 19:15:30,838 - INFO -    🎲 Using deterministic seed: 42
2025-07-26 19:15:56,787 - INFO - ✅ Generation successful in 25.94s (7,521,879 bytes)
2025-07-26 19:15:56,788 - INFO - 📤 Submitting result: 91a297b2-b1a1-4660-85bf-c895734c7348
2025-07-26 19:15:56,788 - INFO -    📦 Using SPZ-compressed data from server (7,521,879 bytes)
2025-07-26 19:16:57,655 - INFO - ⏱️ Total processing time: 88.69s (from validator response to submission)
2025-07-26 19:16:57,656 - ERROR - ❌ No feedback received from UID 142
2025-07-26 19:16:57,681 - ERROR - ❌ Task 91a297b2-b1a1-4660-85bf-c895734c7348 submission failed
2025-07-26 19:17:01,828 - INFO - ✅ New task from UID 27: 'sturdy metallic blue pliers...'
2025-07-26 19:17:01,828 - INFO -    Threshold: 0.6, Query time: 0.65s
2025-07-26 19:17:01,829 - INFO - 🔄 Processing task 147a92d2-9a5e-4c05-b76c-5bd6bdbe8e58: 'sturdy metallic blue pliers'
2025-07-26 19:17:01,829 - INFO - 🎨 Generating 3D model: 'sturdy metallic blue pliers' (task: 147a92d2-9a5e-4c05-b76c-5bd6bdbe8e58)
2025-07-26 19:17:02,380 - INFO - 🚀 Traditional optimization applied:
2025-07-26 19:17:02,380 - INFO -    Original: sturdy metallic blue pliers
2025-07-26 19:17:02,381 - INFO -    Optimized: wbgmsst, a sturdy pair of metallic blue pliers with worn grip and slightly bent jaw resting on a workbench amidst tools of various trades in a cozy, rustic workshop filled with natural light and the scent of sawdust, white background
2025-07-26 19:17:02,381 - INFO -    Confidence: 80.0%
2025-07-26 19:17:03,358 - INFO - [TRELLIS] GPU cache cleared: {'status': 'cache_cleared', 'available_memory_gb': 19.937624064}
2025-07-26 19:17:03,359 - INFO -    🎲 Using deterministic seed: 42
2025-07-26 19:18:00,935 - INFO - ✅ Generation successful in 57.57s (11,808,917 bytes)
2025-07-26 19:18:00,936 - INFO - 📤 Submitting result: 147a92d2-9a5e-4c05-b76c-5bd6bdbe8e58
2025-07-26 19:18:00,936 - INFO -    📦 Using SPZ-compressed data from server (11,808,917 bytes)
2025-07-26 19:18:18,461 - INFO - ⏱️ Total processing time: 76.66s (from validator response to submission)
2025-07-26 19:18:18,461 - INFO - ✅ Submission successful to UID 27 (17.47s)
2025-07-26 19:18:18,461 - INFO -    Task fidelity: 0.0000
2025-07-26 19:18:18,462 - INFO -    Average fidelity: 0.8474
2025-07-26 19:18:18,462 - INFO -    Miner reward: 17.795206
2025-07-26 19:18:18,462 - INFO -    Validation failed: False
2025-07-26 19:18:18,462 - INFO -    Generations in window: 21
2025-07-26 19:18:18,491 - INFO - ✅ Task 147a92d2-9a5e-4c05-b76c-5bd6bdbe8e58 completed successfully
2025-07-26 19:18:20,136 - INFO - ⏭️ Skipping duplicate from UID 142: 'glossy purple jump rope coiled...'
2025-07-26 19:18:20,137 - INFO -    Analysis: 11/15 successful, 4 failed, 0 unprocessed
2025-07-26 19:18:23,377 - INFO - ✅ Validator refresh complete:
2025-07-26 19:18:23,378 - INFO -    Active validators: 10
2025-07-26 19:18:23,378 - INFO -    Inactive validators: 0
2025-07-26 19:18:23,378 - INFO -    Total eligible validators found: 10
2025-07-26 19:18:23,378 - INFO -    Top validators by stake:
2025-07-26 19:18:23,378 - INFO -      UID 212: 104013.5 TAO (trust: 0.000)
2025-07-26 19:18:23,378 - INFO -      UID 142: 69548.6 TAO (trust: 0.000)
2025-07-26 19:18:23,378 - INFO -      UID 27: 60174.1 TAO (trust: 0.000)
2025-07-26 19:18:23,378 - INFO -      UID 124: 39811.6 TAO (trust: 0.000)
2025-07-26 19:18:23,378 - INFO -      UID 128: 13458.9 TAO (trust: 0.000)
2025-07-26 19:18:25,579 - INFO - 📊 CONTINUOUS ORCHESTRATOR STATUS
2025-07-26 19:18:25,579 - INFO - ============================================================
2025-07-26 19:18:25,579 - INFO - Uptime: 2.12 hours
2025-07-26 19:18:25,580 - INFO - Tasks pulled: 98
2025-07-26 19:18:25,580 - INFO - Tasks processed: 98
2025-07-26 19:18:25,580 - INFO - Successful generations: 98
2025-07-26 19:18:25,580 - INFO - Successful validations: 0
2025-07-26 19:18:25,580 - INFO - Successful submissions: 96
2025-07-26 19:18:25,580 - INFO - Total rewards: 1498.956325 TAO
2025-07-26 19:18:25,580 - INFO - Idle validations: 0
2025-07-26 19:18:25,580 - INFO - Prompts optimized: 98
2025-07-26 19:18:25,580 - INFO - Reproducibility optimizations: 11
2025-07-26 19:18:25,580 - INFO - Traditional optimizations: 87
2025-07-26 19:18:25,580 - INFO - Optimization improvements: 0
2025-07-26 19:18:25,580 - INFO - Tasks/hour: 46.3
2025-07-26 19:18:25,580 - INFO - Rewards/hour: 707.481137 TAO
2025-07-26 19:18:25,580 - INFO - Average total processing time: 37.26s
2025-07-26 19:18:25,580 - INFO - Optimization rate: 0.0% of prompts improved
2025-07-26 19:18:25,581 - INFO - Active validators: 10
2025-07-26 19:18:25,581 - INFO -   UID 212: 0 tasks, avg score: 0.721
2025-07-26 19:18:25,581 - INFO -   UID 142: 0 tasks, avg score: 0.643
2025-07-26 19:18:25,581 - INFO -   UID 27: 0 tasks, avg score: 0.693
2025-07-26 19:18:25,582 - WARNING - ⚠️ Found 4 unfinished tasks in last 6 hours:
2025-07-26 19:18:25,582 - WARNING -    UID 142: 'glossy purple jump rope coiled...' - no_submission
2025-07-26 19:18:25,582 - WARNING -    UID 142: 'opal bracelet with purple ston...' - no_submission
2025-07-26 19:18:25,582 - WARNING -    UID 142: 'matte silver droid designed fo...' - no_submission
2025-07-26 19:18:25,582 - WARNING -    UID 142: 'copper-colored robot with seri...' - no_submission
2025-07-26 19:18:25,582 - INFO - ============================================================
2025-07-26 19:18:25,584 - INFO - 📊 Statistics saved to continuous_trellis_outputs/continuous_stats_20250726_191825.json
2025-07-26 19:18:42,777 - WARNING - ⚠️ Exception checking TRELLIS server status: HTTPConnectionPool(host='localhost', port=8096): Read timed out. (read timeout=5), proceeding anyway.
2025-07-26 19:18:47,781 - WARNING - ⚠️ Exception checking TRELLIS server status: HTTPConnectionPool(host='localhost', port=8096): Read timed out. (read timeout=5), proceeding anyway.
2025-07-26 19:18:52,788 - WARNING - ⚠️ Exception checking TRELLIS server status: HTTPConnectionPool(host='localhost', port=8096): Read timed out. (read timeout=5), proceeding anyway.
2025-07-26 19:18:57,796 - WARNING - ⚠️ Exception checking TRELLIS server status: HTTPConnectionPool(host='localhost', port=8096): Read timed out. (read timeout=5), proceeding anyway.
2025-07-26 19:19:02,803 - WARNING - ⚠️ Exception checking TRELLIS server status: HTTPConnectionPool(host='localhost', port=8096): Read timed out. (read timeout=5), proceeding anyway.
2025-07-26 19:19:07,811 - WARNING - ⚠️ Exception checking TRELLIS server status: HTTPConnectionPool(host='localhost', port=8096): Read timed out. (read timeout=5), proceeding anyway.
2025-07-26 19:19:10,991 - INFO - ✅ New task from UID 128: 'bright blue earring featuring star-shaped...'
2025-07-26 19:19:10,991 - INFO -    Threshold: 0.6, Query time: 0.27s
2025-07-26 19:19:10,991 - INFO - 🔄 Processing task 611d7a81-e1c4-44ec-b9c2-d176e5efe875: 'bright blue earring featuring star-shaped'
2025-07-26 19:19:10,991 - INFO - 🎨 Generating 3D model: 'bright blue earring featuring star-shaped' (task: 611d7a81-e1c4-44ec-b9c2-d176e5efe875)
2025-07-26 19:19:11,668 - INFO - 🚀 Traditional optimization applied:
2025-07-26 19:19:11,668 - INFO -    Original: bright blue earring featuring star-shaped
2025-07-26 19:19:11,668 - INFO -    Optimized: wbgmsst, a slender bright blue earring shaped like a stylized star with intricate, swirling patterns and delicate filigree details, suspended from a delicate chain resting on a soft, velvety pillow amidst a scattering of velvet fabrics in shades of midnight blue and emerald green, white background
2025-07-26 19:19:11,669 - INFO -    Confidence: 80.0%
2025-07-26 19:19:12,918 - INFO - [TRELLIS] GPU cache cleared: {'status': 'cache_cleared', 'available_memory_gb': 19.611189248}
2025-07-26 19:19:12,918 - INFO -    🎲 Using deterministic seed: 42
2025-07-26 19:19:38,994 - INFO - ✅ Generation successful in 26.07s (8,072,916 bytes)
2025-07-26 19:19:38,994 - INFO - 📤 Submitting result: 611d7a81-e1c4-44ec-b9c2-d176e5efe875
2025-07-26 19:19:38,994 - INFO -    📦 Using SPZ-compressed data from server (8,072,916 bytes)
2025-07-26 19:19:41,419 - INFO - ⏱️ Total processing time: 30.45s (from validator response to submission)
2025-07-26 19:19:41,420 - INFO - ✅ Submission successful to UID 128 (2.39s)
2025-07-26 19:19:41,420 - INFO -    Task fidelity: 0.8386
2025-07-26 19:19:41,420 - INFO -    Average fidelity: 0.8555
2025-07-26 19:19:41,420 - INFO -    Miner reward: 10.265723
2025-07-26 19:19:41,420 - INFO -    Validation failed: False
2025-07-26 19:19:41,420 - INFO -    Generations in window: 12
2025-07-26 19:19:41,447 - INFO - ✅ Task 611d7a81-e1c4-44ec-b9c2-d176e5efe875 completed successfully
2025-07-26 19:19:43,091 - INFO - ⏭️ Skipping duplicate from UID 142: 'glossy purple jump rope coiled...'
2025-07-26 19:19:43,091 - INFO -    Analysis: 11/15 successful, 4 failed, 0 unprocessed
2025-07-26 19:19:43,545 - INFO - ✅ New task from UID 212: 'vintage bronze war axe...'
2025-07-26 19:19:43,546 - INFO -    Threshold: 0.6, Query time: 0.43s
2025-07-26 19:19:43,546 - INFO - 🔄 Processing task 26dad59d-5386-416d-9e7b-099d36a06f4f: 'vintage bronze war axe'
2025-07-26 19:19:43,546 - INFO - 🎨 Generating 3D model: 'vintage bronze war axe' (task: 26dad59d-5386-416d-9e7b-099d36a06f4f)
2025-07-26 19:19:44,047 - INFO - 🚀 Traditional optimization applied:
2025-07-26 19:19:44,047 - INFO -    Original: vintage bronze war axe
2025-07-26 19:19:44,047 - INFO -    Optimized: wbgmsst, a vintage bronze war axe resting on a worn, wooden battle-axe stand amidst ancient armor and shields in a dimly lit, damp cave with flickering torches casting eerie shadows on the walls, white background
2025-07-26 19:19:44,047 - INFO -    Confidence: 80.0%
2025-07-26 19:19:45,016 - INFO - [TRELLIS] GPU cache cleared: {'status': 'cache_cleared', 'available_memory_gb': 19.937624064}
2025-07-26 19:19:45,016 - INFO -    🎲 Using deterministic seed: 42
2025-07-26 19:20:10,746 - INFO - ✅ Generation successful in 25.72s (8,017,019 bytes)
2025-07-26 19:20:10,746 - INFO - 📤 Submitting result: 26dad59d-5386-416d-9e7b-099d36a06f4f
2025-07-26 19:20:10,746 - INFO -    📦 Using SPZ-compressed data from server (8,017,019 bytes)
2025-07-26 19:20:13,662 - INFO - ⏱️ Total processing time: 30.14s (from validator response to submission)
2025-07-26 19:20:13,662 - INFO - ✅ Submission successful to UID 212 (2.88s)
2025-07-26 19:20:13,662 - INFO -    Task fidelity: 0.6229
2025-07-26 19:20:13,662 - INFO -    Average fidelity: 0.8772
2025-07-26 19:20:13,662 - INFO -    Miner reward: 9.649690
2025-07-26 19:20:13,662 - INFO -    Validation failed: False
2025-07-26 19:20:13,662 - INFO -    Generations in window: 11
2025-07-26 19:20:13,708 - INFO - ✅ Task 26dad59d-5386-416d-9e7b-099d36a06f4f completed successfully
2025-07-26 19:20:20,717 - WARNING - ⚠️ Exception checking TRELLIS server status: HTTPConnectionPool(host='localhost', port=8096): Read timed out. (read timeout=5), proceeding anyway.
2025-07-26 19:20:25,875 - WARNING - ⚠️ Exception checking TRELLIS server status: HTTPConnectionPool(host='localhost', port=8096): Read timed out. (read timeout=5), proceeding anyway.
2025-07-26 19:20:31,034 - WARNING - ⚠️ Exception checking TRELLIS server status: HTTPConnectionPool(host='localhost', port=8096): Read timed out. (read timeout=5), proceeding anyway.
2025-07-26 19:20:34,973 - INFO - ⏭️ Skipping duplicate from UID 142: 'glossy purple jump rope coiled...'
2025-07-26 19:20:34,973 - INFO -    Analysis: 11/15 successful, 4 failed, 0 unprocessed
2025-07-26 19:21:15,470 - WARNING - ⚠️ Exception checking TRELLIS server status: HTTPConnectionPool(host='localhost', port=8096): Read timed out. (read timeout=5), proceeding anyway.
2025-07-26 19:21:20,480 - WARNING - ⚠️ Exception checking TRELLIS server status: HTTPConnectionPool(host='localhost', port=8096): Read timed out. (read timeout=5), proceeding anyway.
2025-07-26 19:21:25,704 - WARNING - ⚠️ Exception checking TRELLIS server status: HTTPConnectionPool(host='localhost', port=8096): Read timed out. (read timeout=5), proceeding anyway.
2025-07-26 19:21:30,852 - WARNING - ⚠️ Exception checking TRELLIS server status: HTTPConnectionPool(host='localhost', port=8096): Read timed out. (read timeout=5), proceeding anyway.
2025-07-26 19:21:33,809 - INFO - ✅ New task from UID 49: 'robot in yellow and green dress with blue shoes...'
2025-07-26 19:21:33,810 - INFO -    Threshold: 0.6, Query time: 0.52s
2025-07-26 19:21:33,810 - INFO - 🔄 Processing task 2b096305-0b17-437b-85bf-431cb9688cbb: 'robot in yellow and green dress with blue shoes'
2025-07-26 19:21:33,810 - INFO - 🎨 Generating 3D model: 'robot in yellow and green dress with blue shoes' (task: 2b096305-0b17-437b-85bf-431cb9688cbb)
2025-07-26 19:21:34,231 - INFO - 🚀 Traditional optimization applied:
2025-07-26 19:21:34,232 - INFO -    Original: robot in yellow and green dress with blue shoes
2025-07-26 19:21:34,232 - INFO -    Optimized: wbgmsst, a metallic robot clad in a vibrant yellow and green jumpsuit with intricate circuitry details, standing proudly on its sturdy blue boots, white background.
2025-07-26 19:21:34,232 - INFO -    Confidence: 80.0%
2025-07-26 19:21:35,845 - INFO - [TRELLIS] GPU cache cleared: {'status': 'cache_cleared', 'available_memory_gb': 19.611189248}
2025-07-26 19:21:35,845 - INFO -    🎲 Using deterministic seed: 42
2025-07-26 19:21:59,082 - INFO - ✅ Generation successful in 23.23s (5,493,465 bytes)
2025-07-26 19:21:59,083 - INFO - 📤 Submitting result: 2b096305-0b17-437b-85bf-431cb9688cbb
2025-07-26 19:21:59,084 - INFO -    📦 Using SPZ-compressed data from server (5,493,465 bytes)
2025-07-26 19:22:01,205 - INFO - ⏱️ Total processing time: 27.42s (from validator response to submission)
2025-07-26 19:22:01,206 - INFO - ✅ Submission successful to UID 49 (2.10s)
2025-07-26 19:22:01,206 - INFO -    Task fidelity: 0.9098
2025-07-26 19:22:01,206 - INFO -    Average fidelity: 0.7990
2025-07-26 19:22:01,206 - INFO -    Miner reward: 22.371774
2025-07-26 19:22:01,206 - INFO -    Validation failed: False
2025-07-26 19:22:01,206 - INFO -    Generations in window: 28
2025-07-26 19:22:01,233 - INFO - ✅ Task 2b096305-0b17-437b-85bf-431cb9688cbb completed successfully
2025-07-26 19:22:21,693 - WARNING - ⚠️ Exception checking TRELLIS server status: HTTPConnectionPool(host='localhost', port=8096): Read timed out. (read timeout=5), proceeding anyway.
2025-07-26 19:22:26,700 - WARNING - ⚠️ Exception checking TRELLIS server status: HTTPConnectionPool(host='localhost', port=8096): Read timed out. (read timeout=5), proceeding anyway.
2025-07-26 19:22:31,707 - WARNING - ⚠️ Exception checking TRELLIS server status: HTTPConnectionPool(host='localhost', port=8096): Read timed out. (read timeout=5), proceeding anyway.
2025-07-26 19:22:36,714 - WARNING - ⚠️ Exception checking TRELLIS server status: HTTPConnectionPool(host='localhost', port=8096): Read timed out. (read timeout=5), proceeding anyway.
2025-07-26 19:23:17,999 - WARNING - ⚠️ Exception checking TRELLIS server status: HTTPConnectionPool(host='localhost', port=8096): Read timed out. (read timeout=5), proceeding anyway.
2025-07-26 19:23:23,006 - WARNING - ⚠️ Exception checking TRELLIS server status: HTTPConnectionPool(host='localhost', port=8096): Read timed out. (read timeout=5), proceeding anyway.
2025-07-26 19:23:28,014 - WARNING - ⚠️ Exception checking TRELLIS server status: HTTPConnectionPool(host='localhost', port=8096): Read timed out. (read timeout=5), proceeding anyway.
2025-07-26 19:23:33,021 - WARNING - ⚠️ Exception checking TRELLIS server status: HTTPConnectionPool(host='localhost', port=8096): Read timed out. (read timeout=5), proceeding anyway.
2025-07-26 19:24:14,932 - WARNING - ⚠️ Exception checking TRELLIS server status: HTTPConnectionPool(host='localhost', port=8096): Read timed out. (read timeout=5), proceeding anyway.
2025-07-26 19:24:19,939 - WARNING - ⚠️ Exception checking TRELLIS server status: HTTPConnectionPool(host='localhost', port=8096): Read timed out. (read timeout=5), proceeding anyway.
2025-07-26 19:24:24,945 - WARNING - ⚠️ Exception checking TRELLIS server status: HTTPConnectionPool(host='localhost', port=8096): Read timed out. (read timeout=5), proceeding anyway.
2025-07-26 19:24:29,950 - WARNING - ⚠️ Exception checking TRELLIS server status: HTTPConnectionPool(host='localhost', port=8096): Read timed out. (read timeout=5), proceeding anyway.
2025-07-26 19:24:31,732 - INFO - ✅ New task from UID 49: 'minotaur wielding silver axe furrowed brow...'
2025-07-26 19:24:31,733 - INFO -    Threshold: 0.6, Query time: 0.45s
2025-07-26 19:24:31,733 - INFO - 🔄 Processing task 57fde8cb-fe23-40aa-9a67-4c080b6435c5: 'minotaur wielding silver axe furrowed brow'
2025-07-26 19:24:31,734 - INFO - 🎨 Generating 3D model: 'minotaur wielding silver axe furrowed brow' (task: 57fde8cb-fe23-40aa-9a67-4c080b6435c5)
2025-07-26 19:24:32,439 - INFO - 🚀 Traditional optimization applied:
2025-07-26 19:24:32,440 - INFO -    Original: minotaur wielding silver axe furrowed brow
2025-07-26 19:24:32,440 - INFO -    Optimized: wbgmsst, a majestic minotaur stands proudly holding a gleaming silver axe with intricate etchings of mythological creatures along its length, the axe's blade glints in the soft, warm light of an ancient torch, the minotaur's furrowed brow hints at a deep wisdom and a fierce determination, white background
2025-07-26 19:24:32,441 - INFO -    Confidence: 80.0%
2025-07-26 19:24:33,757 - INFO - [TRELLIS] GPU cache cleared: {'status': 'cache_cleared', 'available_memory_gb': 19.611189248}
2025-07-26 19:24:33,757 - INFO -    🎲 Using deterministic seed: 42
2025-07-26 19:24:57,437 - INFO - ✅ Generation successful in 23.68s (4,305,344 bytes)
2025-07-26 19:24:57,438 - INFO - 📤 Submitting result: 57fde8cb-fe23-40aa-9a67-4c080b6435c5
2025-07-26 19:24:57,438 - INFO -    📦 Using SPZ-compressed data from server (4,305,344 bytes)
2025-07-26 19:24:59,608 - INFO - ⏱️ Total processing time: 27.90s (from validator response to submission)
2025-07-26 19:24:59,609 - INFO - ✅ Submission successful to UID 49 (2.15s)
2025-07-26 19:24:59,609 - INFO -    Task fidelity: 0.7875
2025-07-26 19:24:59,609 - INFO -    Average fidelity: 0.7984
2025-07-26 19:24:59,609 - INFO -    Miner reward: 23.154119
2025-07-26 19:24:59,609 - INFO -    Validation failed: False
2025-07-26 19:24:59,610 - INFO -    Generations in window: 29
2025-07-26 19:24:59,633 - INFO - ✅ Task 57fde8cb-fe23-40aa-9a67-4c080b6435c5 completed successfully
2025-07-26 19:25:00,620 - INFO - ✅ New task from UID 128: 'gold axe with red head...'
2025-07-26 19:25:00,620 - INFO -    Threshold: 0.6, Query time: 0.28s
2025-07-26 19:25:00,621 - INFO - 🔄 Processing task f867e3c2-5a9a-423a-ad5b-09c74aebff74: 'gold axe with red head'
2025-07-26 19:25:00,621 - INFO - 🎨 Generating 3D model: 'gold axe with red head' (task: f867e3c2-5a9a-423a-ad5b-09c74aebff74)
2025-07-26 19:25:01,155 - INFO - 🚀 Traditional optimization applied:
2025-07-26 19:25:01,155 - INFO -    Original: gold axe with red head
2025-07-26 19:25:01,155 - INFO -    Optimized: wbgmsst, a sturdy gold axe with a vibrant, fire engine red head, weathered from years of use, resting on a moss-covered wooden stump in a serene forest glade surrounded by towering trees and soft, filtered light, white background
2025-07-26 19:25:01,155 - INFO -    Confidence: 80.0%
2025-07-26 19:25:02,188 - INFO - [TRELLIS] GPU cache cleared: {'status': 'cache_cleared', 'available_memory_gb': 19.937624064}
2025-07-26 19:25:02,189 - INFO -    🎲 Using deterministic seed: 42
2025-07-26 19:25:49,071 - INFO - ✅ Generation successful in 46.88s (8,659,106 bytes)
2025-07-26 19:25:49,072 - INFO - 📤 Submitting result: f867e3c2-5a9a-423a-ad5b-09c74aebff74
2025-07-26 19:25:49,072 - INFO -    📦 Using SPZ-compressed data from server (8,659,106 bytes)
2025-07-26 19:25:51,251 - INFO - ⏱️ Total processing time: 50.65s (from validator response to submission)
2025-07-26 19:25:51,252 - INFO - ✅ Submission successful to UID 128 (2.16s)
2025-07-26 19:25:51,252 - INFO -    Task fidelity: 0.7063
2025-07-26 19:25:51,252 - INFO -    Average fidelity: 0.8480
2025-07-26 19:25:51,252 - INFO -    Miner reward: 11.024206
2025-07-26 19:25:51,252 - INFO -    Validation failed: False
2025-07-26 19:25:51,252 - INFO -    Generations in window: 13
2025-07-26 19:25:51,281 - INFO - ✅ Task f867e3c2-5a9a-423a-ad5b-09c74aebff74 completed successfully
2025-07-26 19:25:52,038 - INFO - ✅ New task from UID 212: 'oval-shaped black gemstone with smooth surface and...'
2025-07-26 19:25:52,038 - INFO -    Threshold: 0.6, Query time: 0.42s
2025-07-26 19:25:52,039 - INFO - 🔄 Processing task 55ab1eec-f0ee-41ff-986b-138837c37da8: 'oval-shaped black gemstone with smooth surface and opaque texture'
2025-07-26 19:25:52,039 - INFO - 🎨 Generating 3D model: 'oval-shaped black gemstone with smooth surface and opaque texture' (task: 55ab1eec-f0ee-41ff-986b-138837c37da8)
2025-07-26 19:25:52,441 - INFO - 🚀 Traditional optimization applied:
2025-07-26 19:25:52,441 - INFO -    Original: oval-shaped black gemstone with smooth surface and opaque texture
2025-07-26 19:25:52,441 - INFO -    Optimized: wbgmsst, a sleek oval-shaped black gemstone of polished obsidian, radiating an ethereal glow in soft, luminescent hues, white background.
2025-07-26 19:25:52,441 - INFO -    Confidence: 80.0%
2025-07-26 19:25:53,602 - INFO - [TRELLIS] GPU cache cleared: {'status': 'cache_cleared', 'available_memory_gb': 18.948489216}
2025-07-26 19:25:53,603 - INFO -    🎲 Using deterministic seed: 42
2025-07-26 19:26:17,304 - INFO - ✅ Generation successful in 23.70s (4,016,934 bytes)
2025-07-26 19:26:17,305 - INFO - 📤 Submitting result: 55ab1eec-f0ee-41ff-986b-138837c37da8
2025-07-26 19:26:17,305 - INFO -    📦 Using SPZ-compressed data from server (4,016,934 bytes)
2025-07-26 19:26:19,968 - INFO - ⏱️ Total processing time: 27.95s (from validator response to submission)
2025-07-26 19:26:19,968 - INFO - ✅ Submission successful to UID 212 (2.65s)
2025-07-26 19:26:19,968 - INFO -    Task fidelity: 0.8983
2025-07-26 19:26:19,968 - INFO -    Average fidelity: 0.8783
2025-07-26 19:26:19,968 - INFO -    Miner reward: 10.539593
2025-07-26 19:26:19,968 - INFO -    Validation failed: False
2025-07-26 19:26:19,968 - INFO -    Generations in window: 12
2025-07-26 19:26:19,995 - INFO - ✅ Task 55ab1eec-f0ee-41ff-986b-138837c37da8 completed successfully
2025-07-26 19:26:37,532 - WARNING - ⚠️ Exception checking TRELLIS server status: HTTPConnectionPool(host='localhost', port=8096): Read timed out. (read timeout=5), proceeding anyway.
2025-07-26 19:26:42,539 - WARNING - ⚠️ Exception checking TRELLIS server status: HTTPConnectionPool(host='localhost', port=8096): Read timed out. (read timeout=5), proceeding anyway.
2025-07-26 19:26:47,546 - WARNING - ⚠️ Exception checking TRELLIS server status: HTTPConnectionPool(host='localhost', port=8096): Read timed out. (read timeout=5), proceeding anyway.
2025-07-26 19:26:52,551 - WARNING - ⚠️ Exception checking TRELLIS server status: HTTPConnectionPool(host='localhost', port=8096): Read timed out. (read timeout=5), proceeding anyway.
2025-07-26 19:26:53,560 - INFO - ✅ New task from UID 142: 'gold bracelet with rubies inlays...'
2025-07-26 19:26:53,560 - INFO -    Threshold: 0.6, Query time: 0.29s
2025-07-26 19:26:53,560 - INFO - 🔄 Processing task de4b85ad-0013-43a8-b798-cfedf1a1f563: 'gold bracelet with rubies inlays'
2025-07-26 19:26:53,560 - INFO - 🎨 Generating 3D model: 'gold bracelet with rubies inlays' (task: de4b85ad-0013-43a8-b798-cfedf1a1f563)
2025-07-26 19:26:54,011 - INFO - 🚀 Traditional optimization applied:
2025-07-26 19:26:54,011 - INFO -    Original: gold bracelet with rubies inlays
2025-07-26 19:26:54,011 - INFO -    Optimized: wbgmsst, a delicate gold bracelet adorned with intricate ruby inlays in a rich, velvety pattern, suspended from a slender chain against a soft, ethereal glow, white background
2025-07-26 19:26:54,011 - INFO -    Confidence: 80.0%
2025-07-26 19:26:55,136 - INFO - [TRELLIS] GPU cache cleared: {'status': 'cache_cleared', 'available_memory_gb': 19.611189248}
2025-07-26 19:26:55,136 - INFO -    🎲 Using deterministic seed: 42
2025-07-26 19:27:17,858 - INFO - ✅ Generation successful in 22.72s (2,747,032 bytes)
2025-07-26 19:27:17,859 - INFO - 📤 Submitting result: de4b85ad-0013-43a8-b798-cfedf1a1f563
2025-07-26 19:27:17,859 - INFO -    📦 Using SPZ-compressed data from server (2,747,032 bytes)
2025-07-26 19:28:18,648 - INFO - ⏱️ Total processing time: 85.11s (from validator response to submission)
2025-07-26 19:28:18,648 - ERROR - ❌ No feedback received from UID 142
2025-07-26 19:28:18,672 - ERROR - ❌ Task de4b85ad-0013-43a8-b798-cfedf1a1f563 submission failed
2025-07-26 19:28:22,677 - INFO - ✅ New task from UID 49: 'creature with long nose and green eyes...'
2025-07-26 19:28:22,677 - INFO -    Threshold: 0.6, Query time: 0.45s
2025-07-26 19:28:22,677 - INFO - 🔄 Processing task 40389e02-d096-4bed-9f3a-03d909843fbd: 'creature with long nose and green eyes'
2025-07-26 19:28:22,677 - INFO - 🎨 Generating 3D model: 'creature with long nose and green eyes' (task: 40389e02-d096-4bed-9f3a-03d909843fbd)
2025-07-26 19:28:23,182 - INFO - 🚀 Traditional optimization applied:
2025-07-26 19:28:23,182 - INFO -    Original: creature with long nose and green eyes
2025-07-26 19:28:23,182 - INFO -    Optimized: wbgmsst, a majestic creature with an elongated snout and piercing green eyes stands proudly atop a moss-covered boulder in a dense, misty forest, surrounded by twisted tree trunks and vines, white background
2025-07-26 19:28:23,182 - INFO -    Confidence: 80.0%
2025-07-26 19:28:24,323 - INFO - [TRELLIS] GPU cache cleared: {'status': 'cache_cleared', 'available_memory_gb': 19.937624064}
2025-07-26 19:28:24,324 - INFO -    🎲 Using deterministic seed: 42
2025-07-26 19:28:49,420 - INFO - ✅ Generation successful in 25.09s (8,573,653 bytes)
2025-07-26 19:28:49,420 - INFO - 📤 Submitting result: 40389e02-d096-4bed-9f3a-03d909843fbd
2025-07-26 19:28:49,420 - INFO -    📦 Using SPZ-compressed data from server (8,573,653 bytes)
2025-07-26 19:28:51,807 - INFO - ⏱️ Total processing time: 29.15s (from validator response to submission)
2025-07-26 19:28:51,807 - INFO - ✅ Submission successful to UID 49 (2.36s)
2025-07-26 19:28:51,808 - INFO -    Task fidelity: 0.8430
2025-07-26 19:28:51,808 - INFO -    Average fidelity: 0.8006
2025-07-26 19:28:51,808 - INFO -    Miner reward: 24.019363
2025-07-26 19:28:51,809 - INFO -    Validation failed: False
2025-07-26 19:28:51,809 - INFO -    Generations in window: 30
2025-07-26 19:28:51,837 - INFO - ✅ Task 40389e02-d096-4bed-9f3a-03d909843fbd completed successfully
2025-07-26 19:28:56,844 - WARNING - ⚠️ Exception checking TRELLIS server status: HTTPConnectionPool(host='localhost', port=8096): Read timed out. (read timeout=5), proceeding anyway.
2025-07-26 19:28:57,425 - INFO - ✅ New task from UID 81: 'small furry creature with long bushy tail and two ...'
2025-07-26 19:28:57,425 - INFO -    Threshold: 0.6, Query time: 0.55s
2025-07-26 19:28:57,425 - INFO - 🔄 Processing task ee3373dd-c950-4ea2-a884-5b48d6dd3218: 'small furry creature with long bushy tail and two large round ears'
2025-07-26 19:28:57,425 - INFO - 🎨 Generating 3D model: 'small furry creature with long bushy tail and two large round ears' (task: ee3373dd-c950-4ea2-a884-5b48d6dd3218)
2025-07-26 19:28:58,621 - INFO - 🚀 Traditional optimization applied:
2025-07-26 19:28:58,621 - INFO -    Original: small furry creature with long bushy tail and two large round ears
2025-07-26 19:28:58,621 - INFO -    Optimized: wbgmsst, a small, fluffy creature with a luxuriant, velvety fur coat and an intricately detailed, endearing facial expression, set against a soft, warm background that subtly suggests a whimsical woodland environment.
2025-07-26 19:28:58,621 - INFO -    Confidence: 80.0%
2025-07-26 19:29:08,625 - WARNING - [TRELLIS] Exception clearing GPU cache: HTTPConnectionPool(host='localhost', port=8096): Read timed out. (read timeout=10)
2025-07-26 19:29:08,625 - INFO -    🎲 Using deterministic seed: 42
2025-07-26 19:29:45,382 - INFO - ✅ Generation successful in 36.75s (13,719,539 bytes)
2025-07-26 19:29:45,383 - INFO - 📤 Submitting result: ee3373dd-c950-4ea2-a884-5b48d6dd3218
2025-07-26 19:29:45,383 - INFO -    📦 Using SPZ-compressed data from server (13,719,539 bytes)
2025-07-26 19:29:49,386 - INFO - ⏱️ Total processing time: 51.99s (from validator response to submission)
2025-07-26 19:29:49,386 - INFO - ✅ Submission successful to UID 81 (3.94s)
2025-07-26 19:29:49,387 - INFO -    Task fidelity: 0.8169
2025-07-26 19:29:49,387 - INFO -    Average fidelity: 0.8786
2025-07-26 19:29:49,387 - INFO -    Miner reward: 9.664105
2025-07-26 19:29:49,387 - INFO -    Validation failed: False
2025-07-26 19:29:49,387 - INFO -    Generations in window: 11
2025-07-26 19:29:49,411 - INFO - ✅ Task ee3373dd-c950-4ea2-a884-5b48d6dd3218 completed successfully
2025-07-26 19:29:53,710 - INFO - ✅ Validator refresh complete:
2025-07-26 19:29:53,711 - INFO -    Active validators: 10
2025-07-26 19:29:53,711 - INFO -    Inactive validators: 0
2025-07-26 19:29:53,711 - INFO -    Total eligible validators found: 10
2025-07-26 19:29:53,711 - INFO -    Top validators by stake:
2025-07-26 19:29:53,711 - INFO -      UID 212: 104013.5 TAO (trust: 0.000)
2025-07-26 19:29:53,711 - INFO -      UID 142: 69548.6 TAO (trust: 0.000)
2025-07-26 19:29:53,711 - INFO -      UID 27: 60174.1 TAO (trust: 0.000)
2025-07-26 19:29:53,711 - INFO -      UID 124: 39811.6 TAO (trust: 0.000)
2025-07-26 19:29:53,711 - INFO -      UID 128: 13458.9 TAO (trust: 0.000)
2025-07-26 19:29:55,694 - INFO - 📊 CONTINUOUS ORCHESTRATOR STATUS
2025-07-26 19:29:55,695 - INFO - ============================================================
2025-07-26 19:29:55,695 - INFO - Uptime: 2.31 hours
2025-07-26 19:29:55,695 - INFO - Tasks pulled: 107
2025-07-26 19:29:55,695 - INFO - Tasks processed: 107
2025-07-26 19:29:55,695 - INFO - Successful generations: 107
2025-07-26 19:29:55,696 - INFO - Successful validations: 0
2025-07-26 19:29:55,696 - INFO - Successful submissions: 104
2025-07-26 19:29:55,696 - INFO - Total rewards: 1619.644898 TAO
2025-07-26 19:29:55,696 - INFO - Idle validations: 0
2025-07-26 19:29:55,696 - INFO - Prompts optimized: 107
2025-07-26 19:29:55,696 - INFO - Reproducibility optimizations: 11
2025-07-26 19:29:55,696 - INFO - Traditional optimizations: 96
2025-07-26 19:29:55,696 - INFO - Optimization improvements: 0
2025-07-26 19:29:55,696 - INFO - Tasks/hour: 46.3
2025-07-26 19:29:55,696 - INFO - Rewards/hour: 701.017110 TAO
2025-07-26 19:29:55,697 - INFO - Average total processing time: 37.05s
2025-07-26 19:29:55,697 - INFO - Optimization rate: 0.0% of prompts improved
2025-07-26 19:29:55,697 - INFO - Active validators: 10
2025-07-26 19:29:55,697 - INFO -   UID 212: 0 tasks, avg score: 0.730
2025-07-26 19:29:55,697 - INFO -   UID 142: 0 tasks, avg score: 0.643
2025-07-26 19:29:55,697 - INFO -   UID 27: 0 tasks, avg score: 0.693
2025-07-26 19:29:55,699 - WARNING - ⚠️ Found 5 unfinished tasks in last 6 hours:
2025-07-26 19:29:55,699 - WARNING -    UID 142: 'gold bracelet with rubies inla...' - no_submission
2025-07-26 19:29:55,699 - WARNING -    UID 142: 'glossy purple jump rope coiled...' - no_submission
2025-07-26 19:29:55,699 - WARNING -    UID 142: 'opal bracelet with purple ston...' - no_submission
2025-07-26 19:29:55,699 - WARNING -    UID 142: 'matte silver droid designed fo...' - no_submission
2025-07-26 19:29:55,699 - WARNING -    UID 142: 'copper-colored robot with seri...' - no_submission
2025-07-26 19:29:55,700 - INFO - ============================================================
2025-07-26 19:29:55,701 - INFO - 📊 Statistics saved to continuous_trellis_outputs/continuous_stats_20250726_192955.json
2025-07-26 19:30:02,710 - WARNING - ⚠️ Exception checking TRELLIS server status: HTTPConnectionPool(host='localhost', port=8096): Read timed out. (read timeout=5), proceeding anyway.
2025-07-26 19:30:07,718 - WARNING - ⚠️ Exception checking TRELLIS server status: HTTPConnectionPool(host='localhost', port=8096): Read timed out. (read timeout=5), proceeding anyway.
2025-07-26 19:30:12,725 - WARNING - ⚠️ Exception checking TRELLIS server status: HTTPConnectionPool(host='localhost', port=8096): Read timed out. (read timeout=5), proceeding anyway.
2025-07-26 19:30:17,732 - WARNING - ⚠️ Exception checking TRELLIS server status: HTTPConnectionPool(host='localhost', port=8096): Read timed out. (read timeout=5), proceeding anyway.
2025-07-26 19:30:42,489 - INFO - ✅ New task from UID 49: 'obsidian gargoyle perched atop spiky turret...'
2025-07-26 19:30:42,489 - INFO -    Threshold: 0.6, Query time: 0.44s
2025-07-26 19:30:42,489 - INFO - 🔄 Processing task b01ed983-f5e6-4ca0-a9c3-ca6ca2ec739c: 'obsidian gargoyle perched atop spiky turret'
2025-07-26 19:30:42,490 - INFO - 🎨 Generating 3D model: 'obsidian gargoyle perched atop spiky turret' (task: b01ed983-f5e6-4ca0-a9c3-ca6ca2ec739c)
2025-07-26 19:30:43,275 - INFO - 🚀 Traditional optimization applied:
2025-07-26 19:30:43,276 - INFO -    Original: obsidian gargoyle perched atop spiky turret
2025-07-26 19:30:43,276 - INFO -    Optimized: wbgmsst, a gargantuan obsidian statue with jagged stone protrusions and sharp edges, resting regally atop a crumbling, moss-covered spire with intricate carvings of mythological creatures, weathered stone walls in the background, white background.
2025-07-26 19:30:43,276 - INFO -    Confidence: 80.0%
2025-07-26 19:30:44,543 - INFO - [TRELLIS] GPU cache cleared: {'status': 'cache_cleared', 'available_memory_gb': 19.937624064}
2025-07-26 19:30:44,544 - INFO -    🎲 Using deterministic seed: 42
2025-07-26 19:31:07,601 - INFO - ✅ Generation successful in 23.05s (3,623,935 bytes)
2025-07-26 19:31:07,601 - INFO - 📤 Submitting result: b01ed983-f5e6-4ca0-a9c3-ca6ca2ec739c
2025-07-26 19:31:07,601 - INFO -    📦 Using SPZ-compressed data from server (3,623,935 bytes)
2025-07-26 19:31:09,736 - INFO - ⏱️ Total processing time: 27.27s (from validator response to submission)
2025-07-26 19:31:09,737 - INFO - ✅ Submission successful to UID 49 (2.12s)
2025-07-26 19:31:09,737 - INFO -    Task fidelity: 0.7984
2025-07-26 19:31:09,738 - INFO -    Average fidelity: 0.8005
2025-07-26 19:31:09,738 - INFO -    Miner reward: 24.816566
2025-07-26 19:31:09,739 - INFO -    Validation failed: False
2025-07-26 19:31:09,739 - INFO -    Generations in window: 31
2025-07-26 19:31:09,764 - INFO - ✅ Task b01ed983-f5e6-4ca0-a9c3-ca6ca2ec739c completed successfully
2025-07-26 19:31:14,773 - WARNING - ⚠️ Exception checking TRELLIS server status: HTTPConnectionPool(host='localhost', port=8096): Read timed out. (read timeout=5), proceeding anyway.
2025-07-26 19:31:20,347 - WARNING - ⚠️ Exception checking TRELLIS server status: HTTPConnectionPool(host='localhost', port=8096): Read timed out. (read timeout=5), proceeding anyway.
2025-07-26 19:31:25,509 - WARNING - ⚠️ Exception checking TRELLIS server status: HTTPConnectionPool(host='localhost', port=8096): Read timed out. (read timeout=5), proceeding anyway.
2025-07-26 19:31:25,806 - INFO - ✅ New task from UID 128: 'minotaur horns polished bronze in moonlight...'
2025-07-26 19:31:25,807 - INFO -    Threshold: 0.6, Query time: 0.27s
2025-07-26 19:31:25,807 - INFO - 🔄 Processing task e772315b-c007-4b70-aa1b-a95a03e86846: 'minotaur horns polished bronze in moonlight'
2025-07-26 19:31:25,807 - INFO - 🎨 Generating 3D model: 'minotaur horns polished bronze in moonlight' (task: e772315b-c007-4b70-aa1b-a95a03e86846)
2025-07-26 19:31:26,482 - INFO - 🚀 Traditional optimization applied:
2025-07-26 19:31:26,482 - INFO -    Original: minotaur horns polished bronze in moonlight
2025-07-26 19:31:26,482 - INFO -    Optimized: wbgmsst, the minotaur's curved horns gleam with a soft, ethereal light as they emerge from the darkness, polished bronze reflecting the gentle beams of moonlight that filter through the misty, ancient labyrinth, white background.
2025-07-26 19:31:26,482 - INFO -    Confidence: 80.0%
2025-07-26 19:31:32,619 - INFO - [TRELLIS] GPU cache cleared: {'status': 'cache_cleared', 'available_memory_gb': 19.611189248}
2025-07-26 19:31:32,620 - INFO -    🎲 Using deterministic seed: 42
2025-07-26 19:31:59,044 - INFO - ✅ Generation successful in 26.42s (9,177,299 bytes)
2025-07-26 19:31:59,045 - INFO - 📤 Submitting result: e772315b-c007-4b70-aa1b-a95a03e86846
2025-07-26 19:31:59,045 - INFO -    📦 Using SPZ-compressed data from server (9,177,299 bytes)
2025-07-26 19:32:02,112 - INFO - ⏱️ Total processing time: 36.33s (from validator response to submission)
2025-07-26 19:32:02,112 - INFO - ✅ Submission successful to UID 128 (3.04s)
2025-07-26 19:32:02,112 - INFO -    Task fidelity: 0.8547
2025-07-26 19:32:02,112 - INFO -    Average fidelity: 0.8483
2025-07-26 19:32:02,112 - INFO -    Miner reward: 11.028536
2025-07-26 19:32:02,113 - INFO -    Validation failed: False
2025-07-26 19:32:02,113 - INFO -    Generations in window: 13
2025-07-26 19:32:02,142 - INFO - ✅ Task e772315b-c007-4b70-aa1b-a95a03e86846 completed successfully
2025-07-26 19:32:02,881 - INFO - ✅ New task from UID 212: 'turquoise beaded bracelet with tassel clasp...'
2025-07-26 19:32:02,882 - INFO -    Threshold: 0.6, Query time: 0.41s
2025-07-26 19:32:02,882 - INFO - 🔄 Processing task 4a3fc5cf-ed29-4359-94dd-a071c1a6a436: 'turquoise beaded bracelet with tassel clasp'
2025-07-26 19:32:02,882 - INFO - 🎨 Generating 3D model: 'turquoise beaded bracelet with tassel clasp' (task: 4a3fc5cf-ed29-4359-94dd-a071c1a6a436)
2025-07-26 19:32:03,366 - INFO - 🚀 Traditional optimization applied:
2025-07-26 19:32:03,366 - INFO -    Original: turquoise beaded bracelet with tassel clasp
2025-07-26 19:32:03,367 - INFO -    Optimized: wbgmsst, a slender turquoise beaded bracelet adorned with an intricately woven tassel clasp in a rich, velvety material that catches the light and drapes elegantly across the wrist, white background
2025-07-26 19:32:03,367 - INFO -    Confidence: 80.0%
2025-07-26 19:32:04,448 - INFO - [TRELLIS] GPU cache cleared: {'status': 'cache_cleared', 'available_memory_gb': 19.937624064}
2025-07-26 19:32:04,448 - INFO -    🎲 Using deterministic seed: 42
2025-07-26 19:32:50,046 - INFO - ✅ Generation successful in 45.59s (3,241,119 bytes)
2025-07-26 19:32:50,047 - INFO - 📤 Submitting result: 4a3fc5cf-ed29-4359-94dd-a071c1a6a436
2025-07-26 19:32:50,047 - INFO -    📦 Using SPZ-compressed data from server (3,241,119 bytes)
2025-07-26 19:32:52,125 - INFO - ⏱️ Total processing time: 49.26s (from validator response to submission)
2025-07-26 19:32:52,125 - INFO - ✅ Submission successful to UID 212 (2.07s)
2025-07-26 19:32:52,125 - INFO -    Task fidelity: 0.8663
2025-07-26 19:32:52,125 - INFO -    Average fidelity: 0.8777
2025-07-26 19:32:52,125 - INFO -    Miner reward: 11.410080
2025-07-26 19:32:52,125 - INFO -    Validation failed: False
2025-07-26 19:32:52,125 - INFO -    Generations in window: 13
2025-07-26 19:32:52,134 - INFO - ✅ Task 4a3fc5cf-ed29-4359-94dd-a071c1a6a436 completed successfully
2025-07-26 19:32:55,682 - INFO - ✅ New task from UID 49: 'ornate wand with blue gemstone...'
2025-07-26 19:32:55,682 - INFO -    Threshold: 0.6, Query time: 0.44s
2025-07-26 19:32:55,683 - INFO - 🔄 Processing task ba84c4ec-505e-4634-ac8a-da42cc37d450: 'ornate wand with blue gemstone'
2025-07-26 19:32:55,683 - INFO - 🎨 Generating 3D model: 'ornate wand with blue gemstone' (task: ba84c4ec-505e-4634-ac8a-da42cc37d450)
2025-07-26 19:32:56,298 - INFO - 🚀 Traditional optimization applied:
2025-07-26 19:32:56,298 - INFO -    Original: ornate wand with blue gemstone
2025-07-26 19:32:56,298 - INFO -    Optimized: wbgmsst, an ornate wand with a brilliant blue gemstone set into its tip, emitting a soft, ethereal glow that seems almost otherworldly, surrounded by intricate carvings of celestial bodies and mystical symbols on its wooden handle, rich wood grain texture, white background.
2025-07-26 19:32:56,299 - INFO -    Confidence: 80.0%
2025-07-26 19:32:57,605 - INFO - [TRELLIS] GPU cache cleared: {'status': 'cache_cleared', 'available_memory_gb': 18.948489216}
2025-07-26 19:32:57,605 - INFO -    🎲 Using deterministic seed: 42
2025-07-26 19:33:18,973 - INFO - ✅ Generation successful in 21.36s (1,260,447 bytes)
2025-07-26 19:33:18,973 - INFO - 📤 Submitting result: ba84c4ec-505e-4634-ac8a-da42cc37d450
2025-07-26 19:33:18,973 - INFO -    📦 Using SPZ-compressed data from server (1,260,447 bytes)
2025-07-26 19:33:20,695 - INFO - ⏱️ Total processing time: 25.05s (from validator response to submission)
2025-07-26 19:33:20,695 - INFO - ✅ Submission successful to UID 49 (1.72s)
2025-07-26 19:33:20,695 - INFO -    Task fidelity: 0.8769
2025-07-26 19:33:20,696 - INFO -    Average fidelity: 0.8044
2025-07-26 19:33:20,696 - INFO -    Miner reward: 25.739348
2025-07-26 19:33:20,696 - INFO -    Validation failed: False
2025-07-26 19:33:20,696 - INFO -    Generations in window: 32
2025-07-26 19:33:20,719 - INFO - ✅ Task ba84c4ec-505e-4634-ac8a-da42cc37d450 completed successfully
2025-07-26 19:33:38,805 - WARNING - ⚠️ Exception checking TRELLIS server status: HTTPConnectionPool(host='localhost', port=8096): Read timed out. (read timeout=5), proceeding anyway.
2025-07-26 19:33:43,814 - WARNING - ⚠️ Exception checking TRELLIS server status: HTTPConnectionPool(host='localhost', port=8096): Read timed out. (read timeout=5), proceeding anyway.
2025-07-26 19:33:48,985 - WARNING - ⚠️ Exception checking TRELLIS server status: HTTPConnectionPool(host='localhost', port=8096): Read timed out. (read timeout=5), proceeding anyway.
2025-07-26 19:33:54,150 - WARNING - ⚠️ Exception checking TRELLIS server status: HTTPConnectionPool(host='localhost', port=8096): Read timed out. (read timeout=5), proceeding anyway.
2025-07-26 19:34:39,767 - WARNING - ⚠️ Exception checking TRELLIS server status: HTTPConnectionPool(host='localhost', port=8096): Read timed out. (read timeout=5), proceeding anyway.
2025-07-26 19:34:44,774 - WARNING - ⚠️ Exception checking TRELLIS server status: HTTPConnectionPool(host='localhost', port=8096): Read timed out. (read timeout=5), proceeding anyway.
2025-07-26 19:34:49,781 - WARNING - ⚠️ Exception checking TRELLIS server status: HTTPConnectionPool(host='localhost', port=8096): Read timed out. (read timeout=5), proceeding anyway.
2025-07-26 19:34:54,934 - WARNING - ⚠️ Exception checking TRELLIS server status: HTTPConnectionPool(host='localhost', port=8096): Read timed out. (read timeout=5), proceeding anyway.
2025-07-26 19:34:55,606 - INFO - ✅ New task from UID 27: 'little black chain...'
2025-07-26 19:34:55,606 - INFO -    Threshold: 0.6, Query time: 0.63s
2025-07-26 19:34:55,606 - INFO - 🔄 Processing task 1c052249-cd53-42cf-b185-2a4cc0a97e1f: 'little black chain'
2025-07-26 19:34:55,607 - INFO - 🎨 Generating 3D model: 'little black chain' (task: 1c052249-cd53-42cf-b185-2a4cc0a97e1f)
2025-07-26 19:34:56,079 - INFO - 🚀 Traditional optimization applied:
2025-07-26 19:34:56,079 - INFO -    Original: little black chain
2025-07-26 19:34:56,079 - INFO -    Optimized: wbgmsst, a delicate little black chain wrapped around a vintage silver locket with an intricate keyhole and ornate filigree, suspended in mid-air over a soft, velvety background.
2025-07-26 19:34:56,079 - INFO -    Confidence: 80.0%
2025-07-26 19:34:57,199 - INFO - [TRELLIS] GPU cache cleared: {'status': 'cache_cleared', 'available_memory_gb': 19.611189248}
2025-07-26 19:34:57,200 - INFO -    🎲 Using deterministic seed: 42
2025-07-26 19:35:20,085 - INFO - ✅ Generation successful in 22.88s (2,103,716 bytes)
2025-07-26 19:35:20,086 - INFO - 📤 Submitting result: 1c052249-cd53-42cf-b185-2a4cc0a97e1f
2025-07-26 19:35:20,086 - INFO -    📦 Using SPZ-compressed data from server (2,103,716 bytes)
2025-07-26 19:35:24,866 - INFO - ⏱️ Total processing time: 29.30s (from validator response to submission)
2025-07-26 19:35:24,867 - INFO - ✅ Submission successful to UID 27 (4.77s)
2025-07-26 19:35:24,867 - INFO -    Task fidelity: 0.0000
2025-07-26 19:35:24,867 - INFO -    Average fidelity: 0.8474
2025-07-26 19:35:24,867 - INFO -    Miner reward: 15.253033
2025-07-26 19:35:24,867 - INFO -    Validation failed: False
2025-07-26 19:35:24,867 - INFO -    Generations in window: 18
2025-07-26 19:35:24,890 - INFO - ✅ Task 1c052249-cd53-42cf-b185-2a4cc0a97e1f completed successfully
2025-07-26 19:35:25,367 - INFO - ✅ New task from UID 49: 'raised statue of liberty with torch raised...'
2025-07-26 19:35:25,367 - INFO -    Threshold: 0.6, Query time: 0.45s
2025-07-26 19:35:25,367 - INFO - 🔄 Processing task 0e4cc211-818d-42fd-8a2f-fe0d5c035b3a: 'raised statue of liberty with torch raised'
2025-07-26 19:35:25,368 - INFO - 🎨 Generating 3D model: 'raised statue of liberty with torch raised' (task: 0e4cc211-818d-42fd-8a2f-fe0d5c035b3a)
2025-07-26 19:35:25,869 - INFO - 🚀 Traditional optimization applied:
2025-07-26 19:35:25,869 - INFO -    Original: raised statue of liberty with torch raised
2025-07-26 19:35:25,869 - INFO -    Optimized: wbgmsst, a majestic figure of Lady Liberty standing proudly on a rocky island within New York Harbor at dusk, her iconic torch held aloft in triumph against the vibrant hues of orange and pink sunset, white background.
2025-07-26 19:35:25,869 - INFO -    Confidence: 80.0%
2025-07-26 19:35:26,757 - INFO - [TRELLIS] GPU cache cleared: {'status': 'cache_cleared', 'available_memory_gb': 19.937624064}
2025-07-26 19:35:26,758 - INFO -    🎲 Using deterministic seed: 42
2025-07-26 19:35:49,843 - INFO - ✅ Generation successful in 23.08s (4,862,962 bytes)
2025-07-26 19:35:49,844 - INFO - 📤 Submitting result: 0e4cc211-818d-42fd-8a2f-fe0d5c035b3a
2025-07-26 19:35:49,844 - INFO -    📦 Using SPZ-compressed data from server (4,862,962 bytes)
2025-07-26 19:35:51,816 - INFO - ⏱️ Total processing time: 26.47s (from validator response to submission)
2025-07-26 19:35:51,816 - INFO - ✅ Submission successful to UID 49 (1.96s)
2025-07-26 19:35:51,816 - INFO -    Task fidelity: 0.6036
2025-07-26 19:35:51,816 - INFO -    Average fidelity: 0.7943
2025-07-26 19:35:51,817 - INFO -    Miner reward: 25.418121
2025-07-26 19:35:51,817 - INFO -    Validation failed: False
2025-07-26 19:35:51,817 - INFO -    Generations in window: 32
2025-07-26 19:35:51,839 - INFO - ✅ Task 0e4cc211-818d-42fd-8a2f-fe0d5c035b3a completed successfully
2025-07-26 19:35:56,847 - WARNING - ⚠️ Exception checking TRELLIS server status: HTTPConnectionPool(host='localhost', port=8096): Read timed out. (read timeout=5), proceeding anyway.
2025-07-26 19:35:57,316 - INFO - ✅ New task from UID 81: 'statue of woman with crown scepter and wings...'
2025-07-26 19:35:57,316 - INFO -    Threshold: 0.6, Query time: 0.45s
2025-07-26 19:35:57,317 - INFO - 🔄 Processing task ca9780ae-8c54-416d-8714-a4d712f35471: 'statue of woman with crown scepter and wings'
2025-07-26 19:35:57,317 - INFO - 🎨 Generating 3D model: 'statue of woman with crown scepter and wings' (task: ca9780ae-8c54-416d-8714-a4d712f35471)
2025-07-26 19:35:59,066 - INFO - 🚀 Traditional optimization applied:
2025-07-26 19:35:59,066 - INFO -    Original: statue of woman with crown scepter and wings
2025-07-26 19:35:59,067 - INFO -    Optimized: wbgmsst, a majestic statue of a regal woman proudly standing atop a pedestal, adorned with an ornate golden crown that catches the light, her slender arms outstretched as if embracing freedom, delicate feathers etched into her wings, shimmering silver accents on her scepter, rich, creamy marble background, 3D isometric accurate, white background
2025-07-26 19:35:59,067 - INFO -    Confidence: 80.0%
2025-07-26 19:36:09,078 - WARNING - [TRELLIS] Exception clearing GPU cache: HTTPConnectionPool(host='localhost', port=8096): Read timed out. (read timeout=10)
2025-07-26 19:36:09,078 - INFO -    🎲 Using deterministic seed: 42
2025-07-26 19:36:38,085 - INFO - ✅ Generation successful in 29.00s (4,267,378 bytes)
2025-07-26 19:36:38,085 - INFO - 📤 Submitting result: ca9780ae-8c54-416d-8714-a4d712f35471
2025-07-26 19:36:38,085 - INFO -    📦 Using SPZ-compressed data from server (4,267,378 bytes)
2025-07-26 19:36:40,767 - INFO - ⏱️ Total processing time: 43.47s (from validator response to submission)
2025-07-26 19:36:40,768 - INFO - ✅ Submission successful to UID 81 (2.67s)
2025-07-26 19:36:40,769 - INFO -    Task fidelity: 0.8808
2025-07-26 19:36:40,769 - INFO -    Average fidelity: 0.8787
2025-07-26 19:36:40,769 - INFO -    Miner reward: 10.543988
2025-07-26 19:36:40,770 - INFO -    Validation failed: False
2025-07-26 19:36:40,770 - INFO -    Generations in window: 12
2025-07-26 19:36:40,795 - INFO - ✅ Task ca9780ae-8c54-416d-8714-a4d712f35471 completed successfully
2025-07-26 19:36:41,684 - INFO - ✅ New task from UID 142: 'large brown smooth rock...'
2025-07-26 19:36:41,685 - INFO -    Threshold: 0.6, Query time: 0.28s
2025-07-26 19:36:41,685 - INFO - 🔄 Processing task ceb260e9-b037-4053-8fe4-714f26eff5db: 'large brown smooth rock'
2025-07-26 19:36:41,685 - INFO - 🎨 Generating 3D model: 'large brown smooth rock' (task: ceb260e9-b037-4053-8fe4-714f26eff5db)
2025-07-26 19:36:42,213 - INFO - 🚀 Traditional optimization applied:
2025-07-26 19:36:42,214 - INFO -    Original: large brown smooth rock
2025-07-26 19:36:42,214 - INFO -    Optimized: wbgmsst, a large, weathered brown rock with subtle cracks and worn surfaces, resting on a moss-covered tree stump in a dense, misty forest with towering evergreen trees and dappled sunlight filtering through the canopy, white background
2025-07-26 19:36:42,214 - INFO -    Confidence: 80.0%
2025-07-26 19:36:43,171 - INFO - [TRELLIS] GPU cache cleared: {'status': 'cache_cleared', 'available_memory_gb': 19.937624064}
2025-07-26 19:36:43,171 - INFO -    🎲 Using deterministic seed: 42
2025-07-26 19:37:33,534 - INFO - ✅ Generation successful in 50.35s (11,740,652 bytes)
2025-07-26 19:37:33,535 - INFO - 📤 Submitting result: ceb260e9-b037-4053-8fe4-714f26eff5db
2025-07-26 19:37:33,535 - INFO -    📦 Using SPZ-compressed data from server (11,740,652 bytes)
2025-07-26 19:38:23,084 - INFO - ⏱️ Total processing time: 101.42s (from validator response to submission)
2025-07-26 19:38:23,085 - INFO - ✅ Submission successful to UID 142 (49.52s)
2025-07-26 19:38:23,085 - INFO -    Task fidelity: 0.6491
2025-07-26 19:38:23,085 - INFO -    Average fidelity: 0.8258
2025-07-26 19:38:23,085 - INFO -    Miner reward: 9.083986
2025-07-26 19:38:23,085 - INFO -    Validation failed: False
2025-07-26 19:38:23,085 - INFO -    Generations in window: 11
2025-07-26 19:38:23,137 - INFO - ✅ Task ceb260e9-b037-4053-8fe4-714f26eff5db completed successfully
2025-07-26 19:38:28,141 - WARNING - ⚠️ Exception checking TRELLIS server status: HTTPConnectionPool(host='localhost', port=8096): Read timed out. (read timeout=5), proceeding anyway.
2025-07-26 19:38:28,632 - INFO - ✅ New task from UID 212: 'intricately carved wooden totem pole...'
2025-07-26 19:38:28,632 - INFO -    Threshold: 0.6, Query time: 0.46s
2025-07-26 19:38:28,632 - INFO - 🔄 Processing task 4fb573d4-291b-44fa-a5b8-9279f7f49d60: 'intricately carved wooden totem pole'
2025-07-26 19:38:28,632 - INFO - 🎨 Generating 3D model: 'intricately carved wooden totem pole' (task: 4fb573d4-291b-44fa-a5b8-9279f7f49d60)
2025-07-26 19:38:29,187 - INFO - 🚀 Traditional optimization applied:
2025-07-26 19:38:29,187 - INFO -    Original: intricately carved wooden totem pole
2025-07-26 19:38:29,187 - INFO -    Optimized: wbgmsst, a richly detailed and intricately carved wooden totem pole standing proudly in a misty, moonlit forest glade surrounded by towering conifers with snow-kissed branches, white background
2025-07-26 19:38:29,188 - INFO -    Confidence: 80.0%
2025-07-26 19:38:32,284 - INFO - [TRELLIS] GPU cache cleared: {'status': 'cache_cleared', 'available_memory_gb': 19.611189248}
2025-07-26 19:38:32,284 - INFO -    🎲 Using deterministic seed: 42
2025-07-26 19:39:07,410 - INFO - ✅ Generation successful in 35.11s (15,316,251 bytes)
2025-07-26 19:39:07,410 - INFO - 📤 Submitting result: 4fb573d4-291b-44fa-a5b8-9279f7f49d60
2025-07-26 19:39:07,411 - INFO -    📦 Using SPZ-compressed data from server (15,316,251 bytes)
2025-07-26 19:39:10,724 - INFO - ⏱️ Total processing time: 42.12s (from validator response to submission)
2025-07-26 19:39:10,725 - INFO - ✅ Submission successful to UID 212 (3.25s)
2025-07-26 19:39:10,725 - INFO -    Task fidelity: 0.0000
2025-07-26 19:39:10,725 - INFO -    Average fidelity: 0.8777
2025-07-26 19:39:10,725 - INFO -    Miner reward: 11.410080
2025-07-26 19:39:10,725 - INFO -    Validation failed: False
2025-07-26 19:39:10,725 - INFO -    Generations in window: 13
2025-07-26 19:39:10,776 - INFO - ✅ Task 4fb573d4-291b-44fa-a5b8-9279f7f49d60 completed successfully
2025-07-26 19:39:14,554 - INFO - ✅ New task from UID 49: 'lustrous black hockey stick slashing...'
2025-07-26 19:39:14,554 - INFO -    Threshold: 0.6, Query time: 0.47s
2025-07-26 19:39:14,554 - INFO - 🔄 Processing task 16ea69bf-8017-4cc0-aacd-dd38461ac7df: 'lustrous black hockey stick slashing'
2025-07-26 19:39:14,554 - INFO - 🎨 Generating 3D model: 'lustrous black hockey stick slashing' (task: 16ea69bf-8017-4cc0-aacd-dd38461ac7df)
2025-07-26 19:39:15,082 - INFO - 🚀 Traditional optimization applied:
2025-07-26 19:39:15,082 - INFO -    Original: lustrous black hockey stick slashing
2025-07-26 19:39:15,082 - INFO -    Optimized: wbgmsst, a slender, lustrous black hockey stick protrudes from the ice surface of a frozen pond in winter, surrounded by snow-covered trees and serene winter skies with the faint glow of aurora borealis, white background
2025-07-26 19:39:15,082 - INFO -    Confidence: 80.0%
2025-07-26 19:39:16,104 - INFO - [TRELLIS] GPU cache cleared: {'status': 'cache_cleared', 'available_memory_gb': 19.937624064}
2025-07-26 19:39:16,105 - INFO -    🎲 Using deterministic seed: 42
2025-07-26 19:39:40,723 - INFO - ✅ Generation successful in 24.61s (6,604,906 bytes)
2025-07-26 19:39:40,723 - INFO - 📤 Submitting result: 16ea69bf-8017-4cc0-aacd-dd38461ac7df
2025-07-26 19:39:40,724 - INFO -    📦 Using SPZ-compressed data from server (6,604,906 bytes)
2025-07-26 19:39:43,245 - INFO - ⏱️ Total processing time: 28.71s (from validator response to submission)
2025-07-26 19:39:43,246 - INFO - ✅ Submission successful to UID 49 (2.51s)
2025-07-26 19:39:43,246 - INFO -    Task fidelity: 0.0000
2025-07-26 19:39:43,247 - INFO -    Average fidelity: 0.7943
2025-07-26 19:39:43,247 - INFO -    Miner reward: 24.623805
2025-07-26 19:39:43,247 - INFO -    Validation failed: False
2025-07-26 19:39:43,247 - INFO -    Generations in window: 31
2025-07-26 19:39:43,274 - INFO - ✅ Task 16ea69bf-8017-4cc0-aacd-dd38461ac7df completed successfully
2025-07-26 19:39:48,282 - WARNING - ⚠️ Exception checking TRELLIS server status: HTTPConnectionPool(host='localhost', port=8096): Read timed out. (read timeout=5), proceeding anyway.
2025-07-26 19:39:53,733 - WARNING - ⚠️ Exception checking TRELLIS server status: HTTPConnectionPool(host='localhost', port=8096): Read timed out. (read timeout=5), proceeding anyway.
2025-07-26 19:39:58,880 - WARNING - ⚠️ Exception checking TRELLIS server status: HTTPConnectionPool(host='localhost', port=8096): Read timed out. (read timeout=5), proceeding anyway.
2025-07-26 19:39:59,165 - INFO - ✅ New task from UID 128: 'orange halberd axe head and spear...'
2025-07-26 19:39:59,165 - INFO -    Threshold: 0.6, Query time: 0.26s
2025-07-26 19:39:59,165 - INFO - 🔄 Processing task e2d12d27-2cab-4193-868e-ece1325832fa: 'orange halberd axe head and spear'
2025-07-26 19:39:59,165 - INFO - 🎨 Generating 3D model: 'orange halberd axe head and spear' (task: e2d12d27-2cab-4193-868e-ece1325832fa)
2025-07-26 19:40:00,233 - INFO - 🚀 Traditional optimization applied:
2025-07-26 19:40:00,233 - INFO -    Original: orange halberd axe head and spear
2025-07-26 19:40:00,233 - INFO -    Optimized: wbgmsst, an orange-hued halberd axe head lies at the center of a worn wooden pommel, balanced atop a sturdy leather-wrapped grip, surrounded by remnants of battle-hardened armor in a dimly lit, damp cave. The gleaming bronze spearhead hangs precariously near its counterpart, set against a backdrop of rugged, moss-covered stone walls and flickering torches casting eerie shadows on the cold, grey surface, white background
2025-07-26 19:40:00,233 - INFO -    Confidence: 80.0%
2025-07-26 19:40:03,770 - INFO - [TRELLIS] GPU cache cleared: {'status': 'cache_cleared', 'available_memory_gb': 19.611189248}
2025-07-26 19:40:03,770 - INFO -    🎲 Using deterministic seed: 42
2025-07-26 19:40:32,353 - INFO - ✅ Generation successful in 28.57s (9,957,186 bytes)
2025-07-26 19:40:32,353 - INFO - 📤 Submitting result: e2d12d27-2cab-4193-868e-ece1325832fa
2025-07-26 19:40:32,354 - INFO -    📦 Using SPZ-compressed data from server (9,957,186 bytes)
2025-07-26 19:40:34,751 - INFO - ⏱️ Total processing time: 35.61s (from validator response to submission)
2025-07-26 19:40:34,751 - INFO - ✅ Submission successful to UID 128 (2.37s)
2025-07-26 19:40:34,752 - INFO -    Task fidelity: 0.7268
2025-07-26 19:40:34,752 - INFO -    Average fidelity: 0.8423
2025-07-26 19:40:34,752 - INFO -    Miner reward: 11.791835
2025-07-26 19:40:34,752 - INFO -    Validation failed: False
2025-07-26 19:40:34,752 - INFO -    Generations in window: 14
2025-07-26 19:40:34,782 - INFO - ✅ Task e2d12d27-2cab-4193-868e-ece1325832fa completed successfully
2025-07-26 19:40:38,229 - INFO - ✅ Validator refresh complete:
2025-07-26 19:40:38,229 - INFO -    Active validators: 10
2025-07-26 19:40:38,229 - INFO -    Inactive validators: 0
2025-07-26 19:40:38,229 - INFO -    Total eligible validators found: 10
2025-07-26 19:40:38,229 - INFO -    Top validators by stake:
2025-07-26 19:40:38,229 - INFO -      UID 212: 104013.5 TAO (trust: 0.000)
2025-07-26 19:40:38,229 - INFO -      UID 142: 69548.6 TAO (trust: 0.000)
2025-07-26 19:40:38,230 - INFO -      UID 27: 60174.1 TAO (trust: 0.000)
2025-07-26 19:40:38,230 - INFO -      UID 124: 39811.6 TAO (trust: 0.000)
2025-07-26 19:40:38,230 - INFO -      UID 128: 13458.9 TAO (trust: 0.000)
2025-07-26 19:40:40,388 - INFO - 📊 CONTINUOUS ORCHESTRATOR STATUS
2025-07-26 19:40:40,389 - INFO - ============================================================
2025-07-26 19:40:40,389 - INFO - Uptime: 2.49 hours
2025-07-26 19:40:40,389 - INFO - Tasks pulled: 118
2025-07-26 19:40:40,389 - INFO - Tasks processed: 118
2025-07-26 19:40:40,389 - INFO - Successful generations: 118
2025-07-26 19:40:40,389 - INFO - Successful validations: 0
2025-07-26 19:40:40,389 - INFO - Successful submissions: 115
2025-07-26 19:40:40,389 - INFO - Total rewards: 1800.764277 TAO
2025-07-26 19:40:40,389 - INFO - Idle validations: 0
2025-07-26 19:40:40,389 - INFO - Prompts optimized: 118
2025-07-26 19:40:40,389 - INFO - Reproducibility optimizations: 11
2025-07-26 19:40:40,389 - INFO - Traditional optimizations: 107
2025-07-26 19:40:40,389 - INFO - Optimization improvements: 0
2025-07-26 19:40:40,389 - INFO - Tasks/hour: 47.4
2025-07-26 19:40:40,390 - INFO - Rewards/hour: 723.342876 TAO
2025-07-26 19:40:40,390 - INFO - Average total processing time: 37.37s
2025-07-26 19:40:40,390 - INFO - Optimization rate: 0.0% of prompts improved
2025-07-26 19:40:40,390 - INFO - Active validators: 10
2025-07-26 19:40:40,390 - INFO -   UID 212: 0 tasks, avg score: 0.669
2025-07-26 19:40:40,390 - INFO -   UID 142: 0 tasks, avg score: 0.643
2025-07-26 19:40:40,390 - INFO -   UID 27: 0 tasks, avg score: 0.624
2025-07-26 19:40:40,391 - WARNING - ⚠️ Found 5 unfinished tasks in last 6 hours:
2025-07-26 19:40:40,391 - WARNING -    UID 142: 'gold bracelet with rubies inla...' - no_submission
2025-07-26 19:40:40,391 - WARNING -    UID 142: 'glossy purple jump rope coiled...' - no_submission
2025-07-26 19:40:40,391 - WARNING -    UID 142: 'opal bracelet with purple ston...' - no_submission
2025-07-26 19:40:40,391 - WARNING -    UID 142: 'matte silver droid designed fo...' - no_submission
2025-07-26 19:40:40,391 - WARNING -    UID 142: 'copper-colored robot with seri...' - no_submission
2025-07-26 19:40:40,391 - INFO - ============================================================
2025-07-26 19:40:40,392 - INFO - 📊 Statistics saved to continuous_trellis_outputs/continuous_stats_20250726_194040.json
2025-07-26 19:40:49,433 - WARNING - ⚠️ Exception checking TRELLIS server status: HTTPConnectionPool(host='localhost', port=8096): Read timed out. (read timeout=5), proceeding anyway.
2025-07-26 19:40:54,440 - WARNING - ⚠️ Exception checking TRELLIS server status: HTTPConnectionPool(host='localhost', port=8096): Read timed out. (read timeout=5), proceeding anyway.
2025-07-26 19:40:59,446 - WARNING - ⚠️ Exception checking TRELLIS server status: HTTPConnectionPool(host='localhost', port=8096): Read timed out. (read timeout=5), proceeding anyway.
2025-07-26 19:41:04,453 - WARNING - ⚠️ Exception checking TRELLIS server status: HTTPConnectionPool(host='localhost', port=8096): Read timed out. (read timeout=5), proceeding anyway.
2025-07-26 19:41:48,806 - WARNING - ⚠️ Exception checking TRELLIS server status: HTTPConnectionPool(host='localhost', port=8096): Read timed out. (read timeout=5), proceeding anyway.
2025-07-26 19:41:53,813 - WARNING - ⚠️ Exception checking TRELLIS server status: HTTPConnectionPool(host='localhost', port=8096): Read timed out. (read timeout=5), proceeding anyway.
2025-07-26 19:41:58,822 - WARNING - ⚠️ Exception checking TRELLIS server status: HTTPConnectionPool(host='localhost', port=8096): Read timed out. (read timeout=5), proceeding anyway.
2025-07-26 19:42:03,829 - WARNING - ⚠️ Exception checking TRELLIS server status: HTTPConnectionPool(host='localhost', port=8096): Read timed out. (read timeout=5), proceeding anyway.
2025-07-26 19:42:15,371 - INFO - ✅ New task from UID 81: 'lustrous pink robot showcasing triangular head...'
2025-07-26 19:42:15,371 - INFO -    Threshold: 0.6, Query time: 0.44s
2025-07-26 19:42:15,372 - INFO - 🔄 Processing task 3032eda6-a0b4-413e-9c29-dafe5642a454: 'lustrous pink robot showcasing triangular head'
2025-07-26 19:42:15,372 - INFO - 🎨 Generating 3D model: 'lustrous pink robot showcasing triangular head' (task: 3032eda6-a0b4-413e-9c29-dafe5642a454)
2025-07-26 19:42:15,835 - INFO - 🚀 Traditional optimization applied:
2025-07-26 19:42:15,835 - INFO -    Original: lustrous pink robot showcasing triangular head
2025-07-26 19:42:15,836 - INFO -    Optimized: wbgmsst, a lustrous pink robot featuring a striking triangular head with angular edges and geometric patterns, set against a soft, gradient blue background that complements its vibrant color scheme, white background.
2025-07-26 19:42:15,836 - INFO -    Confidence: 80.0%
2025-07-26 19:42:17,202 - INFO - [TRELLIS] GPU cache cleared: {'status': 'cache_cleared', 'available_memory_gb': 17.419665408}
2025-07-26 19:42:17,203 - INFO -    🎲 Using deterministic seed: 42
2025-07-26 19:42:45,154 - INFO - ✅ Generation successful in 27.94s (10,088,213 bytes)
2025-07-26 19:42:45,155 - INFO - 📤 Submitting result: 3032eda6-a0b4-413e-9c29-dafe5642a454
2025-07-26 19:42:45,156 - INFO -    📦 Using SPZ-compressed data from server (10,088,213 bytes)
2025-07-26 19:42:48,224 - INFO - ⏱️ Total processing time: 32.88s (from validator response to submission)
2025-07-26 19:42:48,224 - INFO - ✅ Submission successful to UID 81 (3.03s)
2025-07-26 19:42:48,224 - INFO -    Task fidelity: 0.8504
2025-07-26 19:42:48,224 - INFO -    Average fidelity: 0.8773
2025-07-26 19:42:48,225 - INFO -    Miner reward: 11.404260
2025-07-26 19:42:48,225 - INFO -    Validation failed: False
2025-07-26 19:42:48,225 - INFO -    Generations in window: 13
2025-07-26 19:42:48,253 - INFO - ✅ Task 3032eda6-a0b4-413e-9c29-dafe5642a454 completed successfully
2025-07-26 19:43:02,615 - WARNING - ⚠️ Exception checking TRELLIS server status: HTTPConnectionPool(host='localhost', port=8096): Read timed out. (read timeout=5), proceeding anyway.
2025-07-26 19:43:07,760 - WARNING - ⚠️ Exception checking TRELLIS server status: HTTPConnectionPool(host='localhost', port=8096): Read timed out. (read timeout=5), proceeding anyway.
2025-07-26 19:43:12,904 - WARNING - ⚠️ Exception checking TRELLIS server status: HTTPConnectionPool(host='localhost', port=8096): Read timed out. (read timeout=5), proceeding anyway.
2025-07-26 19:43:18,052 - WARNING - ⚠️ Exception checking TRELLIS server status: HTTPConnectionPool(host='localhost', port=8096): Read timed out. (read timeout=5), proceeding anyway.
2025-07-26 19:43:38,596 - INFO - ✅ New task from UID 142: 'cycling helmet orange stripes...'
2025-07-26 19:43:38,596 - INFO -    Threshold: 0.6, Query time: 0.29s
2025-07-26 19:43:38,596 - INFO - 🔄 Processing task 344ff14a-f0c2-4ebf-bd35-5cbe19cced5f: 'cycling helmet orange stripes'
2025-07-26 19:43:38,596 - INFO - 🎨 Generating 3D model: 'cycling helmet orange stripes' (task: 344ff14a-f0c2-4ebf-bd35-5cbe19cced5f)
2025-07-26 19:43:39,098 - INFO - 🚀 Traditional optimization applied:
2025-07-26 19:43:39,099 - INFO -    Original: cycling helmet orange stripes
2025-07-26 19:43:39,099 - INFO -    Optimized: wbgmsst, a sleek cycling helmet adorned with vibrant orange stripes and a sleek aerodynamic design, resting on a worn wooden handlebar in a sun-drenched park with lush greenery and blooming wildflowers, white background
2025-07-26 19:43:39,100 - INFO -    Confidence: 80.0%
2025-07-26 19:43:40,331 - INFO - [TRELLIS] GPU cache cleared: {'status': 'cache_cleared', 'available_memory_gb': 19.374211072}
2025-07-26 19:43:40,332 - INFO -    🎲 Using deterministic seed: 42
2025-07-26 19:44:09,531 - INFO - ✅ Generation successful in 29.19s (10,870,416 bytes)
2025-07-26 19:44:09,532 - INFO - 📤 Submitting result: 344ff14a-f0c2-4ebf-bd35-5cbe19cced5f
2025-07-26 19:44:09,532 - INFO -    📦 Using SPZ-compressed data from server (10,870,416 bytes)
2025-07-26 19:44:11,523 - INFO - ⏱️ Total processing time: 32.95s (from validator response to submission)
2025-07-26 19:44:11,524 - INFO - ✅ Submission successful to UID 142 (1.94s)
2025-07-26 19:44:11,524 - INFO -    Task fidelity: 0.7290
2025-07-26 19:44:11,524 - INFO -    Average fidelity: 0.8210
2025-07-26 19:44:11,524 - INFO -    Miner reward: 9.851714
2025-07-26 19:44:11,525 - INFO -    Validation failed: False
2025-07-26 19:44:11,525 - INFO -    Generations in window: 12
2025-07-26 19:44:11,538 - INFO - ✅ Task 344ff14a-f0c2-4ebf-bd35-5cbe19cced5f completed successfully
2025-07-26 19:44:16,546 - WARNING - ⚠️ Exception checking TRELLIS server status: HTTPConnectionPool(host='localhost', port=8096): Read timed out. (read timeout=5), proceeding anyway.
2025-07-26 19:44:23,967 - WARNING - ⚠️ Exception checking TRELLIS server status: HTTPConnectionPool(host='localhost', port=8096): Read timed out. (read timeout=5), proceeding anyway.
2025-07-26 19:44:29,112 - WARNING - ⚠️ Exception checking TRELLIS server status: HTTPConnectionPool(host='localhost', port=8096): Read timed out. (read timeout=5), proceeding anyway.
2025-07-26 19:45:13,096 - WARNING - ⚠️ Exception checking TRELLIS server status: HTTPConnectionPool(host='localhost', port=8096): Read timed out. (read timeout=5), proceeding anyway.
2025-07-26 19:45:18,250 - WARNING - ⚠️ Exception checking TRELLIS server status: HTTPConnectionPool(host='localhost', port=8096): Read timed out. (read timeout=5), proceeding anyway.
2025-07-26 19:45:23,399 - WARNING - ⚠️ Exception checking TRELLIS server status: HTTPConnectionPool(host='localhost', port=8096): Read timed out. (read timeout=5), proceeding anyway.
2025-07-26 19:46:12,523 - WARNING - ⚠️ Exception checking TRELLIS server status: HTTPConnectionPool(host='localhost', port=8096): Read timed out. (read timeout=5), proceeding anyway.
2025-07-26 19:46:17,527 - WARNING - ⚠️ Exception checking TRELLIS server status: HTTPConnectionPool(host='localhost', port=8096): Read timed out. (read timeout=5), proceeding anyway.
2025-07-26 19:46:22,534 - WARNING - ⚠️ Exception checking TRELLIS server status: HTTPConnectionPool(host='localhost', port=8096): Read timed out. (read timeout=5), proceeding anyway.
2025-07-26 19:46:27,694 - WARNING - ⚠️ Exception checking TRELLIS server status: HTTPConnectionPool(host='localhost', port=8096): Read timed out. (read timeout=5), proceeding anyway.
2025-07-26 19:46:29,684 - INFO - ✅ New task from UID 128: 'pendant made of gold and set with precious stones ...'
2025-07-26 19:46:29,684 - INFO -    Threshold: 0.6, Query time: 0.27s
2025-07-26 19:46:29,685 - INFO - 🔄 Processing task 17acc247-119c-496a-997a-74ba6ebca56c: 'pendant made of gold and set with precious stones in shape of hearts'
2025-07-26 19:46:29,685 - INFO - 🎨 Generating 3D model: 'pendant made of gold and set with precious stones in shape of hearts' (task: 17acc247-119c-496a-997a-74ba6ebca56c)
2025-07-26 19:46:30,127 - INFO - 🚀 Traditional optimization applied:
2025-07-26 19:46:30,127 - INFO -    Original: pendant made of gold and set with precious stones in shape of hearts
2025-07-26 19:46:30,128 - INFO -    Optimized: wbgmsst, a pendant crafted from 18k gold and adorned with an intricate arrangement of precious stones in the form of interlocking hearts suspended from a delicate chain, white background.
2025-07-26 19:46:30,128 - INFO -    Confidence: 80.0%
2025-07-26 19:46:31,281 - INFO - [TRELLIS] GPU cache cleared: {'status': 'cache_cleared', 'available_memory_gb': 19.611189248}
2025-07-26 19:46:31,281 - INFO -    🎲 Using deterministic seed: 42
2025-07-26 19:46:53,450 - INFO - ✅ Generation successful in 22.17s (1,915,327 bytes)
2025-07-26 19:46:53,451 - INFO - 📤 Submitting result: 17acc247-119c-496a-997a-74ba6ebca56c
2025-07-26 19:46:53,451 - INFO -    📦 Using SPZ-compressed data from server (1,915,327 bytes)
2025-07-26 19:46:54,849 - INFO - ⏱️ Total processing time: 25.21s (from validator response to submission)
2025-07-26 19:46:54,849 - INFO - ✅ Submission successful to UID 128 (1.39s)
2025-07-26 19:46:54,849 - INFO -    Task fidelity: 0.8749
2025-07-26 19:46:54,849 - INFO -    Average fidelity: 0.8439
2025-07-26 19:46:54,849 - INFO -    Miner reward: 12.658587
2025-07-26 19:46:54,849 - INFO -    Validation failed: False
2025-07-26 19:46:54,850 - INFO -    Generations in window: 15
2025-07-26 19:46:54,873 - INFO - ✅ Task 17acc247-119c-496a-997a-74ba6ebca56c completed successfully
2025-07-26 19:47:14,000 - WARNING - ⚠️ Exception checking TRELLIS server status: HTTPConnectionPool(host='localhost', port=8096): Read timed out. (read timeout=5), proceeding anyway.
2025-07-26 19:47:19,008 - WARNING - ⚠️ Exception checking TRELLIS server status: HTTPConnectionPool(host='localhost', port=8096): Read timed out. (read timeout=5), proceeding anyway.
2025-07-26 19:47:24,014 - WARNING - ⚠️ Exception checking TRELLIS server status: HTTPConnectionPool(host='localhost', port=8096): Read timed out. (read timeout=5), proceeding anyway.
2025-07-26 19:48:13,579 - WARNING - ⚠️ Exception checking TRELLIS server status: HTTPConnectionPool(host='localhost', port=8096): Read timed out. (read timeout=5), proceeding anyway.
2025-07-26 19:48:18,587 - WARNING - ⚠️ Exception checking TRELLIS server status: HTTPConnectionPool(host='localhost', port=8096): Read timed out. (read timeout=5), proceeding anyway.
2025-07-26 19:48:23,592 - WARNING - ⚠️ Exception checking TRELLIS server status: HTTPConnectionPool(host='localhost', port=8096): Read timed out. (read timeout=5), proceeding anyway.
2025-07-26 19:48:28,743 - WARNING - ⚠️ Exception checking TRELLIS server status: HTTPConnectionPool(host='localhost', port=8096): Read timed out. (read timeout=5), proceeding anyway.
2025-07-26 19:48:30,385 - INFO - ✅ New task from UID 81: 'lightweight white ping pong paddle hitting...'
2025-07-26 19:48:30,385 - INFO -    Threshold: 0.6, Query time: 0.54s
2025-07-26 19:48:30,385 - INFO - 🔄 Processing task 9ef96c2d-4f2a-4699-9f95-02f5dc775135: 'lightweight white ping pong paddle hitting'
2025-07-26 19:48:30,385 - INFO - 🎨 Generating 3D model: 'lightweight white ping pong paddle hitting' (task: 9ef96c2d-4f2a-4699-9f95-02f5dc775135)
2025-07-26 19:48:30,798 - INFO - 🚀 Traditional optimization applied:
2025-07-26 19:48:30,799 - INFO -    Original: lightweight white ping pong paddle hitting
2025-07-26 19:48:30,799 - INFO -    Optimized: wbgmsst, a sleek lightweight white ping pong paddle suspended in mid-air, its surface slightly dampened by a light drizzle on a sunny afternoon, white background
2025-07-26 19:48:30,800 - INFO -    Confidence: 80.0%
2025-07-26 19:48:32,059 - INFO - [TRELLIS] GPU cache cleared: {'status': 'cache_cleared', 'available_memory_gb': 19.611189248}
2025-07-26 19:48:32,060 - INFO -    🎲 Using deterministic seed: 42
2025-07-26 19:48:55,318 - INFO - ✅ Generation successful in 23.26s (2,148,293 bytes)
2025-07-26 19:48:55,318 - INFO - 📤 Submitting result: 9ef96c2d-4f2a-4699-9f95-02f5dc775135
2025-07-26 19:48:55,318 - INFO -    📦 Using SPZ-compressed data from server (2,148,293 bytes)
2025-07-26 19:48:57,619 - INFO - ⏱️ Total processing time: 27.26s (from validator response to submission)
2025-07-26 19:48:57,619 - INFO - ✅ Submission successful to UID 81 (2.29s)
2025-07-26 19:48:57,619 - INFO -    Task fidelity: 0.8937
2025-07-26 19:48:57,619 - INFO -    Average fidelity: 0.8781
2025-07-26 19:48:57,619 - INFO -    Miner reward: 11.414927
2025-07-26 19:48:57,619 - INFO -    Validation failed: False
2025-07-26 19:48:57,620 - INFO -    Generations in window: 13
2025-07-26 19:48:57,642 - INFO - ✅ Task 9ef96c2d-4f2a-4699-9f95-02f5dc775135 completed successfully
2025-07-26 19:49:15,037 - WARNING - ⚠️ Exception checking TRELLIS server status: HTTPConnectionPool(host='localhost', port=8096): Read timed out. (read timeout=5), proceeding anyway.
2025-07-26 19:49:20,044 - WARNING - ⚠️ Exception checking TRELLIS server status: HTTPConnectionPool(host='localhost', port=8096): Read timed out. (read timeout=5), proceeding anyway.
2025-07-26 19:49:25,056 - WARNING - ⚠️ Exception checking TRELLIS server status: HTTPConnectionPool(host='localhost', port=8096): Read timed out. (read timeout=5), proceeding anyway.
2025-07-26 19:49:30,206 - WARNING - ⚠️ Exception checking TRELLIS server status: HTTPConnectionPool(host='localhost', port=8096): Read timed out. (read timeout=5), proceeding anyway.
2025-07-26 19:49:44,644 - INFO - ✅ New task from UID 142: 'banjo with rustic brown color...'
2025-07-26 19:49:44,645 - INFO -    Threshold: 0.6, Query time: 0.28s
2025-07-26 19:49:44,646 - INFO - 🔄 Processing task c5022a03-3705-4da5-aebd-c34606e3f2c4: 'banjo with rustic brown color'
2025-07-26 19:49:44,646 - INFO - 🎨 Generating 3D model: 'banjo with rustic brown color' (task: c5022a03-3705-4da5-aebd-c34606e3f2c4)
2025-07-26 19:49:45,205 - INFO - 🚀 Traditional optimization applied:
2025-07-26 19:49:45,205 - INFO -    Original: banjo with rustic brown color
2025-07-26 19:49:45,205 - INFO -    Optimized: wbgmsst, a weathered banjo resting on a worn leather music stand amidst vintage sheet music and twine-wrapped instrument cases in a cozy, dimly lit cabin surrounded by towering trees and a crackling fireplace, white background
2025-07-26 19:49:45,205 - INFO -    Confidence: 80.0%
2025-07-26 19:49:46,441 - INFO - [TRELLIS] GPU cache cleared: {'status': 'cache_cleared', 'available_memory_gb': 15.223947264}
2025-07-26 19:49:46,442 - INFO -    🎲 Using deterministic seed: 42
2025-07-26 19:50:15,136 - INFO - ✅ Generation successful in 28.69s (9,443,158 bytes)
2025-07-26 19:50:15,137 - INFO - 📤 Submitting result: c5022a03-3705-4da5-aebd-c34606e3f2c4
2025-07-26 19:50:15,137 - INFO -    📦 Using SPZ-compressed data from server (9,443,158 bytes)
2025-07-26 19:50:17,187 - INFO - ⏱️ Total processing time: 32.57s (from validator response to submission)
2025-07-26 19:50:17,188 - INFO - ✅ Submission successful to UID 142 (2.02s)
2025-07-26 19:50:17,188 - INFO -    Task fidelity: 0.7717
2025-07-26 19:50:17,188 - INFO -    Average fidelity: 0.8185
2025-07-26 19:50:17,188 - INFO -    Miner reward: 9.822153
2025-07-26 19:50:17,188 - INFO -    Validation failed: False
2025-07-26 19:50:17,188 - INFO -    Generations in window: 12
2025-07-26 19:50:17,228 - INFO - ✅ Task c5022a03-3705-4da5-aebd-c34606e3f2c4 completed successfully
2025-07-26 19:50:25,021 - WARNING - ⚠️ Exception checking TRELLIS server status: HTTPConnectionPool(host='localhost', port=8096): Read timed out. (read timeout=5), proceeding anyway.
2025-07-26 19:50:30,171 - WARNING - ⚠️ Exception checking TRELLIS server status: HTTPConnectionPool(host='localhost', port=8096): Read timed out. (read timeout=5), proceeding anyway.
2025-07-26 19:50:35,817 - WARNING - ⚠️ Exception checking TRELLIS server status: HTTPConnectionPool(host='localhost', port=8096): Read timed out. (read timeout=5), proceeding anyway.
2025-07-26 19:50:41,276 - WARNING - ⚠️ Exception checking TRELLIS server status: HTTPConnectionPool(host='localhost', port=8096): Read timed out. (read timeout=5), proceeding anyway.
2025-07-26 19:50:45,750 - INFO - ✅ Validator refresh complete:
2025-07-26 19:50:45,750 - INFO -    Active validators: 10
2025-07-26 19:50:45,750 - INFO -    Inactive validators: 0
2025-07-26 19:50:45,750 - INFO -    Total eligible validators found: 10
2025-07-26 19:50:45,750 - INFO -    Top validators by stake:
2025-07-26 19:50:45,750 - INFO -      UID 212: 104013.5 TAO (trust: 0.000)
2025-07-26 19:50:45,751 - INFO -      UID 142: 69548.6 TAO (trust: 0.000)
2025-07-26 19:50:45,751 - INFO -      UID 27: 60174.1 TAO (trust: 0.000)
2025-07-26 19:50:45,751 - INFO -      UID 124: 39811.6 TAO (trust: 0.000)
2025-07-26 19:50:45,752 - INFO -      UID 128: 13458.9 TAO (trust: 0.000)
2025-07-26 19:50:45,781 - INFO - 📊 CONTINUOUS ORCHESTRATOR STATUS
2025-07-26 19:50:45,781 - INFO - ============================================================
2025-07-26 19:50:45,781 - INFO - Uptime: 2.66 hours
2025-07-26 19:50:45,781 - INFO - Tasks pulled: 123
2025-07-26 19:50:45,781 - INFO - Tasks processed: 123
2025-07-26 19:50:45,782 - INFO - Successful generations: 123
2025-07-26 19:50:45,782 - INFO - Successful validations: 0
2025-07-26 19:50:45,782 - INFO - Successful submissions: 120
2025-07-26 19:50:45,782 - INFO - Total rewards: 1855.915918 TAO
2025-07-26 19:50:45,782 - INFO - Idle validations: 0
2025-07-26 19:50:45,782 - INFO - Prompts optimized: 123
2025-07-26 19:50:45,782 - INFO - Reproducibility optimizations: 11
2025-07-26 19:50:45,782 - INFO - Traditional optimizations: 112
2025-07-26 19:50:45,782 - INFO - Optimization improvements: 0
2025-07-26 19:50:45,782 - INFO - Tasks/hour: 46.3
2025-07-26 19:50:45,782 - INFO - Rewards/hour: 698.325064 TAO
2025-07-26 19:50:45,782 - INFO - Average total processing time: 37.07s
2025-07-26 19:50:45,782 - INFO - Optimization rate: 0.0% of prompts improved
2025-07-26 19:50:45,782 - INFO - Active validators: 10
2025-07-26 19:50:45,783 - INFO -   UID 212: 0 tasks, avg score: 0.669
2025-07-26 19:50:45,783 - INFO -   UID 142: 0 tasks, avg score: 0.664
2025-07-26 19:50:45,783 - INFO -   UID 27: 0 tasks, avg score: 0.624
2025-07-26 19:50:45,784 - WARNING - ⚠️ Found 5 unfinished tasks in last 6 hours:
2025-07-26 19:50:45,784 - WARNING -    UID 142: 'gold bracelet with rubies inla...' - no_submission
2025-07-26 19:50:45,784 - WARNING -    UID 142: 'glossy purple jump rope coiled...' - no_submission
2025-07-26 19:50:45,784 - WARNING -    UID 142: 'opal bracelet with purple ston...' - no_submission
2025-07-26 19:50:45,784 - WARNING -    UID 142: 'matte silver droid designed fo...' - no_submission
2025-07-26 19:50:45,784 - WARNING -    UID 142: 'copper-colored robot with seri...' - no_submission
2025-07-26 19:50:45,785 - INFO - ============================================================
2025-07-26 19:50:45,785 - INFO - 📊 Statistics saved to continuous_trellis_outputs/continuous_stats_20250726_195045.json
2025-07-26 19:51:25,704 - WARNING - ⚠️ Exception checking TRELLIS server status: HTTPConnectionPool(host='localhost', port=8096): Read timed out. (read timeout=5), proceeding anyway.
2025-07-26 19:51:30,712 - WARNING - ⚠️ Exception checking TRELLIS server status: HTTPConnectionPool(host='localhost', port=8096): Read timed out. (read timeout=5), proceeding anyway.
2025-07-26 19:51:35,719 - WARNING - ⚠️ Exception checking TRELLIS server status: HTTPConnectionPool(host='localhost', port=8096): Read timed out. (read timeout=5), proceeding anyway.
2025-07-26 19:52:20,917 - WARNING - ⚠️ Exception checking TRELLIS server status: HTTPConnectionPool(host='localhost', port=8096): Read timed out. (read timeout=5), proceeding anyway.
2025-07-26 19:52:25,924 - WARNING - ⚠️ Exception checking TRELLIS server status: HTTPConnectionPool(host='localhost', port=8096): Read timed out. (read timeout=5), proceeding anyway.
2025-07-26 19:52:30,931 - WARNING - ⚠️ Exception checking TRELLIS server status: HTTPConnectionPool(host='localhost', port=8096): Read timed out. (read timeout=5), proceeding anyway.
2025-07-26 19:52:35,938 - WARNING - ⚠️ Exception checking TRELLIS server status: HTTPConnectionPool(host='localhost', port=8096): Read timed out. (read timeout=5), proceeding anyway.
2025-07-26 19:52:37,600 - INFO - ✅ New task from UID 128: 'small blue trowel with wooden handle...'
2025-07-26 19:52:37,600 - INFO -    Threshold: 0.6, Query time: 0.28s
2025-07-26 19:52:37,600 - INFO - 🔄 Processing task 432e1d79-3cf1-4803-9edb-184a40c743e3: 'small blue trowel with wooden handle'
2025-07-26 19:52:37,601 - INFO - 🎨 Generating 3D model: 'small blue trowel with wooden handle' (task: 432e1d79-3cf1-4803-9edb-184a40c743e3)
2025-07-26 19:52:39,866 - INFO - 🔄 Reproducibility optimization applied:
2025-07-26 19:52:39,867 - INFO -    Original: small blue trowel with wooden handle
2025-07-26 19:52:39,867 - INFO -    Optimized: wbgmsst, a small, enhanced trowel with intricate patterns on its metallic arms and a subtle texture and shading, held in a wooden handle, features glowing blue accents near the round eyes, all set against a white background.
2025-07-26 19:52:39,867 - INFO -    Similarity: 0.554
2025-07-26 19:52:39,867 - INFO -    Gold score: 0.9211
2025-07-26 19:52:41,310 - INFO - [TRELLIS] GPU cache cleared: {'status': 'cache_cleared', 'available_memory_gb': 18.948489216}
2025-07-26 19:52:41,311 - INFO -    🎲 Using deterministic seed: 42
2025-07-26 19:53:03,727 - INFO - ✅ Generation successful in 22.41s (2,285,302 bytes)
2025-07-26 19:53:03,728 - INFO - 📤 Submitting result: 432e1d79-3cf1-4803-9edb-184a40c743e3
2025-07-26 19:53:03,728 - INFO -    📦 Using SPZ-compressed data from server (2,285,302 bytes)
2025-07-26 19:53:04,869 - INFO - ⏱️ Total processing time: 27.30s (from validator response to submission)
2025-07-26 19:53:04,870 - INFO - ✅ Submission successful to UID 128 (1.13s)
2025-07-26 19:53:04,870 - INFO -    Task fidelity: 0.8850
2025-07-26 19:53:04,870 - INFO -    Average fidelity: 0.8460
2025-07-26 19:53:04,870 - INFO -    Miner reward: 13.535366
2025-07-26 19:53:04,870 - INFO -    Validation failed: False
2025-07-26 19:53:04,870 - INFO -    Generations in window: 16
2025-07-26 19:53:04,913 - INFO - ✅ Task 432e1d79-3cf1-4803-9edb-184a40c743e3 completed successfully
2025-07-26 19:53:09,146 - INFO - ✅ New task from UID 27: 'black iron soldier statue...'
2025-07-26 19:53:09,147 - INFO -    Threshold: 0.6, Query time: 0.61s
2025-07-26 19:53:09,147 - INFO - 🔄 Processing task 108040ab-d8ec-4310-bb65-b4950b19cbce: 'black iron soldier statue'
2025-07-26 19:53:09,147 - INFO - 🎨 Generating 3D model: 'black iron soldier statue' (task: 108040ab-d8ec-4310-bb65-b4950b19cbce)
2025-07-26 19:53:09,758 - INFO - 🚀 Traditional optimization applied:
2025-07-26 19:53:09,759 - INFO -    Original: black iron soldier statue
2025-07-26 19:53:09,759 - INFO -    Optimized: wbgmsst, a weathered black iron soldier statue stands guard atop a moss-covered hillside, with rugged stone walls and twisted tree roots surrounding it in the fading light of day, white background
2025-07-26 19:53:09,760 - INFO -    Confidence: 80.0%
2025-07-26 19:53:10,813 - INFO - [TRELLIS] GPU cache cleared: {'status': 'cache_cleared', 'available_memory_gb': 19.937624064}
2025-07-26 19:53:10,813 - INFO -    🎲 Using deterministic seed: 42
2025-07-26 19:53:33,400 - INFO - ✅ Generation successful in 22.58s (6,028,083 bytes)
2025-07-26 19:53:33,400 - INFO - 📤 Submitting result: 108040ab-d8ec-4310-bb65-b4950b19cbce
2025-07-26 19:53:33,401 - INFO -    📦 Using SPZ-compressed data from server (6,028,083 bytes)
2025-07-26 19:53:43,389 - INFO - ⏱️ Total processing time: 34.27s (from validator response to submission)
2025-07-26 19:53:43,390 - INFO - ✅ Submission successful to UID 27 (9.97s)
2025-07-26 19:53:43,390 - INFO -    Task fidelity: 0.8006
2025-07-26 19:53:43,391 - INFO -    Average fidelity: 0.8451
2025-07-26 19:53:43,391 - INFO -    Miner reward: 15.210920
2025-07-26 19:53:43,391 - INFO -    Validation failed: False
2025-07-26 19:53:43,392 - INFO -    Generations in window: 18
2025-07-26 19:53:43,402 - INFO - ✅ Task 108040ab-d8ec-4310-bb65-b4950b19cbce completed successfully
2025-07-26 19:53:48,410 - WARNING - ⚠️ Exception checking TRELLIS server status: HTTPConnectionPool(host='localhost', port=8096): Read timed out. (read timeout=5), proceeding anyway.
2025-07-26 19:53:48,863 - INFO - ✅ New task from UID 49: 'crossbow with orange stock and blue bow...'
2025-07-26 19:53:48,863 - INFO -    Threshold: 0.6, Query time: 0.43s
2025-07-26 19:53:48,863 - INFO - 🔄 Processing task e330896c-da3b-42fb-aea8-d1c5a75932e0: 'crossbow with orange stock and blue bow'
2025-07-26 19:53:48,864 - INFO - 🎨 Generating 3D model: 'crossbow with orange stock and blue bow' (task: e330896c-da3b-42fb-aea8-d1c5a75932e0)
2025-07-26 19:53:49,846 - INFO - 🚀 Traditional optimization applied:
2025-07-26 19:53:49,846 - INFO -    Original: crossbow with orange stock and blue bow
2025-07-26 19:53:49,846 - INFO -    Optimized: wbgmsst, a sturdy crossbow with an vibrant orange wooden stock and a deep blue fiberglass bow, weathered from years of use, rests upon a wooden stump in a dense, misty forest undergrowth, surrounded by rugged tree trunks and overgrown foliage, white background.
2025-07-26 19:53:49,846 - INFO -    Confidence: 80.0%
2025-07-26 19:53:56,747 - INFO - [TRELLIS] GPU cache cleared: {'status': 'cache_cleared', 'available_memory_gb': 19.611189248}
2025-07-26 19:53:56,747 - INFO -    🎲 Using deterministic seed: 42
2025-07-26 19:54:22,456 - INFO - ✅ Generation successful in 25.70s (7,182,720 bytes)
2025-07-26 19:54:22,456 - INFO - 📤 Submitting result: e330896c-da3b-42fb-aea8-d1c5a75932e0
2025-07-26 19:54:22,456 - INFO -    📦 Using SPZ-compressed data from server (7,182,720 bytes)
2025-07-26 19:54:24,617 - INFO - ⏱️ Total processing time: 35.78s (from validator response to submission)
2025-07-26 19:54:24,617 - INFO - ✅ Submission successful to UID 49 (2.14s)
2025-07-26 19:54:24,618 - INFO -    Task fidelity: 0.8217
2025-07-26 19:54:24,618 - INFO -    Average fidelity: 0.7957
2025-07-26 19:54:24,618 - INFO -    Miner reward: 23.870613
2025-07-26 19:54:24,618 - INFO -    Validation failed: False
2025-07-26 19:54:24,618 - INFO -    Generations in window: 30
2025-07-26 19:54:24,641 - INFO - ✅ Task e330896c-da3b-42fb-aea8-d1c5a75932e0 completed successfully
2025-07-26 19:54:26,176 - INFO - ✅ New task from UID 81: 'jade earring in feather...'
2025-07-26 19:54:26,176 - INFO -    Threshold: 0.6, Query time: 0.45s
2025-07-26 19:54:26,177 - INFO - 🔄 Processing task f4923875-b08b-4665-bbe4-b0bed412e514: 'jade earring in feather'
2025-07-26 19:54:26,177 - INFO - 🎨 Generating 3D model: 'jade earring in feather' (task: f4923875-b08b-4665-bbe4-b0bed412e514)
2025-07-26 19:54:26,751 - INFO - 🚀 Traditional optimization applied:
2025-07-26 19:54:26,751 - INFO -    Original: jade earring in feather
2025-07-26 19:54:26,752 - INFO -    Optimized: wbgmsst, a delicate jade earring adorned with an intricate feather motif, suspended from a slender chain, set against a soft, misty backdrop with gentle, ethereal light casting an otherworldly glow on the surrounding air, white background
2025-07-26 19:54:26,752 - INFO -    Confidence: 80.0%
2025-07-26 19:54:27,956 - INFO - [TRELLIS] GPU cache cleared: {'status': 'cache_cleared', 'available_memory_gb': 19.937624064}
2025-07-26 19:54:27,956 - INFO -    🎲 Using deterministic seed: 42
2025-07-26 19:54:50,952 - INFO - ✅ Generation successful in 22.99s (4,240,763 bytes)
2025-07-26 19:54:50,953 - INFO - 📤 Submitting result: f4923875-b08b-4665-bbe4-b0bed412e514
2025-07-26 19:54:50,953 - INFO -    📦 Using SPZ-compressed data from server (4,240,763 bytes)
2025-07-26 19:54:53,335 - INFO - ⏱️ Total processing time: 27.18s (from validator response to submission)
2025-07-26 19:54:53,336 - INFO - ✅ Submission successful to UID 81 (2.36s)
2025-07-26 19:54:53,336 - INFO -    Task fidelity: 0.8181
2025-07-26 19:54:53,336 - INFO -    Average fidelity: 0.8751
2025-07-26 19:54:53,336 - INFO -    Miner reward: 11.375928
2025-07-26 19:54:53,336 - INFO -    Validation failed: False
2025-07-26 19:54:53,336 - INFO -    Generations in window: 13
2025-07-26 19:54:53,377 - INFO - ✅ Task f4923875-b08b-4665-bbe4-b0bed412e514 completed successfully
2025-07-26 19:54:58,384 - WARNING - ⚠️ Exception checking TRELLIS server status: HTTPConnectionPool(host='localhost', port=8096): Read timed out. (read timeout=5), proceeding anyway.
2025-07-26 19:55:03,534 - WARNING - ⚠️ Exception checking TRELLIS server status: HTTPConnectionPool(host='localhost', port=8096): Read timed out. (read timeout=5), proceeding anyway.
2025-07-26 19:55:08,827 - WARNING - ⚠️ Exception checking TRELLIS server status: HTTPConnectionPool(host='localhost', port=8096): Read timed out. (read timeout=5), proceeding anyway.
2025-07-26 19:55:55,471 - WARNING - ⚠️ Exception checking TRELLIS server status: HTTPConnectionPool(host='localhost', port=8096): Read timed out. (read timeout=5), proceeding anyway.
2025-07-26 19:56:00,478 - WARNING - ⚠️ Exception checking TRELLIS server status: HTTPConnectionPool(host='localhost', port=8096): Read timed out. (read timeout=5), proceeding anyway.
2025-07-26 19:56:05,487 - WARNING - ⚠️ Exception checking TRELLIS server status: HTTPConnectionPool(host='localhost', port=8096): Read timed out. (read timeout=5), proceeding anyway.
2025-07-26 19:56:10,663 - WARNING - ⚠️ Exception checking TRELLIS server status: HTTPConnectionPool(host='localhost', port=8096): Read timed out. (read timeout=5), proceeding anyway.
2025-07-26 19:56:15,565 - INFO - ✅ New task from UID 49: 'large black metallic robot with glowing eyes and a...'
2025-07-26 19:56:15,566 - INFO -    Threshold: 0.6, Query time: 0.43s
2025-07-26 19:56:15,566 - INFO - 🔄 Processing task a2458dca-2e31-442d-9265-7c91ad43bbb0: 'large black metallic robot with glowing eyes and arms'
2025-07-26 19:56:15,566 - INFO - 🎨 Generating 3D model: 'large black metallic robot with glowing eyes and arms' (task: a2458dca-2e31-442d-9265-7c91ad43bbb0)
2025-07-26 19:56:17,755 - INFO - 🔄 Reproducibility optimization applied:
2025-07-26 19:56:17,755 - INFO -    Original: large black metallic robot with glowing eyes and arms
2025-07-26 19:56:17,755 - INFO -    Optimized: wbgmsst, a large, enhanced metallic robot with intricate patterns on metal arms and glowing blue accents near the round eyes, has glowing blue accents throughout its body, featuring subtle texture and shading, standing in a futuristic setting, white background.
2025-07-26 19:56:17,755 - INFO -    Similarity: 0.660
2025-07-26 19:56:17,756 - INFO -    Gold score: 0.9211
2025-07-26 19:56:19,252 - INFO - [TRELLIS] GPU cache cleared: {'status': 'cache_cleared', 'available_memory_gb': 18.948489216}
2025-07-26 19:56:19,253 - INFO -    🎲 Using deterministic seed: 42
2025-07-26 19:56:44,923 - INFO - ✅ Generation successful in 25.66s (6,868,672 bytes)
2025-07-26 19:56:44,924 - INFO - 📤 Submitting result: a2458dca-2e31-442d-9265-7c91ad43bbb0
2025-07-26 19:56:44,924 - INFO -    📦 Using SPZ-compressed data from server (6,868,672 bytes)
2025-07-26 19:56:47,213 - INFO - ⏱️ Total processing time: 31.66s (from validator response to submission)
2025-07-26 19:56:47,213 - INFO - ✅ Submission successful to UID 49 (2.27s)
2025-07-26 19:56:47,213 - INFO -    Task fidelity: 0.9284
2025-07-26 19:56:47,213 - INFO -    Average fidelity: 0.8023
2025-07-26 19:56:47,213 - INFO -    Miner reward: 24.872073
2025-07-26 19:56:47,213 - INFO -    Validation failed: False
2025-07-26 19:56:47,213 - INFO -    Generations in window: 31
2025-07-26 19:56:47,236 - INFO - ✅ Task a2458dca-2e31-442d-9265-7c91ad43bbb0 completed successfully
2025-07-26 19:56:48,548 - INFO - ✅ New task from UID 142: 'small white unicorn with pink mane and horn on its...'
2025-07-26 19:56:48,549 - INFO -    Threshold: 0.6, Query time: 0.39s
2025-07-26 19:56:48,549 - INFO - 🔄 Processing task 60160c8d-2da0-461a-8592-c8c50fe6129c: 'small white unicorn with pink mane and horn on its head'
2025-07-26 19:56:48,549 - INFO - 🎨 Generating 3D model: 'small white unicorn with pink mane and horn on its head' (task: 60160c8d-2da0-461a-8592-c8c50fe6129c)
2025-07-26 19:56:50,369 - INFO - 🔄 Reproducibility optimization applied:
2025-07-26 19:56:50,369 - INFO -    Original: small white unicorn with pink mane and horn on its head
2025-07-26 19:56:50,369 - INFO -    Optimized: wbgmsst, a vibrant and futuristic small unicorn is depicted in a metallic exosuit with neon-green accents, wearing a pink mane and adorned with a horn on a white background.
2025-07-26 19:56:50,369 - INFO -    Similarity: 0.565
2025-07-26 19:56:50,369 - INFO -    Gold score: 0.9082
2025-07-26 19:56:51,523 - INFO - [TRELLIS] GPU cache cleared: {'status': 'cache_cleared', 'available_memory_gb': 19.937624064}
2025-07-26 19:56:51,525 - INFO -    🎲 Using deterministic seed: 42
2025-07-26 19:57:14,127 - INFO - ✅ Generation successful in 22.60s (3,999,728 bytes)
2025-07-26 19:57:14,127 - INFO - 📤 Submitting result: 60160c8d-2da0-461a-8592-c8c50fe6129c
2025-07-26 19:57:14,127 - INFO -    📦 Using SPZ-compressed data from server (3,999,728 bytes)
2025-07-26 19:57:15,594 - INFO - ⏱️ Total processing time: 27.07s (from validator response to submission)
2025-07-26 19:57:15,595 - INFO - ✅ Submission successful to UID 142 (1.45s)
2025-07-26 19:57:15,595 - INFO -    Task fidelity: 0.8478
2025-07-26 19:57:15,595 - INFO -    Average fidelity: 0.8200
2025-07-26 19:57:15,595 - INFO -    Miner reward: 10.659684
2025-07-26 19:57:15,595 - INFO -    Validation failed: False
2025-07-26 19:57:15,595 - INFO -    Generations in window: 13
2025-07-26 19:57:15,619 - INFO - ✅ Task 60160c8d-2da0-461a-8592-c8c50fe6129c completed successfully
2025-07-26 19:57:20,627 - WARNING - ⚠️ Exception checking TRELLIS server status: HTTPConnectionPool(host='localhost', port=8096): Read timed out. (read timeout=5), proceeding anyway.
2025-07-26 19:57:21,070 - INFO - ✅ New task from UID 212: 'small sapphire pendant with diamonds on it...'
2025-07-26 19:57:21,071 - INFO -    Threshold: 0.6, Query time: 0.42s
2025-07-26 19:57:21,071 - INFO - 🔄 Processing task 8ff559a5-6bb9-47aa-8e02-74007538b993: 'small sapphire pendant with diamonds on it'
2025-07-26 19:57:21,071 - INFO - 🎨 Generating 3D model: 'small sapphire pendant with diamonds on it' (task: 8ff559a5-6bb9-47aa-8e02-74007538b993)
2025-07-26 19:57:25,039 - INFO - 🔄 Reproducibility optimization applied:
2025-07-26 19:57:25,040 - INFO -    Original: small sapphire pendant with diamonds on it
2025-07-26 19:57:25,040 - INFO -    Optimized: wbgmsst, a small, enhanced sapphire pendant with intricate patterns on metal arms and subtle texture and shading, featuring metallic details, glowing blue accents near the round eyes on it, white background.
2025-07-26 19:57:25,040 - INFO -    Similarity: 0.539
2025-07-26 19:57:25,040 - INFO -    Gold score: 0.9211
2025-07-26 19:57:35,051 - WARNING - [TRELLIS] Exception clearing GPU cache: HTTPConnectionPool(host='localhost', port=8096): Read timed out. (read timeout=10)
2025-07-26 19:57:35,051 - INFO -    🎲 Using deterministic seed: 42
2025-07-26 19:58:03,517 - INFO - ✅ Generation successful in 28.46s (3,822,625 bytes)
2025-07-26 19:58:03,518 - INFO - 📤 Submitting result: 8ff559a5-6bb9-47aa-8e02-74007538b993
2025-07-26 19:58:03,518 - INFO -    📦 Using SPZ-compressed data from server (3,822,625 bytes)
2025-07-26 19:58:05,801 - INFO - ⏱️ Total processing time: 44.75s (from validator response to submission)
2025-07-26 19:58:05,801 - INFO - ✅ Submission successful to UID 212 (2.27s)
2025-07-26 19:58:05,801 - INFO -    Task fidelity: 0.8855
2025-07-26 19:58:05,801 - INFO -    Average fidelity: 0.8781
2025-07-26 19:58:05,802 - INFO -    Miner reward: 11.415177
2025-07-26 19:58:05,802 - INFO -    Validation failed: False
2025-07-26 19:58:05,802 - INFO -    Generations in window: 13
2025-07-26 19:58:05,850 - INFO - ✅ Task 8ff559a5-6bb9-47aa-8e02-74007538b993 completed successfully
2025-07-26 19:58:10,724 - INFO - ✅ New task from UID 128: 'purple elongated spaceship...'
2025-07-26 19:58:10,724 - INFO -    Threshold: 0.6, Query time: 0.27s
2025-07-26 19:58:10,724 - INFO - 🔄 Processing task fb925c53-88f6-422c-92eb-794ef2513454: 'purple elongated spaceship'
2025-07-26 19:58:10,725 - INFO - 🎨 Generating 3D model: 'purple elongated spaceship' (task: fb925c53-88f6-422c-92eb-794ef2513454)
2025-07-26 19:58:11,388 - INFO - 🚀 Traditional optimization applied:
2025-07-26 19:58:11,388 - INFO -    Original: purple elongated spaceship
2025-07-26 19:58:11,388 - INFO -    Optimized: wbgmsst, a majestic purple elongated spaceship soaring through the starry expanse of a nebula, its sleek, aerodynamic hull glimmering with an iridescent sheen as it pierced the cosmos, white background.
2025-07-26 19:58:11,388 - INFO -    Confidence: 80.0%
2025-07-26 19:58:12,578 - INFO - [TRELLIS] GPU cache cleared: {'status': 'cache_cleared', 'available_memory_gb': 19.937624064}
2025-07-26 19:58:12,578 - INFO -    🎲 Using deterministic seed: 42
2025-07-26 19:58:34,413 - INFO - ✅ Generation successful in 21.83s (1,789,432 bytes)
2025-07-26 19:58:34,414 - INFO - 📤 Submitting result: fb925c53-88f6-422c-92eb-794ef2513454
2025-07-26 19:58:34,414 - INFO -    📦 Using SPZ-compressed data from server (1,789,432 bytes)
2025-07-26 19:58:35,815 - INFO - ⏱️ Total processing time: 25.11s (from validator response to submission)
2025-07-26 19:58:35,815 - INFO - ✅ Submission successful to UID 128 (1.39s)
2025-07-26 19:58:35,815 - INFO -    Task fidelity: 0.8592
2025-07-26 19:58:35,815 - INFO -    Average fidelity: 0.8466
2025-07-26 19:58:35,815 - INFO -    Miner reward: 13.545933
2025-07-26 19:58:35,815 - INFO -    Validation failed: False
2025-07-26 19:58:35,815 - INFO -    Generations in window: 16
2025-07-26 19:58:35,839 - INFO - ✅ Task fb925c53-88f6-422c-92eb-794ef2513454 completed successfully
2025-07-26 19:58:40,846 - WARNING - ⚠️ Exception checking TRELLIS server status: HTTPConnectionPool(host='localhost', port=8096): Read timed out. (read timeout=5), proceeding anyway.
2025-07-26 19:58:46,211 - WARNING - ⚠️ Exception checking TRELLIS server status: HTTPConnectionPool(host='localhost', port=8096): Read timed out. (read timeout=5), proceeding anyway.
2025-07-26 19:58:53,645 - WARNING - ⚠️ Exception checking TRELLIS server status: HTTPConnectionPool(host='localhost', port=8096): Read timed out. (read timeout=5), proceeding anyway.
2025-07-26 19:58:58,799 - WARNING - ⚠️ Exception checking TRELLIS server status: HTTPConnectionPool(host='localhost', port=8096): Read timed out. (read timeout=5), proceeding anyway.
2025-07-26 19:59:00,070 - INFO - ✅ New task from UID 27: 'glossy blue clarinet straight body...'
2025-07-26 19:59:00,070 - INFO -    Threshold: 0.6, Query time: 0.65s
2025-07-26 19:59:00,071 - INFO - 🔄 Processing task 55f0b25d-a90e-49f7-b75e-e5fe505b8b9d: 'glossy blue clarinet straight body'
2025-07-26 19:59:00,071 - INFO - 🎨 Generating 3D model: 'glossy blue clarinet straight body' (task: 55f0b25d-a90e-49f7-b75e-e5fe505b8b9d)
2025-07-26 19:59:00,627 - INFO - 🚀 Traditional optimization applied:
2025-07-26 19:59:00,627 - INFO -    Original: glossy blue clarinet straight body
2025-07-26 19:59:00,627 - INFO -    Optimized: wbgmsst, a glossy blue clarinet straight body suspended in mid-air against a soft, creamy background with subtle, muted reflections on its surface, richly detailed wood grain texture, and delicate, intricate key mechanisms visible under soft focus, white background
2025-07-26 19:59:00,627 - INFO -    Confidence: 80.0%
2025-07-26 19:59:01,872 - INFO - [TRELLIS] GPU cache cleared: {'status': 'cache_cleared', 'available_memory_gb': 19.611189248}
2025-07-26 19:59:01,873 - INFO -    🎲 Using deterministic seed: 42
2025-07-26 19:59:25,558 - INFO - ✅ Generation successful in 23.68s (2,542,932 bytes)
2025-07-26 19:59:25,558 - INFO - 📤 Submitting result: 55f0b25d-a90e-49f7-b75e-e5fe505b8b9d
2025-07-26 19:59:25,559 - INFO -    📦 Using SPZ-compressed data from server (2,542,932 bytes)
2025-07-26 19:59:29,472 - INFO - ⏱️ Total processing time: 29.42s (from validator response to submission)
2025-07-26 19:59:29,473 - INFO - ✅ Submission successful to UID 27 (3.91s)
2025-07-26 19:59:29,473 - INFO -    Task fidelity: 0.0000
2025-07-26 19:59:29,473 - INFO -    Average fidelity: 0.8451
2025-07-26 19:59:29,473 - INFO -    Miner reward: 14.365869
2025-07-26 19:59:29,473 - INFO -    Validation failed: False
2025-07-26 19:59:29,473 - INFO -    Generations in window: 17
2025-07-26 19:59:29,495 - INFO - ✅ Task 55f0b25d-a90e-49f7-b75e-e5fe505b8b9d completed successfully
2025-07-26 19:59:29,978 - INFO - ✅ New task from UID 49: 'wooden flute adorned with colorful beads...'
2025-07-26 19:59:29,979 - INFO -    Threshold: 0.6, Query time: 0.46s
2025-07-26 19:59:29,979 - INFO - 🔄 Processing task ee971e3e-6748-4c32-903b-54583d93e058: 'wooden flute adorned with colorful beads'
2025-07-26 19:59:29,979 - INFO - 🎨 Generating 3D model: 'wooden flute adorned with colorful beads' (task: ee971e3e-6748-4c32-903b-54583d93e058)
2025-07-26 19:59:32,174 - INFO - 🔄 Reproducibility optimization applied:
2025-07-26 19:59:32,174 - INFO -    Original: wooden flute adorned with colorful beads
2025-07-26 19:59:32,174 - INFO -    Optimized: wbgmsst, a weathered wooden flute with intricate scratches and worn patina on the handle sits atop a distressed wooden workbench with visible tool marks, surrounded by colorful beads, receiving a soft white glow from within, against a white background.
2025-07-26 19:59:32,174 - INFO -    Similarity: 0.535
2025-07-26 19:59:32,174 - INFO -    Gold score: 0.7531
2025-07-26 19:59:33,109 - INFO - [TRELLIS] GPU cache cleared: {'status': 'cache_cleared', 'available_memory_gb': 19.937624064}
2025-07-26 19:59:33,109 - INFO -    🎲 Using deterministic seed: 42
2025-07-26 19:59:56,069 - INFO - ✅ Generation successful in 22.96s (4,846,821 bytes)
2025-07-26 19:59:56,069 - INFO - 📤 Submitting result: ee971e3e-6748-4c32-903b-54583d93e058
2025-07-26 19:59:56,069 - INFO -    📦 Using SPZ-compressed data from server (4,846,821 bytes)
2025-07-26 19:59:58,142 - INFO - ⏱️ Total processing time: 28.19s (from validator response to submission)
2025-07-26 19:59:58,143 - INFO - ✅ Submission successful to UID 49 (2.06s)
2025-07-26 19:59:58,143 - INFO -    Task fidelity: 0.0000
2025-07-26 19:59:58,143 - INFO -    Average fidelity: 0.8023
2025-07-26 19:59:58,143 - INFO -    Miner reward: 24.872073
2025-07-26 19:59:58,143 - INFO -    Validation failed: False
2025-07-26 19:59:58,143 - INFO -    Generations in window: 31
2025-07-26 19:59:58,167 - INFO - ✅ Task ee971e3e-6748-4c32-903b-54583d93e058 completed successfully
2025-07-26 20:00:03,175 - WARNING - ⚠️ Exception checking TRELLIS server status: HTTPConnectionPool(host='localhost', port=8096): Read timed out. (read timeout=5), proceeding anyway.
2025-07-26 20:00:03,663 - INFO - ✅ New task from UID 81: 'bow with green handle and yellow bow...'
2025-07-26 20:00:03,664 - INFO -    Threshold: 0.6, Query time: 0.46s
2025-07-26 20:00:03,664 - INFO - 🔄 Processing task 87ad3deb-36df-46c9-a4d7-4d10c493e317: 'bow with green handle and yellow bow'
2025-07-26 20:00:03,664 - INFO - 🎨 Generating 3D model: 'bow with green handle and yellow bow' (task: 87ad3deb-36df-46c9-a4d7-4d10c493e317)
2025-07-26 20:00:05,366 - INFO - 🚀 Traditional optimization applied:
2025-07-26 20:00:05,366 - INFO -    Original: bow with green handle and yellow bow
2025-07-26 20:00:05,366 - INFO -    Optimized: wbgmsst, a slender bow with an emerald-green handle and golden-yellow bowstring wound tightly around its core, resting upon a rustic wooden workbench amidst tools of various trades in a cozy, rural workshop filled with natural light and the scent of old wood and leather, white background
2025-07-26 20:00:05,367 - INFO -    Confidence: 80.0%
2025-07-26 20:00:15,378 - WARNING - [TRELLIS] Exception clearing GPU cache: HTTPConnectionPool(host='localhost', port=8096): Read timed out. (read timeout=10)
2025-07-26 20:00:15,378 - INFO -    🎲 Using deterministic seed: 42
2025-07-26 20:00:48,853 - INFO - ✅ Generation successful in 33.47s (7,157,639 bytes)
2025-07-26 20:00:48,853 - INFO - 📤 Submitting result: 87ad3deb-36df-46c9-a4d7-4d10c493e317
2025-07-26 20:00:48,853 - INFO -    📦 Using SPZ-compressed data from server (7,157,639 bytes)
2025-07-26 20:00:52,540 - INFO - ⏱️ Total processing time: 48.90s (from validator response to submission)
2025-07-26 20:00:52,541 - INFO - ✅ Submission successful to UID 81 (3.67s)
2025-07-26 20:00:52,541 - INFO -    Task fidelity: 0.0000
2025-07-26 20:00:52,541 - INFO -    Average fidelity: 0.8751
2025-07-26 20:00:52,541 - INFO -    Miner reward: 11.375928
2025-07-26 20:00:52,541 - INFO -    Validation failed: False
2025-07-26 20:00:52,541 - INFO -    Generations in window: 13
2025-07-26 20:00:52,552 - INFO - ✅ Task 87ad3deb-36df-46c9-a4d7-4d10c493e317 completed successfully
2025-07-26 20:00:56,481 - INFO - ✅ Validator refresh complete:
2025-07-26 20:00:56,482 - INFO -    Active validators: 10
2025-07-26 20:00:56,482 - INFO -    Inactive validators: 0
2025-07-26 20:00:56,483 - INFO -    Total eligible validators found: 10
2025-07-26 20:00:56,483 - INFO -    Top validators by stake:
2025-07-26 20:00:56,483 - INFO -      UID 212: 104013.5 TAO (trust: 0.000)
2025-07-26 20:00:56,484 - INFO -      UID 142: 69548.6 TAO (trust: 0.000)
2025-07-26 20:00:56,484 - INFO -      UID 27: 60174.1 TAO (trust: 0.000)
2025-07-26 20:00:56,484 - INFO -      UID 124: 39811.6 TAO (trust: 0.000)
2025-07-26 20:00:56,485 - INFO -      UID 128: 13458.9 TAO (trust: 0.000)
2025-07-26 20:00:58,517 - INFO - 📊 CONTINUOUS ORCHESTRATOR STATUS
2025-07-26 20:00:58,517 - INFO - ============================================================
2025-07-26 20:00:58,517 - INFO - Uptime: 2.83 hours
2025-07-26 20:00:58,517 - INFO - Tasks pulled: 134
2025-07-26 20:00:58,517 - INFO - Tasks processed: 134
2025-07-26 20:00:58,517 - INFO - Successful generations: 134
2025-07-26 20:00:58,518 - INFO - Successful validations: 0
2025-07-26 20:00:58,518 - INFO - Successful submissions: 131
2025-07-26 20:00:58,518 - INFO - Total rewards: 2031.015482 TAO
2025-07-26 20:00:58,518 - INFO - Idle validations: 0
2025-07-26 20:00:58,518 - INFO - Prompts optimized: 134
2025-07-26 20:00:58,518 - INFO - Reproducibility optimizations: 16
2025-07-26 20:00:58,518 - INFO - Traditional optimizations: 118
2025-07-26 20:00:58,518 - INFO - Optimization improvements: 0
2025-07-26 20:00:58,518 - INFO - Tasks/hour: 47.4
2025-07-26 20:00:58,518 - INFO - Rewards/hour: 718.213363 TAO
2025-07-26 20:00:58,518 - INFO - Average total processing time: 36.71s
2025-07-26 20:00:58,518 - INFO - Optimization rate: 0.0% of prompts improved
2025-07-26 20:00:58,518 - INFO - Active validators: 10
2025-07-26 20:00:58,518 - INFO -   UID 212: 0 tasks, avg score: 0.691
2025-07-26 20:00:58,518 - INFO -   UID 142: 0 tasks, avg score: 0.682
2025-07-26 20:00:58,518 - INFO -   UID 27: 0 tasks, avg score: 0.577
2025-07-26 20:00:58,519 - WARNING - ⚠️ Found 5 unfinished tasks in last 6 hours:
2025-07-26 20:00:58,519 - WARNING -    UID 142: 'gold bracelet with rubies inla...' - no_submission
2025-07-26 20:00:58,519 - WARNING -    UID 142: 'glossy purple jump rope coiled...' - no_submission
2025-07-26 20:00:58,520 - WARNING -    UID 142: 'opal bracelet with purple ston...' - no_submission
2025-07-26 20:00:58,520 - WARNING -    UID 142: 'matte silver droid designed fo...' - no_submission
2025-07-26 20:00:58,520 - WARNING -    UID 142: 'copper-colored robot with seri...' - no_submission
2025-07-26 20:00:58,520 - INFO - ============================================================
2025-07-26 20:00:58,521 - INFO - 📊 Statistics saved to continuous_trellis_outputs/continuous_stats_20250726_200058.json
2025-07-26 20:01:07,557 - WARNING - ⚠️ Exception checking TRELLIS server status: HTTPConnectionPool(host='localhost', port=8096): Read timed out. (read timeout=5), proceeding anyway.
2025-07-26 20:01:12,563 - WARNING - ⚠️ Exception checking TRELLIS server status: HTTPConnectionPool(host='localhost', port=8096): Read timed out. (read timeout=5), proceeding anyway.
2025-07-26 20:01:17,568 - WARNING - ⚠️ Exception checking TRELLIS server status: HTTPConnectionPool(host='localhost', port=8096): Read timed out. (read timeout=5), proceeding anyway.
2025-07-26 20:01:22,577 - WARNING - ⚠️ Exception checking TRELLIS server status: HTTPConnectionPool(host='localhost', port=8096): Read timed out. (read timeout=5), proceeding anyway.
2025-07-26 20:02:08,844 - WARNING - ⚠️ Exception checking TRELLIS server status: HTTPConnectionPool(host='localhost', port=8096): Read timed out. (read timeout=5), proceeding anyway.
2025-07-26 20:02:13,852 - WARNING - ⚠️ Exception checking TRELLIS server status: HTTPConnectionPool(host='localhost', port=8096): Read timed out. (read timeout=5), proceeding anyway.
2025-07-26 20:02:18,858 - WARNING - ⚠️ Exception checking TRELLIS server status: HTTPConnectionPool(host='localhost', port=8096): Read timed out. (read timeout=5), proceeding anyway.
2025-07-26 20:02:23,867 - WARNING - ⚠️ Exception checking TRELLIS server status: HTTPConnectionPool(host='localhost', port=8096): Read timed out. (read timeout=5), proceeding anyway.
2025-07-26 20:02:27,783 - INFO - ✅ New task from UID 142: 'teal motorboat without sails...'
2025-07-26 20:02:27,783 - INFO -    Threshold: 0.6, Query time: 0.28s
2025-07-26 20:02:27,783 - INFO - 🔄 Processing task cc677709-394d-49d3-8fd5-f1dc0f191b02: 'teal motorboat without sails'
2025-07-26 20:02:27,783 - INFO - 🎨 Generating 3D model: 'teal motorboat without sails' (task: cc677709-394d-49d3-8fd5-f1dc0f191b02)
2025-07-26 20:02:28,272 - INFO - 🚀 Traditional optimization applied:
2025-07-26 20:02:28,272 - INFO -    Original: teal motorboat without sails
2025-07-26 20:02:28,272 - INFO -    Optimized: wbgmsst, a sleek teal motorboat with its engine exposed and propellers extended, gliding effortlessly across a calm turquoise lake surrounded by lush greenery and towering trees in the warm sunlight, white background
2025-07-26 20:02:28,272 - INFO -    Confidence: 80.0%
2025-07-26 20:02:29,671 - INFO - [TRELLIS] GPU cache cleared: {'status': 'cache_cleared', 'available_memory_gb': 19.611189248}
2025-07-26 20:02:29,671 - INFO -    🎲 Using deterministic seed: 42
2025-07-26 20:02:52,821 - INFO - ✅ Generation successful in 23.14s (3,517,859 bytes)
2025-07-26 20:02:52,821 - INFO - 📤 Submitting result: cc677709-394d-49d3-8fd5-f1dc0f191b02
2025-07-26 20:02:52,821 - INFO -    📦 Using SPZ-compressed data from server (3,517,859 bytes)
2025-07-26 20:02:54,819 - INFO - ⏱️ Total processing time: 27.06s (from validator response to submission)
2025-07-26 20:02:54,820 - INFO - ✅ Submission successful to UID 142 (1.98s)
2025-07-26 20:02:54,820 - INFO -    Task fidelity: 0.8817
2025-07-26 20:02:54,820 - INFO -    Average fidelity: 0.8231
2025-07-26 20:02:54,820 - INFO -    Miner reward: 11.522876
2025-07-26 20:02:54,820 - INFO -    Validation failed: False
2025-07-26 20:02:54,820 - INFO -    Generations in window: 14
2025-07-26 20:02:54,846 - INFO - ✅ Task cc677709-394d-49d3-8fd5-f1dc0f191b02 completed successfully
2025-07-26 20:03:13,395 - WARNING - ⚠️ Exception checking TRELLIS server status: HTTPConnectionPool(host='localhost', port=8096): Read timed out. (read timeout=5), proceeding anyway.
2025-07-26 20:03:18,402 - WARNING - ⚠️ Exception checking TRELLIS server status: HTTPConnectionPool(host='localhost', port=8096): Read timed out. (read timeout=5), proceeding anyway.
2025-07-26 20:03:23,407 - WARNING - ⚠️ Exception checking TRELLIS server status: HTTPConnectionPool(host='localhost', port=8096): Read timed out. (read timeout=5), proceeding anyway.
2025-07-26 20:03:28,413 - WARNING - ⚠️ Exception checking TRELLIS server status: HTTPConnectionPool(host='localhost', port=8096): Read timed out. (read timeout=5), proceeding anyway.
2025-07-26 20:03:43,038 - INFO - ✅ New task from UID 212: 'emerald brooch with central deep-green gem...'
2025-07-26 20:03:43,039 - INFO -    Threshold: 0.6, Query time: 0.43s
2025-07-26 20:03:43,039 - INFO - 🔄 Processing task 8f5211ee-fef3-46e7-a396-989763169e8b: 'emerald brooch with central deep-green gem'
2025-07-26 20:03:43,039 - INFO - 🎨 Generating 3D model: 'emerald brooch with central deep-green gem' (task: 8f5211ee-fef3-46e7-a396-989763169e8b)
2025-07-26 20:03:43,602 - INFO - 🚀 Traditional optimization applied:
2025-07-26 20:03:43,602 - INFO -    Original: emerald brooch with central deep-green gem
2025-07-26 20:03:43,602 - INFO -    Optimized: wbgmsst, a delicate emerald brooch with a central deep-green gemstone set against a rich, velvety black background, surrounded by intricate, golden filigree patterns and subtle, shimmering light catches the eye, white background.
2025-07-26 20:03:43,602 - INFO -    Confidence: 80.0%
2025-07-26 20:03:44,954 - INFO - [TRELLIS] GPU cache cleared: {'status': 'cache_cleared', 'available_memory_gb': 15.261696}
2025-07-26 20:03:44,955 - INFO -    🎲 Using deterministic seed: 42
2025-07-26 20:04:11,342 - INFO - ✅ Generation successful in 26.38s (7,158,718 bytes)
2025-07-26 20:04:11,342 - INFO - 📤 Submitting result: 8f5211ee-fef3-46e7-a396-989763169e8b
2025-07-26 20:04:11,343 - INFO -    📦 Using SPZ-compressed data from server (7,158,718 bytes)
2025-07-26 20:04:14,221 - INFO - ⏱️ Total processing time: 31.20s (from validator response to submission)
2025-07-26 20:04:14,221 - INFO - ✅ Submission successful to UID 212 (2.85s)
2025-07-26 20:04:14,221 - INFO -    Task fidelity: 0.7952
2025-07-26 20:04:14,221 - INFO -    Average fidelity: 0.8739
2025-07-26 20:04:14,221 - INFO -    Miner reward: 12.235227
2025-07-26 20:04:14,221 - INFO -    Validation failed: False
2025-07-26 20:04:14,221 - INFO -    Generations in window: 14
2025-07-26 20:04:14,246 - INFO - ✅ Task 8f5211ee-fef3-46e7-a396-989763169e8b completed successfully
2025-07-26 20:04:18,712 - INFO - ✅ New task from UID 128: 'tangy orange segment in small glass dish...'
2025-07-26 20:04:18,713 - INFO -    Threshold: 0.6, Query time: 0.29s
2025-07-26 20:04:18,713 - INFO - 🔄 Processing task 9d47d812-6a80-4d0b-a961-db4ee9d56939: 'tangy orange segment in small glass dish'
2025-07-26 20:04:18,713 - INFO - 🎨 Generating 3D model: 'tangy orange segment in small glass dish' (task: 9d47d812-6a80-4d0b-a961-db4ee9d56939)
2025-07-26 20:04:19,076 - INFO - 🚀 Traditional optimization applied:
2025-07-26 20:04:19,076 - INFO -    Original: tangy orange segment in small glass dish
2025-07-26 20:04:19,077 - INFO -    Optimized: wbgmsst, a juicy tangy orange segment suspended in mid-air within a delicate small glass dish against a soft white background.
2025-07-26 20:04:19,077 - INFO -    Confidence: 80.0%
2025-07-26 20:04:20,277 - INFO - [TRELLIS] GPU cache cleared: {'status': 'cache_cleared', 'available_memory_gb': 19.937624064}
2025-07-26 20:04:20,278 - INFO -    🎲 Using deterministic seed: 42
2025-07-26 20:05:07,558 - INFO - ✅ Generation successful in 47.27s (6,558,868 bytes)
2025-07-26 20:05:07,558 - INFO - 📤 Submitting result: 9d47d812-6a80-4d0b-a961-db4ee9d56939
2025-07-26 20:05:07,559 - INFO -    📦 Using SPZ-compressed data from server (6,558,868 bytes)
2025-07-26 20:05:08,988 - INFO - ⏱️ Total processing time: 50.30s (from validator response to submission)
2025-07-26 20:05:08,988 - INFO - ✅ Submission successful to UID 128 (1.40s)
2025-07-26 20:05:08,988 - INFO -    Task fidelity: 0.8360
2025-07-26 20:05:08,988 - INFO -    Average fidelity: 0.8461
2025-07-26 20:05:08,989 - INFO -    Miner reward: 14.383496
2025-07-26 20:05:08,989 - INFO -    Validation failed: False
2025-07-26 20:05:08,989 - INFO -    Generations in window: 17
2025-07-26 20:05:09,013 - INFO - ✅ Task 9d47d812-6a80-4d0b-a961-db4ee9d56939 completed successfully
2025-07-26 20:05:26,378 - WARNING - ⚠️ Exception checking TRELLIS server status: HTTPConnectionPool(host='localhost', port=8096): Read timed out. (read timeout=5), proceeding anyway.
2025-07-26 20:05:31,385 - WARNING - ⚠️ Exception checking TRELLIS server status: HTTPConnectionPool(host='localhost', port=8096): Read timed out. (read timeout=5), proceeding anyway.
2025-07-26 20:05:36,390 - WARNING - ⚠️ Exception checking TRELLIS server status: HTTPConnectionPool(host='localhost', port=8096): Read timed out. (read timeout=5), proceeding anyway.
2025-07-26 20:05:41,401 - WARNING - ⚠️ Exception checking TRELLIS server status: HTTPConnectionPool(host='localhost', port=8096): Read timed out. (read timeout=5), proceeding anyway.
2025-07-26 20:06:26,882 - WARNING - ⚠️ Exception checking TRELLIS server status: HTTPConnectionPool(host='localhost', port=8096): Read timed out. (read timeout=5), proceeding anyway.
2025-07-26 20:06:31,887 - WARNING - ⚠️ Exception checking TRELLIS server status: HTTPConnectionPool(host='localhost', port=8096): Read timed out. (read timeout=5), proceeding anyway.
2025-07-26 20:06:36,895 - WARNING - ⚠️ Exception checking TRELLIS server status: HTTPConnectionPool(host='localhost', port=8096): Read timed out. (read timeout=5), proceeding anyway.
2025-07-26 20:06:41,901 - WARNING - ⚠️ Exception checking TRELLIS server status: HTTPConnectionPool(host='localhost', port=8096): Read timed out. (read timeout=5), proceeding anyway.
2025-07-26 20:07:25,983 - WARNING - ⚠️ Exception checking TRELLIS server status: HTTPConnectionPool(host='localhost', port=8096): Read timed out. (read timeout=5), proceeding anyway.
2025-07-26 20:07:30,988 - WARNING - ⚠️ Exception checking TRELLIS server status: HTTPConnectionPool(host='localhost', port=8096): Read timed out. (read timeout=5), proceeding anyway.
2025-07-26 20:07:35,995 - WARNING - ⚠️ Exception checking TRELLIS server status: HTTPConnectionPool(host='localhost', port=8096): Read timed out. (read timeout=5), proceeding anyway.
2025-07-26 20:07:41,145 - WARNING - ⚠️ Exception checking TRELLIS server status: HTTPConnectionPool(host='localhost', port=8096): Read timed out. (read timeout=5), proceeding anyway.
2025-07-26 20:08:23,912 - WARNING - ⚠️ Exception checking TRELLIS server status: HTTPConnectionPool(host='localhost', port=8096): Read timed out. (read timeout=5), proceeding anyway.
2025-07-26 20:08:28,919 - WARNING - ⚠️ Exception checking TRELLIS server status: HTTPConnectionPool(host='localhost', port=8096): Read timed out. (read timeout=5), proceeding anyway.
2025-07-26 20:08:33,924 - WARNING - ⚠️ Exception checking TRELLIS server status: HTTPConnectionPool(host='localhost', port=8096): Read timed out. (read timeout=5), proceeding anyway.
2025-07-26 20:08:40,547 - INFO - ✅ New task from UID 142: 'tall mushroom with blue cap and pink stem...'
2025-07-26 20:08:40,548 - INFO -    Threshold: 0.6, Query time: 0.29s
2025-07-26 20:08:40,548 - INFO - 🔄 Processing task e0e16762-866b-477f-8a56-8dd717f12a61: 'tall mushroom with blue cap and pink stem'
2025-07-26 20:08:40,548 - INFO - 🎨 Generating 3D model: 'tall mushroom with blue cap and pink stem' (task: e0e16762-866b-477f-8a56-8dd717f12a61)
2025-07-26 20:08:41,221 - INFO - 🚀 Traditional optimization applied:
2025-07-26 20:08:41,221 - INFO -    Original: tall mushroom with blue cap and pink stem
2025-07-26 20:08:41,221 - INFO -    Optimized: wbgmsst, a majestic tall mushroom with an iridescent blue cap that subtly shimmers in the soft, diffused light of a misty morning forest, its delicate pink stem rising elegantly from the earthy undergrowth, surrounded by lush green foliage and the gentle rustle of leaves, white background
2025-07-26 20:08:41,221 - INFO -    Confidence: 80.0%
2025-07-26 20:08:42,498 - INFO - [TRELLIS] GPU cache cleared: {'status': 'cache_cleared', 'available_memory_gb': 18.948489216}
2025-07-26 20:08:42,498 - INFO -    🎲 Using deterministic seed: 42
2025-07-26 20:09:09,695 - INFO - ✅ Generation successful in 27.19s (9,191,424 bytes)
2025-07-26 20:09:09,695 - INFO - 📤 Submitting result: e0e16762-866b-477f-8a56-8dd717f12a61
2025-07-26 20:09:09,696 - INFO -    📦 Using SPZ-compressed data from server (9,191,424 bytes)
2025-07-26 20:09:12,291 - INFO - ⏱️ Total processing time: 31.76s (from validator response to submission)
2025-07-26 20:09:12,291 - INFO - ✅ Submission successful to UID 142 (2.56s)
2025-07-26 20:09:12,292 - INFO -    Task fidelity: 0.8843
2025-07-26 20:09:12,292 - INFO -    Average fidelity: 0.8261
2025-07-26 20:09:12,292 - INFO -    Miner reward: 12.391832
2025-07-26 20:09:12,292 - INFO -    Validation failed: False
2025-07-26 20:09:12,293 - INFO -    Generations in window: 15
2025-07-26 20:09:12,336 - INFO - ✅ Task e0e16762-866b-477f-8a56-8dd717f12a61 completed successfully
2025-07-26 20:09:28,361 - WARNING - ⚠️ Exception checking TRELLIS server status: HTTPConnectionPool(host='localhost', port=8096): Read timed out. (read timeout=5), proceeding anyway.
2025-07-26 20:09:33,369 - WARNING - ⚠️ Exception checking TRELLIS server status: HTTPConnectionPool(host='localhost', port=8096): Read timed out. (read timeout=5), proceeding anyway.
2025-07-26 20:09:38,378 - WARNING - ⚠️ Exception checking TRELLIS server status: HTTPConnectionPool(host='localhost', port=8096): Read timed out. (read timeout=5), proceeding anyway.
2025-07-26 20:09:43,385 - WARNING - ⚠️ Exception checking TRELLIS server status: HTTPConnectionPool(host='localhost', port=8096): Read timed out. (read timeout=5), proceeding anyway.
2025-07-26 20:09:58,619 - INFO - ✅ New task from UID 212: 'yellow aluminum tape measure retractable...'
2025-07-26 20:09:58,620 - INFO -    Threshold: 0.6, Query time: 0.43s
2025-07-26 20:09:58,620 - INFO - 🔄 Processing task b2360fd9-4f99-44b6-9238-a40ff1415eed: 'yellow aluminum tape measure retractable'
2025-07-26 20:09:58,620 - INFO - 🎨 Generating 3D model: 'yellow aluminum tape measure retractable' (task: b2360fd9-4f99-44b6-9238-a40ff1415eed)
2025-07-26 20:09:59,314 - INFO - 🚀 Traditional optimization applied:
2025-07-26 20:09:59,314 - INFO -    Original: yellow aluminum tape measure retractable
2025-07-26 20:09:59,314 - INFO -    Optimized: wbgmsst, a slender yellow aluminum tape measure lying coiled on a worn wooden workbench, its metal body reflecting a soft, warm glow from a nearby overhead light source, subtle scratches and scuffs on the surface hinting at years of faithful service in various crafting endeavors, white background.
2025-07-26 20:09:59,314 - INFO -    Confidence: 80.0%
2025-07-26 20:10:00,816 - INFO - [TRELLIS] GPU cache cleared: {'status': 'cache_cleared', 'available_memory_gb': 14.56963584}
2025-07-26 20:10:00,816 - INFO -    🎲 Using deterministic seed: 42
2025-07-26 20:10:26,593 - INFO - ✅ Generation successful in 25.77s (6,673,173 bytes)
2025-07-26 20:10:26,597 - INFO - 📤 Submitting result: b2360fd9-4f99-44b6-9238-a40ff1415eed
2025-07-26 20:10:26,599 - INFO -    📦 Using SPZ-compressed data from server (6,673,173 bytes)
2025-07-26 20:10:29,235 - INFO - ⏱️ Total processing time: 30.64s (from validator response to submission)
2025-07-26 20:10:29,235 - INFO - ✅ Submission successful to UID 212 (2.60s)
2025-07-26 20:10:29,235 - INFO -    Task fidelity: 0.6281
2025-07-26 20:10:29,235 - INFO -    Average fidelity: 0.8617
2025-07-26 20:10:29,235 - INFO -    Miner reward: 12.924808
2025-07-26 20:10:29,235 - INFO -    Validation failed: False
2025-07-26 20:10:29,235 - INFO -    Generations in window: 15
2025-07-26 20:10:29,276 - INFO - ✅ Task b2360fd9-4f99-44b6-9238-a40ff1415eed completed successfully
2025-07-26 20:10:36,284 - WARNING - ⚠️ Exception checking TRELLIS server status: HTTPConnectionPool(host='localhost', port=8096): Read timed out. (read timeout=5), proceeding anyway.
2025-07-26 20:10:41,431 - WARNING - ⚠️ Exception checking TRELLIS server status: HTTPConnectionPool(host='localhost', port=8096): Read timed out. (read timeout=5), proceeding anyway.
2025-07-26 20:10:46,583 - WARNING - ⚠️ Exception checking TRELLIS server status: HTTPConnectionPool(host='localhost', port=8096): Read timed out. (read timeout=5), proceeding anyway.
2025-07-26 20:10:53,715 - INFO - ✅ New task from UID 128: 'enormous black robot with round body...'
2025-07-26 20:10:53,716 - INFO -    Threshold: 0.6, Query time: 0.37s
2025-07-26 20:10:53,717 - INFO - 🔄 Processing task ccf7f60f-f731-48cd-a466-808cbf7109ee: 'enormous black robot with round body'
2025-07-26 20:10:53,717 - INFO - 🎨 Generating 3D model: 'enormous black robot with round body' (task: ccf7f60f-f731-48cd-a466-808cbf7109ee)
2025-07-26 20:10:54,322 - INFO - 🚀 Traditional optimization applied:
2025-07-26 20:10:54,322 - INFO -    Original: enormous black robot with round body
2025-07-26 20:10:54,322 - INFO -    Optimized: wbgmsst, an enormous black robot with a rounded, metallic body and glowing blue accents, its surface weathered from years of heavy use, stands proudly against a backdrop of sleek, modern machinery in a futuristic laboratory filled with humming servers and rows of data terminals, white background
2025-07-26 20:10:54,323 - INFO -    Confidence: 80.0%
2025-07-26 20:10:55,802 - INFO - [TRELLIS] GPU cache cleared: {'status': 'cache_cleared', 'available_memory_gb': 18.948489216}
2025-07-26 20:10:55,802 - INFO -    🎲 Using deterministic seed: 42
2025-07-26 20:11:27,538 - INFO - ✅ Generation successful in 31.73s (12,456,900 bytes)
2025-07-26 20:11:27,539 - INFO - 📤 Submitting result: ccf7f60f-f731-48cd-a466-808cbf7109ee
2025-07-26 20:11:27,539 - INFO -    📦 Using SPZ-compressed data from server (12,456,900 bytes)
2025-07-26 20:11:29,772 - INFO - ⏱️ Total processing time: 36.08s (from validator response to submission)
2025-07-26 20:11:29,773 - INFO - ✅ Submission successful to UID 128 (2.20s)
2025-07-26 20:11:29,773 - INFO -    Task fidelity: 0.0000
2025-07-26 20:11:29,773 - INFO -    Average fidelity: 0.8461
2025-07-26 20:11:29,773 - INFO -    Miner reward: 14.383496
2025-07-26 20:11:29,773 - INFO -    Validation failed: False
2025-07-26 20:11:29,773 - INFO -    Generations in window: 17
2025-07-26 20:11:29,820 - INFO - ✅ Task ccf7f60f-f731-48cd-a466-808cbf7109ee completed successfully
2025-07-26 20:11:33,285 - INFO - ✅ Validator refresh complete:
2025-07-26 20:11:33,286 - INFO -    Active validators: 10
2025-07-26 20:11:33,289 - INFO -    Inactive validators: 0
2025-07-26 20:11:33,289 - INFO -    Total eligible validators found: 10
2025-07-26 20:11:33,289 - INFO -    Top validators by stake:
2025-07-26 20:11:33,289 - INFO -      UID 212: 104013.5 TAO (trust: 0.000)
2025-07-26 20:11:33,289 - INFO -      UID 142: 69548.6 TAO (trust: 0.000)
2025-07-26 20:11:33,289 - INFO -      UID 27: 60174.1 TAO (trust: 0.000)
2025-07-26 20:11:33,289 - INFO -      UID 124: 39811.6 TAO (trust: 0.000)
2025-07-26 20:11:33,289 - INFO -      UID 128: 13458.9 TAO (trust: 0.000)
2025-07-26 20:11:33,756 - INFO - 📊 CONTINUOUS ORCHESTRATOR STATUS
2025-07-26 20:11:33,756 - INFO - ============================================================
2025-07-26 20:11:33,757 - INFO - Uptime: 3.00 hours
2025-07-26 20:11:33,757 - INFO - Tasks pulled: 140
2025-07-26 20:11:33,757 - INFO - Tasks processed: 140
2025-07-26 20:11:33,757 - INFO - Successful generations: 140
2025-07-26 20:11:33,757 - INFO - Successful validations: 0
2025-07-26 20:11:33,757 - INFO - Successful submissions: 137
2025-07-26 20:11:33,757 - INFO - Total rewards: 2108.857216 TAO
2025-07-26 20:11:33,758 - INFO - Idle validations: 0
2025-07-26 20:11:33,758 - INFO - Prompts optimized: 140
2025-07-26 20:11:33,758 - INFO - Reproducibility optimizations: 16
2025-07-26 20:11:33,758 - INFO - Traditional optimizations: 124
2025-07-26 20:11:33,758 - INFO - Optimization improvements: 0
2025-07-26 20:11:33,758 - INFO - Tasks/hour: 46.6
2025-07-26 20:11:33,758 - INFO - Rewards/hour: 701.939896 TAO
2025-07-26 20:11:33,758 - INFO - Average total processing time: 36.61s
2025-07-26 20:11:33,758 - INFO - Optimization rate: 0.0% of prompts improved
2025-07-26 20:11:33,759 - INFO - Active validators: 10
2025-07-26 20:11:33,759 - INFO -   UID 212: 0 tasks, avg score: 0.694
2025-07-26 20:11:33,759 - INFO -   UID 142: 0 tasks, avg score: 0.720
2025-07-26 20:11:33,759 - INFO -   UID 27: 0 tasks, avg score: 0.577
2025-07-26 20:11:33,760 - WARNING - ⚠️ Found 5 unfinished tasks in last 6 hours:
2025-07-26 20:11:33,760 - WARNING -    UID 142: 'gold bracelet with rubies inla...' - no_submission
2025-07-26 20:11:33,760 - WARNING -    UID 142: 'glossy purple jump rope coiled...' - no_submission
2025-07-26 20:11:33,760 - WARNING -    UID 142: 'opal bracelet with purple ston...' - no_submission
2025-07-26 20:11:33,761 - WARNING -    UID 142: 'matte silver droid designed fo...' - no_submission
2025-07-26 20:11:33,761 - WARNING -    UID 142: 'copper-colored robot with seri...' - no_submission
2025-07-26 20:11:33,761 - INFO - ============================================================
2025-07-26 20:11:33,762 - INFO - 📊 Statistics saved to continuous_trellis_outputs/continuous_stats_20250726_201133.json
2025-07-26 20:11:43,452 - WARNING - ⚠️ Exception checking TRELLIS server status: HTTPConnectionPool(host='localhost', port=8096): Read timed out. (read timeout=5), proceeding anyway.
2025-07-26 20:11:48,924 - WARNING - ⚠️ Exception checking TRELLIS server status: HTTPConnectionPool(host='localhost', port=8096): Read timed out. (read timeout=5), proceeding anyway.
2025-07-26 20:11:54,439 - WARNING - ⚠️ Exception checking TRELLIS server status: HTTPConnectionPool(host='localhost', port=8096): Read timed out. (read timeout=5), proceeding anyway.
2025-07-26 20:12:38,662 - WARNING - ⚠️ Exception checking TRELLIS server status: HTTPConnectionPool(host='localhost', port=8096): Read timed out. (read timeout=5), proceeding anyway.
2025-07-26 20:12:43,669 - WARNING - ⚠️ Exception checking TRELLIS server status: HTTPConnectionPool(host='localhost', port=8096): Read timed out. (read timeout=5), proceeding anyway.
2025-07-26 20:12:48,675 - WARNING - ⚠️ Exception checking TRELLIS server status: HTTPConnectionPool(host='localhost', port=8096): Read timed out. (read timeout=5), proceeding anyway.
2025-07-26 20:12:53,682 - WARNING - ⚠️ Exception checking TRELLIS server status: HTTPConnectionPool(host='localhost', port=8096): Read timed out. (read timeout=5), proceeding anyway.
2025-07-26 20:13:36,985 - WARNING - ⚠️ Exception checking TRELLIS server status: HTTPConnectionPool(host='localhost', port=8096): Read timed out. (read timeout=5), proceeding anyway.
2025-07-26 20:13:41,993 - WARNING - ⚠️ Exception checking TRELLIS server status: HTTPConnectionPool(host='localhost', port=8096): Read timed out. (read timeout=5), proceeding anyway.
2025-07-26 20:13:47,002 - WARNING - ⚠️ Exception checking TRELLIS server status: HTTPConnectionPool(host='localhost', port=8096): Read timed out. (read timeout=5), proceeding anyway.
2025-07-26 20:13:52,009 - WARNING - ⚠️ Exception checking TRELLIS server status: HTTPConnectionPool(host='localhost', port=8096): Read timed out. (read timeout=5), proceeding anyway.
2025-07-26 20:14:02,321 - INFO - ✅ New task from UID 49: 'white wooden golf club head...'
2025-07-26 20:14:02,321 - INFO -    Threshold: 0.6, Query time: 0.44s
2025-07-26 20:14:02,321 - INFO - 🔄 Processing task b924fc8c-8ac4-4c5d-b24c-ff59a9bbc549: 'white wooden golf club head'
2025-07-26 20:14:02,321 - INFO - 🎨 Generating 3D model: 'white wooden golf club head' (task: b924fc8c-8ac4-4c5d-b24c-ff59a9bbc549)
2025-07-26 20:14:02,803 - INFO - 🚀 Traditional optimization applied:
2025-07-26 20:14:02,803 - INFO -    Original: white wooden golf club head
2025-07-26 20:14:02,803 - INFO -    Optimized: wbgmsst, a weathered white wooden golf club head resting on a worn leather bag with subtle scratches and scuffs, surrounded by lush green grass with dew drops glistening on its surface, white background
2025-07-26 20:14:02,803 - INFO -    Confidence: 80.0%
2025-07-26 20:14:04,037 - INFO - [TRELLIS] GPU cache cleared: {'status': 'cache_cleared', 'available_memory_gb': 18.948489216}
2025-07-26 20:14:04,038 - INFO -    🎲 Using deterministic seed: 42
2025-07-26 20:14:35,169 - INFO - ✅ Generation successful in 31.12s (11,728,685 bytes)
2025-07-26 20:14:35,170 - INFO - 📤 Submitting result: b924fc8c-8ac4-4c5d-b24c-ff59a9bbc549
2025-07-26 20:14:35,170 - INFO -    📦 Using SPZ-compressed data from server (11,728,685 bytes)
2025-07-26 20:14:38,747 - INFO - ⏱️ Total processing time: 36.46s (from validator response to submission)
2025-07-26 20:14:38,748 - INFO - ✅ Submission successful to UID 49 (3.52s)
2025-07-26 20:14:38,749 - INFO -    Task fidelity: 0.0000
2025-07-26 20:14:38,749 - INFO -    Average fidelity: 0.8023
2025-07-26 20:14:38,750 - INFO -    Miner reward: 24.069748
2025-07-26 20:14:38,750 - INFO -    Validation failed: False
2025-07-26 20:14:38,751 - INFO -    Generations in window: 30
2025-07-26 20:14:38,782 - INFO - ✅ Task b924fc8c-8ac4-4c5d-b24c-ff59a9bbc549 completed successfully
2025-07-26 20:14:41,993 - INFO - ✅ New task from UID 142: 'flying creature with large wings and small body...'
2025-07-26 20:14:41,994 - INFO -    Threshold: 0.6, Query time: 0.29s
2025-07-26 20:14:41,994 - INFO - 🔄 Processing task 15f3d9a5-f10b-4cdd-a770-be7c3d55ba4c: 'flying creature with large wings and small body'
2025-07-26 20:14:41,994 - INFO - 🎨 Generating 3D model: 'flying creature with large wings and small body' (task: 15f3d9a5-f10b-4cdd-a770-be7c3d55ba4c)
2025-07-26 20:14:43,991 - INFO - 🔄 Reproducibility optimization applied:
2025-07-26 20:14:43,991 - INFO -    Original: flying creature with large wings and small body
2025-07-26 20:14:43,992 - INFO -    Optimized: wbgmsst, an enhanced flying creature with intricate metal arms and glowing blue accents on its body, featuring metallic details and a subtle texture and shading, standing in front of a white background, white background.
2025-07-26 20:14:43,992 - INFO -    Similarity: 0.511
2025-07-26 20:14:43,992 - INFO -    Gold score: 0.9211
2025-07-26 20:14:45,087 - INFO - [TRELLIS] GPU cache cleared: {'status': 'cache_cleared', 'available_memory_gb': 19.937624064}
2025-07-26 20:14:45,087 - INFO -    🎲 Using deterministic seed: 42
2025-07-26 20:15:06,984 - INFO - ✅ Generation successful in 21.89s (3,924,291 bytes)
2025-07-26 20:15:06,984 - INFO - 📤 Submitting result: 15f3d9a5-f10b-4cdd-a770-be7c3d55ba4c
2025-07-26 20:15:06,984 - INFO -    📦 Using SPZ-compressed data from server (3,924,291 bytes)
2025-07-26 20:15:08,944 - INFO - ⏱️ Total processing time: 26.96s (from validator response to submission)
2025-07-26 20:15:08,945 - INFO - ✅ Submission successful to UID 142 (1.95s)
2025-07-26 20:15:08,945 - INFO -    Task fidelity: 0.8237
2025-07-26 20:15:08,945 - INFO -    Average fidelity: 0.8260
2025-07-26 20:15:08,945 - INFO -    Miner reward: 13.215980
2025-07-26 20:15:08,945 - INFO -    Validation failed: False
2025-07-26 20:15:08,945 - INFO -    Generations in window: 16
2025-07-26 20:15:08,969 - INFO - ✅ Task 15f3d9a5-f10b-4cdd-a770-be7c3d55ba4c completed successfully
2025-07-26 20:15:13,977 - WARNING - ⚠️ Exception checking TRELLIS server status: HTTPConnectionPool(host='localhost', port=8096): Read timed out. (read timeout=5), proceeding anyway.
2025-07-26 20:15:14,426 - INFO - 🧹 Cleaned up 0 old prompt records and 0 failed tasks
2025-07-26 20:15:21,434 - WARNING - ⚠️ Exception checking TRELLIS server status: HTTPConnectionPool(host='localhost', port=8096): Read timed out. (read timeout=5), proceeding anyway.
2025-07-26 20:15:26,590 - WARNING - ⚠️ Exception checking TRELLIS server status: HTTPConnectionPool(host='localhost', port=8096): Read timed out. (read timeout=5), proceeding anyway.
2025-07-26 20:15:31,744 - WARNING - ⚠️ Exception checking TRELLIS server status: HTTPConnectionPool(host='localhost', port=8096): Read timed out. (read timeout=5), proceeding anyway.
2025-07-26 20:16:01,856 - INFO - ✅ New task from UID 212: 'centaur with human face and lion mane...'
2025-07-26 20:16:01,856 - INFO -    Threshold: 0.6, Query time: 0.41s
2025-07-26 20:16:01,856 - INFO - 🔄 Processing task 00a0a93b-1fd5-456f-a26b-b5250edd7152: 'centaur with human face and lion mane'
2025-07-26 20:16:01,856 - INFO - 🎨 Generating 3D model: 'centaur with human face and lion mane' (task: 00a0a93b-1fd5-456f-a26b-b5250edd7152)
2025-07-26 20:16:02,540 - INFO - 🚀 Traditional optimization applied:
2025-07-26 20:16:02,541 - INFO -    Original: centaur with human face and lion mane
2025-07-26 20:16:02,542 - INFO -    Optimized: wbgmsst, a majestic centaur with a humanoid upper body and a regal lion's mane standing proudly in a lush meadow filled with wildflowers of every color, the warm sunlight casting a golden glow on its majestic form, white background.
2025-07-26 20:16:02,542 - INFO -    Confidence: 80.0%
2025-07-26 20:16:03,462 - INFO - [TRELLIS] GPU cache cleared: {'status': 'cache_cleared', 'available_memory_gb': 19.937624064}
2025-07-26 20:16:03,462 - INFO -    🎲 Using deterministic seed: 42
2025-07-26 20:16:28,500 - INFO - ✅ Generation successful in 25.03s (8,473,708 bytes)
2025-07-26 20:16:28,501 - INFO - 📤 Submitting result: 00a0a93b-1fd5-456f-a26b-b5250edd7152
2025-07-26 20:16:28,501 - INFO -    📦 Using SPZ-compressed data from server (8,473,708 bytes)
2025-07-26 20:16:31,203 - INFO - ⏱️ Total processing time: 29.37s (from validator response to submission)
2025-07-26 20:16:31,204 - INFO - ✅ Submission successful to UID 212 (2.68s)
2025-07-26 20:16:31,204 - INFO -    Task fidelity: 0.7975
2025-07-26 20:16:31,205 - INFO -    Average fidelity: 0.8584
2025-07-26 20:16:31,205 - INFO -    Miner reward: 13.735145
2025-07-26 20:16:31,205 - INFO -    Validation failed: False
2025-07-26 20:16:31,205 - INFO -    Generations in window: 16
2025-07-26 20:16:31,247 - INFO - ✅ Task 00a0a93b-1fd5-456f-a26b-b5250edd7152 completed successfully
2025-07-26 20:16:38,254 - WARNING - ⚠️ Exception checking TRELLIS server status: HTTPConnectionPool(host='localhost', port=8096): Read timed out. (read timeout=5), proceeding anyway.
2025-07-26 20:16:43,408 - WARNING - ⚠️ Exception checking TRELLIS server status: HTTPConnectionPool(host='localhost', port=8096): Read timed out. (read timeout=5), proceeding anyway.
2025-07-26 20:16:48,548 - WARNING - ⚠️ Exception checking TRELLIS server status: HTTPConnectionPool(host='localhost', port=8096): Read timed out. (read timeout=5), proceeding anyway.
2025-07-26 20:16:53,987 - INFO - ✅ New task from UID 27: 'saxophone mouthpiece in elegant silver...'
2025-07-26 20:16:53,988 - INFO -    Threshold: 0.6, Query time: 0.62s
2025-07-26 20:16:53,988 - INFO - 🔄 Processing task f96af789-181e-4a30-9b06-7b0b7d56eb1c: 'saxophone mouthpiece in elegant silver'
2025-07-26 20:16:53,988 - INFO - 🎨 Generating 3D model: 'saxophone mouthpiece in elegant silver' (task: f96af789-181e-4a30-9b06-7b0b7d56eb1c)
2025-07-26 20:16:54,450 - INFO - 🚀 Traditional optimization applied:
2025-07-26 20:16:54,450 - INFO -    Original: saxophone mouthpiece in elegant silver
2025-07-26 20:16:54,451 - INFO -    Optimized: wbgmsst, a slender saxophone mouthpiece of polished silver resting on a velvety cushion within a luxurious leather case adorned with intricate tooling and subtle engravings, white background.
2025-07-26 20:16:54,451 - INFO -    Confidence: 80.0%
2025-07-26 20:16:55,607 - INFO - [TRELLIS] GPU cache cleared: {'status': 'cache_cleared', 'available_memory_gb': 19.611189248}
2025-07-26 20:16:55,608 - INFO -    🎲 Using deterministic seed: 42
2025-07-26 20:17:26,267 - INFO - ✅ Generation successful in 30.65s (12,479,946 bytes)
2025-07-26 20:17:26,267 - INFO - 📤 Submitting result: f96af789-181e-4a30-9b06-7b0b7d56eb1c
2025-07-26 20:17:26,267 - INFO -    📦 Using SPZ-compressed data from server (12,479,946 bytes)
2025-07-26 20:17:32,084 - INFO - ⏱️ Total processing time: 38.12s (from validator response to submission)
2025-07-26 20:17:32,085 - INFO - ✅ Submission successful to UID 27 (5.77s)
2025-07-26 20:17:32,085 - INFO -    Task fidelity: 0.0000
2025-07-26 20:17:32,085 - INFO -    Average fidelity: 0.8451
2025-07-26 20:17:32,085 - INFO -    Miner reward: 14.365869
2025-07-26 20:17:32,085 - INFO -    Validation failed: False
2025-07-26 20:17:32,085 - INFO -    Generations in window: 17
2025-07-26 20:17:32,121 - INFO - ✅ Task f96af789-181e-4a30-9b06-7b0b7d56eb1c completed successfully
2025-07-26 20:17:43,766 - WARNING - ⚠️ Exception checking TRELLIS server status: HTTPConnectionPool(host='localhost', port=8096): Read timed out. (read timeout=5), proceeding anyway.
2025-07-26 20:17:48,774 - WARNING - ⚠️ Exception checking TRELLIS server status: HTTPConnectionPool(host='localhost', port=8096): Read timed out. (read timeout=5), proceeding anyway.
2025-07-26 20:17:53,781 - WARNING - ⚠️ Exception checking TRELLIS server status: HTTPConnectionPool(host='localhost', port=8096): Read timed out. (read timeout=5), proceeding anyway.
2025-07-26 20:17:58,788 - WARNING - ⚠️ Exception checking TRELLIS server status: HTTPConnectionPool(host='localhost', port=8096): Read timed out. (read timeout=5), proceeding anyway.
2025-07-26 20:18:19,172 - INFO - ✅ New task from UID 81: 'humanoid white robot with single blue arm...'
2025-07-26 20:18:19,172 - INFO -    Threshold: 0.6, Query time: 0.45s
2025-07-26 20:18:19,173 - INFO - 🔄 Processing task 9b00d100-4b5a-423e-ba85-5470cbf40083: 'humanoid white robot with single blue arm'
2025-07-26 20:18:19,173 - INFO - 🎨 Generating 3D model: 'humanoid white robot with single blue arm' (task: 9b00d100-4b5a-423e-ba85-5470cbf40083)
2025-07-26 20:18:19,935 - INFO - 🚀 Traditional optimization applied:
2025-07-26 20:18:19,936 - INFO -    Original: humanoid white robot with single blue arm
2025-07-26 20:18:19,936 - INFO -    Optimized: wbgmsst, a slender humanoid robot with a shimmering silver and chrome body, one of its arms is painted a deep azure hue, its mechanical limbs appear worn from years of use in various industries, its single blue arm holds an old-fashioned wrench with a metallic patina, in the foreground, surrounded by scattered tools and wires, white background
2025-07-26 20:18:19,936 - INFO -    Confidence: 80.0%
2025-07-26 20:18:21,204 - INFO - [TRELLIS] GPU cache cleared: {'status': 'cache_cleared', 'available_memory_gb': 13.487505408}
2025-07-26 20:18:21,205 - INFO -    🎲 Using deterministic seed: 42
2025-07-26 20:18:46,480 - INFO - ✅ Generation successful in 25.27s (3,692,957 bytes)
2025-07-26 20:18:46,480 - INFO - 📤 Submitting result: 9b00d100-4b5a-423e-ba85-5470cbf40083
2025-07-26 20:18:46,480 - INFO -    📦 Using SPZ-compressed data from server (3,692,957 bytes)
2025-07-26 20:18:50,201 - INFO - ⏱️ Total processing time: 31.05s (from validator response to submission)
2025-07-26 20:18:50,201 - INFO - ✅ Submission successful to UID 81 (3.69s)
2025-07-26 20:18:50,201 - INFO -    Task fidelity: 0.9192
2025-07-26 20:18:50,202 - INFO -    Average fidelity: 0.8773
2025-07-26 20:18:50,202 - INFO -    Miner reward: 12.281897
2025-07-26 20:18:50,202 - INFO -    Validation failed: False
2025-07-26 20:18:50,202 - INFO -    Generations in window: 14
2025-07-26 20:18:50,225 - INFO - ✅ Task 9b00d100-4b5a-423e-ba85-5470cbf40083 completed successfully
2025-07-26 20:18:58,367 - WARNING - ⚠️ Exception checking TRELLIS server status: HTTPConnectionPool(host='localhost', port=8096): Read timed out. (read timeout=5), proceeding anyway.
2025-07-26 20:19:03,506 - WARNING - ⚠️ Exception checking TRELLIS server status: HTTPConnectionPool(host='localhost', port=8096): Read timed out. (read timeout=5), proceeding anyway.
2025-07-26 20:19:08,659 - WARNING - ⚠️ Exception checking TRELLIS server status: HTTPConnectionPool(host='localhost', port=8096): Read timed out. (read timeout=5), proceeding anyway.
2025-07-26 20:19:13,803 - WARNING - ⚠️ Exception checking TRELLIS server status: HTTPConnectionPool(host='localhost', port=8096): Read timed out. (read timeout=5), proceeding anyway.
2025-07-26 20:19:58,422 - WARNING - ⚠️ Exception checking TRELLIS server status: HTTPConnectionPool(host='localhost', port=8096): Read timed out. (read timeout=5), proceeding anyway.
2025-07-26 20:20:03,427 - WARNING - ⚠️ Exception checking TRELLIS server status: HTTPConnectionPool(host='localhost', port=8096): Read timed out. (read timeout=5), proceeding anyway.
2025-07-26 20:20:08,433 - WARNING - ⚠️ Exception checking TRELLIS server status: HTTPConnectionPool(host='localhost', port=8096): Read timed out. (read timeout=5), proceeding anyway.
2025-07-26 20:20:13,632 - WARNING - ⚠️ Exception checking TRELLIS server status: HTTPConnectionPool(host='localhost', port=8096): Read timed out. (read timeout=5), proceeding anyway.
2025-07-26 20:20:23,566 - INFO - ✅ New task from UID 142: 'stone with unusual shape...'
2025-07-26 20:20:23,566 - INFO -    Threshold: 0.6, Query time: 0.28s
2025-07-26 20:20:23,567 - INFO - 🔄 Processing task bc98654c-44a9-48bd-9e4b-febd7a1ffc78: 'stone with unusual shape'
2025-07-26 20:20:23,567 - INFO - 🎨 Generating 3D model: 'stone with unusual shape' (task: bc98654c-44a9-48bd-9e4b-febd7a1ffc78)
2025-07-26 20:20:24,969 - INFO - 🔄 Reproducibility optimization applied:
2025-07-26 20:20:24,969 - INFO -    Original: stone with unusual shape
2025-07-26 20:20:24,969 - INFO -    Optimized: wbgmsst, a smooth stone with an unusual gradient-like shape on a white background.
2025-07-26 20:20:24,969 - INFO -    Similarity: 0.618
2025-07-26 20:20:24,969 - INFO -    Gold score: 0.8567
2025-07-26 20:20:26,412 - INFO - [TRELLIS] GPU cache cleared: {'status': 'cache_cleared', 'available_memory_gb': 18.948489216}
2025-07-26 20:20:26,412 - INFO -    🎲 Using deterministic seed: 42
2025-07-26 20:20:50,872 - INFO - ✅ Generation successful in 24.45s (4,565,638 bytes)
2025-07-26 20:20:50,872 - INFO - 📤 Submitting result: bc98654c-44a9-48bd-9e4b-febd7a1ffc78
2025-07-26 20:20:50,872 - INFO -    📦 Using SPZ-compressed data from server (4,565,638 bytes)
2025-07-26 20:20:52,280 - INFO - ⏱️ Total processing time: 28.74s (from validator response to submission)
2025-07-26 20:20:52,280 - INFO - ✅ Submission successful to UID 142 (1.39s)
2025-07-26 20:20:52,280 - INFO -    Task fidelity: 0.8162
2025-07-26 20:20:52,280 - INFO -    Average fidelity: 0.8255
2025-07-26 20:20:52,280 - INFO -    Miner reward: 14.033648
2025-07-26 20:20:52,280 - INFO -    Validation failed: False
2025-07-26 20:20:52,280 - INFO -    Generations in window: 17
2025-07-26 20:20:52,305 - INFO - ✅ Task bc98654c-44a9-48bd-9e4b-febd7a1ffc78 completed successfully
2025-07-26 20:21:09,940 - WARNING - ⚠️ Exception checking TRELLIS server status: HTTPConnectionPool(host='localhost', port=8096): Read timed out. (read timeout=5), proceeding anyway.
2025-07-26 20:21:14,943 - WARNING - ⚠️ Exception checking TRELLIS server status: HTTPConnectionPool(host='localhost', port=8096): Read timed out. (read timeout=5), proceeding anyway.
2025-07-26 20:21:19,949 - WARNING - ⚠️ Exception checking TRELLIS server status: HTTPConnectionPool(host='localhost', port=8096): Read timed out. (read timeout=5), proceeding anyway.
2025-07-26 20:21:24,956 - WARNING - ⚠️ Exception checking TRELLIS server status: HTTPConnectionPool(host='localhost', port=8096): Read timed out. (read timeout=5), proceeding anyway.
2025-07-26 20:21:35,112 - INFO - ✅ Validator refresh complete:
2025-07-26 20:21:35,113 - INFO -    Active validators: 10
2025-07-26 20:21:35,113 - INFO -    Inactive validators: 0
2025-07-26 20:21:35,113 - INFO -    Total eligible validators found: 10
2025-07-26 20:21:35,113 - INFO -    Top validators by stake:
2025-07-26 20:21:35,113 - INFO -      UID 212: 104013.5 TAO (trust: 0.000)
2025-07-26 20:21:35,113 - INFO -      UID 142: 69548.6 TAO (trust: 0.000)
2025-07-26 20:21:35,113 - INFO -      UID 27: 60174.1 TAO (trust: 0.000)
2025-07-26 20:21:35,113 - INFO -      UID 124: 39811.6 TAO (trust: 0.000)
2025-07-26 20:21:35,113 - INFO -      UID 128: 13458.9 TAO (trust: 0.000)
2025-07-26 20:21:35,141 - INFO - 📊 CONTINUOUS ORCHESTRATOR STATUS
2025-07-26 20:21:35,141 - INFO - ============================================================
2025-07-26 20:21:35,141 - INFO - Uptime: 3.17 hours
2025-07-26 20:21:35,141 - INFO - Tasks pulled: 146
2025-07-26 20:21:35,141 - INFO - Tasks processed: 146
2025-07-26 20:21:35,141 - INFO - Successful generations: 146
2025-07-26 20:21:35,141 - INFO - Successful validations: 0
2025-07-26 20:21:35,141 - INFO - Successful submissions: 143
2025-07-26 20:21:35,142 - INFO - Total rewards: 2200.559503 TAO
2025-07-26 20:21:35,142 - INFO - Idle validations: 0
2025-07-26 20:21:35,142 - INFO - Prompts optimized: 146
2025-07-26 20:21:35,142 - INFO - Reproducibility optimizations: 18
2025-07-26 20:21:35,142 - INFO - Traditional optimizations: 128
2025-07-26 20:21:35,142 - INFO - Optimization improvements: 0
2025-07-26 20:21:35,142 - INFO - Tasks/hour: 46.0
2025-07-26 20:21:35,142 - INFO - Rewards/hour: 693.881018 TAO
2025-07-26 20:21:35,142 - INFO - Average total processing time: 36.41s
2025-07-26 20:21:35,142 - INFO - Optimization rate: 0.0% of prompts improved
2025-07-26 20:21:35,142 - INFO - Active validators: 10
2025-07-26 20:21:35,142 - INFO -   UID 212: 0 tasks, avg score: 0.704
2025-07-26 20:21:35,142 - INFO -   UID 142: 0 tasks, avg score: 0.739
2025-07-26 20:21:35,143 - INFO -   UID 27: 0 tasks, avg score: 0.520
2025-07-26 20:21:35,144 - WARNING - ⚠️ Found 5 unfinished tasks in last 6 hours:
2025-07-26 20:21:35,144 - WARNING -    UID 142: 'gold bracelet with rubies inla...' - no_submission
2025-07-26 20:21:35,144 - WARNING -    UID 142: 'glossy purple jump rope coiled...' - no_submission
2025-07-26 20:21:35,144 - WARNING -    UID 142: 'opal bracelet with purple ston...' - no_submission
2025-07-26 20:21:35,144 - WARNING -    UID 142: 'matte silver droid designed fo...' - no_submission
2025-07-26 20:21:35,144 - WARNING -    UID 142: 'copper-colored robot with seri...' - no_submission
2025-07-26 20:21:35,144 - INFO - ============================================================
2025-07-26 20:21:35,145 - INFO - 📊 Statistics saved to continuous_trellis_outputs/continuous_stats_20250726_202135.json
2025-07-26 20:22:08,904 - WARNING - ⚠️ Exception checking TRELLIS server status: HTTPConnectionPool(host='localhost', port=8096): Read timed out. (read timeout=5), proceeding anyway.
2025-07-26 20:22:13,910 - WARNING - ⚠️ Exception checking TRELLIS server status: HTTPConnectionPool(host='localhost', port=8096): Read timed out. (read timeout=5), proceeding anyway.
2025-07-26 20:22:18,913 - WARNING - ⚠️ Exception checking TRELLIS server status: HTTPConnectionPool(host='localhost', port=8096): Read timed out. (read timeout=5), proceeding anyway.
2025-07-26 20:22:23,927 - WARNING - ⚠️ Exception checking TRELLIS server status: HTTPConnectionPool(host='localhost', port=8096): Read timed out. (read timeout=5), proceeding anyway.
2025-07-26 20:22:28,935 - WARNING - ⚠️ Exception checking TRELLIS server status: HTTPConnectionPool(host='localhost', port=8096): Read timed out. (read timeout=5), proceeding anyway.
2025-07-26 20:22:30,828 - INFO - ✅ New task from UID 212: 'silver serpent coiled around glowing crystal staff...'
2025-07-26 20:22:30,829 - INFO -    Threshold: 0.6, Query time: 0.43s
2025-07-26 20:22:30,829 - INFO - 🔄 Processing task e39fd303-bed8-46fa-bb53-4cd80c60d8ee: 'silver serpent coiled around glowing crystal staff'
2025-07-26 20:22:30,829 - INFO - 🎨 Generating 3D model: 'silver serpent coiled around glowing crystal staff' (task: e39fd303-bed8-46fa-bb53-4cd80c60d8ee)
2025-07-26 20:22:31,362 - INFO - 🚀 Traditional optimization applied:
2025-07-26 20:22:31,362 - INFO -    Original: silver serpent coiled around glowing crystal staff
2025-07-26 20:22:31,362 - INFO -    Optimized: wbgmsst, a delicate silver serpent coils around a radiant glowing crystal staff, its ethereal light casting an otherworldly glow on the surrounding environment, white background
2025-07-26 20:22:31,362 - INFO -    Confidence: 80.0%
2025-07-26 20:22:32,720 - INFO - [TRELLIS] GPU cache cleared: {'status': 'cache_cleared', 'available_memory_gb': 19.611189248}
2025-07-26 20:22:32,721 - INFO -    🎲 Using deterministic seed: 42
2025-07-26 20:22:57,592 - INFO - ✅ Generation successful in 24.86s (5,131,286 bytes)
2025-07-26 20:22:57,592 - INFO - 📤 Submitting result: e39fd303-bed8-46fa-bb53-4cd80c60d8ee
2025-07-26 20:22:57,593 - INFO -    📦 Using SPZ-compressed data from server (5,131,286 bytes)
2025-07-26 20:22:59,937 - INFO - ⏱️ Total processing time: 29.12s (from validator response to submission)
2025-07-26 20:22:59,938 - INFO - ✅ Submission successful to UID 212 (2.33s)
2025-07-26 20:22:59,939 - INFO -    Task fidelity: 0.0000
2025-07-26 20:22:59,939 - INFO -    Average fidelity: 0.8584
2025-07-26 20:22:59,939 - INFO -    Miner reward: 13.735145
2025-07-26 20:22:59,939 - INFO -    Validation failed: False
2025-07-26 20:22:59,939 - INFO -    Generations in window: 16
2025-07-26 20:22:59,961 - INFO - ✅ Task e39fd303-bed8-46fa-bb53-4cd80c60d8ee completed successfully
2025-07-26 20:23:19,207 - WARNING - ⚠️ Exception checking TRELLIS server status: HTTPConnectionPool(host='localhost', port=8096): Read timed out. (read timeout=5), proceeding anyway.
2025-07-26 20:23:24,215 - WARNING - ⚠️ Exception checking TRELLIS server status: HTTPConnectionPool(host='localhost', port=8096): Read timed out. (read timeout=5), proceeding anyway.
2025-07-26 20:23:29,220 - WARNING - ⚠️ Exception checking TRELLIS server status: HTTPConnectionPool(host='localhost', port=8096): Read timed out. (read timeout=5), proceeding anyway.
2025-07-26 20:23:34,226 - WARNING - ⚠️ Exception checking TRELLIS server status: HTTPConnectionPool(host='localhost', port=8096): Read timed out. (read timeout=5), proceeding anyway.
2025-07-26 20:24:16,440 - WARNING - ⚠️ Exception checking TRELLIS server status: HTTPConnectionPool(host='localhost', port=8096): Read timed out. (read timeout=5), proceeding anyway.
2025-07-26 20:24:21,446 - WARNING - ⚠️ Exception checking TRELLIS server status: HTTPConnectionPool(host='localhost', port=8096): Read timed out. (read timeout=5), proceeding anyway.
2025-07-26 20:24:26,453 - WARNING - ⚠️ Exception checking TRELLIS server status: HTTPConnectionPool(host='localhost', port=8096): Read timed out. (read timeout=5), proceeding anyway.
2025-07-26 20:24:31,460 - WARNING - ⚠️ Exception checking TRELLIS server status: HTTPConnectionPool(host='localhost', port=8096): Read timed out. (read timeout=5), proceeding anyway.
2025-07-26 20:24:37,646 - INFO - ✅ New task from UID 81: 'hematite and citrine bracelet set in bronze...'
2025-07-26 20:24:37,646 - INFO -    Threshold: 0.6, Query time: 0.44s
2025-07-26 20:24:37,646 - INFO - 🔄 Processing task cd059777-d991-4ece-a1f1-d0e5764a633f: 'hematite and citrine bracelet set in bronze'
2025-07-26 20:24:37,646 - INFO - 🎨 Generating 3D model: 'hematite and citrine bracelet set in bronze' (task: cd059777-d991-4ece-a1f1-d0e5764a633f)
2025-07-26 20:24:38,053 - INFO - 🚀 Traditional optimization applied:
2025-07-26 20:24:38,053 - INFO -    Original: hematite and citrine bracelet set in bronze
2025-07-26 20:24:38,053 - INFO -    Optimized: wbgmsst, a delicate hematite and citrine beaded bracelet suspended around a slender wrist, set in intricate bronze accents with weathered finishes, white background
2025-07-26 20:24:38,053 - INFO -    Confidence: 80.0%
2025-07-26 20:24:39,142 - INFO - [TRELLIS] GPU cache cleared: {'status': 'cache_cleared', 'available_memory_gb': 18.948489216}
2025-07-26 20:24:39,142 - INFO -    🎲 Using deterministic seed: 42
2025-07-26 20:25:03,750 - INFO - ✅ Generation successful in 24.60s (4,839,472 bytes)
2025-07-26 20:25:03,750 - INFO - 📤 Submitting result: cd059777-d991-4ece-a1f1-d0e5764a633f
2025-07-26 20:25:03,750 - INFO -    📦 Using SPZ-compressed data from server (4,839,472 bytes)
2025-07-26 20:25:06,230 - INFO - ⏱️ Total processing time: 28.61s (from validator response to submission)
2025-07-26 20:25:06,231 - INFO - ✅ Submission successful to UID 81 (2.46s)
2025-07-26 20:25:06,231 - INFO -    Task fidelity: 0.9209
2025-07-26 20:25:06,231 - INFO -    Average fidelity: 0.8795
2025-07-26 20:25:06,231 - INFO -    Miner reward: 13.191886
2025-07-26 20:25:06,231 - INFO -    Validation failed: False
2025-07-26 20:25:06,231 - INFO -    Generations in window: 15
2025-07-26 20:25:06,271 - INFO - ✅ Task cd059777-d991-4ece-a1f1-d0e5764a633f completed successfully
2025-07-26 20:25:21,421 - WARNING - ⚠️ Exception checking TRELLIS server status: HTTPConnectionPool(host='localhost', port=8096): Read timed out. (read timeout=5), proceeding anyway.
2025-07-26 20:25:26,570 - WARNING - ⚠️ Exception checking TRELLIS server status: HTTPConnectionPool(host='localhost', port=8096): Read timed out. (read timeout=5), proceeding anyway.
2025-07-26 20:25:31,722 - WARNING - ⚠️ Exception checking TRELLIS server status: HTTPConnectionPool(host='localhost', port=8096): Read timed out. (read timeout=5), proceeding anyway.
2025-07-26 20:25:36,873 - WARNING - ⚠️ Exception checking TRELLIS server status: HTTPConnectionPool(host='localhost', port=8096): Read timed out. (read timeout=5), proceeding anyway.
2025-07-26 20:26:20,372 - WARNING - ⚠️ Exception checking TRELLIS server status: HTTPConnectionPool(host='localhost', port=8096): Read timed out. (read timeout=5), proceeding anyway.
2025-07-26 20:26:25,378 - WARNING - ⚠️ Exception checking TRELLIS server status: HTTPConnectionPool(host='localhost', port=8096): Read timed out. (read timeout=5), proceeding anyway.
2025-07-26 20:26:30,383 - WARNING - ⚠️ Exception checking TRELLIS server status: HTTPConnectionPool(host='localhost', port=8096): Read timed out. (read timeout=5), proceeding anyway.
2025-07-26 20:26:35,539 - WARNING - ⚠️ Exception checking TRELLIS server status: HTTPConnectionPool(host='localhost', port=8096): Read timed out. (read timeout=5), proceeding anyway.
2025-07-26 20:26:39,356 - INFO - ✅ New task from UID 142: 'blue humanoid robot with flexible joints and anten...'
2025-07-26 20:26:39,356 - INFO -    Threshold: 0.6, Query time: 0.29s
2025-07-26 20:26:39,357 - INFO - 🔄 Processing task c78a84a9-ebb3-42e9-a5ad-3d5298b57870: 'blue humanoid robot with flexible joints and antenna headgear'
2025-07-26 20:26:39,357 - INFO - 🎨 Generating 3D model: 'blue humanoid robot with flexible joints and antenna headgear' (task: c78a84a9-ebb3-42e9-a5ad-3d5298b57870)
2025-07-26 20:26:39,984 - INFO - 🚀 Traditional optimization applied:
2025-07-26 20:26:39,984 - INFO -    Original: blue humanoid robot with flexible joints and antenna headgear
2025-07-26 20:26:39,984 - INFO -    Optimized: wbgmsst, a slender blue humanoid robot with articulated joints and delicate, intricately designed antenna headgear, suspended in mid-air amidst a cluttered array of futuristic gadgets and machinery in a dimly lit, industrial workshop filled with the hum of machinery and the scent of ozone, white background
2025-07-26 20:26:39,984 - INFO -    Confidence: 80.0%
2025-07-26 20:26:41,104 - INFO - [TRELLIS] GPU cache cleared: {'status': 'cache_cleared', 'available_memory_gb': 19.611189248}
2025-07-26 20:26:41,105 - INFO -    🎲 Using deterministic seed: 42
2025-07-26 20:27:18,529 - INFO - ✅ Generation successful in 37.41s (16,855,502 bytes)
2025-07-26 20:27:18,529 - INFO - 📤 Submitting result: c78a84a9-ebb3-42e9-a5ad-3d5298b57870
2025-07-26 20:27:18,530 - INFO -    📦 Using SPZ-compressed data from server (16,855,502 bytes)
2025-07-26 20:27:21,763 - INFO - ⏱️ Total processing time: 42.43s (from validator response to submission)
2025-07-26 20:27:21,764 - INFO - ✅ Submission successful to UID 142 (3.17s)
2025-07-26 20:27:21,764 - INFO -    Task fidelity: 0.6725
2025-07-26 20:27:21,764 - INFO -    Average fidelity: 0.8179
2025-07-26 20:27:21,764 - INFO -    Miner reward: 14.721417
2025-07-26 20:27:21,764 - INFO -    Validation failed: False
2025-07-26 20:27:21,764 - INFO -    Generations in window: 18
2025-07-26 20:27:21,786 - INFO - ✅ Task c78a84a9-ebb3-42e9-a5ad-3d5298b57870 completed successfully
2025-07-26 20:27:34,251 - WARNING - ⚠️ Exception checking TRELLIS server status: HTTPConnectionPool(host='localhost', port=8096): Read timed out. (read timeout=5), proceeding anyway.
2025-07-26 20:27:39,255 - WARNING - ⚠️ Exception checking TRELLIS server status: HTTPConnectionPool(host='localhost', port=8096): Read timed out. (read timeout=5), proceeding anyway.
2025-07-26 20:27:44,261 - WARNING - ⚠️ Exception checking TRELLIS server status: HTTPConnectionPool(host='localhost', port=8096): Read timed out. (read timeout=5), proceeding anyway.
2025-07-26 20:27:49,268 - WARNING - ⚠️ Exception checking TRELLIS server status: HTTPConnectionPool(host='localhost', port=8096): Read timed out. (read timeout=5), proceeding anyway.
2025-07-26 20:28:31,850 - WARNING - ⚠️ Exception checking TRELLIS server status: HTTPConnectionPool(host='localhost', port=8096): Read timed out. (read timeout=5), proceeding anyway.
2025-07-26 20:28:36,857 - WARNING - ⚠️ Exception checking TRELLIS server status: HTTPConnectionPool(host='localhost', port=8096): Read timed out. (read timeout=5), proceeding anyway.
2025-07-26 20:28:41,863 - WARNING - ⚠️ Exception checking TRELLIS server status: HTTPConnectionPool(host='localhost', port=8096): Read timed out. (read timeout=5), proceeding anyway.
2025-07-26 20:28:46,870 - WARNING - ⚠️ Exception checking TRELLIS server status: HTTPConnectionPool(host='localhost', port=8096): Read timed out. (read timeout=5), proceeding anyway.
2025-07-26 20:28:58,169 - INFO - ✅ New task from UID 49: 'smooth green jade oval in form...'
2025-07-26 20:28:58,170 - INFO -    Threshold: 0.6, Query time: 0.46s
2025-07-26 20:28:58,170 - INFO - 🔄 Processing task 8ed254e4-4c44-4115-9af6-707ab8c27378: 'smooth green jade oval in form'
2025-07-26 20:28:58,171 - INFO - 🎨 Generating 3D model: 'smooth green jade oval in form' (task: 8ed254e4-4c44-4115-9af6-707ab8c27378)
2025-07-26 20:28:58,575 - INFO - 🚀 Traditional optimization applied:
2025-07-26 20:28:58,576 - INFO -    Original: smooth green jade oval in form
2025-07-26 20:28:58,576 - INFO -    Optimized: wbgmsst, a smooth green jade oval in form of an ancient relic, nestled within a richly carved wooden box adorned with intricate patterns, white background
2025-07-26 20:28:58,576 - INFO -    Confidence: 80.0%
2025-07-26 20:28:59,709 - INFO - [TRELLIS] GPU cache cleared: {'status': 'cache_cleared', 'available_memory_gb': 18.948489216}
2025-07-26 20:28:59,710 - INFO -    🎲 Using deterministic seed: 42
2025-07-26 20:29:25,337 - INFO - ✅ Generation successful in 25.62s (5,874,949 bytes)
2025-07-26 20:29:25,338 - INFO - 📤 Submitting result: 8ed254e4-4c44-4115-9af6-707ab8c27378
2025-07-26 20:29:25,338 - INFO -    📦 Using SPZ-compressed data from server (5,874,949 bytes)
2025-07-26 20:29:28,446 - INFO - ⏱️ Total processing time: 30.30s (from validator response to submission)
2025-07-26 20:29:28,447 - INFO - ✅ Submission successful to UID 49 (3.08s)
2025-07-26 20:29:28,447 - INFO -    Task fidelity: 0.7803
2025-07-26 20:29:28,447 - INFO -    Average fidelity: 0.8012
2025-07-26 20:29:28,447 - INFO -    Miner reward: 24.837911
2025-07-26 20:29:28,447 - INFO -    Validation failed: False
2025-07-26 20:29:28,447 - INFO -    Generations in window: 31
2025-07-26 20:29:28,470 - INFO - ✅ Task 8ed254e4-4c44-4115-9af6-707ab8c27378 completed successfully
2025-07-26 20:29:29,431 - INFO - ✅ New task from UID 128: 'big robot with yellow bowtie...'
2025-07-26 20:29:29,432 - INFO -    Threshold: 0.6, Query time: 0.33s
2025-07-26 20:29:29,432 - INFO - 🔄 Processing task b99264fe-8ae9-4d89-b3ae-fded047dd22b: 'big robot with yellow bowtie'
2025-07-26 20:29:29,432 - INFO - 🎨 Generating 3D model: 'big robot with yellow bowtie' (task: b99264fe-8ae9-4d89-b3ae-fded047dd22b)
2025-07-26 20:29:30,080 - INFO - 🚀 Traditional optimization applied:
2025-07-26 20:29:30,080 - INFO -    Original: big robot with yellow bowtie
2025-07-26 20:29:30,081 - INFO -    Optimized: wbgmsst, a majestic big robot adorned with a vibrant, sunshine-yellow bowtie and gleaming metallic armor standing proudly in a sprawling, industrial cityscape filled with bustling machinery, bright streetlights, and the hum of energetic activity, 3D isometric accurate, white background
2025-07-26 20:29:30,081 - INFO -    Confidence: 80.0%
2025-07-26 20:29:31,313 - INFO - [TRELLIS] GPU cache cleared: {'status': 'cache_cleared', 'available_memory_gb': 19.937624064}
2025-07-26 20:29:31,313 - INFO -    🎲 Using deterministic seed: 42
2025-07-26 20:30:22,470 - INFO - ✅ Generation successful in 51.15s (11,344,460 bytes)
2025-07-26 20:30:22,471 - INFO - 📤 Submitting result: b99264fe-8ae9-4d89-b3ae-fded047dd22b
2025-07-26 20:30:22,471 - INFO -    📦 Using SPZ-compressed data from server (11,344,460 bytes)
2025-07-26 20:30:24,267 - INFO - ⏱️ Total processing time: 54.86s (from validator response to submission)
2025-07-26 20:30:24,268 - INFO - ✅ Submission successful to UID 128 (1.77s)
2025-07-26 20:30:24,268 - INFO -    Task fidelity: 0.6484
2025-07-26 20:30:24,268 - INFO -    Average fidelity: 0.8362
2025-07-26 20:30:24,268 - INFO -    Miner reward: 15.051657
2025-07-26 20:30:24,268 - INFO -    Validation failed: False
2025-07-26 20:30:24,268 - INFO -    Generations in window: 18
2025-07-26 20:30:24,299 - INFO - ✅ Task b99264fe-8ae9-4d89-b3ae-fded047dd22b completed successfully
2025-07-26 20:30:29,018 - INFO - ✅ New task from UID 81: 'translucent jellyfish jelly in clear jar...'
2025-07-26 20:30:29,019 - INFO -    Threshold: 0.6, Query time: 0.45s
2025-07-26 20:30:29,019 - INFO - 🔄 Processing task 39a2f5fa-2a29-4afd-bbe7-169032ab032d: 'translucent jellyfish jelly in clear jar'
2025-07-26 20:30:29,020 - INFO - 🎨 Generating 3D model: 'translucent jellyfish jelly in clear jar' (task: 39a2f5fa-2a29-4afd-bbe7-169032ab032d)
2025-07-26 20:30:29,470 - INFO - 🚀 Traditional optimization applied:
2025-07-26 20:30:29,471 - INFO -    Original: translucent jellyfish jelly in clear jar
2025-07-26 20:30:29,471 - INFO -    Optimized: wbgmsst, a delicate translucent jellyfish jelly suspended in a clear glass jar with an intricately etched wooden lid and a soft ethereal glow emanating from within, white background
2025-07-26 20:30:29,471 - INFO -    Confidence: 80.0%
2025-07-26 20:30:30,943 - INFO - [TRELLIS] GPU cache cleared: {'status': 'cache_cleared', 'available_memory_gb': 18.948489216}
2025-07-26 20:30:30,944 - INFO -    🎲 Using deterministic seed: 42
2025-07-26 20:30:59,650 - INFO - ✅ Generation successful in 28.70s (8,147,606 bytes)
2025-07-26 20:30:59,650 - INFO - 📤 Submitting result: 39a2f5fa-2a29-4afd-bbe7-169032ab032d
2025-07-26 20:30:59,651 - INFO -    📦 Using SPZ-compressed data from server (8,147,606 bytes)
2025-07-26 20:31:02,527 - INFO - ⏱️ Total processing time: 33.55s (from validator response to submission)
2025-07-26 20:31:02,527 - INFO - ✅ Submission successful to UID 81 (2.84s)
2025-07-26 20:31:02,527 - INFO -    Task fidelity: 0.9367
2025-07-26 20:31:02,527 - INFO -    Average fidelity: 0.8823
2025-07-26 20:31:02,528 - INFO -    Miner reward: 14.117175
2025-07-26 20:31:02,528 - INFO -    Validation failed: False
2025-07-26 20:31:02,528 - INFO -    Generations in window: 16
2025-07-26 20:31:02,555 - INFO - ✅ Task 39a2f5fa-2a29-4afd-bbe7-169032ab032d completed successfully
2025-07-26 20:31:16,095 - WARNING - ⚠️ Exception checking TRELLIS server status: HTTPConnectionPool(host='localhost', port=8096): Read timed out. (read timeout=5), proceeding anyway.
2025-07-26 20:31:21,247 - WARNING - ⚠️ Exception checking TRELLIS server status: HTTPConnectionPool(host='localhost', port=8096): Read timed out. (read timeout=5), proceeding anyway.
2025-07-26 20:31:26,398 - WARNING - ⚠️ Exception checking TRELLIS server status: HTTPConnectionPool(host='localhost', port=8096): Read timed out. (read timeout=5), proceeding anyway.
2025-07-26 20:31:31,559 - WARNING - ⚠️ Exception checking TRELLIS server status: HTTPConnectionPool(host='localhost', port=8096): Read timed out. (read timeout=5), proceeding anyway.
2025-07-26 20:31:34,076 - INFO - ✅ New task from UID 49: 'smoky quartz crystal milky white...'
2025-07-26 20:31:34,076 - INFO -    Threshold: 0.6, Query time: 0.46s
2025-07-26 20:31:34,076 - INFO - 🔄 Processing task c09be064-1ede-428e-afed-4ce6f3594868: 'smoky quartz crystal milky white'
2025-07-26 20:31:34,077 - INFO - 🎨 Generating 3D model: 'smoky quartz crystal milky white' (task: c09be064-1ede-428e-afed-4ce6f3594868)
2025-07-26 20:31:34,523 - INFO - 🚀 Traditional optimization applied:
2025-07-26 20:31:34,523 - INFO -    Original: smoky quartz crystal milky white
2025-07-26 20:31:34,523 - INFO -    Optimized: wbgmsst, a delicate smoky quartz crystal suspended within a milky white aura, its organic shape refracting soft, ethereal light onto the surrounding air, white background
2025-07-26 20:31:34,523 - INFO -    Confidence: 80.0%
2025-07-26 20:31:35,771 - INFO - [TRELLIS] GPU cache cleared: {'status': 'cache_cleared', 'available_memory_gb': 19.611189248}
2025-07-26 20:31:35,772 - INFO -    🎲 Using deterministic seed: 42
2025-07-26 20:32:02,491 - INFO - ✅ Generation successful in 26.71s (9,517,491 bytes)
2025-07-26 20:32:02,491 - INFO - 📤 Submitting result: c09be064-1ede-428e-afed-4ce6f3594868
2025-07-26 20:32:02,492 - INFO -    📦 Using SPZ-compressed data from server (9,517,491 bytes)
2025-07-26 20:32:05,066 - INFO - ⏱️ Total processing time: 31.01s (from validator response to submission)
2025-07-26 20:32:05,067 - INFO - ✅ Submission successful to UID 49 (2.54s)
2025-07-26 20:32:05,067 - INFO -    Task fidelity: 0.8960
2025-07-26 20:32:05,067 - INFO -    Average fidelity: 0.8060
2025-07-26 20:32:05,067 - INFO -    Miner reward: 25.790721
2025-07-26 20:32:05,067 - INFO -    Validation failed: False
2025-07-26 20:32:05,067 - INFO -    Generations in window: 32
2025-07-26 20:32:05,086 - INFO - ✅ Task c09be064-1ede-428e-afed-4ce6f3594868 completed successfully
2025-07-26 20:32:09,556 - INFO - ✅ Validator refresh complete:
2025-07-26 20:32:09,557 - INFO -    Active validators: 10
2025-07-26 20:32:09,557 - INFO -    Inactive validators: 0
2025-07-26 20:32:09,557 - INFO -    Total eligible validators found: 10
2025-07-26 20:32:09,557 - INFO -    Top validators by stake:
2025-07-26 20:32:09,558 - INFO -      UID 212: 104022.4 TAO (trust: 0.000)
2025-07-26 20:32:09,558 - INFO -      UID 142: 69553.5 TAO (trust: 0.000)
2025-07-26 20:32:09,558 - INFO -      UID 27: 60179.1 TAO (trust: 0.000)
2025-07-26 20:32:09,558 - INFO -      UID 124: 39814.9 TAO (trust: 0.000)
2025-07-26 20:32:09,558 - INFO -      UID 128: 13459.8 TAO (trust: 0.000)
2025-07-26 20:32:09,868 - INFO - 📊 CONTINUOUS ORCHESTRATOR STATUS
2025-07-26 20:32:09,868 - INFO - ============================================================
2025-07-26 20:32:09,868 - INFO - Uptime: 3.35 hours
2025-07-26 20:32:09,868 - INFO - Tasks pulled: 153
2025-07-26 20:32:09,869 - INFO - Tasks processed: 153
2025-07-26 20:32:09,869 - INFO - Successful generations: 153
2025-07-26 20:32:09,869 - INFO - Successful validations: 0
2025-07-26 20:32:09,869 - INFO - Successful submissions: 150
2025-07-26 20:32:09,869 - INFO - Total rewards: 2322.005415 TAO
2025-07-26 20:32:09,869 - INFO - Idle validations: 0
2025-07-26 20:32:09,869 - INFO - Prompts optimized: 153
2025-07-26 20:32:09,870 - INFO - Reproducibility optimizations: 18
2025-07-26 20:32:09,870 - INFO - Traditional optimizations: 135
2025-07-26 20:32:09,870 - INFO - Optimization improvements: 0
2025-07-26 20:32:09,870 - INFO - Tasks/hour: 45.7
2025-07-26 20:32:09,870 - INFO - Rewards/hour: 693.613870 TAO
2025-07-26 20:32:09,870 - INFO - Average total processing time: 36.37s
2025-07-26 20:32:09,870 - INFO - Optimization rate: 0.0% of prompts improved
2025-07-26 20:32:09,871 - INFO - Active validators: 10
2025-07-26 20:32:09,871 - INFO -   UID 212: 0 tasks, avg score: 0.634
2025-07-26 20:32:09,871 - INFO -   UID 142: 0 tasks, avg score: 0.733
2025-07-26 20:32:09,871 - INFO -   UID 27: 0 tasks, avg score: 0.520
2025-07-26 20:32:09,872 - WARNING - ⚠️ Found 5 unfinished tasks in last 6 hours:
2025-07-26 20:32:09,872 - WARNING -    UID 142: 'gold bracelet with rubies inla...' - no_submission
2025-07-26 20:32:09,873 - WARNING -    UID 142: 'glossy purple jump rope coiled...' - no_submission
2025-07-26 20:32:09,873 - WARNING -    UID 142: 'opal bracelet with purple ston...' - no_submission
2025-07-26 20:32:09,873 - WARNING -    UID 142: 'matte silver droid designed fo...' - no_submission
2025-07-26 20:32:09,873 - WARNING -    UID 142: 'copper-colored robot with seri...' - no_submission
2025-07-26 20:32:09,873 - INFO - ============================================================
2025-07-26 20:32:09,874 - INFO - 📊 Statistics saved to continuous_trellis_outputs/continuous_stats_20250726_203209.json
2025-07-26 20:32:21,126 - WARNING - ⚠️ Exception checking TRELLIS server status: HTTPConnectionPool(host='localhost', port=8096): Read timed out. (read timeout=5), proceeding anyway.
2025-07-26 20:32:26,134 - WARNING - ⚠️ Exception checking TRELLIS server status: HTTPConnectionPool(host='localhost', port=8096): Read timed out. (read timeout=5), proceeding anyway.
2025-07-26 20:32:31,141 - WARNING - ⚠️ Exception checking TRELLIS server status: HTTPConnectionPool(host='localhost', port=8096): Read timed out. (read timeout=5), proceeding anyway.
2025-07-26 20:32:36,147 - WARNING - ⚠️ Exception checking TRELLIS server status: HTTPConnectionPool(host='localhost', port=8096): Read timed out. (read timeout=5), proceeding anyway.
2025-07-26 20:32:52,472 - INFO - ✅ New task from UID 142: 'spear with pointed tip and fletching at end of sha...'
2025-07-26 20:32:52,473 - INFO -    Threshold: 0.6, Query time: 0.29s
2025-07-26 20:32:52,473 - INFO - 🔄 Processing task 1016b6b8-4c2a-4c2d-9502-0ed108621246: 'spear with pointed tip and fletching at end of shaft'
2025-07-26 20:32:52,473 - INFO - 🎨 Generating 3D model: 'spear with pointed tip and fletching at end of shaft' (task: 1016b6b8-4c2a-4c2d-9502-0ed108621246)
2025-07-26 20:32:53,064 - INFO - 🚀 Traditional optimization applied:
2025-07-26 20:32:53,064 - INFO -    Original: spear with pointed tip and fletching at end of shaft
2025-07-26 20:32:53,065 - INFO -    Optimized: wbgmsst, a slender spearhead with intricately crafted fletching at the end of its weathered wooden shaft, suspended in mid-air over a serene forest landscape with towering trees and dappled sunlight filtering through the leaves, white background
2025-07-26 20:32:53,065 - INFO -    Confidence: 80.0%
2025-07-26 20:32:54,172 - INFO - [TRELLIS] GPU cache cleared: {'status': 'cache_cleared', 'available_memory_gb': 15.144255488}
2025-07-26 20:32:54,173 - INFO -    🎲 Using deterministic seed: 42
2025-07-26 20:33:22,224 - INFO - ✅ Generation successful in 28.04s (7,564,676 bytes)
2025-07-26 20:33:22,224 - INFO - 📤 Submitting result: 1016b6b8-4c2a-4c2d-9502-0ed108621246
2025-07-26 20:33:22,224 - INFO -    📦 Using SPZ-compressed data from server (7,564,676 bytes)
2025-07-26 20:33:27,918 - INFO - ⏱️ Total processing time: 35.46s (from validator response to submission)
2025-07-26 20:33:27,918 - INFO - ✅ Submission successful to UID 142 (5.67s)
2025-07-26 20:33:27,918 - INFO -    Task fidelity: 0.7524
2025-07-26 20:33:27,918 - INFO -    Average fidelity: 0.8146
2025-07-26 20:33:27,918 - INFO -    Miner reward: 15.477059
2025-07-26 20:33:27,919 - INFO -    Validation failed: False
2025-07-26 20:33:27,919 - INFO -    Generations in window: 19
2025-07-26 20:33:27,943 - INFO - ✅ Task 1016b6b8-4c2a-4c2d-9502-0ed108621246 completed successfully
2025-07-26 20:33:32,954 - WARNING - ⚠️ Exception checking TRELLIS server status: HTTPConnectionPool(host='localhost', port=8096): Read timed out. (read timeout=5), proceeding anyway.
2025-07-26 20:33:40,390 - WARNING - ⚠️ Exception checking TRELLIS server status: HTTPConnectionPool(host='localhost', port=8096): Read timed out. (read timeout=5), proceeding anyway.
2025-07-26 20:33:45,550 - WARNING - ⚠️ Exception checking TRELLIS server status: HTTPConnectionPool(host='localhost', port=8096): Read timed out. (read timeout=5), proceeding anyway.
2025-07-26 20:33:50,706 - WARNING - ⚠️ Exception checking TRELLIS server status: HTTPConnectionPool(host='localhost', port=8096): Read timed out. (read timeout=5), proceeding anyway.
2025-07-26 20:33:51,959 - INFO - ✅ New task from UID 49: 'dark green van reversing now...'
2025-07-26 20:33:51,960 - INFO -    Threshold: 0.6, Query time: 0.43s
2025-07-26 20:33:51,960 - INFO - 🔄 Processing task 64aa26eb-f022-438f-84a5-03e09a842d8f: 'dark green van reversing now'
2025-07-26 20:33:51,960 - INFO - 🎨 Generating 3D model: 'dark green van reversing now' (task: 64aa26eb-f022-438f-84a5-03e09a842d8f)
2025-07-26 20:33:52,439 - INFO - 🚀 Traditional optimization applied:
2025-07-26 20:33:52,439 - INFO -    Original: dark green van reversing now
2025-07-26 20:33:52,439 - INFO -    Optimized: wbgmsst, a dark green van in reverse gear on a wet and misty country road with overgrown trees looming in the background, headlights casting a warm glow on the surrounding foliage, white background
2025-07-26 20:33:52,439 - INFO -    Confidence: 80.0%
2025-07-26 20:33:53,634 - INFO - [TRELLIS] GPU cache cleared: {'status': 'cache_cleared', 'available_memory_gb': 19.611189248}
2025-07-26 20:33:53,635 - INFO -    🎲 Using deterministic seed: 42
2025-07-26 20:34:21,729 - INFO - ✅ Generation successful in 28.08s (9,051,391 bytes)
2025-07-26 20:34:21,730 - INFO - 📤 Submitting result: 64aa26eb-f022-438f-84a5-03e09a842d8f
2025-07-26 20:34:21,730 - INFO -    📦 Using SPZ-compressed data from server (9,051,391 bytes)
2025-07-26 20:34:24,272 - INFO - ⏱️ Total processing time: 32.35s (from validator response to submission)
2025-07-26 20:34:24,273 - INFO - ✅ Submission successful to UID 49 (2.50s)
2025-07-26 20:34:24,273 - INFO -    Task fidelity: 0.0000
2025-07-26 20:34:24,273 - INFO -    Average fidelity: 0.8060
2025-07-26 20:34:24,273 - INFO -    Miner reward: 25.790721
2025-07-26 20:34:24,273 - INFO -    Validation failed: False
2025-07-26 20:34:24,273 - INFO -    Generations in window: 32
2025-07-26 20:34:24,308 - INFO - ✅ Task 64aa26eb-f022-438f-84a5-03e09a842d8f completed successfully
2025-07-26 20:34:39,536 - WARNING - ⚠️ Exception checking TRELLIS server status: HTTPConnectionPool(host='localhost', port=8096): Read timed out. (read timeout=5), proceeding anyway.
2025-07-26 20:34:44,543 - WARNING - ⚠️ Exception checking TRELLIS server status: HTTPConnectionPool(host='localhost', port=8096): Read timed out. (read timeout=5), proceeding anyway.
2025-07-26 20:34:49,550 - WARNING - ⚠️ Exception checking TRELLIS server status: HTTPConnectionPool(host='localhost', port=8096): Read timed out. (read timeout=5), proceeding anyway.
2025-07-26 20:34:54,697 - WARNING - ⚠️ Exception checking TRELLIS server status: HTTPConnectionPool(host='localhost', port=8096): Read timed out. (read timeout=5), proceeding anyway.
2025-07-26 20:34:55,405 - INFO - ✅ New task from UID 27: 'golden intricate long crossbow...'
2025-07-26 20:34:55,405 - INFO -    Threshold: 0.6, Query time: 0.66s
2025-07-26 20:34:55,406 - INFO - 🔄 Processing task fdb3a24b-6021-48a9-9726-c938633b5b12: 'golden intricate long crossbow'
2025-07-26 20:34:55,406 - INFO - 🎨 Generating 3D model: 'golden intricate long crossbow' (task: fdb3a24b-6021-48a9-9726-c938633b5b12)
2025-07-26 20:34:56,000 - INFO - 🚀 Traditional optimization applied:
2025-07-26 20:34:56,001 - INFO -    Original: golden intricate long crossbow
2025-07-26 20:34:56,001 - INFO -    Optimized: wbgmsst, a golden intricately crafted long crossbow with worn leather straps and ornate metalwork suspended on a wooden wall amidst suits of armor in a medieval castle's great hall filled with warm candlelight and the scent of old parchment, white background
2025-07-26 20:34:56,001 - INFO -    Confidence: 80.0%
2025-07-26 20:34:59,573 - INFO - [TRELLIS] GPU cache cleared: {'status': 'cache_cleared', 'available_memory_gb': 19.611189248}
2025-07-26 20:34:59,573 - INFO -    🎲 Using deterministic seed: 42
2025-07-26 20:35:27,211 - INFO - ✅ Generation successful in 27.63s (9,626,973 bytes)
2025-07-26 20:35:27,211 - INFO - 📤 Submitting result: fdb3a24b-6021-48a9-9726-c938633b5b12
2025-07-26 20:35:27,211 - INFO -    📦 Using SPZ-compressed data from server (9,626,973 bytes)
2025-07-26 20:35:32,166 - INFO - ⏱️ Total processing time: 36.81s (from validator response to submission)
2025-07-26 20:35:32,166 - INFO - ✅ Submission successful to UID 27 (4.92s)
2025-07-26 20:35:32,166 - INFO -    Task fidelity: 0.0000
2025-07-26 20:35:32,166 - INFO -    Average fidelity: 0.8451
2025-07-26 20:35:32,166 - INFO -    Miner reward: 14.365869
2025-07-26 20:35:32,166 - INFO -    Validation failed: False
2025-07-26 20:35:32,166 - INFO -    Generations in window: 17
2025-07-26 20:35:32,200 - INFO - ✅ Task fdb3a24b-6021-48a9-9726-c938633b5b12 completed successfully
2025-07-26 20:35:45,835 - WARNING - ⚠️ Exception checking TRELLIS server status: HTTPConnectionPool(host='localhost', port=8096): Read timed out. (read timeout=5), proceeding anyway.
2025-07-26 20:35:50,842 - WARNING - ⚠️ Exception checking TRELLIS server status: HTTPConnectionPool(host='localhost', port=8096): Read timed out. (read timeout=5), proceeding anyway.
2025-07-26 20:35:55,848 - WARNING - ⚠️ Exception checking TRELLIS server status: HTTPConnectionPool(host='localhost', port=8096): Read timed out. (read timeout=5), proceeding anyway.
2025-07-26 20:36:00,856 - WARNING - ⚠️ Exception checking TRELLIS server status: HTTPConnectionPool(host='localhost', port=8096): Read timed out. (read timeout=5), proceeding anyway.
2025-07-26 20:36:18,913 - INFO - ✅ New task from UID 81: 'slender grey robot with retractable claws...'
2025-07-26 20:36:18,914 - INFO -    Threshold: 0.6, Query time: 0.45s
2025-07-26 20:36:18,914 - INFO - 🔄 Processing task 82e6cec8-1d4e-4b9f-9046-a06d9235db4d: 'slender grey robot with retractable claws'
2025-07-26 20:36:18,914 - INFO - 🎨 Generating 3D model: 'slender grey robot with retractable claws' (task: 82e6cec8-1d4e-4b9f-9046-a06d9235db4d)
2025-07-26 20:36:19,444 - INFO - 🚀 Traditional optimization applied:
2025-07-26 20:36:19,445 - INFO -    Original: slender grey robot with retractable claws
2025-07-26 20:36:19,445 - INFO -    Optimized: wbgmsst, a slender grey robot with retractable claws standing proudly on a metallic workbench amidst tools of various trades in a dimly lit, industrial workshop filled with the hum of machinery and the scent of burnt metal, white background
2025-07-26 20:36:19,445 - INFO -    Confidence: 80.0%
2025-07-26 20:36:20,688 - INFO - [TRELLIS] GPU cache cleared: {'status': 'cache_cleared', 'available_memory_gb': 19.374211072}
2025-07-26 20:36:20,689 - INFO -    🎲 Using deterministic seed: 42
2025-07-26 20:37:14,899 - INFO - ✅ Generation successful in 54.20s (10,379,458 bytes)
2025-07-26 20:37:14,899 - INFO - 📤 Submitting result: 82e6cec8-1d4e-4b9f-9046-a06d9235db4d
2025-07-26 20:37:14,899 - INFO -    📦 Using SPZ-compressed data from server (10,379,458 bytes)
2025-07-26 20:37:18,764 - INFO - ⏱️ Total processing time: 59.87s (from validator response to submission)
2025-07-26 20:37:18,764 - INFO - ✅ Submission successful to UID 81 (3.82s)
2025-07-26 20:37:18,765 - INFO -    Task fidelity: 0.8234
2025-07-26 20:37:18,765 - INFO -    Average fidelity: 0.8794
2025-07-26 20:37:18,765 - INFO -    Miner reward: 14.949431
2025-07-26 20:37:18,765 - INFO -    Validation failed: False
2025-07-26 20:37:18,765 - INFO -    Generations in window: 17
2025-07-26 20:37:18,779 - INFO - ✅ Task 82e6cec8-1d4e-4b9f-9046-a06d9235db4d completed successfully
2025-07-26 20:37:19,239 - INFO - ✅ New task from UID 128: 'pineapple ring on bamboo skewer...'
2025-07-26 20:37:19,239 - INFO -    Threshold: 0.6, Query time: 0.28s
2025-07-26 20:37:19,239 - INFO - 🔄 Processing task 32f8bdb6-9ef2-45b8-90df-312a38bc8f2f: 'pineapple ring on bamboo skewer'
2025-07-26 20:37:19,239 - INFO - 🎨 Generating 3D model: 'pineapple ring on bamboo skewer' (task: 32f8bdb6-9ef2-45b8-90df-312a38bc8f2f)
2025-07-26 20:37:19,662 - INFO - 🚀 Traditional optimization applied:
2025-07-26 20:37:19,662 - INFO -    Original: pineapple ring on bamboo skewer
2025-07-26 20:37:19,662 - INFO -    Optimized: wbgmsst, a succulent pineapple ring delicately suspended on a slender bamboo skewer with intricate wooden grain texture and subtle wear marks from gentle use, white background
2025-07-26 20:37:19,663 - INFO -    Confidence: 80.0%
2025-07-26 20:37:20,815 - INFO - [TRELLIS] GPU cache cleared: {'status': 'cache_cleared', 'available_memory_gb': 18.948489216}
2025-07-26 20:37:20,815 - INFO -    🎲 Using deterministic seed: 42
2025-07-26 20:37:46,898 - INFO - ✅ Generation successful in 26.08s (4,819,752 bytes)
2025-07-26 20:37:46,899 - INFO - 📤 Submitting result: 32f8bdb6-9ef2-45b8-90df-312a38bc8f2f
2025-07-26 20:37:46,899 - INFO -    📦 Using SPZ-compressed data from server (4,819,752 bytes)
2025-07-26 20:37:48,356 - INFO - ⏱️ Total processing time: 29.14s (from validator response to submission)
2025-07-26 20:37:48,356 - INFO - ✅ Submission successful to UID 128 (1.44s)
2025-07-26 20:37:48,356 - INFO -    Task fidelity: 0.9077
2025-07-26 20:37:48,357 - INFO -    Average fidelity: 0.8398
2025-07-26 20:37:48,357 - INFO -    Miner reward: 15.955786
2025-07-26 20:37:48,357 - INFO -    Validation failed: False
2025-07-26 20:37:48,357 - INFO -    Generations in window: 19
2025-07-26 20:37:48,412 - INFO - ✅ Task 32f8bdb6-9ef2-45b8-90df-312a38bc8f2f completed successfully
2025-07-26 20:38:06,330 - WARNING - ⚠️ Exception checking TRELLIS server status: HTTPConnectionPool(host='localhost', port=8096): Read timed out. (read timeout=5), proceeding anyway.
2025-07-26 20:38:11,337 - WARNING - ⚠️ Exception checking TRELLIS server status: HTTPConnectionPool(host='localhost', port=8096): Read timed out. (read timeout=5), proceeding anyway.
2025-07-26 20:38:16,344 - WARNING - ⚠️ Exception checking TRELLIS server status: HTTPConnectionPool(host='localhost', port=8096): Read timed out. (read timeout=5), proceeding anyway.
2025-07-26 20:38:21,350 - WARNING - ⚠️ Exception checking TRELLIS server status: HTTPConnectionPool(host='localhost', port=8096): Read timed out. (read timeout=5), proceeding anyway.
2025-07-26 20:38:34,538 - INFO - ✅ New task from UID 142: 'topaz necklace strung on leather cord...'
2025-07-26 20:38:34,539 - INFO -    Threshold: 0.6, Query time: 0.28s
2025-07-26 20:38:34,539 - INFO - 🔄 Processing task 57d0d4e6-dea5-4e76-9516-a781f4a670a8: 'topaz necklace strung on leather cord'
2025-07-26 20:38:34,539 - INFO - 🎨 Generating 3D model: 'topaz necklace strung on leather cord' (task: 57d0d4e6-dea5-4e76-9516-a781f4a670a8)
2025-07-26 20:38:35,170 - INFO - 🚀 Traditional optimization applied:
2025-07-26 20:38:35,171 - INFO -    Original: topaz necklace strung on leather cord
2025-07-26 20:38:35,172 - INFO -    Optimized: wbgmsst, a slender topaz pendant suspended from a supple, weathered leather cord, adorned with delicate, hand-tooled patterns and subtle wear marks, suspended in mid-air against a rich, velvety background, 3D isometric accurate, white background
2025-07-26 20:38:35,172 - INFO -    Confidence: 80.0%
2025-07-26 20:38:36,465 - INFO - [TRELLIS] GPU cache cleared: {'status': 'cache_cleared', 'available_memory_gb': 15.184101376}
2025-07-26 20:38:36,465 - INFO -    🎲 Using deterministic seed: 42
2025-07-26 20:39:01,636 - INFO - ✅ Generation successful in 25.17s (4,116,927 bytes)
2025-07-26 20:39:01,636 - INFO - 📤 Submitting result: 57d0d4e6-dea5-4e76-9516-a781f4a670a8
2025-07-26 20:39:01,636 - INFO -    📦 Using SPZ-compressed data from server (4,116,927 bytes)
2025-07-26 20:39:03,200 - INFO - ⏱️ Total processing time: 28.69s (from validator response to submission)
2025-07-26 20:39:03,200 - INFO - ✅ Submission successful to UID 142 (1.55s)
2025-07-26 20:39:03,201 - INFO -    Task fidelity: 0.8503
2025-07-26 20:39:03,201 - INFO -    Average fidelity: 0.8164
2025-07-26 20:39:03,201 - INFO -    Miner reward: 16.327396
2025-07-26 20:39:03,201 - INFO -    Validation failed: False
2025-07-26 20:39:03,201 - INFO -    Generations in window: 20
2025-07-26 20:39:03,225 - INFO - ✅ Task 57d0d4e6-dea5-4e76-9516-a781f4a670a8 completed successfully
2025-07-26 20:39:15,008 - WARNING - ⚠️ Exception checking TRELLIS server status: HTTPConnectionPool(host='localhost', port=8096): Read timed out. (read timeout=5), proceeding anyway.
2025-07-26 20:39:20,015 - WARNING - ⚠️ Exception checking TRELLIS server status: HTTPConnectionPool(host='localhost', port=8096): Read timed out. (read timeout=5), proceeding anyway.
2025-07-26 20:39:25,023 - WARNING - ⚠️ Exception checking TRELLIS server status: HTTPConnectionPool(host='localhost', port=8096): Read timed out. (read timeout=5), proceeding anyway.
2025-07-26 20:39:30,029 - WARNING - ⚠️ Exception checking TRELLIS server status: HTTPConnectionPool(host='localhost', port=8096): Read timed out. (read timeout=5), proceeding anyway.
2025-07-26 20:39:49,980 - INFO - ✅ New task from UID 212: 'jade chinese ceremonial sword with dragon motifs...'
2025-07-26 20:39:49,981 - INFO -    Threshold: 0.6, Query time: 0.44s
2025-07-26 20:39:49,981 - INFO - 🔄 Processing task a6e33aae-caf2-4b6a-a8c6-f9cd1b69d9e1: 'jade chinese ceremonial sword with dragon motifs'
2025-07-26 20:39:49,981 - INFO - 🎨 Generating 3D model: 'jade chinese ceremonial sword with dragon motifs' (task: a6e33aae-caf2-4b6a-a8c6-f9cd1b69d9e1)
2025-07-26 20:39:50,397 - INFO - 🚀 Traditional optimization applied:
2025-07-26 20:39:50,398 - INFO -    Original: jade chinese ceremonial sword with dragon motifs
2025-07-26 20:39:50,398 - INFO -    Optimized: wbgmsst, a majestic jade Chinese ceremonial sword with intricate dragon motifs gleaming in the soft, ethereal glow of a lantern-lit temple, white background.
2025-07-26 20:39:50,398 - INFO -    Confidence: 80.0%
2025-07-26 20:39:51,552 - INFO - [TRELLIS] GPU cache cleared: {'status': 'cache_cleared', 'available_memory_gb': 19.374211072}
2025-07-26 20:39:51,553 - INFO -    🎲 Using deterministic seed: 42
2025-07-26 20:40:21,605 - INFO - ✅ Generation successful in 30.04s (8,881,523 bytes)
2025-07-26 20:40:21,605 - INFO - 📤 Submitting result: a6e33aae-caf2-4b6a-a8c6-f9cd1b69d9e1
2025-07-26 20:40:21,605 - INFO -    📦 Using SPZ-compressed data from server (8,881,523 bytes)
2025-07-26 20:40:24,449 - INFO - ⏱️ Total processing time: 34.49s (from validator response to submission)
2025-07-26 20:40:24,449 - INFO - ✅ Submission successful to UID 212 (2.82s)
2025-07-26 20:40:24,450 - INFO -    Task fidelity: 0.7931
2025-07-26 20:40:24,450 - INFO -    Average fidelity: 0.8552
2025-07-26 20:40:24,450 - INFO -    Miner reward: 14.538072
2025-07-26 20:40:24,450 - INFO -    Validation failed: False
2025-07-26 20:40:24,450 - INFO -    Generations in window: 17
2025-07-26 20:40:24,480 - INFO - ✅ Task a6e33aae-caf2-4b6a-a8c6-f9cd1b69d9e1 completed successfully
2025-07-26 20:40:31,489 - WARNING - ⚠️ Exception checking TRELLIS server status: HTTPConnectionPool(host='localhost', port=8096): Read timed out. (read timeout=5), proceeding anyway.
2025-07-26 20:40:36,642 - WARNING - ⚠️ Exception checking TRELLIS server status: HTTPConnectionPool(host='localhost', port=8096): Read timed out. (read timeout=5), proceeding anyway.
2025-07-26 20:40:41,801 - WARNING - ⚠️ Exception checking TRELLIS server status: HTTPConnectionPool(host='localhost', port=8096): Read timed out. (read timeout=5), proceeding anyway.
2025-07-26 20:41:06,622 - WARNING - ⚠️ Exception checking TRELLIS server status: HTTPConnectionPool(host='localhost', port=8096): Read timed out. (read timeout=5), proceeding anyway.
2025-07-26 20:41:11,629 - WARNING - ⚠️ Exception checking TRELLIS server status: HTTPConnectionPool(host='localhost', port=8096): Read timed out. (read timeout=5), proceeding anyway.
2025-07-26 20:41:16,635 - WARNING - ⚠️ Exception checking TRELLIS server status: HTTPConnectionPool(host='localhost', port=8096): Read timed out. (read timeout=5), proceeding anyway.
2025-07-26 20:42:01,476 - WARNING - ⚠️ Exception checking TRELLIS server status: HTTPConnectionPool(host='localhost', port=8096): Read timed out. (read timeout=5), proceeding anyway.
2025-07-26 20:42:06,483 - WARNING - ⚠️ Exception checking TRELLIS server status: HTTPConnectionPool(host='localhost', port=8096): Read timed out. (read timeout=5), proceeding anyway.
2025-07-26 20:42:11,490 - WARNING - ⚠️ Exception checking TRELLIS server status: HTTPConnectionPool(host='localhost', port=8096): Read timed out. (read timeout=5), proceeding anyway.
2025-07-26 20:42:18,976 - INFO - ✅ Validator refresh complete:
2025-07-26 20:42:18,976 - INFO -    Active validators: 10
2025-07-26 20:42:18,976 - INFO -    Inactive validators: 0
2025-07-26 20:42:18,976 - INFO -    Total eligible validators found: 10
2025-07-26 20:42:18,976 - INFO -    Top validators by stake:
2025-07-26 20:42:18,976 - INFO -      UID 212: 104022.4 TAO (trust: 0.000)
2025-07-26 20:42:18,976 - INFO -      UID 142: 69553.5 TAO (trust: 0.000)
2025-07-26 20:42:18,977 - INFO -      UID 27: 60179.1 TAO (trust: 0.000)
2025-07-26 20:42:18,977 - INFO -      UID 124: 39814.9 TAO (trust: 0.000)
2025-07-26 20:42:18,977 - INFO -      UID 128: 13459.8 TAO (trust: 0.000)
2025-07-26 20:42:22,066 - INFO - 📊 CONTINUOUS ORCHESTRATOR STATUS
2025-07-26 20:42:22,067 - INFO - ============================================================
2025-07-26 20:42:22,067 - INFO - Uptime: 3.52 hours
2025-07-26 20:42:22,067 - INFO - Tasks pulled: 160
2025-07-26 20:42:22,067 - INFO - Tasks processed: 160
2025-07-26 20:42:22,067 - INFO - Successful generations: 160
2025-07-26 20:42:22,067 - INFO - Successful validations: 0
2025-07-26 20:42:22,067 - INFO - Successful submissions: 157
2025-07-26 20:42:22,067 - INFO - Total rewards: 2439.409750 TAO
2025-07-26 20:42:22,067 - INFO - Idle validations: 0
2025-07-26 20:42:22,067 - INFO - Prompts optimized: 160
2025-07-26 20:42:22,067 - INFO - Reproducibility optimizations: 18
2025-07-26 20:42:22,067 - INFO - Traditional optimizations: 142
2025-07-26 20:42:22,068 - INFO - Optimization improvements: 0
2025-07-26 20:42:22,068 - INFO - Tasks/hour: 45.5
2025-07-26 20:42:22,068 - INFO - Rewards/hour: 693.458004 TAO
2025-07-26 20:42:22,068 - INFO - Average total processing time: 36.39s
2025-07-26 20:42:22,068 - INFO - Optimization rate: 0.0% of prompts improved
2025-07-26 20:42:22,068 - INFO - Active validators: 10
2025-07-26 20:42:22,069 - INFO -   UID 212: 0 tasks, avg score: 0.650
2025-07-26 20:42:22,069 - INFO -   UID 142: 0 tasks, avg score: 0.746
2025-07-26 20:42:22,069 - INFO -   UID 27: 0 tasks, avg score: 0.468
2025-07-26 20:42:22,071 - WARNING - ⚠️ Found 5 unfinished tasks in last 6 hours:
2025-07-26 20:42:22,072 - WARNING -    UID 142: 'gold bracelet with rubies inla...' - no_submission
2025-07-26 20:42:22,072 - WARNING -    UID 142: 'glossy purple jump rope coiled...' - no_submission
2025-07-26 20:42:22,073 - WARNING -    UID 142: 'opal bracelet with purple ston...' - no_submission
2025-07-26 20:42:22,073 - WARNING -    UID 142: 'matte silver droid designed fo...' - no_submission
2025-07-26 20:42:22,073 - WARNING -    UID 142: 'copper-colored robot with seri...' - no_submission
2025-07-26 20:42:22,074 - INFO - ============================================================
2025-07-26 20:42:22,075 - INFO - 📊 Statistics saved to continuous_trellis_outputs/continuous_stats_20250726_204222.json
2025-07-26 20:42:59,822 - WARNING - ⚠️ Exception checking TRELLIS server status: HTTPConnectionPool(host='localhost', port=8096): Read timed out. (read timeout=5), proceeding anyway.
2025-07-26 20:43:04,829 - WARNING - ⚠️ Exception checking TRELLIS server status: HTTPConnectionPool(host='localhost', port=8096): Read timed out. (read timeout=5), proceeding anyway.
2025-07-26 20:43:09,983 - WARNING - ⚠️ Exception checking TRELLIS server status: HTTPConnectionPool(host='localhost', port=8096): Read timed out. (read timeout=5), proceeding anyway.
2025-07-26 20:43:16,056 - INFO - ✅ New task from UID 81: 'red garnet with smooth and glossy surface...'
2025-07-26 20:43:16,056 - INFO -    Threshold: 0.6, Query time: 0.44s
2025-07-26 20:43:16,057 - INFO - 🔄 Processing task 5b041a34-8418-4d0f-896d-207a0aa609aa: 'red garnet with smooth and glossy surface'
2025-07-26 20:43:16,057 - INFO - 🎨 Generating 3D model: 'red garnet with smooth and glossy surface' (task: 5b041a34-8418-4d0f-896d-207a0aa609aa)
2025-07-26 20:43:17,754 - INFO - 🔄 Reproducibility optimization applied:
2025-07-26 20:43:17,755 - INFO -    Original: red garnet with smooth and glossy surface
2025-07-26 20:43:17,755 - INFO -    Optimized: wbgmsst, a metallic, smooth, and glossy garnet with an infinity symbol and cross accents on its surface, has a finish that gives it a rich, red appearance, white background.
2025-07-26 20:43:17,755 - INFO -    Similarity: 0.511
2025-07-26 20:43:17,755 - INFO -    Gold score: 0.8663
2025-07-26 20:43:18,955 - INFO - [TRELLIS] GPU cache cleared: {'status': 'cache_cleared', 'available_memory_gb': 18.948489216}
2025-07-26 20:43:18,955 - INFO -    🎲 Using deterministic seed: 42
2025-07-26 20:43:45,116 - INFO - ✅ Generation successful in 26.15s (7,810,154 bytes)
2025-07-26 20:43:45,117 - INFO - 📤 Submitting result: 5b041a34-8418-4d0f-896d-207a0aa609aa
2025-07-26 20:43:45,117 - INFO -    📦 Using SPZ-compressed data from server (7,810,154 bytes)
2025-07-26 20:43:47,920 - INFO - ⏱️ Total processing time: 31.89s (from validator response to submission)
2025-07-26 20:43:47,920 - INFO - ✅ Submission successful to UID 81 (2.77s)
2025-07-26 20:43:47,920 - INFO -    Task fidelity: 0.8783
2025-07-26 20:43:47,921 - INFO -    Average fidelity: 0.8793
2025-07-26 20:43:47,921 - INFO -    Miner reward: 15.827826
2025-07-26 20:43:47,921 - INFO -    Validation failed: False
2025-07-26 20:43:47,921 - INFO -    Generations in window: 18
2025-07-26 20:43:47,949 - INFO - ✅ Task 5b041a34-8418-4d0f-896d-207a0aa609aa completed successfully
2025-07-26 20:43:48,375 - INFO - ✅ New task from UID 128: 'sleek white robot displaying neutral stance...'
2025-07-26 20:43:48,375 - INFO -    Threshold: 0.6, Query time: 0.27s
2025-07-26 20:43:48,376 - INFO - 🔄 Processing task 62570be3-606c-4781-8890-c7d5ea528a34: 'sleek white robot displaying neutral stance'
2025-07-26 20:43:48,376 - INFO - 🎨 Generating 3D model: 'sleek white robot displaying neutral stance' (task: 62570be3-606c-4781-8890-c7d5ea528a34)
2025-07-26 20:43:49,947 - INFO - 🔄 Reproducibility optimization applied:
2025-07-26 20:43:49,948 - INFO -    Original: sleek white robot displaying neutral stance
2025-07-26 20:43:49,948 - INFO -    Optimized: wbgmsst, a sleek white robot with smooth and gradient-like surfaces, rendered in neutral tones, set against a pure white background.
2025-07-26 20:43:49,948 - INFO -    Similarity: 0.514
2025-07-26 20:43:49,948 - INFO -    Gold score: 0.8567
2025-07-26 20:43:50,867 - INFO - [TRELLIS] GPU cache cleared: {'status': 'cache_cleared', 'available_memory_gb': 19.937624064}
2025-07-26 20:43:50,868 - INFO -    🎲 Using deterministic seed: 42
2025-07-26 20:44:15,298 - INFO - ✅ Generation successful in 24.42s (7,784,295 bytes)
2025-07-26 20:44:15,298 - INFO - 📤 Submitting result: 62570be3-606c-4781-8890-c7d5ea528a34
2025-07-26 20:44:15,298 - INFO -    📦 Using SPZ-compressed data from server (7,784,295 bytes)
2025-07-26 20:44:17,850 - INFO - ⏱️ Total processing time: 29.50s (from validator response to submission)
2025-07-26 20:44:17,850 - INFO - ✅ Submission successful to UID 128 (2.52s)
2025-07-26 20:44:17,850 - INFO -    Task fidelity: 0.9030
2025-07-26 20:44:17,851 - INFO -    Average fidelity: 0.8429
2025-07-26 20:44:17,851 - INFO -    Miner reward: 16.858739
2025-07-26 20:44:17,851 - INFO -    Validation failed: False
2025-07-26 20:44:17,851 - INFO -    Generations in window: 20
2025-07-26 20:44:17,895 - INFO - ✅ Task 62570be3-606c-4781-8890-c7d5ea528a34 completed successfully
2025-07-26 20:44:22,902 - WARNING - ⚠️ Exception checking TRELLIS server status: HTTPConnectionPool(host='localhost', port=8096): Read timed out. (read timeout=5), proceeding anyway.
2025-07-26 20:44:23,209 - INFO - ✅ New task from UID 142: 'pink robot with floral dress...'
2025-07-26 20:44:23,209 - INFO -    Threshold: 0.6, Query time: 0.28s
2025-07-26 20:44:23,209 - INFO - 🔄 Processing task 6993833a-cf44-4662-933c-913b2aff7ea7: 'pink robot with floral dress'
2025-07-26 20:44:23,210 - INFO - 🎨 Generating 3D model: 'pink robot with floral dress' (task: 6993833a-cf44-4662-933c-913b2aff7ea7)
2025-07-26 20:44:26,920 - INFO - 🔄 Reproducibility optimization applied:
2025-07-26 20:44:26,920 - INFO -    Original: pink robot with floral dress
2025-07-26 20:44:26,920 - INFO -    Optimized: wbgmsst, an enhanced robot with intricate details and a pink floral dress, features metallic details, subtle texture and shading, and glowing blue accents, especially around its round eyes on a white background.
2025-07-26 20:44:26,920 - INFO -    Similarity: 0.587
2025-07-26 20:44:26,921 - INFO -    Gold score: 0.9211
2025-07-26 20:44:36,934 - WARNING - [TRELLIS] Exception clearing GPU cache: HTTPConnectionPool(host='localhost', port=8096): Read timed out. (read timeout=10)
2025-07-26 20:44:36,934 - INFO -    🎲 Using deterministic seed: 42
2025-07-26 20:45:02,104 - INFO - ✅ Generation successful in 25.17s (4,430,821 bytes)
2025-07-26 20:45:02,104 - INFO - 📤 Submitting result: 6993833a-cf44-4662-933c-913b2aff7ea7
2025-07-26 20:45:02,105 - INFO -    📦 Using SPZ-compressed data from server (4,430,821 bytes)
2025-07-26 20:45:03,461 - INFO - ⏱️ Total processing time: 40.27s (from validator response to submission)
2025-07-26 20:45:03,461 - INFO - ✅ Submission successful to UID 142 (1.34s)
2025-07-26 20:45:03,461 - INFO -    Task fidelity: 0.6913
2025-07-26 20:45:03,462 - INFO -    Average fidelity: 0.8101
2025-07-26 20:45:03,462 - INFO -    Miner reward: 17.012418
2025-07-26 20:45:03,462 - INFO -    Validation failed: False
2025-07-26 20:45:03,462 - INFO -    Generations in window: 21
2025-07-26 20:45:03,487 - INFO - ✅ Task 6993833a-cf44-4662-933c-913b2aff7ea7 completed successfully
2025-07-26 20:45:21,935 - WARNING - ⚠️ Exception checking TRELLIS server status: HTTPConnectionPool(host='localhost', port=8096): Read timed out. (read timeout=5), proceeding anyway.
2025-07-26 20:45:26,943 - WARNING - ⚠️ Exception checking TRELLIS server status: HTTPConnectionPool(host='localhost', port=8096): Read timed out. (read timeout=5), proceeding anyway.
2025-07-26 20:45:31,951 - WARNING - ⚠️ Exception checking TRELLIS server status: HTTPConnectionPool(host='localhost', port=8096): Read timed out. (read timeout=5), proceeding anyway.
2025-07-26 20:45:36,959 - WARNING - ⚠️ Exception checking TRELLIS server status: HTTPConnectionPool(host='localhost', port=8096): Read timed out. (read timeout=5), proceeding anyway.
2025-07-26 20:45:50,251 - INFO - ✅ New task from UID 212: 'polished silver clarinet with elegant...'
2025-07-26 20:45:50,251 - INFO -    Threshold: 0.6, Query time: 0.41s
2025-07-26 20:45:50,252 - INFO - 🔄 Processing task 4caa16a0-c73e-4536-9e45-003281e3caef: 'polished silver clarinet with elegant'
2025-07-26 20:45:50,252 - INFO - 🎨 Generating 3D model: 'polished silver clarinet with elegant' (task: 4caa16a0-c73e-4536-9e45-003281e3caef)
2025-07-26 20:45:50,868 - INFO - 🚀 Traditional optimization applied:
2025-07-26 20:45:50,869 - INFO -    Original: polished silver clarinet with elegant
2025-07-26 20:45:50,869 - INFO -    Optimized: wbgmsst, a polished silver clarinet rests elegantly on a rich, velvety music stand, surrounded by soft, ethereal light that catches the instrument's slender curves, white background
2025-07-26 20:45:50,869 - INFO -    Confidence: 80.0%
2025-07-26 20:45:52,234 - INFO - [TRELLIS] GPU cache cleared: {'status': 'cache_cleared', 'available_memory_gb': 15.223947264}
2025-07-26 20:45:52,235 - INFO -    🎲 Using deterministic seed: 42
2025-07-26 20:46:16,773 - INFO - ✅ Generation successful in 24.53s (4,385,122 bytes)
2025-07-26 20:46:16,774 - INFO - 📤 Submitting result: 4caa16a0-c73e-4536-9e45-003281e3caef
2025-07-26 20:46:16,775 - INFO -    📦 Using SPZ-compressed data from server (4,385,122 bytes)
2025-07-26 20:46:19,024 - INFO - ⏱️ Total processing time: 28.80s (from validator response to submission)
2025-07-26 20:46:19,025 - INFO - ✅ Submission successful to UID 212 (2.24s)
2025-07-26 20:46:19,025 - INFO -    Task fidelity: 0.0000
2025-07-26 20:46:19,025 - INFO -    Average fidelity: 0.8552
2025-07-26 20:46:19,025 - INFO -    Miner reward: 14.538072
2025-07-26 20:46:19,025 - INFO -    Validation failed: False
2025-07-26 20:46:19,025 - INFO -    Generations in window: 17
2025-07-26 20:46:19,051 - INFO - ✅ Task 4caa16a0-c73e-4536-9e45-003281e3caef completed successfully
2025-07-26 20:46:30,947 - WARNING - ⚠️ Exception checking TRELLIS server status: HTTPConnectionPool(host='localhost', port=8096): Read timed out. (read timeout=5), proceeding anyway.
2025-07-26 20:46:35,955 - WARNING - ⚠️ Exception checking TRELLIS server status: HTTPConnectionPool(host='localhost', port=8096): Read timed out. (read timeout=5), proceeding anyway.
2025-07-26 20:46:40,962 - WARNING - ⚠️ Exception checking TRELLIS server status: HTTPConnectionPool(host='localhost', port=8096): Read timed out. (read timeout=5), proceeding anyway.
2025-07-26 20:47:29,642 - WARNING - ⚠️ Exception checking TRELLIS server status: HTTPConnectionPool(host='localhost', port=8096): Read timed out. (read timeout=5), proceeding anyway.
2025-07-26 20:47:34,647 - WARNING - ⚠️ Exception checking TRELLIS server status: HTTPConnectionPool(host='localhost', port=8096): Read timed out. (read timeout=5), proceeding anyway.
2025-07-26 20:47:39,656 - WARNING - ⚠️ Exception checking TRELLIS server status: HTTPConnectionPool(host='localhost', port=8096): Read timed out. (read timeout=5), proceeding anyway.
2025-07-26 20:47:56,687 - INFO - ✅ New task from UID 49: 'sleek black clarinet for jazz...'
2025-07-26 20:47:56,688 - INFO -    Threshold: 0.6, Query time: 0.42s
2025-07-26 20:47:56,688 - INFO - 🔄 Processing task 8057c3b6-c67b-4d9d-9291-dd77e94a58ee: 'sleek black clarinet for jazz'
2025-07-26 20:47:56,688 - INFO - 🎨 Generating 3D model: 'sleek black clarinet for jazz' (task: 8057c3b6-c67b-4d9d-9291-dd77e94a58ee)
2025-07-26 20:47:57,286 - INFO - 🚀 Traditional optimization applied:
2025-07-26 20:47:57,286 - INFO -    Original: sleek black clarinet for jazz
2025-07-26 20:47:57,287 - INFO -    Optimized: wbgmsst, a slender sleek black clarinet with a golden key and delicate silver ornamentation nestled on a richly polished ebony music stand in a dimly lit smoky jazz club with flickering candles and vintage posters of iconic musicians, white background
2025-07-26 20:47:57,287 - INFO -    Confidence: 80.0%
2025-07-26 20:47:58,500 - INFO - [TRELLIS] GPU cache cleared: {'status': 'cache_cleared', 'available_memory_gb': 15.261696}
2025-07-26 20:47:58,501 - INFO -    🎲 Using deterministic seed: 42
2025-07-26 20:48:28,765 - INFO - ✅ Generation successful in 30.26s (10,218,709 bytes)
2025-07-26 20:48:28,766 - INFO - 📤 Submitting result: 8057c3b6-c67b-4d9d-9291-dd77e94a58ee
2025-07-26 20:48:28,766 - INFO -    📦 Using SPZ-compressed data from server (10,218,709 bytes)
2025-07-26 20:48:32,306 - INFO - ⏱️ Total processing time: 35.64s (from validator response to submission)
2025-07-26 20:48:32,306 - INFO - ✅ Submission successful to UID 49 (3.50s)
2025-07-26 20:48:32,306 - INFO -    Task fidelity: 0.7917
2025-07-26 20:48:32,306 - INFO -    Average fidelity: 0.8052
2025-07-26 20:48:32,306 - INFO -    Miner reward: 26.573188
2025-07-26 20:48:32,306 - INFO -    Validation failed: False
2025-07-26 20:48:32,306 - INFO -    Generations in window: 33
2025-07-26 20:48:32,324 - INFO - ✅ Task 8057c3b6-c67b-4d9d-9291-dd77e94a58ee completed successfully
2025-07-26 20:48:40,959 - WARNING - ⚠️ Exception checking TRELLIS server status: HTTPConnectionPool(host='localhost', port=8096): Read timed out. (read timeout=5), proceeding anyway.
2025-07-26 20:48:46,126 - WARNING - ⚠️ Exception checking TRELLIS server status: HTTPConnectionPool(host='localhost', port=8096): Read timed out. (read timeout=5), proceeding anyway.
2025-07-26 20:48:51,285 - WARNING - ⚠️ Exception checking TRELLIS server status: HTTPConnectionPool(host='localhost', port=8096): Read timed out. (read timeout=5), proceeding anyway.
2025-07-26 20:48:56,434 - WARNING - ⚠️ Exception checking TRELLIS server status: HTTPConnectionPool(host='localhost', port=8096): Read timed out. (read timeout=5), proceeding anyway.
2025-07-26 20:49:18,830 - INFO - ✅ New task from UID 81: 'futuristic spearhead with glowing tip...'
2025-07-26 20:49:18,831 - INFO -    Threshold: 0.6, Query time: 0.46s
2025-07-26 20:49:18,831 - INFO - 🔄 Processing task c6695737-3f52-4236-8b1d-d8f2c69309b9: 'futuristic spearhead with glowing tip'
2025-07-26 20:49:18,831 - INFO - 🎨 Generating 3D model: 'futuristic spearhead with glowing tip' (task: c6695737-3f52-4236-8b1d-d8f2c69309b9)
2025-07-26 20:49:19,356 - INFO - 🚀 Traditional optimization applied:
2025-07-26 20:49:19,357 - INFO -    Original: futuristic spearhead with glowing tip
2025-07-26 20:49:19,357 - INFO -    Optimized: wbgmsst, a futuristic spearhead with a glowing tip protrudes from the center of a metallic alloy shield, its sleek surface reflecting a brilliant blue light that dances across the dark, industrial background of a futuristic cityscape at dusk.
2025-07-26 20:49:19,357 - INFO -    Confidence: 80.0%
2025-07-26 20:49:20,654 - INFO - [TRELLIS] GPU cache cleared: {'status': 'cache_cleared', 'available_memory_gb': 19.937624064}
2025-07-26 20:49:20,654 - INFO -    🎲 Using deterministic seed: 42
2025-07-26 20:50:10,762 - INFO - ✅ Generation successful in 50.10s (8,804,468 bytes)
2025-07-26 20:50:10,763 - INFO - 📤 Submitting result: c6695737-3f52-4236-8b1d-d8f2c69309b9
2025-07-26 20:50:10,763 - INFO -    📦 Using SPZ-compressed data from server (8,804,468 bytes)
2025-07-26 20:50:15,432 - INFO - ⏱️ Total processing time: 56.63s (from validator response to submission)
2025-07-26 20:50:15,433 - INFO - ✅ Submission successful to UID 81 (4.63s)
2025-07-26 20:50:15,433 - INFO -    Task fidelity: 0.8160
2025-07-26 20:50:15,433 - INFO -    Average fidelity: 0.8762
2025-07-26 20:50:15,433 - INFO -    Miner reward: 16.646986
2025-07-26 20:50:15,434 - INFO -    Validation failed: False
2025-07-26 20:50:15,434 - INFO -    Generations in window: 19
2025-07-26 20:50:15,463 - INFO - ✅ Task c6695737-3f52-4236-8b1d-d8f2c69309b9 completed successfully
2025-07-26 20:50:15,927 - INFO - ✅ New task from UID 128: 'opal two-handed axe with feathered handle...'
2025-07-26 20:50:15,928 - INFO -    Threshold: 0.6, Query time: 0.28s
2025-07-26 20:50:15,928 - INFO - 🔄 Processing task 639695f1-bb68-4e74-926a-afd9d2a42b62: 'opal two-handed axe with feathered handle'
2025-07-26 20:50:15,928 - INFO - 🎨 Generating 3D model: 'opal two-handed axe with feathered handle' (task: 639695f1-bb68-4e74-926a-afd9d2a42b62)
2025-07-26 20:50:16,567 - INFO - 🚀 Traditional optimization applied:
2025-07-26 20:50:16,567 - INFO -    Original: opal two-handed axe with feathered handle
2025-07-26 20:50:16,568 - INFO -    Optimized: wbgmsst, a delicate opal-adorned two-handed axe with an intricately carved feathered handle and subtle inlays of silver and mother-of-pearl resting against the edge of a moss-covered ancient stone pedestal in a misty, moonlit forest glade, white background.
2025-07-26 20:50:16,568 - INFO -    Confidence: 80.0%
2025-07-26 20:50:17,888 - INFO - [TRELLIS] GPU cache cleared: {'status': 'cache_cleared', 'available_memory_gb': 18.948489216}
2025-07-26 20:50:17,889 - INFO -    🎲 Using deterministic seed: 42
2025-07-26 20:50:44,988 - INFO - ✅ Generation successful in 27.09s (7,188,917 bytes)
2025-07-26 20:50:44,988 - INFO - 📤 Submitting result: 639695f1-bb68-4e74-926a-afd9d2a42b62
2025-07-26 20:50:44,989 - INFO -    📦 Using SPZ-compressed data from server (7,188,917 bytes)
2025-07-26 20:50:47,057 - INFO - ⏱️ Total processing time: 31.15s (from validator response to submission)
2025-07-26 20:50:47,058 - INFO - ✅ Submission successful to UID 128 (2.04s)
2025-07-26 20:50:47,058 - INFO -    Task fidelity: 0.6976
2025-07-26 20:50:47,058 - INFO -    Average fidelity: 0.8357
2025-07-26 20:50:47,058 - INFO -    Miner reward: 17.549022
2025-07-26 20:50:47,058 - INFO -    Validation failed: False
2025-07-26 20:50:47,058 - INFO -    Generations in window: 21
2025-07-26 20:50:47,082 - INFO - ✅ Task 639695f1-bb68-4e74-926a-afd9d2a42b62 completed successfully
2025-07-26 20:50:47,391 - INFO - ✅ New task from UID 142: 'emerald necklace with teardrop-shaped pendant...'
2025-07-26 20:50:47,392 - INFO -    Threshold: 0.6, Query time: 0.28s
2025-07-26 20:50:47,392 - INFO - 🔄 Processing task 45eb48f5-7cf9-49f1-9d7f-98266c717c81: 'emerald necklace with teardrop-shaped pendant'
2025-07-26 20:50:47,392 - INFO - 🎨 Generating 3D model: 'emerald necklace with teardrop-shaped pendant' (task: 45eb48f5-7cf9-49f1-9d7f-98266c717c81)
2025-07-26 20:50:49,148 - INFO - 🔄 Reproducibility optimization applied:
2025-07-26 20:50:49,148 - INFO -    Original: emerald necklace with teardrop-shaped pendant
2025-07-26 20:50:49,148 - INFO -    Optimized: wbgmsst, a metallic necklace with an infinity symbol and cross accents in a high-quality finish, featuring teardrop-shaped details against a white background.
2025-07-26 20:50:49,149 - INFO -    Similarity: 0.511
2025-07-26 20:50:49,150 - INFO -    Gold score: 0.8663
2025-07-26 20:50:50,033 - INFO - [TRELLIS] GPU cache cleared: {'status': 'cache_cleared', 'available_memory_gb': 19.937624064}
2025-07-26 20:50:50,033 - INFO -    🎲 Using deterministic seed: 42
2025-07-26 20:51:12,285 - INFO - ✅ Generation successful in 22.25s (2,627,927 bytes)
2025-07-26 20:51:12,285 - INFO - 📤 Submitting result: 45eb48f5-7cf9-49f1-9d7f-98266c717c81
2025-07-26 20:51:12,286 - INFO -    📦 Using SPZ-compressed data from server (2,627,927 bytes)
2025-07-26 20:51:16,879 - INFO - ⏱️ Total processing time: 29.51s (from validator response to submission)
2025-07-26 20:51:16,879 - INFO - ✅ Submission successful to UID 142 (4.58s)
2025-07-26 20:51:16,879 - INFO -    Task fidelity: 0.8496
2025-07-26 20:51:16,879 - INFO -    Average fidelity: 0.8121
2025-07-26 20:51:16,879 - INFO -    Miner reward: 17.866012
2025-07-26 20:51:16,879 - INFO -    Validation failed: False
2025-07-26 20:51:16,879 - INFO -    Generations in window: 22
2025-07-26 20:51:16,987 - INFO - ✅ Task 45eb48f5-7cf9-49f1-9d7f-98266c717c81 completed successfully
2025-07-26 20:51:21,996 - WARNING - ⚠️ Exception checking TRELLIS server status: HTTPConnectionPool(host='localhost', port=8096): Read timed out. (read timeout=5), proceeding anyway.
2025-07-26 20:51:29,440 - WARNING - ⚠️ Exception checking TRELLIS server status: HTTPConnectionPool(host='localhost', port=8096): Read timed out. (read timeout=5), proceeding anyway.
2025-07-26 20:51:35,462 - INFO - ✅ New task from UID 49: 'gold hoop earring large with emerald...'
2025-07-26 20:51:35,462 - INFO -    Threshold: 0.6, Query time: 0.71s
2025-07-26 20:51:35,462 - INFO - 🔄 Processing task 7c997950-bfde-4d94-9484-286affe70106: 'gold hoop earring large with emerald'
2025-07-26 20:51:35,462 - INFO - 🎨 Generating 3D model: 'gold hoop earring large with emerald' (task: 7c997950-bfde-4d94-9484-286affe70106)
2025-07-26 20:51:36,046 - INFO - 🚀 Traditional optimization applied:
2025-07-26 20:51:36,046 - INFO -    Original: gold hoop earring large with emerald
2025-07-26 20:51:36,046 - INFO -    Optimized: wbgmsst, a luxurious gold hoop earring adorned with an exquisite emerald nestled comfortably against the listener's ear in a soft, velvety black evening gown, white background
2025-07-26 20:51:36,046 - INFO -    Confidence: 80.0%
2025-07-26 20:51:37,209 - INFO - [TRELLIS] GPU cache cleared: {'status': 'cache_cleared', 'available_memory_gb': 19.611189248}
2025-07-26 20:51:37,209 - INFO -    🎲 Using deterministic seed: 42
2025-07-26 20:52:10,596 - INFO - ✅ Generation successful in 33.37s (13,456,512 bytes)
2025-07-26 20:52:10,597 - INFO - 📤 Submitting result: 7c997950-bfde-4d94-9484-286affe70106
2025-07-26 20:52:10,597 - INFO -    📦 Using SPZ-compressed data from server (13,456,512 bytes)
2025-07-26 20:52:13,715 - INFO - ⏱️ Total processing time: 38.28s (from validator response to submission)
2025-07-26 20:52:13,715 - INFO - ✅ Submission successful to UID 49 (3.05s)
2025-07-26 20:52:13,716 - INFO -    Task fidelity: 0.8129
2025-07-26 20:52:13,716 - INFO -    Average fidelity: 0.8056
2025-07-26 20:52:13,716 - INFO -    Miner reward: 27.391484
2025-07-26 20:52:13,716 - INFO -    Validation failed: False
2025-07-26 20:52:13,716 - INFO -    Generations in window: 34
2025-07-26 20:52:13,738 - INFO - ✅ Task 7c997950-bfde-4d94-9484-286affe70106 completed successfully
2025-07-26 20:52:20,870 - INFO - ✅ Validator refresh complete:
2025-07-26 20:52:20,870 - INFO -    Active validators: 10
2025-07-26 20:52:20,871 - INFO -    Inactive validators: 0
2025-07-26 20:52:20,871 - INFO -    Total eligible validators found: 10
2025-07-26 20:52:20,871 - INFO -    Top validators by stake:
2025-07-26 20:52:20,871 - INFO -      UID 212: 104022.4 TAO (trust: 0.000)
2025-07-26 20:52:20,871 - INFO -      UID 142: 69553.5 TAO (trust: 0.000)
2025-07-26 20:52:20,871 - INFO -      UID 27: 60179.1 TAO (trust: 0.000)
2025-07-26 20:52:20,871 - INFO -      UID 124: 39814.9 TAO (trust: 0.000)
2025-07-26 20:52:20,871 - INFO -      UID 128: 13459.8 TAO (trust: 0.000)
2025-07-26 20:52:21,801 - INFO - ✅ New task from UID 27: 'statue of octopus holding ink bottle...'
2025-07-26 20:52:21,801 - INFO -    Threshold: 0.6, Query time: 0.61s
2025-07-26 20:52:21,801 - INFO - 🔄 Processing task 020fe4d0-58b4-4e14-a879-32d74cfa5f32: 'statue of octopus holding ink bottle'
2025-07-26 20:52:21,802 - INFO - 🎨 Generating 3D model: 'statue of octopus holding ink bottle' (task: 020fe4d0-58b4-4e14-a879-32d74cfa5f32)
2025-07-26 20:52:22,507 - INFO - 🚀 Traditional optimization applied:
2025-07-26 20:52:22,507 - INFO -    Original: statue of octopus holding ink bottle
2025-07-26 20:52:22,507 - INFO -    Optimized: wbgmsst, a majestic octopus statue proudly standing upright, its eight arms outstretched as if embracing an ethereal ink bottle that seems to be filled with an otherworldly liquid, surrounded by soft, blue-green hues of oceanic twilight, in a mystical underwater realm where seaweed sways gently, white background
2025-07-26 20:52:22,507 - INFO -    Confidence: 80.0%
2025-07-26 20:52:23,525 - INFO - [TRELLIS] GPU cache cleared: {'status': 'cache_cleared', 'available_memory_gb': 19.937624064}
2025-07-26 20:52:23,525 - INFO -    🎲 Using deterministic seed: 42
2025-07-26 20:53:09,306 - INFO - ✅ Generation successful in 45.77s (7,094,702 bytes)
2025-07-26 20:53:09,307 - INFO - 📤 Submitting result: 020fe4d0-58b4-4e14-a879-32d74cfa5f32
2025-07-26 20:53:09,307 - INFO -    📦 Using SPZ-compressed data from server (7,094,702 bytes)
2025-07-26 20:53:14,277 - INFO - ⏱️ Total processing time: 52.50s (from validator response to submission)
2025-07-26 20:53:14,278 - INFO - ✅ Submission successful to UID 27 (4.95s)
2025-07-26 20:53:14,278 - INFO -    Task fidelity: 0.8602
2025-07-26 20:53:14,278 - INFO -    Average fidelity: 0.8458
2025-07-26 20:53:14,278 - INFO -    Miner reward: 15.224522
2025-07-26 20:53:14,278 - INFO -    Validation failed: False
2025-07-26 20:53:14,278 - INFO -    Generations in window: 18
2025-07-26 20:53:14,300 - INFO - ✅ Task 020fe4d0-58b4-4e14-a879-32d74cfa5f32 completed successfully
2025-07-26 20:53:16,353 - INFO - 📊 CONTINUOUS ORCHESTRATOR STATUS
2025-07-26 20:53:16,354 - INFO - ============================================================
2025-07-26 20:53:16,354 - INFO - Uptime: 3.70 hours
2025-07-26 20:53:16,354 - INFO - Tasks pulled: 170
2025-07-26 20:53:16,354 - INFO - Tasks processed: 170
2025-07-26 20:53:16,354 - INFO - Successful generations: 170
2025-07-26 20:53:16,354 - INFO - Successful validations: 0
2025-07-26 20:53:16,354 - INFO - Successful submissions: 167
2025-07-26 20:53:16,354 - INFO - Total rewards: 2624.898019 TAO
2025-07-26 20:53:16,354 - INFO - Idle validations: 0
2025-07-26 20:53:16,354 - INFO - Prompts optimized: 170
2025-07-26 20:53:16,355 - INFO - Reproducibility optimizations: 22
2025-07-26 20:53:16,355 - INFO - Traditional optimizations: 148
2025-07-26 20:53:16,355 - INFO - Optimization improvements: 0
2025-07-26 20:53:16,355 - INFO - Tasks/hour: 46.0
2025-07-26 20:53:16,355 - INFO - Rewards/hour: 709.529065 TAO
2025-07-26 20:53:16,355 - INFO - Average total processing time: 36.45s
2025-07-26 20:53:16,355 - INFO - Optimization rate: 0.0% of prompts improved
2025-07-26 20:53:16,355 - INFO - Active validators: 10
2025-07-26 20:53:16,355 - INFO -   UID 212: 0 tasks, avg score: 0.585
2025-07-26 20:53:16,355 - INFO -   UID 142: 0 tasks, avg score: 0.752
2025-07-26 20:53:16,355 - INFO -   UID 27: 0 tasks, avg score: 0.507
2025-07-26 20:53:16,356 - WARNING - ⚠️ Found 5 unfinished tasks in last 6 hours:
2025-07-26 20:53:16,356 - WARNING -    UID 142: 'gold bracelet with rubies inla...' - no_submission
2025-07-26 20:53:16,357 - WARNING -    UID 142: 'glossy purple jump rope coiled...' - no_submission
2025-07-26 20:53:16,357 - WARNING -    UID 142: 'opal bracelet with purple ston...' - no_submission
2025-07-26 20:53:16,357 - WARNING -    UID 142: 'matte silver droid designed fo...' - no_submission
2025-07-26 20:53:16,357 - WARNING -    UID 142: 'copper-colored robot with seri...' - no_submission
2025-07-26 20:53:16,357 - INFO - ============================================================
2025-07-26 20:53:16,359 - INFO - 📊 Statistics saved to continuous_trellis_outputs/continuous_stats_20250726_205316.json
2025-07-26 20:53:30,321 - WARNING - ⚠️ Exception checking TRELLIS server status: HTTPConnectionPool(host='localhost', port=8096): Read timed out. (read timeout=5), proceeding anyway.
2025-07-26 20:53:35,329 - WARNING - ⚠️ Exception checking TRELLIS server status: HTTPConnectionPool(host='localhost', port=8096): Read timed out. (read timeout=5), proceeding anyway.
2025-07-26 20:53:40,337 - WARNING - ⚠️ Exception checking TRELLIS server status: HTTPConnectionPool(host='localhost', port=8096): Read timed out. (read timeout=5), proceeding anyway.
2025-07-26 20:54:01,988 - INFO - ✅ New task from UID 49: 'purple wrench beside ladder...'
2025-07-26 20:54:01,988 - INFO -    Threshold: 0.6, Query time: 0.43s
2025-07-26 20:54:01,988 - INFO - 🔄 Processing task 0fb1cc5b-6cf2-4be7-8e15-9acc9b455885: 'purple wrench beside ladder'
2025-07-26 20:54:01,988 - INFO - 🎨 Generating 3D model: 'purple wrench beside ladder' (task: 0fb1cc5b-6cf2-4be7-8e15-9acc9b455885)
2025-07-26 20:54:02,467 - INFO - 🚀 Traditional optimization applied:
2025-07-26 20:54:02,468 - INFO -    Original: purple wrench beside ladder
2025-07-26 20:54:02,468 - INFO -    Optimized: wbgmsst, a majestic purple wrench leaning against the rugged rungs of a worn wooden ladder set against a rustic stone wall, with intricate carvings and weathered moss on its surface, white background
2025-07-26 20:54:02,468 - INFO -    Confidence: 80.0%
2025-07-26 20:54:03,601 - INFO - [TRELLIS] GPU cache cleared: {'status': 'cache_cleared', 'available_memory_gb': 19.374211072}
2025-07-26 20:54:03,601 - INFO -    🎲 Using deterministic seed: 42
2025-07-26 20:54:28,614 - INFO - ✅ Generation successful in 25.01s (4,383,288 bytes)
2025-07-26 20:54:28,614 - INFO - 📤 Submitting result: 0fb1cc5b-6cf2-4be7-8e15-9acc9b455885
2025-07-26 20:54:28,615 - INFO -    📦 Using SPZ-compressed data from server (4,383,288 bytes)
2025-07-26 20:54:30,830 - INFO - ⏱️ Total processing time: 28.85s (from validator response to submission)
2025-07-26 20:54:30,831 - INFO - ✅ Submission successful to UID 49 (2.20s)
2025-07-26 20:54:30,831 - INFO -    Task fidelity: 0.9069
2025-07-26 20:54:30,831 - INFO -    Average fidelity: 0.8107
2025-07-26 20:54:30,831 - INFO -    Miner reward: 28.374263
2025-07-26 20:54:30,831 - INFO -    Validation failed: False
2025-07-26 20:54:30,831 - INFO -    Generations in window: 35
2025-07-26 20:54:30,873 - INFO - ✅ Task 0fb1cc5b-6cf2-4be7-8e15-9acc9b455885 completed successfully
2025-07-26 20:54:39,479 - WARNING - ⚠️ Exception checking TRELLIS server status: HTTPConnectionPool(host='localhost', port=8096): Read timed out. (read timeout=5), proceeding anyway.
2025-07-26 20:54:44,636 - WARNING - ⚠️ Exception checking TRELLIS server status: HTTPConnectionPool(host='localhost', port=8096): Read timed out. (read timeout=5), proceeding anyway.
2025-07-26 20:54:49,790 - WARNING - ⚠️ Exception checking TRELLIS server status: HTTPConnectionPool(host='localhost', port=8096): Read timed out. (read timeout=5), proceeding anyway.
2025-07-26 20:55:17,595 - INFO - ✅ New task from UID 81: 'bronze gryphon wings outstretched in flight...'
2025-07-26 20:55:17,596 - INFO -    Threshold: 0.6, Query time: 0.61s
2025-07-26 20:55:17,596 - INFO - 🔄 Processing task bb32c12e-b75a-4a25-a514-d1c7e2772e66: 'bronze gryphon wings outstretched in flight'
2025-07-26 20:55:17,596 - INFO - 🎨 Generating 3D model: 'bronze gryphon wings outstretched in flight' (task: bb32c12e-b75a-4a25-a514-d1c7e2772e66)
2025-07-26 20:55:18,126 - INFO - 🚀 Traditional optimization applied:
2025-07-26 20:55:18,127 - INFO -    Original: bronze gryphon wings outstretched in flight
2025-07-26 20:55:18,127 - INFO -    Optimized: wbgmsst, a pair of bronze gryphon wings outstretched and curved in mid-air, suspended over a serene misty forest glade with gnarled tree branches and soft, ethereal light filtering through the canopy, white background
2025-07-26 20:55:18,127 - INFO -    Confidence: 80.0%
2025-07-26 20:55:19,920 - INFO - [TRELLIS] GPU cache cleared: {'status': 'cache_cleared', 'available_memory_gb': 19.937624064}
2025-07-26 20:55:19,920 - INFO -    🎲 Using deterministic seed: 42
2025-07-26 20:56:07,220 - INFO - ✅ Generation successful in 47.29s (8,742,577 bytes)
2025-07-26 20:56:07,221 - INFO - 📤 Submitting result: bb32c12e-b75a-4a25-a514-d1c7e2772e66
2025-07-26 20:56:07,222 - INFO -    📦 Using SPZ-compressed data from server (8,742,577 bytes)
2025-07-26 20:56:10,099 - INFO - ⏱️ Total processing time: 52.55s (from validator response to submission)
2025-07-26 20:56:10,100 - INFO - ✅ Submission successful to UID 81 (2.85s)
2025-07-26 20:56:10,100 - INFO -    Task fidelity: 0.7399
2025-07-26 20:56:10,100 - INFO -    Average fidelity: 0.8693
2025-07-26 20:56:10,100 - INFO -    Miner reward: 17.386868
2025-07-26 20:56:10,100 - INFO -    Validation failed: False
2025-07-26 20:56:10,101 - INFO -    Generations in window: 20
2025-07-26 20:56:10,133 - INFO - ✅ Task bb32c12e-b75a-4a25-a514-d1c7e2772e66 completed successfully
2025-07-26 20:56:10,624 - INFO - ✅ New task from UID 128: 'textured jasper mineral chunk...'
2025-07-26 20:56:10,625 - INFO -    Threshold: 0.6, Query time: 0.29s
2025-07-26 20:56:10,625 - INFO - 🔄 Processing task fd281f5e-03d3-4df2-a5a6-407e5aac1fda: 'textured jasper mineral chunk'
2025-07-26 20:56:10,626 - INFO - 🎨 Generating 3D model: 'textured jasper mineral chunk' (task: fd281f5e-03d3-4df2-a5a6-407e5aac1fda)
2025-07-26 20:56:11,147 - INFO - 🚀 Traditional optimization applied:
2025-07-26 20:56:11,147 - INFO -    Original: textured jasper mineral chunk
2025-07-26 20:56:11,147 - INFO -    Optimized: wbgmsst, a richly detailed textured jasper mineral chunk suspended in mid-air within a warm, golden light that casts subtle shadows on its intricate crystalline structures and weathered surface, white background
2025-07-26 20:56:11,147 - INFO -    Confidence: 80.0%
2025-07-26 20:56:12,697 - INFO - [TRELLIS] GPU cache cleared: {'status': 'cache_cleared', 'available_memory_gb': 18.948489216}
2025-07-26 20:56:12,698 - INFO -    🎲 Using deterministic seed: 42
2025-07-26 20:56:42,944 - INFO - ✅ Generation successful in 30.24s (12,615,388 bytes)
2025-07-26 20:56:42,945 - INFO - 📤 Submitting result: fd281f5e-03d3-4df2-a5a6-407e5aac1fda
2025-07-26 20:56:42,945 - INFO -    📦 Using SPZ-compressed data from server (12,615,388 bytes)
2025-07-26 20:56:44,896 - INFO - ⏱️ Total processing time: 34.29s (from validator response to submission)
2025-07-26 20:56:44,896 - INFO - ✅ Submission successful to UID 128 (1.89s)
2025-07-26 20:56:44,896 - INFO -    Task fidelity: 0.0000
2025-07-26 20:56:44,896 - INFO -    Average fidelity: 0.8357
2025-07-26 20:56:44,896 - INFO -    Miner reward: 17.549022
2025-07-26 20:56:44,897 - INFO -    Validation failed: False
2025-07-26 20:56:44,897 - INFO -    Generations in window: 21
2025-07-26 20:56:44,929 - INFO - ✅ Task fd281f5e-03d3-4df2-a5a6-407e5aac1fda completed successfully
2025-07-26 20:56:45,362 - INFO - ✅ New task from UID 142: 'onyx helmet crowned by sapphire crest...'
2025-07-26 20:56:45,362 - INFO -    Threshold: 0.6, Query time: 0.41s
2025-07-26 20:56:45,363 - INFO - 🔄 Processing task f284cfe1-6ce4-4448-9b99-f21e3b830ca8: 'onyx helmet crowned by sapphire crest'
2025-07-26 20:56:45,363 - INFO - 🎨 Generating 3D model: 'onyx helmet crowned by sapphire crest' (task: f284cfe1-6ce4-4448-9b99-f21e3b830ca8)
2025-07-26 20:56:45,843 - INFO - 🚀 Traditional optimization applied:
2025-07-26 20:56:45,844 - INFO -    Original: onyx helmet crowned by sapphire crest
2025-07-26 20:56:45,844 - INFO -    Optimized: wbgmsst, an ornate onyx helmet adorned with a regal sapphire crest that glimmers like a midnight sky, worn and weathered from centuries of battle and legend, white background
2025-07-26 20:56:45,844 - INFO -    Confidence: 80.0%
2025-07-26 20:56:46,808 - INFO - [TRELLIS] GPU cache cleared: {'status': 'cache_cleared', 'available_memory_gb': 19.937624064}
2025-07-26 20:56:46,809 - INFO -    🎲 Using deterministic seed: 42
2025-07-26 20:57:13,422 - INFO - ✅ Generation successful in 26.60s (10,064,711 bytes)
2025-07-26 20:57:13,422 - INFO - 📤 Submitting result: f284cfe1-6ce4-4448-9b99-f21e3b830ca8
2025-07-26 20:57:13,422 - INFO -    📦 Using SPZ-compressed data from server (10,064,711 bytes)
2025-07-26 20:57:20,820 - INFO - ⏱️ Total processing time: 35.48s (from validator response to submission)
2025-07-26 20:57:20,820 - INFO - ✅ Submission successful to UID 142 (7.36s)
2025-07-26 20:57:20,820 - INFO -    Task fidelity: 0.0000
2025-07-26 20:57:20,820 - INFO -    Average fidelity: 0.8121
2025-07-26 20:57:20,820 - INFO -    Miner reward: 17.866012
2025-07-26 20:57:20,820 - INFO -    Validation failed: False
2025-07-26 20:57:20,820 - INFO -    Generations in window: 22
2025-07-26 20:57:20,842 - INFO - ✅ Task f284cfe1-6ce4-4448-9b99-f21e3b830ca8 completed successfully
2025-07-26 20:57:25,848 - WARNING - ⚠️ Exception checking TRELLIS server status: HTTPConnectionPool(host='localhost', port=8096): Read timed out. (read timeout=5), proceeding anyway.
2025-07-26 20:57:33,281 - WARNING - ⚠️ Exception checking TRELLIS server status: HTTPConnectionPool(host='localhost', port=8096): Read timed out. (read timeout=5), proceeding anyway.
2025-07-26 20:57:36,500 - INFO - ✅ New task from UID 49: 'glossy tourmaline variegated colors conical profil...'
2025-07-26 20:57:36,501 - INFO -    Threshold: 0.6, Query time: 0.43s
2025-07-26 20:57:36,501 - INFO - 🔄 Processing task 2c4a6a01-130c-4b99-a8ea-56c73ae70190: 'glossy tourmaline variegated colors conical profile'
2025-07-26 20:57:36,501 - INFO - 🎨 Generating 3D model: 'glossy tourmaline variegated colors conical profile' (task: 2c4a6a01-130c-4b99-a8ea-56c73ae70190)
2025-07-26 20:57:36,996 - INFO - 🚀 Traditional optimization applied:
2025-07-26 20:57:36,997 - INFO -    Original: glossy tourmaline variegated colors conical profile
2025-07-26 20:57:36,997 - INFO -    Optimized: wbgmsst, a glossy tourmaline gemstone with vibrant variegated colors set in an intricate conical profile, suspended from a delicate silver chain against a rich, velvety background, white background
2025-07-26 20:57:36,997 - INFO -    Confidence: 80.0%
2025-07-26 20:57:38,316 - INFO - [TRELLIS] GPU cache cleared: {'status': 'cache_cleared', 'available_memory_gb': 19.611189248}
2025-07-26 20:57:38,317 - INFO -    🎲 Using deterministic seed: 42
2025-07-26 20:58:09,814 - INFO - ✅ Generation successful in 31.49s (11,723,341 bytes)
2025-07-26 20:58:09,815 - INFO - 📤 Submitting result: 2c4a6a01-130c-4b99-a8ea-56c73ae70190
2025-07-26 20:58:09,815 - INFO -    📦 Using SPZ-compressed data from server (11,723,341 bytes)
2025-07-26 20:58:12,790 - INFO - ⏱️ Total processing time: 36.30s (from validator response to submission)
2025-07-26 20:58:12,790 - INFO - ✅ Submission successful to UID 49 (2.93s)
2025-07-26 20:58:12,790 - INFO -    Task fidelity: 0.8313
2025-07-26 20:58:12,790 - INFO -    Average fidelity: 0.8117
2025-07-26 20:58:12,790 - INFO -    Miner reward: 29.222125
2025-07-26 20:58:12,790 - INFO -    Validation failed: False
2025-07-26 20:58:12,790 - INFO -    Generations in window: 36
2025-07-26 20:58:12,820 - INFO - ✅ Task 2c4a6a01-130c-4b99-a8ea-56c73ae70190 completed successfully
2025-07-26 20:58:27,963 - WARNING - ⚠️ Exception checking TRELLIS server status: HTTPConnectionPool(host='localhost', port=8096): Read timed out. (read timeout=5), proceeding anyway.
2025-07-26 20:58:32,970 - WARNING - ⚠️ Exception checking TRELLIS server status: HTTPConnectionPool(host='localhost', port=8096): Read timed out. (read timeout=5), proceeding anyway.
2025-07-26 20:58:37,977 - WARNING - ⚠️ Exception checking TRELLIS server status: HTTPConnectionPool(host='localhost', port=8096): Read timed out. (read timeout=5), proceeding anyway.
2025-07-26 20:58:42,984 - WARNING - ⚠️ Exception checking TRELLIS server status: HTTPConnectionPool(host='localhost', port=8096): Read timed out. (read timeout=5), proceeding anyway.
2025-07-26 20:58:43,622 - INFO - ✅ New task from UID 27: 'red stealth fighter with retractable wings...'
2025-07-26 20:58:43,623 - INFO -    Threshold: 0.6, Query time: 0.61s
2025-07-26 20:58:43,623 - INFO - 🔄 Processing task 3f429bdd-3e83-4ea6-8f49-efb18d875683: 'red stealth fighter with retractable wings'
2025-07-26 20:58:43,623 - INFO - 🎨 Generating 3D model: 'red stealth fighter with retractable wings' (task: 3f429bdd-3e83-4ea6-8f49-efb18d875683)
2025-07-26 20:58:44,111 - INFO - 🚀 Traditional optimization applied:
2025-07-26 20:58:44,111 - INFO -    Original: red stealth fighter with retractable wings
2025-07-26 20:58:44,111 - INFO -    Optimized: wbgmsst, a sleek red stealth fighter with retractable wings poised on the edge of a misty forest clearing, illuminated by the soft, silvery glow of dawn breaking through the trees, white background
2025-07-26 20:58:44,111 - INFO -    Confidence: 80.0%
2025-07-26 20:58:45,202 - INFO - [TRELLIS] GPU cache cleared: {'status': 'cache_cleared', 'available_memory_gb': 19.611189248}
2025-07-26 20:58:45,202 - INFO -    🎲 Using deterministic seed: 42
2025-07-26 20:59:08,116 - INFO - ✅ Generation successful in 22.91s (2,525,278 bytes)
2025-07-26 20:59:08,117 - INFO - 📤 Submitting result: 3f429bdd-3e83-4ea6-8f49-efb18d875683
2025-07-26 20:59:08,118 - INFO -    📦 Using SPZ-compressed data from server (2,525,278 bytes)
2025-07-26 20:59:11,036 - INFO - ⏱️ Total processing time: 27.44s (from validator response to submission)
2025-07-26 20:59:11,036 - INFO - ✅ Submission successful to UID 27 (2.91s)
2025-07-26 20:59:11,037 - INFO -    Task fidelity: 0.8312
2025-07-26 20:59:11,037 - INFO -    Average fidelity: 0.8451
2025-07-26 20:59:11,037 - INFO -    Miner reward: 16.056451
2025-07-26 20:59:11,037 - INFO -    Validation failed: False
2025-07-26 20:59:11,038 - INFO -    Generations in window: 19
2025-07-26 20:59:11,060 - INFO - ✅ Task 3f429bdd-3e83-4ea6-8f49-efb18d875683 completed successfully
2025-07-26 20:59:29,032 - WARNING - ⚠️ Exception checking TRELLIS server status: HTTPConnectionPool(host='localhost', port=8096): Read timed out. (read timeout=5), proceeding anyway.
2025-07-26 20:59:34,039 - WARNING - ⚠️ Exception checking TRELLIS server status: HTTPConnectionPool(host='localhost', port=8096): Read timed out. (read timeout=5), proceeding anyway.
2025-07-26 20:59:39,046 - WARNING - ⚠️ Exception checking TRELLIS server status: HTTPConnectionPool(host='localhost', port=8096): Read timed out. (read timeout=5), proceeding anyway.
2025-07-26 20:59:44,052 - WARNING - ⚠️ Exception checking TRELLIS server status: HTTPConnectionPool(host='localhost', port=8096): Read timed out. (read timeout=5), proceeding anyway.
2025-07-26 20:59:57,417 - INFO - ✅ New task from UID 49: 'green curved scissors for trimming...'
2025-07-26 20:59:57,418 - INFO -    Threshold: 0.6, Query time: 0.45s
2025-07-26 20:59:57,418 - INFO - 🔄 Processing task 5f460d7d-9793-433e-a842-f7fe70f84381: 'green curved scissors for trimming'
2025-07-26 20:59:57,418 - INFO - 🎨 Generating 3D model: 'green curved scissors for trimming' (task: 5f460d7d-9793-433e-a842-f7fe70f84381)
2025-07-26 20:59:57,891 - INFO - 🚀 Traditional optimization applied:
2025-07-26 20:59:57,891 - INFO -    Original: green curved scissors for trimming
2025-07-26 20:59:57,891 - INFO -    Optimized: wbgmsst, a slender green curved scissors for trimming set against a soft, velvety background with delicate golden accents and subtle light catches the edges of its blades, white background
2025-07-26 20:59:57,891 - INFO -    Confidence: 80.0%
2025-07-26 20:59:59,019 - INFO - [TRELLIS] GPU cache cleared: {'status': 'cache_cleared', 'available_memory_gb': 13.674151936}
2025-07-26 20:59:59,020 - INFO -    🎲 Using deterministic seed: 42
2025-07-26 21:00:26,596 - INFO - ✅ Generation successful in 27.57s (8,719,225 bytes)
2025-07-26 21:00:26,597 - INFO - 📤 Submitting result: 5f460d7d-9793-433e-a842-f7fe70f84381
2025-07-26 21:00:26,597 - INFO -    📦 Using SPZ-compressed data from server (8,719,225 bytes)
2025-07-26 21:00:28,939 - INFO - ⏱️ Total processing time: 31.53s (from validator response to submission)
2025-07-26 21:00:28,939 - INFO - ✅ Submission successful to UID 49 (2.31s)
2025-07-26 21:00:28,939 - INFO -    Task fidelity: 0.8497
2025-07-26 21:00:28,940 - INFO -    Average fidelity: 0.8136
2025-07-26 21:00:28,940 - INFO -    Miner reward: 30.104121
2025-07-26 21:00:28,940 - INFO -    Validation failed: False
2025-07-26 21:00:28,940 - INFO -    Generations in window: 37
2025-07-26 21:00:28,967 - INFO - ✅ Task 5f460d7d-9793-433e-a842-f7fe70f84381 completed successfully
2025-07-26 21:00:38,048 - WARNING - ⚠️ Exception checking TRELLIS server status: HTTPConnectionPool(host='localhost', port=8096): Read timed out. (read timeout=5), proceeding anyway.
2025-07-26 21:00:43,689 - WARNING - ⚠️ Exception checking TRELLIS server status: HTTPConnectionPool(host='localhost', port=8096): Read timed out. (read timeout=5), proceeding anyway.
2025-07-26 21:00:49,144 - WARNING - ⚠️ Exception checking TRELLIS server status: HTTPConnectionPool(host='localhost', port=8096): Read timed out. (read timeout=5), proceeding anyway.
2025-07-26 21:00:54,151 - WARNING - ⚠️ Exception checking TRELLIS server status: HTTPConnectionPool(host='localhost', port=8096): Read timed out. (read timeout=5), proceeding anyway.
2025-07-26 21:01:15,875 - INFO - ✅ New task from UID 81: 'robot with blue and white helmet...'
2025-07-26 21:01:15,875 - INFO -    Threshold: 0.6, Query time: 0.44s
2025-07-26 21:01:15,876 - INFO - 🔄 Processing task e8deb17d-6639-437e-a288-0e42dcde0994: 'robot with blue and white helmet'
2025-07-26 21:01:15,876 - INFO - 🎨 Generating 3D model: 'robot with blue and white helmet' (task: e8deb17d-6639-437e-a288-0e42dcde0994)
2025-07-26 21:01:17,893 - INFO - 🔄 Reproducibility optimization applied:
2025-07-26 21:01:17,893 - INFO -    Original: robot with blue and white helmet
2025-07-26 21:01:17,893 - INFO -    Optimized: wbgmsst, an enhanced robot with intricate patterns on metal arms and glowing blue accents near the round eyes, has metallic details and a subtle texture and shading, made predominantly in blue and white, white background.
2025-07-26 21:01:17,894 - INFO -    Similarity: 0.532
2025-07-26 21:01:17,894 - INFO -    Gold score: 0.9211
2025-07-26 21:01:19,000 - INFO - [TRELLIS] GPU cache cleared: {'status': 'cache_cleared', 'available_memory_gb': 19.937624064}
2025-07-26 21:01:19,000 - INFO -    🎲 Using deterministic seed: 42
2025-07-26 21:01:45,650 - INFO - ✅ Generation successful in 26.64s (7,339,483 bytes)
2025-07-26 21:01:45,650 - INFO - 📤 Submitting result: e8deb17d-6639-437e-a288-0e42dcde0994
2025-07-26 21:01:45,650 - INFO -    📦 Using SPZ-compressed data from server (7,339,483 bytes)
2025-07-26 21:01:48,572 - INFO - ⏱️ Total processing time: 32.72s (from validator response to submission)
2025-07-26 21:01:48,573 - INFO - ✅ Submission successful to UID 81 (2.89s)
2025-07-26 21:01:48,573 - INFO -    Task fidelity: 0.9053
2025-07-26 21:01:48,573 - INFO -    Average fidelity: 0.8711
2025-07-26 21:01:48,573 - INFO -    Miner reward: 18.293973
2025-07-26 21:01:48,573 - INFO -    Validation failed: False
2025-07-26 21:01:48,573 - INFO -    Generations in window: 21
2025-07-26 21:01:48,583 - INFO - ✅ Task e8deb17d-6639-437e-a288-0e42dcde0994 completed successfully
2025-07-26 21:01:53,592 - WARNING - ⚠️ Exception checking TRELLIS server status: HTTPConnectionPool(host='localhost', port=8096): Read timed out. (read timeout=5), proceeding anyway.
2025-07-26 21:01:58,744 - WARNING - ⚠️ Exception checking TRELLIS server status: HTTPConnectionPool(host='localhost', port=8096): Read timed out. (read timeout=5), proceeding anyway.
2025-07-26 21:02:04,056 - WARNING - ⚠️ Exception checking TRELLIS server status: HTTPConnectionPool(host='localhost', port=8096): Read timed out. (read timeout=5), proceeding anyway.
2025-07-26 21:02:09,542 - WARNING - ⚠️ Exception checking TRELLIS server status: HTTPConnectionPool(host='localhost', port=8096): Read timed out. (read timeout=5), proceeding anyway.
2025-07-26 21:02:13,891 - INFO - ✅ New task from UID 49: 'yellow silk scarf floral-print...'
2025-07-26 21:02:13,891 - INFO -    Threshold: 0.6, Query time: 0.45s
2025-07-26 21:02:13,892 - INFO - 🔄 Processing task c806993c-2ce4-4a53-a0b8-09283ce87ef4: 'yellow silk scarf floral-print'
2025-07-26 21:02:13,892 - INFO - 🎨 Generating 3D model: 'yellow silk scarf floral-print' (task: c806993c-2ce4-4a53-a0b8-09283ce87ef4)
2025-07-26 21:02:14,459 - INFO - 🚀 Traditional optimization applied:
2025-07-26 21:02:14,459 - INFO -    Original: yellow silk scarf floral-print
2025-07-26 21:02:14,459 - INFO -    Optimized: wbgmsst, a vibrant yellow silk scarf adorned with intricate floral patterns of cherry blossoms and delicate vines against a soft, gradient blue background.
2025-07-26 21:02:14,459 - INFO -    Confidence: 80.0%
2025-07-26 21:02:15,848 - INFO - [TRELLIS] GPU cache cleared: {'status': 'cache_cleared', 'available_memory_gb': 19.611189248}
2025-07-26 21:02:15,849 - INFO -    🎲 Using deterministic seed: 42
2025-07-26 21:02:40,127 - INFO - ✅ Generation successful in 24.27s (3,431,429 bytes)
2025-07-26 21:02:40,128 - INFO - 📤 Submitting result: c806993c-2ce4-4a53-a0b8-09283ce87ef4
2025-07-26 21:02:40,128 - INFO -    📦 Using SPZ-compressed data from server (3,431,429 bytes)
2025-07-26 21:02:42,028 - INFO - ⏱️ Total processing time: 28.14s (from validator response to submission)
2025-07-26 21:02:42,028 - INFO - ✅ Submission successful to UID 49 (1.88s)
2025-07-26 21:02:42,029 - INFO -    Task fidelity: 0.8121
2025-07-26 21:02:42,029 - INFO -    Average fidelity: 0.8135
2025-07-26 21:02:42,029 - INFO -    Miner reward: 30.914772
2025-07-26 21:02:42,029 - INFO -    Validation failed: False
2025-07-26 21:02:42,029 - INFO -    Generations in window: 38
2025-07-26 21:02:42,096 - INFO - ✅ Task c806993c-2ce4-4a53-a0b8-09283ce87ef4 completed successfully
2025-07-26 21:02:45,415 - INFO - ✅ Validator refresh complete:
2025-07-26 21:02:45,416 - INFO -    Active validators: 10
2025-07-26 21:02:45,416 - INFO -    Inactive validators: 0
2025-07-26 21:02:45,416 - INFO -    Total eligible validators found: 10
2025-07-26 21:02:45,416 - INFO -    Top validators by stake:
2025-07-26 21:02:45,416 - INFO -      UID 212: 104022.4 TAO (trust: 0.000)
2025-07-26 21:02:45,416 - INFO -      UID 142: 69553.5 TAO (trust: 0.000)
2025-07-26 21:02:45,416 - INFO -      UID 27: 60179.1 TAO (trust: 0.000)
2025-07-26 21:02:45,416 - INFO -      UID 124: 39814.9 TAO (trust: 0.000)
2025-07-26 21:02:45,416 - INFO -      UID 128: 13459.8 TAO (trust: 0.000)
2025-07-26 21:02:45,788 - INFO - 📊 CONTINUOUS ORCHESTRATOR STATUS
2025-07-26 21:02:45,789 - INFO - ============================================================
2025-07-26 21:02:45,789 - INFO - Uptime: 3.86 hours
2025-07-26 21:02:45,789 - INFO - Tasks pulled: 179
2025-07-26 21:02:45,789 - INFO - Tasks processed: 179
2025-07-26 21:02:45,789 - INFO - Successful generations: 179
2025-07-26 21:02:45,789 - INFO - Successful validations: 0
2025-07-26 21:02:45,789 - INFO - Successful submissions: 176
2025-07-26 21:02:45,789 - INFO - Total rewards: 2830.665626 TAO
2025-07-26 21:02:45,789 - INFO - Idle validations: 0
2025-07-26 21:02:45,789 - INFO - Prompts optimized: 179
2025-07-26 21:02:45,789 - INFO - Reproducibility optimizations: 23
2025-07-26 21:02:45,790 - INFO - Traditional optimizations: 156
2025-07-26 21:02:45,790 - INFO - Optimization improvements: 0
2025-07-26 21:02:45,790 - INFO - Tasks/hour: 46.4
2025-07-26 21:02:45,790 - INFO - Rewards/hour: 733.776046 TAO
2025-07-26 21:02:45,790 - INFO - Average total processing time: 36.33s
2025-07-26 21:02:45,790 - INFO - Optimization rate: 0.0% of prompts improved
2025-07-26 21:02:45,790 - INFO - Active validators: 10
2025-07-26 21:02:45,790 - INFO -   UID 212: 0 tasks, avg score: 0.585
2025-07-26 21:02:45,790 - INFO -   UID 142: 0 tasks, avg score: 0.676
2025-07-26 21:02:45,790 - INFO -   UID 27: 0 tasks, avg score: 0.539
2025-07-26 21:02:45,791 - WARNING - ⚠️ Found 5 unfinished tasks in last 6 hours:
2025-07-26 21:02:45,791 - WARNING -    UID 142: 'gold bracelet with rubies inla...' - no_submission
2025-07-26 21:02:45,791 - WARNING -    UID 142: 'glossy purple jump rope coiled...' - no_submission
2025-07-26 21:02:45,791 - WARNING -    UID 142: 'opal bracelet with purple ston...' - no_submission
2025-07-26 21:02:45,791 - WARNING -    UID 142: 'matte silver droid designed fo...' - no_submission
2025-07-26 21:02:45,792 - WARNING -    UID 142: 'copper-colored robot with seri...' - no_submission
2025-07-26 21:02:45,792 - INFO - ============================================================
2025-07-26 21:02:45,793 - INFO - 📊 Statistics saved to continuous_trellis_outputs/continuous_stats_20250726_210245.json
2025-07-26 21:02:59,255 - WARNING - ⚠️ Exception checking TRELLIS server status: HTTPConnectionPool(host='localhost', port=8096): Read timed out. (read timeout=5), proceeding anyway.
2025-07-26 21:03:04,403 - WARNING - ⚠️ Exception checking TRELLIS server status: HTTPConnectionPool(host='localhost', port=8096): Read timed out. (read timeout=5), proceeding anyway.
2025-07-26 21:03:09,547 - WARNING - ⚠️ Exception checking TRELLIS server status: HTTPConnectionPool(host='localhost', port=8096): Read timed out. (read timeout=5), proceeding anyway.
2025-07-26 21:03:14,696 - WARNING - ⚠️ Exception checking TRELLIS server status: HTTPConnectionPool(host='localhost', port=8096): Read timed out. (read timeout=5), proceeding anyway.
2025-07-26 21:03:18,787 - INFO - ✅ New task from UID 212: 'turquoise horseshoe pendant hanging low...'
2025-07-26 21:03:18,787 - INFO -    Threshold: 0.6, Query time: 0.45s
2025-07-26 21:03:18,788 - INFO - 🔄 Processing task 121c8b85-fdd6-4788-a51c-b8ce521369a3: 'turquoise horseshoe pendant hanging low'
2025-07-26 21:03:18,788 - INFO - 🎨 Generating 3D model: 'turquoise horseshoe pendant hanging low' (task: 121c8b85-fdd6-4788-a51c-b8ce521369a3)
2025-07-26 21:03:19,412 - INFO - 🚀 Traditional optimization applied:
2025-07-26 21:03:19,413 - INFO -    Original: turquoise horseshoe pendant hanging low
2025-07-26 21:03:19,413 - INFO -    Optimized: wbgmsst, a turquoise horseshoe pendant suspended in mid-air with delicate silver filigree and intricate knotwork adorning its surface, resting on a soft, velvety cushion amidst lush greenery and warm sunlight filtering through the foliage of an ancient tree, white background
2025-07-26 21:03:19,413 - INFO -    Confidence: 80.0%
2025-07-26 21:03:20,594 - INFO - [TRELLIS] GPU cache cleared: {'status': 'cache_cleared', 'available_memory_gb': 19.611189248}
2025-07-26 21:03:20,594 - INFO -    🎲 Using deterministic seed: 42
2025-07-26 21:03:47,732 - INFO - ✅ Generation successful in 27.13s (9,366,341 bytes)
2025-07-26 21:03:47,732 - INFO - 📤 Submitting result: 121c8b85-fdd6-4788-a51c-b8ce521369a3
2025-07-26 21:03:47,732 - INFO -    📦 Using SPZ-compressed data from server (9,366,341 bytes)
2025-07-26 21:03:51,674 - INFO - ⏱️ Total processing time: 32.91s (from validator response to submission)
2025-07-26 21:03:51,674 - INFO - ✅ Submission successful to UID 212 (3.91s)
2025-07-26 21:03:51,674 - INFO -    Task fidelity: 0.8300
2025-07-26 21:03:51,674 - INFO -    Average fidelity: 0.8539
2025-07-26 21:03:51,674 - INFO -    Miner reward: 15.370548
2025-07-26 21:03:51,674 - INFO -    Validation failed: False
2025-07-26 21:03:51,674 - INFO -    Generations in window: 18
2025-07-26 21:03:51,708 - INFO - ✅ Task 121c8b85-fdd6-4788-a51c-b8ce521369a3 completed successfully
2025-07-26 21:04:06,502 - WARNING - ⚠️ Exception checking TRELLIS server status: HTTPConnectionPool(host='localhost', port=8096): Read timed out. (read timeout=5), proceeding anyway.
2025-07-26 21:04:11,509 - WARNING - ⚠️ Exception checking TRELLIS server status: HTTPConnectionPool(host='localhost', port=8096): Read timed out. (read timeout=5), proceeding anyway.
2025-07-26 21:04:16,514 - WARNING - ⚠️ Exception checking TRELLIS server status: HTTPConnectionPool(host='localhost', port=8096): Read timed out. (read timeout=5), proceeding anyway.
2025-07-26 21:04:21,521 - WARNING - ⚠️ Exception checking TRELLIS server status: HTTPConnectionPool(host='localhost', port=8096): Read timed out. (read timeout=5), proceeding anyway.
2025-07-26 21:04:26,964 - INFO - ✅ New task from UID 49: 'dark purple robot with elegant silhouettes...'
2025-07-26 21:04:26,964 - INFO -    Threshold: 0.6, Query time: 0.44s
2025-07-26 21:04:26,964 - INFO - 🔄 Processing task 419cf027-2ebe-414d-b6ad-b20b18de2148: 'dark purple robot with elegant silhouettes'
2025-07-26 21:04:26,965 - INFO - 🎨 Generating 3D model: 'dark purple robot with elegant silhouettes' (task: 419cf027-2ebe-414d-b6ad-b20b18de2148)
2025-07-26 21:04:29,631 - INFO - 🔄 Reproducibility optimization applied:
2025-07-26 21:04:29,631 - INFO -    Original: dark purple robot with elegant silhouettes
2025-07-26 21:04:29,632 - INFO -    Optimized: wbgmsst, a highly enhanced and intricate robot with elegant design features, stands proudly on the stage, its metallic details glistening under subtle texture and shading that adds to its overall aesthetic. The glowing blue accents near the round eyes catch the light, giving it an otherworldly appearance. As the lights dim, the robot's presence is accentuated by its intricate patterns on metal arms, which seem to dance in the darkness, before transitioning into a white background.
2025-07-26 21:04:29,632 - INFO -    Similarity: 0.517
2025-07-26 21:04:29,632 - INFO -    Gold score: 0.9211
2025-07-26 21:04:31,079 - INFO - [TRELLIS] GPU cache cleared: {'status': 'cache_cleared', 'available_memory_gb': 18.948489216}
2025-07-26 21:04:31,079 - INFO -    🎲 Using deterministic seed: 42
2025-07-26 21:04:57,475 - INFO - ✅ Generation successful in 26.39s (8,889,640 bytes)
2025-07-26 21:04:57,476 - INFO - 📤 Submitting result: 419cf027-2ebe-414d-b6ad-b20b18de2148
2025-07-26 21:04:57,476 - INFO -    📦 Using SPZ-compressed data from server (8,889,640 bytes)
2025-07-26 21:05:01,161 - INFO - ⏱️ Total processing time: 34.21s (from validator response to submission)
2025-07-26 21:05:01,161 - INFO - ✅ Submission successful to UID 49 (3.64s)
2025-07-26 21:05:01,161 - INFO -    Task fidelity: 0.8430
2025-07-26 21:05:01,161 - INFO -    Average fidelity: 0.8150
2025-07-26 21:05:01,161 - INFO -    Miner reward: 31.785789
2025-07-26 21:05:01,161 - INFO -    Validation failed: False
2025-07-26 21:05:01,162 - INFO -    Generations in window: 39
2025-07-26 21:05:01,208 - INFO - ✅ Task 419cf027-2ebe-414d-b6ad-b20b18de2148 completed successfully
2025-07-26 21:05:08,228 - INFO - ✅ New task from UID 27: 'drill bit yellow slender pointed tip...'
2025-07-26 21:05:08,228 - INFO -    Threshold: 0.6, Query time: 0.63s
2025-07-26 21:05:08,228 - INFO - 🔄 Processing task 47052f04-b0d4-404b-9dc0-5cf699ac8ace: 'drill bit yellow slender pointed tip'
2025-07-26 21:05:08,228 - INFO - 🎨 Generating 3D model: 'drill bit yellow slender pointed tip' (task: 47052f04-b0d4-404b-9dc0-5cf699ac8ace)
2025-07-26 21:05:08,951 - INFO - 🚀 Traditional optimization applied:
2025-07-26 21:05:08,951 - INFO -    Original: drill bit yellow slender pointed tip
2025-07-26 21:05:08,951 - INFO -    Optimized: wbgmsst, a bright yellow drill bit with an exceptionally slender and sharply pointed tip, resting against a richly textured wooden workbench amidst various tools and half-assembled machinery in a cluttered yet organized workshop filled with natural light and the scent of sawdust, white background
2025-07-26 21:05:08,951 - INFO -    Confidence: 80.0%
2025-07-26 21:05:10,271 - INFO - [TRELLIS] GPU cache cleared: {'status': 'cache_cleared', 'available_memory_gb': 19.937624064}
2025-07-26 21:05:10,272 - INFO -    🎲 Using deterministic seed: 42
2025-07-26 21:06:04,423 - INFO - ✅ Generation successful in 54.14s (11,229,527 bytes)
2025-07-26 21:06:04,424 - INFO - 📤 Submitting result: 47052f04-b0d4-404b-9dc0-5cf699ac8ace
2025-07-26 21:06:04,424 - INFO -    📦 Using SPZ-compressed data from server (11,229,527 bytes)
2025-07-26 21:06:11,178 - INFO - ⏱️ Total processing time: 62.97s (from validator response to submission)
2025-07-26 21:06:11,178 - INFO - ✅ Submission successful to UID 27 (6.70s)
2025-07-26 21:06:11,179 - INFO -    Task fidelity: 0.0000
2025-07-26 21:06:11,179 - INFO -    Average fidelity: 0.8451
2025-07-26 21:06:11,179 - INFO -    Miner reward: 16.056451
2025-07-26 21:06:11,179 - INFO -    Validation failed: False
2025-07-26 21:06:11,179 - INFO -    Generations in window: 19
2025-07-26 21:06:11,207 - INFO - ✅ Task 47052f04-b0d4-404b-9dc0-5cf699ac8ace completed successfully
2025-07-26 21:06:47,134 - WARNING - ⚠️ Exception checking TRELLIS server status: HTTPConnectionPool(host='localhost', port=8096): Read timed out. (read timeout=5), proceeding anyway.
2025-07-26 21:06:52,142 - WARNING - ⚠️ Exception checking TRELLIS server status: HTTPConnectionPool(host='localhost', port=8096): Read timed out. (read timeout=5), proceeding anyway.
2025-07-26 21:06:57,148 - WARNING - ⚠️ Exception checking TRELLIS server status: HTTPConnectionPool(host='localhost', port=8096): Read timed out. (read timeout=5), proceeding anyway.
2025-07-26 21:07:02,155 - WARNING - ⚠️ Exception checking TRELLIS server status: HTTPConnectionPool(host='localhost', port=8096): Read timed out. (read timeout=5), proceeding anyway.
2025-07-26 21:07:07,828 - WARNING - ⚠️ Exception checking TRELLIS server status: HTTPConnectionPool(host='localhost', port=8096): Read timed out. (read timeout=5), proceeding anyway.
2025-07-26 21:07:08,321 - INFO - ✅ New task from UID 49: 'porcelain figurine of ballerina...'
2025-07-26 21:07:08,322 - INFO -    Threshold: 0.6, Query time: 0.47s
2025-07-26 21:07:08,322 - INFO - 🔄 Processing task bb928270-f178-47aa-a585-db766133c708: 'porcelain figurine of ballerina'
2025-07-26 21:07:08,323 - INFO - 🎨 Generating 3D model: 'porcelain figurine of ballerina' (task: bb928270-f178-47aa-a585-db766133c708)
2025-07-26 21:07:08,877 - INFO - 🚀 Traditional optimization applied:
2025-07-26 21:07:08,878 - INFO -    Original: porcelain figurine of ballerina
2025-07-26 21:07:08,878 - INFO -    Optimized: wbgmsst, a delicate porcelain figurine of ballerina with intricate details and ethereal glow, resting on a rich, velvety background surrounded by soft, flowing curtains in a majestic, grand opera house, white background.
2025-07-26 21:07:08,879 - INFO -    Confidence: 80.0%
2025-07-26 21:07:10,686 - INFO - [TRELLIS] GPU cache cleared: {'status': 'cache_cleared', 'available_memory_gb': 19.611189248}
2025-07-26 21:07:10,690 - INFO -    🎲 Using deterministic seed: 42
2025-07-26 21:07:40,583 - INFO - ✅ Generation successful in 29.88s (10,448,677 bytes)
2025-07-26 21:07:40,584 - INFO - 📤 Submitting result: bb928270-f178-47aa-a585-db766133c708
2025-07-26 21:07:40,584 - INFO -    📦 Using SPZ-compressed data from server (10,448,677 bytes)
2025-07-26 21:07:43,155 - INFO - ⏱️ Total processing time: 34.86s (from validator response to submission)
2025-07-26 21:07:43,156 - INFO - ✅ Submission successful to UID 49 (2.52s)
2025-07-26 21:07:43,156 - INFO -    Task fidelity: 0.8129
2025-07-26 21:07:43,157 - INFO -    Average fidelity: 0.8149
2025-07-26 21:07:43,158 - INFO -    Miner reward: 32.596525
2025-07-26 21:07:43,158 - INFO -    Validation failed: False
2025-07-26 21:07:43,159 - INFO -    Generations in window: 40
2025-07-26 21:07:43,193 - INFO - ✅ Task bb928270-f178-47aa-a585-db766133c708 completed successfully
2025-07-26 21:07:43,671 - INFO - ✅ New task from UID 81: 'clarinet in rosewood dark brown shade...'
2025-07-26 21:07:43,671 - INFO -    Threshold: 0.6, Query time: 0.45s
2025-07-26 21:07:43,671 - INFO - 🔄 Processing task 9db4dd1f-cacd-4e68-9fb6-d660c4ffdc1f: 'clarinet in rosewood dark brown shade'
2025-07-26 21:07:43,671 - INFO - 🎨 Generating 3D model: 'clarinet in rosewood dark brown shade' (task: 9db4dd1f-cacd-4e68-9fb6-d660c4ffdc1f)
2025-07-26 21:07:44,286 - INFO - 🚀 Traditional optimization applied:
2025-07-26 21:07:44,286 - INFO -    Original: clarinet in rosewood dark brown shade
2025-07-26 21:07:44,287 - INFO -    Optimized: wbgmsst, a slender clarinet carved from rich, dark brown rosewood with intricate golden filigree, set against a warm, velvety backdrop of sunset hues on a rustic wooden wall, white background
2025-07-26 21:07:44,287 - INFO -    Confidence: 80.0%
2025-07-26 21:07:45,213 - INFO - [TRELLIS] GPU cache cleared: {'status': 'cache_cleared', 'available_memory_gb': 19.937624064}
2025-07-26 21:07:45,213 - INFO -    🎲 Using deterministic seed: 42
2025-07-26 21:08:42,078 - INFO - ✅ Generation successful in 56.85s (15,295,236 bytes)
2025-07-26 21:08:42,078 - INFO - 📤 Submitting result: 9db4dd1f-cacd-4e68-9fb6-d660c4ffdc1f
2025-07-26 21:08:42,078 - INFO -    📦 Using SPZ-compressed data from server (15,295,236 bytes)
2025-07-26 21:08:47,877 - INFO - ⏱️ Total processing time: 64.23s (from validator response to submission)
2025-07-26 21:08:47,878 - INFO - ✅ Submission successful to UID 81 (5.74s)
2025-07-26 21:08:47,878 - INFO -    Task fidelity: 0.7823
2025-07-26 21:08:47,878 - INFO -    Average fidelity: 0.8667
2025-07-26 21:08:47,878 - INFO -    Miner reward: 19.067392
2025-07-26 21:08:47,878 - INFO -    Validation failed: False
2025-07-26 21:08:47,878 - INFO -    Generations in window: 22
2025-07-26 21:08:47,901 - INFO - ✅ Task 9db4dd1f-cacd-4e68-9fb6-d660c4ffdc1f completed successfully
2025-07-26 21:08:49,116 - INFO - ✅ New task from UID 212: 'ruby chain with heart pendant...'
2025-07-26 21:08:49,116 - INFO -    Threshold: 0.6, Query time: 0.40s
2025-07-26 21:08:49,117 - INFO - 🔄 Processing task 2f06cfdd-1f5f-4403-95aa-145a43633f63: 'ruby chain with heart pendant'
2025-07-26 21:08:49,117 - INFO - 🎨 Generating 3D model: 'ruby chain with heart pendant' (task: 2f06cfdd-1f5f-4403-95aa-145a43633f63)
2025-07-26 21:08:50,900 - INFO - 🔄 Reproducibility optimization applied:
2025-07-26 21:08:50,900 - INFO -    Original: ruby chain with heart pendant
2025-07-26 21:08:50,900 - INFO -    Optimized: wbgmsst, A metallic heart pendant with an infinity symbol and cross accents features a ruby at its center, suspended from a chain, set against a white background.
2025-07-26 21:08:50,901 - INFO -    Similarity: 0.564
2025-07-26 21:08:50,901 - INFO -    Gold score: 0.8663
2025-07-26 21:08:52,295 - INFO - [TRELLIS] GPU cache cleared: {'status': 'cache_cleared', 'available_memory_gb': 18.948489216}
2025-07-26 21:08:52,296 - INFO -    🎲 Using deterministic seed: 42
2025-07-26 21:09:16,420 - INFO - ✅ Generation successful in 24.12s (4,794,953 bytes)
2025-07-26 21:09:16,421 - INFO - 📤 Submitting result: 2f06cfdd-1f5f-4403-95aa-145a43633f63
2025-07-26 21:09:16,421 - INFO -    📦 Using SPZ-compressed data from server (4,794,953 bytes)
2025-07-26 21:09:19,011 - INFO - ⏱️ Total processing time: 29.92s (from validator response to submission)
2025-07-26 21:09:19,012 - INFO - ✅ Submission successful to UID 212 (2.58s)
2025-07-26 21:09:19,012 - INFO -    Task fidelity: 0.7588
2025-07-26 21:09:19,013 - INFO -    Average fidelity: 0.8492
2025-07-26 21:09:19,013 - INFO -    Miner reward: 16.134059
2025-07-26 21:09:19,014 - INFO -    Validation failed: False
2025-07-26 21:09:19,014 - INFO -    Generations in window: 19
2025-07-26 21:09:19,036 - INFO - ✅ Task 2f06cfdd-1f5f-4403-95aa-145a43633f63 completed successfully
2025-07-26 21:09:22,891 - INFO - ✅ New task from UID 49: 'enormous grey robot carrying small child...'
2025-07-26 21:09:22,891 - INFO -    Threshold: 0.6, Query time: 0.45s
2025-07-26 21:09:22,891 - INFO - 🔄 Processing task a016b45c-633e-4e79-bc6f-369d27032592: 'enormous grey robot carrying small child'
2025-07-26 21:09:22,891 - INFO - 🎨 Generating 3D model: 'enormous grey robot carrying small child' (task: a016b45c-633e-4e79-bc6f-369d27032592)
2025-07-26 21:09:23,714 - INFO - 🚀 Traditional optimization applied:
2025-07-26 21:09:23,714 - INFO -    Original: enormous grey robot carrying small child
2025-07-26 21:09:23,714 - INFO -    Optimized: wbgmsst, a weathered enormous grey robot gently cradling a tiny, pale-skinned child with large brown eyes in its metal arms, the child's hands clasped tightly around the robot's metallic wrist as if holding onto a lifeline, white background.
2025-07-26 21:09:23,715 - INFO -    Confidence: 80.0%
2025-07-26 21:09:24,662 - INFO - [TRELLIS] GPU cache cleared: {'status': 'cache_cleared', 'available_memory_gb': 19.937624064}
2025-07-26 21:09:24,663 - INFO -    🎲 Using deterministic seed: 42
2025-07-26 21:10:18,078 - INFO - ✅ Generation successful in 53.41s (10,567,725 bytes)
2025-07-26 21:10:18,079 - INFO - 📤 Submitting result: a016b45c-633e-4e79-bc6f-369d27032592
2025-07-26 21:10:18,079 - INFO -    📦 Using SPZ-compressed data from server (10,567,725 bytes)
2025-07-26 21:10:21,778 - INFO - ⏱️ Total processing time: 58.91s (from validator response to submission)
2025-07-26 21:10:21,778 - INFO - ✅ Submission successful to UID 49 (3.67s)
2025-07-26 21:10:21,778 - INFO -    Task fidelity: 0.7148
2025-07-26 21:10:21,778 - INFO -    Average fidelity: 0.8099
2025-07-26 21:10:21,778 - INFO -    Miner reward: 33.206256
2025-07-26 21:10:21,778 - INFO -    Validation failed: False
2025-07-26 21:10:21,778 - INFO -    Generations in window: 41
2025-07-26 21:10:21,807 - INFO - ✅ Task a016b45c-633e-4e79-bc6f-369d27032592 completed successfully
2025-07-26 21:10:26,664 - ERROR - ServerDisconnectedError#20c47cbc-5cd8-4d3f-a4ca-49c2663657bb: Server disconnected
2025-07-26 21:11:00,212 - WARNING - ⚠️ Exception checking TRELLIS server status: HTTPConnectionPool(host='localhost', port=8096): Read timed out. (read timeout=5), proceeding anyway.
2025-07-26 21:11:05,220 - WARNING - ⚠️ Exception checking TRELLIS server status: HTTPConnectionPool(host='localhost', port=8096): Read timed out. (read timeout=5), proceeding anyway.
2025-07-26 21:11:10,226 - WARNING - ⚠️ Exception checking TRELLIS server status: HTTPConnectionPool(host='localhost', port=8096): Read timed out. (read timeout=5), proceeding anyway.
2025-07-26 21:11:15,233 - WARNING - ⚠️ Exception checking TRELLIS server status: HTTPConnectionPool(host='localhost', port=8096): Read timed out. (read timeout=5), proceeding anyway.
2025-07-26 21:12:02,440 - WARNING - ⚠️ Exception checking TRELLIS server status: HTTPConnectionPool(host='localhost', port=8096): Read timed out. (read timeout=5), proceeding anyway.
2025-07-26 21:12:07,449 - WARNING - ⚠️ Exception checking TRELLIS server status: HTTPConnectionPool(host='localhost', port=8096): Read timed out. (read timeout=5), proceeding anyway.
2025-07-26 21:12:12,454 - WARNING - ⚠️ Exception checking TRELLIS server status: HTTPConnectionPool(host='localhost', port=8096): Read timed out. (read timeout=5), proceeding anyway.
2025-07-26 21:12:17,608 - WARNING - ⚠️ Exception checking TRELLIS server status: HTTPConnectionPool(host='localhost', port=8096): Read timed out. (read timeout=5), proceeding anyway.
2025-07-26 21:12:23,101 - INFO - ✅ New task from UID 49: 'faceted topaz necklace with golden glint...'
2025-07-26 21:12:23,101 - INFO -    Threshold: 0.6, Query time: 0.45s
2025-07-26 21:12:23,101 - INFO - 🔄 Processing task d0b42482-db03-48fa-b207-81c834d70e25: 'faceted topaz necklace with golden glint'
2025-07-26 21:12:23,102 - INFO - 🎨 Generating 3D model: 'faceted topaz necklace with golden glint' (task: d0b42482-db03-48fa-b207-81c834d70e25)
2025-07-26 21:12:23,527 - INFO - 🚀 Traditional optimization applied:
2025-07-26 21:12:23,527 - INFO -    Original: faceted topaz necklace with golden glint
2025-07-26 21:12:23,527 - INFO -    Optimized: wbgmsst, a delicate faceted topaz necklace suspended around a slender neck, radiating a warm, sunlit glow as if set against a soft, creamy background.
2025-07-26 21:12:23,527 - INFO -    Confidence: 80.0%
2025-07-26 21:12:24,883 - INFO - [TRELLIS] GPU cache cleared: {'status': 'cache_cleared', 'available_memory_gb': 19.611189248}
2025-07-26 21:12:24,884 - INFO -    🎲 Using deterministic seed: 42
2025-07-26 21:12:55,736 - INFO - ✅ Generation successful in 30.84s (11,053,618 bytes)
2025-07-26 21:12:55,736 - INFO - 📤 Submitting result: d0b42482-db03-48fa-b207-81c834d70e25
2025-07-26 21:12:55,736 - INFO -    📦 Using SPZ-compressed data from server (11,053,618 bytes)
2025-07-26 21:12:58,320 - INFO - ⏱️ Total processing time: 35.23s (from validator response to submission)
2025-07-26 21:12:58,321 - INFO - ✅ Submission successful to UID 49 (2.54s)
2025-07-26 21:12:58,321 - INFO -    Task fidelity: 0.7313
2025-07-26 21:12:58,321 - INFO -    Average fidelity: 0.8060
2025-07-26 21:12:58,321 - INFO -    Miner reward: 33.045129
2025-07-26 21:12:58,321 - INFO -    Validation failed: False
2025-07-26 21:12:58,321 - INFO -    Generations in window: 41
2025-07-26 21:12:58,373 - INFO - ✅ Task d0b42482-db03-48fa-b207-81c834d70e25 completed successfully
2025-07-26 21:13:02,769 - INFO - ✅ Validator refresh complete:
2025-07-26 21:13:02,769 - INFO -    Active validators: 10
2025-07-26 21:13:02,769 - INFO -    Inactive validators: 0
2025-07-26 21:13:02,769 - INFO -    Total eligible validators found: 10
2025-07-26 21:13:02,769 - INFO -    Top validators by stake:
2025-07-26 21:13:02,769 - INFO -      UID 212: 104022.4 TAO (trust: 0.000)
2025-07-26 21:13:02,769 - INFO -      UID 142: 69553.5 TAO (trust: 0.000)
2025-07-26 21:13:02,769 - INFO -      UID 27: 60179.1 TAO (trust: 0.000)
2025-07-26 21:13:02,770 - INFO -      UID 124: 39814.9 TAO (trust: 0.000)
2025-07-26 21:13:02,770 - INFO -      UID 128: 13459.8 TAO (trust: 0.000)
2025-07-26 21:13:03,250 - INFO - 📊 CONTINUOUS ORCHESTRATOR STATUS
2025-07-26 21:13:03,250 - INFO - ============================================================
2025-07-26 21:13:03,250 - INFO - Uptime: 4.03 hours
2025-07-26 21:13:03,251 - INFO - Tasks pulled: 187
2025-07-26 21:13:03,251 - INFO - Tasks processed: 187
2025-07-26 21:13:03,251 - INFO - Successful generations: 187
2025-07-26 21:13:03,251 - INFO - Successful validations: 0
2025-07-26 21:13:03,251 - INFO - Successful submissions: 184
2025-07-26 21:13:03,251 - INFO - Total rewards: 3027.927773 TAO
2025-07-26 21:13:03,251 - INFO - Idle validations: 0
2025-07-26 21:13:03,251 - INFO - Prompts optimized: 187
2025-07-26 21:13:03,251 - INFO - Reproducibility optimizations: 25
2025-07-26 21:13:03,251 - INFO - Traditional optimizations: 162
2025-07-26 21:13:03,251 - INFO - Optimization improvements: 0
2025-07-26 21:13:03,251 - INFO - Tasks/hour: 46.4
2025-07-26 21:13:03,251 - INFO - Rewards/hour: 751.498476 TAO
2025-07-26 21:13:03,251 - INFO - Average total processing time: 36.67s
2025-07-26 21:13:03,251 - INFO - Optimization rate: 0.0% of prompts improved
2025-07-26 21:13:03,252 - INFO - Active validators: 10
2025-07-26 21:13:03,252 - INFO -   UID 212: 0 tasks, avg score: 0.624
2025-07-26 21:13:03,252 - INFO -   UID 142: 0 tasks, avg score: 0.676
2025-07-26 21:13:03,252 - INFO -   UID 27: 0 tasks, avg score: 0.485
2025-07-26 21:13:03,253 - WARNING - ⚠️ Found 5 unfinished tasks in last 6 hours:
2025-07-26 21:13:03,253 - WARNING -    UID 142: 'gold bracelet with rubies inla...' - no_submission
2025-07-26 21:13:03,253 - WARNING -    UID 142: 'glossy purple jump rope coiled...' - no_submission
2025-07-26 21:13:03,253 - WARNING -    UID 142: 'opal bracelet with purple ston...' - no_submission
2025-07-26 21:13:03,253 - WARNING -    UID 142: 'matte silver droid designed fo...' - no_submission
2025-07-26 21:13:03,253 - WARNING -    UID 142: 'copper-colored robot with seri...' - no_submission
2025-07-26 21:13:03,253 - INFO - ============================================================
2025-07-26 21:13:03,254 - INFO - 📊 Statistics saved to continuous_trellis_outputs/continuous_stats_20250726_211303.json
2025-07-26 21:13:12,932 - WARNING - ⚠️ Exception checking TRELLIS server status: HTTPConnectionPool(host='localhost', port=8096): Read timed out. (read timeout=5), proceeding anyway.
2025-07-26 21:13:17,941 - WARNING - ⚠️ Exception checking TRELLIS server status: HTTPConnectionPool(host='localhost', port=8096): Read timed out. (read timeout=5), proceeding anyway.
2025-07-26 21:13:22,948 - WARNING - ⚠️ Exception checking TRELLIS server status: HTTPConnectionPool(host='localhost', port=8096): Read timed out. (read timeout=5), proceeding anyway.
2025-07-26 21:13:27,956 - WARNING - ⚠️ Exception checking TRELLIS server status: HTTPConnectionPool(host='localhost', port=8096): Read timed out. (read timeout=5), proceeding anyway.
2025-07-26 21:13:32,959 - WARNING - ⚠️ Exception checking TRELLIS server status: HTTPConnectionPool(host='localhost', port=8096): Read timed out. (read timeout=5), proceeding anyway.
2025-07-26 21:13:46,665 - INFO - ✅ New task from UID 128: 'mystical unicorn horn curved upwards...'
2025-07-26 21:13:46,665 - INFO -    Threshold: 0.6, Query time: 0.29s
2025-07-26 21:13:46,665 - INFO - 🔄 Processing task 209c4989-1743-4829-b379-7bec0cc8ed7d: 'mystical unicorn horn curved upwards'
2025-07-26 21:13:46,665 - INFO - 🎨 Generating 3D model: 'mystical unicorn horn curved upwards' (task: 209c4989-1743-4829-b379-7bec0cc8ed7d)
2025-07-26 21:13:47,402 - INFO - 🚀 Traditional optimization applied:
2025-07-26 21:13:47,403 - INFO -    Original: mystical unicorn horn curved upwards
2025-07-26 21:13:47,403 - INFO -    Optimized: wbgmsst, a slender, curved horn resembling that of a mystical unicorn, tapering to a delicate point, set against a soft, moonlit sky with a backdrop of wispy, ethereal clouds and dew-kissed grasses, rich wood grain texture, and an aura of enchantment surrounding it, white background
2025-07-26 21:13:47,403 - INFO -    Confidence: 80.0%
2025-07-26 21:13:48,595 - INFO - [TRELLIS] GPU cache cleared: {'status': 'cache_cleared', 'available_memory_gb': 13.674151936}
2025-07-26 21:13:48,596 - INFO -    🎲 Using deterministic seed: 42
2025-07-26 21:14:15,771 - INFO - ✅ Generation successful in 27.17s (9,349,907 bytes)
2025-07-26 21:14:15,772 - INFO - 📤 Submitting result: 209c4989-1743-4829-b379-7bec0cc8ed7d
2025-07-26 21:14:15,773 - INFO -    📦 Using SPZ-compressed data from server (9,349,907 bytes)
2025-07-26 21:14:18,072 - INFO - ⏱️ Total processing time: 31.44s (from validator response to submission)
2025-07-26 21:14:18,073 - INFO - ✅ Submission successful to UID 128 (2.26s)
2025-07-26 21:14:18,073 - INFO -    Task fidelity: 0.7947
2025-07-26 21:14:18,073 - INFO -    Average fidelity: 0.8336
2025-07-26 21:14:18,073 - INFO -    Miner reward: 17.506030
2025-07-26 21:14:18,073 - INFO -    Validation failed: False
2025-07-26 21:14:18,073 - INFO -    Generations in window: 21
2025-07-26 21:14:18,101 - INFO - ✅ Task 209c4989-1743-4829-b379-7bec0cc8ed7d completed successfully
2025-07-26 21:14:18,430 - INFO - ✅ New task from UID 142: 'green chimerical beast lounging on gnarled tree li...'
2025-07-26 21:14:18,430 - INFO -    Threshold: 0.6, Query time: 0.30s
2025-07-26 21:14:18,431 - INFO - 🔄 Processing task 175c2adc-fbe1-4732-8c50-6c3e23d34588: 'green chimerical beast lounging on gnarled tree limb'
2025-07-26 21:14:18,431 - INFO - 🎨 Generating 3D model: 'green chimerical beast lounging on gnarled tree limb' (task: 175c2adc-fbe1-4732-8c50-6c3e23d34588)
2025-07-26 21:14:19,176 - INFO - 🚀 Traditional optimization applied:
2025-07-26 21:14:19,176 - INFO -    Original: green chimerical beast lounging on gnarled tree limb
2025-07-26 21:14:19,177 - INFO -    Optimized: wbgmsst, a magnificent green chimerical beast with iridescent scales and wings sprawls languidly across the crooked branch of an ancient, gnarled tree, its claws digging gently into the bark, weathered to a soft, silvery grey, against a backdrop of misty dawn light filtering through the treetops, white background
2025-07-26 21:14:19,177 - INFO -    Confidence: 80.0%
2025-07-26 21:14:20,179 - INFO - [TRELLIS] GPU cache cleared: {'status': 'cache_cleared', 'available_memory_gb': 19.937624064}
2025-07-26 21:14:20,180 - INFO -    🎲 Using deterministic seed: 42
2025-07-26 21:14:47,070 - INFO - ✅ Generation successful in 26.88s (10,427,842 bytes)
2025-07-26 21:14:47,070 - INFO - 📤 Submitting result: 175c2adc-fbe1-4732-8c50-6c3e23d34588
2025-07-26 21:14:47,071 - INFO -    📦 Using SPZ-compressed data from server (10,427,842 bytes)
2025-07-26 21:14:49,578 - INFO - ⏱️ Total processing time: 31.17s (from validator response to submission)
2025-07-26 21:14:49,578 - INFO - ✅ Submission successful to UID 142 (2.46s)
2025-07-26 21:14:49,578 - INFO -    Task fidelity: 0.8941
2025-07-26 21:14:49,578 - INFO -    Average fidelity: 0.8162
2025-07-26 21:14:49,578 - INFO -    Miner reward: 18.772361
2025-07-26 21:14:49,578 - INFO -    Validation failed: False
2025-07-26 21:14:49,578 - INFO -    Generations in window: 23
2025-07-26 21:14:49,610 - INFO - ✅ Task 175c2adc-fbe1-4732-8c50-6c3e23d34588 completed successfully
2025-07-26 21:14:54,615 - WARNING - ⚠️ Exception checking TRELLIS server status: HTTPConnectionPool(host='localhost', port=8096): Read timed out. (read timeout=5), proceeding anyway.
2025-07-26 21:14:55,056 - INFO - ✅ New task from UID 212: 'tiny white ukulele with floral pattern...'
2025-07-26 21:14:55,056 - INFO -    Threshold: 0.6, Query time: 0.42s
2025-07-26 21:14:55,056 - INFO - 🔄 Processing task c7e57a0a-d5e2-466c-b18b-2d7367a00bfd: 'tiny white ukulele with floral pattern'
2025-07-26 21:14:55,056 - INFO - 🎨 Generating 3D model: 'tiny white ukulele with floral pattern' (task: c7e57a0a-d5e2-466c-b18b-2d7367a00bfd)
2025-07-26 21:14:57,715 - INFO - 🔄 Reproducibility optimization applied:
2025-07-26 21:14:57,716 - INFO -    Original: tiny white ukulele with floral pattern
2025-07-26 21:14:57,716 - INFO -    Optimized: wbgmsst, a smooth ukulele with a floral pattern design, rendered on a white background.
2025-07-26 21:14:57,716 - INFO -    Similarity: 0.551
2025-07-26 21:14:57,716 - INFO -    Gold score: 0.8567
2025-07-26 21:15:07,724 - WARNING - [TRELLIS] Exception clearing GPU cache: HTTPConnectionPool(host='localhost', port=8096): Read timed out. (read timeout=10)
2025-07-26 21:15:07,724 - INFO -    🎲 Using deterministic seed: 42
2025-07-26 21:15:35,459 - INFO - ✅ Generation successful in 27.73s (3,216,301 bytes)
2025-07-26 21:15:35,459 - INFO - 📤 Submitting result: c7e57a0a-d5e2-466c-b18b-2d7367a00bfd
2025-07-26 21:15:35,461 - INFO -    📦 Using SPZ-compressed data from server (3,216,301 bytes)
2025-07-26 21:15:38,214 - INFO - ⏱️ Total processing time: 43.18s (from validator response to submission)
2025-07-26 21:15:38,214 - INFO - ✅ Submission successful to UID 212 (2.74s)
2025-07-26 21:15:38,214 - INFO -    Task fidelity: 0.8571
2025-07-26 21:15:38,215 - INFO -    Average fidelity: 0.8496
2025-07-26 21:15:38,215 - INFO -    Miner reward: 16.991150
2025-07-26 21:15:38,215 - INFO -    Validation failed: False
2025-07-26 21:15:38,215 - INFO -    Generations in window: 20
2025-07-26 21:15:38,239 - INFO - ✅ Task c7e57a0a-d5e2-466c-b18b-2d7367a00bfd completed successfully
2025-07-26 21:15:41,815 - INFO - ✅ New task from UID 49: 'delicate porcelain statue of ballerina mid-twirl...'
2025-07-26 21:15:41,816 - INFO -    Threshold: 0.6, Query time: 0.45s
2025-07-26 21:15:41,816 - INFO - 🔄 Processing task 242e32c9-eb90-428a-9f01-e5f2cdf8eb13: 'delicate porcelain statue of ballerina mid-twirl'
2025-07-26 21:15:41,816 - INFO - 🎨 Generating 3D model: 'delicate porcelain statue of ballerina mid-twirl' (task: 242e32c9-eb90-428a-9f01-e5f2cdf8eb13)
2025-07-26 21:15:42,494 - INFO - 🚀 Traditional optimization applied:
2025-07-26 21:15:42,494 - INFO -    Original: delicate porcelain statue of ballerina mid-twirl
2025-07-26 21:15:42,494 - INFO -    Optimized: wbgmsst, a slender, delicate porcelain ballerina statue frozen mid-twirl with outstretched arms and flowing tutu, resting on a soft, velvety music box lid against a rich, dark wood background.
2025-07-26 21:15:42,494 - INFO -    Confidence: 80.0%
2025-07-26 21:15:43,679 - INFO - [TRELLIS] GPU cache cleared: {'status': 'cache_cleared', 'available_memory_gb': 19.937624064}
2025-07-26 21:15:43,680 - INFO -    🎲 Using deterministic seed: 42
2025-07-26 21:16:09,074 - INFO - ✅ Generation successful in 25.39s (9,123,510 bytes)
2025-07-26 21:16:09,074 - INFO - 📤 Submitting result: 242e32c9-eb90-428a-9f01-e5f2cdf8eb13
2025-07-26 21:16:09,074 - INFO -    📦 Using SPZ-compressed data from server (9,123,510 bytes)
2025-07-26 21:16:11,408 - INFO - ⏱️ Total processing time: 29.62s (from validator response to submission)
2025-07-26 21:16:11,409 - INFO - ✅ Submission successful to UID 49 (2.31s)
2025-07-26 21:16:11,409 - INFO -    Task fidelity: 0.8220
2025-07-26 21:16:11,409 - INFO -    Average fidelity: 0.8068
2025-07-26 21:16:11,409 - INFO -    Miner reward: 33.884829
2025-07-26 21:16:11,410 - INFO -    Validation failed: False
2025-07-26 21:16:11,410 - INFO -    Generations in window: 42
2025-07-26 21:16:11,460 - INFO - ✅ Task 242e32c9-eb90-428a-9f01-e5f2cdf8eb13 completed successfully
2025-07-26 21:16:16,468 - WARNING - ⚠️ Exception checking TRELLIS server status: HTTPConnectionPool(host='localhost', port=8096): Read timed out. (read timeout=5), proceeding anyway.
2025-07-26 21:16:17,043 - INFO - ✅ New task from UID 81: 'matte blue cricket bat stands ready...'
2025-07-26 21:16:17,043 - INFO -    Threshold: 0.6, Query time: 0.55s
2025-07-26 21:16:17,043 - INFO - 🔄 Processing task c7413087-921d-45ff-bd7b-d379405bc89e: 'matte blue cricket bat stands ready'
2025-07-26 21:16:17,043 - INFO - 🎨 Generating 3D model: 'matte blue cricket bat stands ready' (task: c7413087-921d-45ff-bd7b-d379405bc89e)
2025-07-26 21:16:18,237 - INFO - 🚀 Traditional optimization applied:
2025-07-26 21:16:18,237 - INFO -    Original: matte blue cricket bat stands ready
2025-07-26 21:16:18,237 - INFO -    Optimized: wbgmsst, a worn matte blue cricket bat leans against a weathered wooden fence post, with a few strands of overgrown ivy curling around the handle and a soft morning mist enveloping the surrounding English countryside, white background
2025-07-26 21:16:18,237 - INFO -    Confidence: 80.0%
2025-07-26 21:16:28,244 - WARNING - [TRELLIS] Exception clearing GPU cache: HTTPConnectionPool(host='localhost', port=8096): Read timed out. (read timeout=10)
2025-07-26 21:16:28,245 - INFO -    🎲 Using deterministic seed: 42
2025-07-26 21:17:01,723 - INFO - ✅ Generation successful in 33.47s (8,867,153 bytes)
2025-07-26 21:17:01,723 - INFO - 📤 Submitting result: c7413087-921d-45ff-bd7b-d379405bc89e
2025-07-26 21:17:01,723 - INFO -    📦 Using SPZ-compressed data from server (8,867,153 bytes)
2025-07-26 21:17:04,855 - INFO - ⏱️ Total processing time: 47.83s (from validator response to submission)
2025-07-26 21:17:04,855 - INFO - ✅ Submission successful to UID 81 (3.10s)
2025-07-26 21:17:04,855 - INFO -    Task fidelity: 0.0000
2025-07-26 21:17:04,856 - INFO -    Average fidelity: 0.8667
2025-07-26 21:17:04,856 - INFO -    Miner reward: 19.067392
2025-07-26 21:17:04,856 - INFO -    Validation failed: False
2025-07-26 21:17:04,856 - INFO -    Generations in window: 22
2025-07-26 21:17:04,892 - INFO - ✅ Task c7413087-921d-45ff-bd7b-d379405bc89e completed successfully
2025-07-26 21:17:06,340 - INFO - 🧹 Cleaned up 0 old prompt records and 0 failed tasks
2025-07-26 21:17:23,616 - WARNING - ⚠️ Exception checking TRELLIS server status: HTTPConnectionPool(host='localhost', port=8096): Read timed out. (read timeout=5), proceeding anyway.
2025-07-26 21:17:28,623 - WARNING - ⚠️ Exception checking TRELLIS server status: HTTPConnectionPool(host='localhost', port=8096): Read timed out. (read timeout=5), proceeding anyway.
2025-07-26 21:17:33,628 - WARNING - ⚠️ Exception checking TRELLIS server status: HTTPConnectionPool(host='localhost', port=8096): Read timed out. (read timeout=5), proceeding anyway.
2025-07-26 21:17:57,137 - INFO - ✅ New task from UID 49: 'realistic stone statue of bear...'
2025-07-26 21:17:57,137 - INFO -    Threshold: 0.6, Query time: 0.46s
2025-07-26 21:17:57,137 - INFO - 🔄 Processing task d37aae07-496e-436f-92c3-7732ef907764: 'realistic stone statue of bear'
2025-07-26 21:17:57,137 - INFO - 🎨 Generating 3D model: 'realistic stone statue of bear' (task: d37aae07-496e-436f-92c3-7732ef907764)
2025-07-26 21:17:57,762 - INFO - 🚀 Traditional optimization applied:
2025-07-26 21:17:57,762 - INFO -    Original: realistic stone statue of bear
2025-07-26 21:17:57,762 - INFO -    Optimized: wbgmsst, a majestic realistic stone statue of a mighty grizzly bear standing proudly atop a rocky outcropping in the heart of a dense, misty forest with twisted tree trunks and vibrant autumn foliage, weathered wood grain texture, rich, earthy tones.
2025-07-26 21:17:57,762 - INFO -    Confidence: 80.0%
2025-07-26 21:17:58,953 - INFO - [TRELLIS] GPU cache cleared: {'status': 'cache_cleared', 'available_memory_gb': 19.5608576}
2025-07-26 21:17:58,954 - INFO -    🎲 Using deterministic seed: 42
2025-07-26 21:18:26,956 - INFO - ✅ Generation successful in 27.99s (9,774,773 bytes)
2025-07-26 21:18:26,956 - INFO - 📤 Submitting result: d37aae07-496e-436f-92c3-7732ef907764
2025-07-26 21:18:26,956 - INFO -    📦 Using SPZ-compressed data from server (9,774,773 bytes)
2025-07-26 21:18:29,324 - INFO - ⏱️ Total processing time: 32.21s (from validator response to submission)
2025-07-26 21:18:29,324 - INFO - ✅ Submission successful to UID 49 (2.32s)
2025-07-26 21:18:29,325 - INFO -    Task fidelity: 0.8392
2025-07-26 21:18:29,325 - INFO -    Average fidelity: 0.8084
2025-07-26 21:18:29,325 - INFO -    Miner reward: 33.952911
2025-07-26 21:18:29,325 - INFO -    Validation failed: False
2025-07-26 21:18:29,325 - INFO -    Generations in window: 42
2025-07-26 21:18:29,371 - INFO - ✅ Task d37aae07-496e-436f-92c3-7732ef907764 completed successfully
2025-07-26 21:18:34,379 - WARNING - ⚠️ Exception checking TRELLIS server status: HTTPConnectionPool(host='localhost', port=8096): Read timed out. (read timeout=5), proceeding anyway.
2025-07-26 21:18:39,868 - WARNING - ⚠️ Exception checking TRELLIS server status: HTTPConnectionPool(host='localhost', port=8096): Read timed out. (read timeout=5), proceeding anyway.
2025-07-26 21:18:45,026 - WARNING - ⚠️ Exception checking TRELLIS server status: HTTPConnectionPool(host='localhost', port=8096): Read timed out. (read timeout=5), proceeding anyway.
2025-07-26 21:18:50,304 - WARNING - ⚠️ Exception checking TRELLIS server status: HTTPConnectionPool(host='localhost', port=8096): Read timed out. (read timeout=5), proceeding anyway.
2025-07-26 21:19:33,645 - WARNING - ⚠️ Exception checking TRELLIS server status: HTTPConnectionPool(host='localhost', port=8096): Read timed out. (read timeout=5), proceeding anyway.
2025-07-26 21:19:38,654 - WARNING - ⚠️ Exception checking TRELLIS server status: HTTPConnectionPool(host='localhost', port=8096): Read timed out. (read timeout=5), proceeding anyway.
2025-07-26 21:19:43,810 - WARNING - ⚠️ Exception checking TRELLIS server status: HTTPConnectionPool(host='localhost', port=8096): Read timed out. (read timeout=5), proceeding anyway.
2025-07-26 21:19:48,964 - WARNING - ⚠️ Exception checking TRELLIS server status: HTTPConnectionPool(host='localhost', port=8096): Read timed out. (read timeout=5), proceeding anyway.
2025-07-26 21:19:50,772 - INFO - ✅ New task from UID 128: 'old-fashioned bronze steampunk-style robot...'
2025-07-26 21:19:50,772 - INFO -    Threshold: 0.6, Query time: 0.26s
2025-07-26 21:19:50,772 - INFO - 🔄 Processing task f42b1770-7022-4c55-aeb9-e3b18fdc4a85: 'old-fashioned bronze steampunk-style robot'
2025-07-26 21:19:50,772 - INFO - 🎨 Generating 3D model: 'old-fashioned bronze steampunk-style robot' (task: f42b1770-7022-4c55-aeb9-e3b18fdc4a85)
2025-07-26 21:19:51,560 - INFO - 🚀 Traditional optimization applied:
2025-07-26 21:19:51,560 - INFO -    Original: old-fashioned bronze steampunk-style robot
2025-07-26 21:19:51,560 - INFO -    Optimized: wbgmsst, an elegant old-fashioned bronze steampunk-style robot standing proudly on a worn wooden workbench amidst a cluttered, dimly lit laboratory filled with vintage clockwork machinery, leather-bound tomes, and dusty scientific instruments, its intricately crafted brass limbs gleaming in the soft, warm light of a few flickering candles, white background
2025-07-26 21:19:51,560 - INFO -    Confidence: 80.0%
2025-07-26 21:19:52,985 - INFO - [TRELLIS] GPU cache cleared: {'status': 'cache_cleared', 'available_memory_gb': 19.611189248}
2025-07-26 21:19:52,985 - INFO -    🎲 Using deterministic seed: 42
2025-07-26 21:20:30,229 - INFO - ✅ Generation successful in 37.23s (16,201,898 bytes)
2025-07-26 21:20:30,230 - INFO - 📤 Submitting result: f42b1770-7022-4c55-aeb9-e3b18fdc4a85
2025-07-26 21:20:30,231 - INFO -    📦 Using SPZ-compressed data from server (16,201,898 bytes)
2025-07-26 21:20:32,815 - INFO - ⏱️ Total processing time: 42.07s (from validator response to submission)
2025-07-26 21:20:32,815 - INFO - ✅ Submission successful to UID 128 (2.51s)
2025-07-26 21:20:32,815 - INFO -    Task fidelity: 0.8341
2025-07-26 21:20:32,815 - INFO -    Average fidelity: 0.8336
2025-07-26 21:20:32,815 - INFO -    Miner reward: 18.340155
2025-07-26 21:20:32,815 - INFO -    Validation failed: False
2025-07-26 21:20:32,815 - INFO -    Generations in window: 22
2025-07-26 21:20:32,840 - INFO - ✅ Task f42b1770-7022-4c55-aeb9-e3b18fdc4a85 completed successfully
2025-07-26 21:20:33,146 - INFO - ✅ New task from UID 142: 'titanium crossbow...'
2025-07-26 21:20:33,146 - INFO -    Threshold: 0.6, Query time: 0.28s
2025-07-26 21:20:33,146 - INFO - 🔄 Processing task 8e4c182e-6310-478b-95a1-9c1711930654: 'titanium crossbow'
2025-07-26 21:20:33,146 - INFO - 🎨 Generating 3D model: 'titanium crossbow' (task: 8e4c182e-6310-478b-95a1-9c1711930654)
2025-07-26 21:20:33,699 - INFO - 🚀 Traditional optimization applied:
2025-07-26 21:20:33,700 - INFO -    Original: titanium crossbow
2025-07-26 21:20:33,700 - INFO -    Optimized: wbgmsst, a sleek titanium crossbow with intricate golden filigree, nestled within a worn, leather-bound quiver, resting against the rugged surface of an ancient, moss-covered tree trunk in a mystical, moonlit forest glade, white background
2025-07-26 21:20:33,700 - INFO -    Confidence: 80.0%
2025-07-26 21:20:34,929 - INFO - [TRELLIS] GPU cache cleared: {'status': 'cache_cleared', 'available_memory_gb': 19.937624064}
2025-07-26 21:20:34,929 - INFO -    🎲 Using deterministic seed: 42
2025-07-26 21:20:59,343 - INFO - ✅ Generation successful in 24.41s (7,048,636 bytes)
2025-07-26 21:20:59,343 - INFO - 📤 Submitting result: 8e4c182e-6310-478b-95a1-9c1711930654
2025-07-26 21:20:59,344 - INFO -    📦 Using SPZ-compressed data from server (7,048,636 bytes)
2025-07-26 21:21:01,760 - INFO - ⏱️ Total processing time: 28.64s (from validator response to submission)
2025-07-26 21:21:01,761 - INFO - ✅ Submission successful to UID 142 (2.40s)
2025-07-26 21:21:01,761 - INFO -    Task fidelity: 0.7077
2025-07-26 21:21:01,761 - INFO -    Average fidelity: 0.8108
2025-07-26 21:21:01,761 - INFO -    Miner reward: 19.458321
2025-07-26 21:21:01,761 - INFO -    Validation failed: False
2025-07-26 21:21:01,761 - INFO -    Generations in window: 24
2025-07-26 21:21:01,819 - INFO - ✅ Task 8e4c182e-6310-478b-95a1-9c1711930654 completed successfully
2025-07-26 21:21:06,831 - WARNING - ⚠️ Exception checking TRELLIS server status: HTTPConnectionPool(host='localhost', port=8096): Read timed out. (read timeout=5), proceeding anyway.
2025-07-26 21:21:07,307 - INFO - ✅ New task from UID 212: 'polished blue robot featuring geometric patterns...'
2025-07-26 21:21:07,308 - INFO -    Threshold: 0.6, Query time: 0.45s
2025-07-26 21:21:07,309 - INFO - 🔄 Processing task 413d5593-319d-4700-87ac-5bd14d58a55c: 'polished blue robot featuring geometric patterns'
2025-07-26 21:21:07,309 - INFO - 🎨 Generating 3D model: 'polished blue robot featuring geometric patterns' (task: 413d5593-319d-4700-87ac-5bd14d58a55c)
2025-07-26 21:21:08,633 - INFO - 🚀 Traditional optimization applied:
2025-07-26 21:21:08,633 - INFO -    Original: polished blue robot featuring geometric patterns
2025-07-26 21:21:08,633 - INFO -    Optimized: wbgmsst, a polished blue robot featuring intricate geometric patterns with a subtle sheen and reflective finish, suspended in mid-air amidst a halo of soft, pulsing light within a sleek, modern laboratory environment filled with rows of humming machinery and futuristic equipment, white background
2025-07-26 21:21:08,633 - INFO -    Confidence: 80.0%
2025-07-26 21:21:18,644 - WARNING - [TRELLIS] Exception clearing GPU cache: HTTPConnectionPool(host='localhost', port=8096): Read timed out. (read timeout=10)
2025-07-26 21:21:18,644 - INFO -    🎲 Using deterministic seed: 42
2025-07-26 21:21:58,840 - INFO - ✅ Generation successful in 40.18s (15,181,348 bytes)
2025-07-26 21:21:58,841 - INFO - 📤 Submitting result: 413d5593-319d-4700-87ac-5bd14d58a55c
2025-07-26 21:21:58,841 - INFO -    📦 Using SPZ-compressed data from server (15,181,348 bytes)
2025-07-26 21:22:02,670 - INFO - ⏱️ Total processing time: 55.38s (from validator response to submission)
2025-07-26 21:22:02,670 - INFO - ✅ Submission successful to UID 212 (3.73s)
2025-07-26 21:22:02,671 - INFO -    Task fidelity: 0.7164
2025-07-26 21:22:02,671 - INFO -    Average fidelity: 0.8429
2025-07-26 21:22:02,671 - INFO -    Miner reward: 17.700846
2025-07-26 21:22:02,671 - INFO -    Validation failed: False
2025-07-26 21:22:02,671 - INFO -    Generations in window: 21
2025-07-26 21:22:02,693 - INFO - ✅ Task 413d5593-319d-4700-87ac-5bd14d58a55c completed successfully
2025-07-26 21:22:06,307 - INFO - ✅ New task from UID 49: 'robot with army green bowtie...'
2025-07-26 21:22:06,307 - INFO -    Threshold: 0.6, Query time: 0.47s
2025-07-26 21:22:06,307 - INFO - 🔄 Processing task 9c824a4f-fcba-410f-ae75-bd4ae3a1578f: 'robot with army green bowtie'
2025-07-26 21:22:06,308 - INFO - 🎨 Generating 3D model: 'robot with army green bowtie' (task: 9c824a4f-fcba-410f-ae75-bd4ae3a1578f)
2025-07-26 21:22:06,815 - INFO - 🚀 Traditional optimization applied:
2025-07-26 21:22:06,815 - INFO -    Original: robot with army green bowtie
2025-07-26 21:22:06,816 - INFO -    Optimized: wbgmsst, a vintage army-green bowtie-adorned robot standing triumphantly on a metallic workbench, surrounded by gears and pistons, its mechanical limbs gleaming in the light of a setting sun, white background
2025-07-26 21:22:06,816 - INFO -    Confidence: 80.0%
2025-07-26 21:22:07,844 - INFO - [TRELLIS] GPU cache cleared: {'status': 'cache_cleared', 'available_memory_gb': 19.937624064}
2025-07-26 21:22:07,845 - INFO -    🎲 Using deterministic seed: 42
