2025-08-11 03:54:28,151 - INFO - 📚 Loaded RL memory: 8 strategies, 50 sessions
2025-08-11 03:54:28,151 - INFO - 🔄 RL LOOP AGENT INITIALIZED (IMPROVED)
2025-08-11 03:54:28,152 - INFO -    Strategy tracking: 8 strategies
2025-08-11 03:54:28,152 - INFO -    Past sessions: 50
2025-08-11 03:54:28,152 - INFO -    Exploration rate: 0.30
2025-08-11 03:54:28,152 - INFO -    Max rounds per optimization: 15
2025-08-11 03:54:28,152 - INFO -    Min rounds before convergence: 5
2025-08-11 03:54:28,152 - INFO -    Adaptive convergence: ENABLED
2025-08-11 03:54:28,189 - INFO - 🔄 Initialized reproducibility system for pre-optimization
2025-08-11 03:54:28,192 - INFO - Starting episodic optimization: 2 episodes, 43 prompts per episode
2025-08-11 03:54:28,192 - INFO - Target score: 0.99, Max rounds per prompt: 18
2025-08-11 03:54:28,192 - INFO - 
============================================================
2025-08-11 03:54:28,192 - INFO - STARTING EPISODE 1/2
2025-08-11 03:54:28,192 - INFO - ============================================================
2025-08-11 03:54:28,192 - INFO - 🔍 Checking server health at episode start...
2025-08-11 03:54:28,206 - INFO - ✅ Server health check passed
2025-08-11 03:54:28,216 - INFO - 
--- Episode 1, Prompt 1 (Total: 43) ---
2025-08-11 03:54:28,220 - INFO - Optimizing: 'purple heart-shaped keychain on leather strap'
2025-08-11 03:54:28,221 - INFO - 🔍 Checking server availability before optimization...
2025-08-11 03:54:28,231 - INFO - ✅ Server is available (status: completed)
2025-08-11 03:54:28,235 - INFO - 📝 Marked server as used at 1754884468.2351928
2025-08-11 03:54:28,235 - INFO - ✅ Server is available and marked as used
2025-08-11 03:54:28,242 - INFO - 🔄 Reproducibility optimization returned no result
2025-08-11 03:54:28,242 - INFO -       🔧 Overriding endpoint: generate/
2025-08-11 03:54:28,242 - INFO -       🔧 Using endpoint: generate/baolei/
2025-08-11 03:54:28,247 - INFO - 
🔄 RL LOOP OPTIMIZATION: 'purple heart-shaped keychain on leather strap'
2025-08-11 03:54:28,250 - INFO -    Session: rl_session_1754884468_1263
2025-08-11 03:54:28,250 - INFO -    Max rounds: 18
2025-08-11 03:54:28,250 - INFO -    Min rounds before convergence: 5
2025-08-11 03:54:28,250 - INFO -    Target score: 0.99
2025-08-11 03:54:28,250 - INFO - 
   🔄 RL Round 1/18
2025-08-11 03:54:28,251 - INFO -       🎯 Strategy: minimalist_refinement (exploit)
2025-08-11 03:54:45,287 - INFO - [TRELLIS] GPU cache cleared: {'status': 'cache_cleared', 'available_memory_gb': 17.90967808}
2025-08-11 03:54:45,288 - INFO -       🔍 Validating...
2025-08-11 03:54:45,293 - INFO -       📝 Using optimized prompt for generation: 'a purple heart-shaped keychain with intricate engravings on a premium leather strap, front view, accurate, complete, white background...'
2025-08-11 03:54:45,293 - INFO -       🎯 Computing scores against original prompt: 'purple heart-shaped keychain on leather strap...'
2025-08-11 03:56:19,232 - INFO -       📊 Validation score: 0.7644
2025-08-11 03:56:19,233 - INFO -       🎯 New best score: 0.7644
2025-08-11 03:56:19,233 - INFO - 
   🔄 RL Round 2/18
2025-08-11 03:56:19,233 - INFO -       🎯 Strategy: minimalist_refinement (exploit)
2025-08-11 03:56:26,319 - INFO - [TRELLIS] GPU cache cleared: {'status': 'cache_cleared', 'available_memory_gb': 17.907580928}
2025-08-11 03:56:26,320 - INFO -       🔍 Validating...
2025-08-11 03:56:26,320 - INFO -       📝 Using optimized prompt for generation: 'a purple heart-shaped keychain with a delicate, hand-stamped pattern on the leather strap, front view, accurate, complete, white background...'
2025-08-11 03:56:26,320 - INFO -       🎯 Computing scores against original prompt: 'purple heart-shaped keychain on leather strap...'
2025-08-11 03:58:13,554 - INFO -       📊 Validation score: 0.8405
2025-08-11 03:58:13,555 - INFO -       🎯 New best score: 0.8405
2025-08-11 03:58:13,555 - INFO -       📈 Improvement detected: minimalist_refinement working better
2025-08-11 03:58:13,555 - INFO - 
   🔄 RL Round 3/18
2025-08-11 03:58:13,556 - INFO -       🎯 Strategy: contextual_scene_building (explore)
2025-08-11 03:58:20,053 - INFO - [TRELLIS] GPU cache cleared: {'status': 'cache_cleared', 'available_memory_gb': 17.905483776}
2025-08-11 03:58:20,058 - INFO -       🔍 Validating...
2025-08-11 03:58:20,060 - INFO -       📝 Using optimized prompt for generation: 'a purple heart-shaped keychain with a delicate, hand-stamped pattern on the leather strap, front view, accurate, complete, white background...'
2025-08-11 03:58:20,065 - INFO -       🎯 Computing scores against original prompt: 'purple heart-shaped keychain on leather strap...'
2025-08-11 03:59:57,314 - INFO -       📊 Validation score: 0.8411
2025-08-11 03:59:57,315 - INFO -       🎯 New best score: 0.8411
2025-08-11 03:59:57,317 - INFO -       📈 Improvement detected: contextual_scene_building working better
2025-08-11 03:59:57,317 - INFO - 
   🔄 RL Round 4/18
2025-08-11 03:59:57,319 - INFO -       🎯 Strategy: minimalist_refinement (exploit)
2025-08-11 04:00:02,272 - INFO - [TRELLIS] GPU cache cleared: {'status': 'cache_cleared', 'available_memory_gb': 17.905483776}
2025-08-11 04:00:02,276 - INFO -       🔍 Validating...
2025-08-11 04:00:02,276 - INFO -       📝 Using optimized prompt for generation: 'a purple heart-shaped keychain with a subtle, embossed pattern on the leather strap, front view, accurate, complete, white background...'
2025-08-11 04:00:02,276 - INFO -       🎯 Computing scores against original prompt: 'purple heart-shaped keychain on leather strap...'
2025-08-11 04:01:39,409 - INFO -       📊 Validation score: 0.9096
2025-08-11 04:01:39,409 - INFO -       🎯 New best score: 0.9096
2025-08-11 04:01:39,410 - INFO -       📈 Improvement detected: minimalist_refinement working better
2025-08-11 04:01:39,411 - INFO - 
   🔄 RL Round 5/18
2025-08-11 04:01:39,411 - INFO -       🎯 Strategy: minimalist_refinement (exploit)
2025-08-11 04:01:44,060 - INFO - [TRELLIS] GPU cache cleared: {'status': 'cache_cleared', 'available_memory_gb': 17.905483776}
2025-08-11 04:01:44,065 - INFO -       🔍 Validating...
2025-08-11 04:01:44,069 - INFO -       📝 Using optimized prompt for generation: 'a purple heart-shaped keychain with a subtle, textured pattern on the leather strap, front view, accurate, complete, white background...'
2025-08-11 04:01:44,069 - INFO -       🎯 Computing scores against original prompt: 'purple heart-shaped keychain on leather strap...'
2025-08-11 04:03:16,510 - INFO -       📊 Validation score: 0.8663
2025-08-11 04:03:16,510 - INFO -       📉 Score declined: Consider different approach
2025-08-11 04:03:16,510 - INFO - 
   🔄 RL Round 6/18
2025-08-11 04:03:16,510 - INFO -       🎯 Strategy: aggressive_transformation (explore)
2025-08-11 04:03:21,453 - INFO - [TRELLIS] GPU cache cleared: {'status': 'cache_cleared', 'available_memory_gb': 17.905483776}
2025-08-11 04:03:21,454 - INFO -       🔍 Validating...
2025-08-11 04:03:21,454 - INFO -       📝 Using optimized prompt for generation: 'a small, ornate purple heart-shaped keychain with a delicate, hand-stamped pattern on the leather strap, front view, front view, accurate, complete, white background...'
2025-08-11 04:03:21,454 - INFO -       🎯 Computing scores against original prompt: 'purple heart-shaped keychain on leather strap...'
2025-08-11 04:05:00,107 - INFO -       📊 Validation score: 0.8727
2025-08-11 04:05:00,108 - INFO -       ✅ Convergence achieved: Convergence threshold met (improvement: 0.006)
2025-08-11 04:05:00,205 - INFO - 
🎯 RL LOOP COMPLETE:
2025-08-11 04:05:00,210 - INFO -    Best prompt: a purple heart-shaped keychain with a subtle, embossed pattern on the leather strap, front view, accurate, complete, white background
2025-08-11 04:05:00,210 - INFO -    Best score: 0.9096
2025-08-11 04:05:00,210 - INFO -    Rounds: 6
2025-08-11 04:05:00,210 - INFO -    Convergence: True
2025-08-11 04:05:00,210 - INFO -    Convergence reason: Convergence threshold met (improvement: 0.006)
2025-08-11 04:05:00,210 - INFO -    Exploration ratio: 33.3%
2025-08-11 04:05:00,211 - INFO -    Insights learned: 3
2025-08-11 04:05:00,211 - INFO -    Total time: 631.86s
2025-08-11 04:05:00,211 - INFO - Prompt optimized in 6 rounds: 0.764 → 0.910 (+0.145)
2025-08-11 04:05:00,212 - INFO - ✅ Target score achieved!
2025-08-11 04:05:00,223 - INFO - 
--- Episode 1, Prompt 2 (Total: 43) ---
2025-08-11 04:05:00,227 - INFO - Optimizing: 'small purple alien with large eyes and long tongue'
2025-08-11 04:05:00,227 - INFO - 🔍 Checking server availability before optimization...
2025-08-11 04:05:00,237 - INFO - ✅ Server is available (status: completed)
2025-08-11 04:05:00,237 - INFO - 📝 Marked server as used at 1754885100.2375062
2025-08-11 04:05:00,237 - INFO - ✅ Server is available and marked as used
2025-08-11 04:05:03,945 - INFO - 🔄 Reproducibility optimization applied:
2025-08-11 04:05:03,949 - INFO -    Original: small purple alien with large eyes and long tongue
2025-08-11 04:05:03,952 - INFO -    Optimized: wbgmsst, generate a high-quality 3D model of an accurate and complete purple alien with delicate, swirling patterns, rendered in large size and viewed from the front in white background.
2025-08-11 04:05:03,952 - INFO -    Similarity: 0.602
2025-08-11 04:05:03,952 - INFO -    Gold score: 0.9261
2025-08-11 04:05:03,952 - INFO -       🔧 Overriding endpoint: generate/baolei/
2025-08-11 04:05:03,952 - INFO -       🔧 Using endpoint: generate/baolei/
2025-08-11 04:05:03,962 - INFO - 
🔄 RL LOOP OPTIMIZATION: 'small purple alien with large eyes and long tongue'
2025-08-11 04:05:03,962 - INFO -    Session: rl_session_1754885103_7596
2025-08-11 04:05:03,963 - INFO -    Max rounds: 18
2025-08-11 04:05:03,963 - INFO -    Min rounds before convergence: 5
2025-08-11 04:05:03,963 - INFO -    Target score: 0.99
2025-08-11 04:05:03,963 - INFO - 
   🔄 RL Round 1/18
2025-08-11 04:05:03,963 - INFO -       🎯 Strategy: material_focus (explore)
2025-08-11 04:05:08,421 - INFO - [TRELLIS] GPU cache cleared: {'status': 'cache_cleared', 'available_memory_gb': 17.905483776}
2025-08-11 04:05:08,421 - INFO -       🔍 Validating...
2025-08-11 04:05:08,421 - INFO -       📝 Using optimized prompt for generation: 'small purple alien with large eyes and long, slender tongue, front view, accurate, complete, white background...'
2025-08-11 04:05:08,421 - INFO -       🎯 Computing scores against original prompt: 'small purple alien with large eyes and long tongue...'
2025-08-11 04:06:43,056 - INFO -       📊 Validation score: 0.8752
2025-08-11 04:06:43,056 - INFO -       🎯 New best score: 0.8752
2025-08-11 04:06:43,056 - INFO - 
   🔄 RL Round 2/18
2025-08-11 04:06:43,057 - INFO -       🎯 Strategy: minimalist_refinement (exploit)
2025-08-11 04:06:47,357 - INFO - [TRELLIS] GPU cache cleared: {'status': 'cache_cleared', 'available_memory_gb': 17.905483776}
2025-08-11 04:06:47,360 - INFO -       🔍 Validating...
2025-08-11 04:06:47,361 - INFO -       📝 Using optimized prompt for generation: 'small purple alien with large eyes and long, slender tongue...'
2025-08-11 04:06:47,361 - INFO -       🎯 Computing scores against original prompt: 'small purple alien with large eyes and long tongue...'
2025-08-11 04:08:23,588 - INFO -       📊 Validation score: 0.8917
2025-08-11 04:08:23,588 - INFO -       🎯 New best score: 0.8917
2025-08-11 04:08:23,589 - INFO -       📈 Improvement detected: minimalist_refinement working better
2025-08-11 04:08:23,589 - INFO - 
   🔄 RL Round 3/18
2025-08-11 04:08:23,589 - INFO -       🎯 Strategy: minimalist_refinement (exploit)
2025-08-11 04:08:30,312 - INFO - [TRELLIS] GPU cache cleared: {'status': 'cache_cleared', 'available_memory_gb': 17.905483776}
2025-08-11 04:08:30,313 - INFO -       🔍 Validating...
2025-08-11 04:08:30,313 - INFO -       📝 Using optimized prompt for generation: 'small purple alien with large almond-shaped eyes and long, slender tongue...'
2025-08-11 04:08:30,316 - INFO -       🎯 Computing scores against original prompt: 'small purple alien with large eyes and long tongue...'
2025-08-11 04:10:09,728 - INFO -       📊 Validation score: 0.9003
2025-08-11 04:10:09,728 - INFO -       🎯 New best score: 0.9003
2025-08-11 04:10:09,729 - INFO -       📈 Improvement detected: minimalist_refinement working better
2025-08-11 04:10:09,729 - INFO - 
   🔄 RL Round 4/18
2025-08-11 04:10:09,729 - INFO -       🎯 Strategy: minimalist_refinement (exploit)
2025-08-11 04:10:14,369 - INFO - [TRELLIS] GPU cache cleared: {'status': 'cache_cleared', 'available_memory_gb': 17.905483776}
2025-08-11 04:10:14,369 - INFO -       🔍 Validating...
2025-08-11 04:10:14,369 - INFO -       📝 Using optimized prompt for generation: 'small purple alien with large almond-shaped eyes and intricate, swirling patterns around each iris, long tongue, front view, accurate, complete, white background...'
2025-08-11 04:10:14,369 - INFO -       🎯 Computing scores against original prompt: 'small purple alien with large eyes and long tongue...'
2025-08-11 04:11:49,116 - INFO -       📊 Validation score: 0.8035
2025-08-11 04:11:49,116 - INFO -       📉 Score declined: Consider different approach
2025-08-11 04:11:49,117 - INFO - 
   🔄 RL Round 5/18
2025-08-11 04:11:49,117 - INFO -       🎯 Strategy: minimalist_refinement (exploit)
2025-08-11 04:11:54,900 - INFO - [TRELLIS] GPU cache cleared: {'status': 'cache_cleared', 'available_memory_gb': 17.903386624}
2025-08-11 04:11:54,904 - INFO -       🔍 Validating...
2025-08-11 04:11:54,904 - INFO -       📝 Using optimized prompt for generation: 'small purple alien with large eyes and long tongue, front view, detailed texture around eyes...'
2025-08-11 04:11:54,904 - INFO -       🎯 Computing scores against original prompt: 'small purple alien with large eyes and long tongue...'
2025-08-11 04:13:29,730 - INFO -       📊 Validation score: 0.8488
2025-08-11 04:13:29,731 - INFO -       📈 Improvement detected: minimalist_refinement working better
2025-08-11 04:13:29,731 - INFO - 
   🔄 RL Round 6/18
2025-08-11 04:13:29,731 - INFO -       🎯 Strategy: minimalist_refinement (exploit)
2025-08-11 04:13:33,947 - INFO - [TRELLIS] GPU cache cleared: {'status': 'cache_cleared', 'available_memory_gb': 17.903386624}
2025-08-11 04:13:33,947 - INFO -       🔍 Validating...
2025-08-11 04:13:33,950 - INFO -       📝 Using optimized prompt for generation: 'small purple alien with large almond-shaped eyes and intricate, swirling patterns in the iris, long tongue, front view, accurate, complete, white background...'
2025-08-11 04:13:33,950 - INFO -       🎯 Computing scores against original prompt: 'small purple alien with large eyes and long tongue...'
2025-08-11 04:15:22,071 - INFO -       📊 Validation score: 0.9101
2025-08-11 04:15:22,071 - INFO -       🎯 New best score: 0.9101
2025-08-11 04:15:22,080 - INFO -       📈 Improvement detected: minimalist_refinement working better
2025-08-11 04:15:22,086 - INFO - 
   🔄 RL Round 7/18
2025-08-11 04:15:22,090 - INFO -       🎯 Strategy: minimalist_refinement (exploit)
2025-08-11 04:15:37,535 - WARNING - [TRELLIS] Exception clearing GPU cache: HTTPConnectionPool(host='localhost', port=8096): Read timed out. (read timeout=10)
2025-08-11 04:15:37,536 - INFO -       🔍 Validating...
2025-08-11 04:15:37,537 - INFO -       📝 Using optimized prompt for generation: 'small purple alien with large almond-shaped eyes and an expressive, curved mouth framed by slender, almost translucent skin, long, sinuous tongue darting in and out of its mouth...'
2025-08-11 04:15:37,538 - INFO -       🎯 Computing scores against original prompt: 'small purple alien with large eyes and long tongue...'
2025-08-11 04:17:25,190 - INFO -       📊 Validation score: 0.8879
2025-08-11 04:17:25,191 - INFO -       📉 Score declined: Consider different approach
2025-08-11 04:17:25,191 - INFO - 
   🔄 RL Round 8/18
2025-08-11 04:17:25,192 - INFO -       🎯 Strategy: minimalist_refinement (exploit)
2025-08-11 04:17:31,515 - INFO - [TRELLIS] GPU cache cleared: {'status': 'cache_cleared', 'available_memory_gb': 17.561550848}
2025-08-11 04:17:31,516 - INFO -       🔍 Validating...
2025-08-11 04:17:31,519 - INFO -       📝 Using optimized prompt for generation: 'small purple alien with large almond-shaped eyes and slender, tapering tongue ending in a delicate sucker-like tip...'
2025-08-11 04:17:31,519 - INFO -       🎯 Computing scores against original prompt: 'small purple alien with large eyes and long tongue...'
2025-08-11 04:19:03,904 - INFO -       📊 Validation score: 0.8613
2025-08-11 04:19:03,904 - INFO -       📉 Score declined: Consider different approach
2025-08-11 04:19:03,904 - INFO - 
   🔄 RL Round 9/18
2025-08-11 04:19:03,905 - INFO -       🎯 Strategy: minimalist_refinement (exploit)
2025-08-11 04:19:09,119 - INFO - [TRELLIS] GPU cache cleared: {'status': 'cache_cleared', 'available_memory_gb': 17.561550848}
2025-08-11 04:19:09,121 - INFO -       🔍 Validating...
2025-08-11 04:19:09,121 - INFO -       📝 Using optimized prompt for generation: 'small purple alien with large, almond-shaped eyes and long tongue, front view, accurate, complete, white background...'
2025-08-11 04:19:09,122 - INFO -       🎯 Computing scores against original prompt: 'small purple alien with large eyes and long tongue...'
2025-08-11 04:20:50,012 - INFO -       📊 Validation score: 0.8360
2025-08-11 04:20:50,013 - INFO -       📉 Score declined: Consider different approach
2025-08-11 04:20:50,013 - INFO - 
   🔄 RL Round 10/18
2025-08-11 04:20:50,014 - INFO -       🎯 Strategy: minimalist_refinement (exploit)
2025-08-11 04:20:55,856 - INFO - [TRELLIS] GPU cache cleared: {'status': 'cache_cleared', 'available_memory_gb': 17.561550848}
2025-08-11 04:20:55,858 - INFO -       🔍 Validating...
2025-08-11 04:20:55,861 - INFO -       📝 Using optimized prompt for generation: 'small purple alien with large almond-shaped eyes and slender, tapered tongue ending in a delicate serrated edge, front view, accurate...'
2025-08-11 04:20:55,861 - INFO -       🎯 Computing scores against original prompt: 'small purple alien with large eyes and long tongue...'
2025-08-11 04:22:31,086 - INFO -       📊 Validation score: 0.8406
2025-08-11 04:22:31,087 - INFO -       📈 Improvement detected: minimalist_refinement working better
2025-08-11 04:22:31,088 - INFO - 
   🔄 RL Round 11/18
2025-08-11 04:22:31,089 - INFO -       🎯 Strategy: minimalist_refinement (exploit)
2025-08-11 04:22:37,558 - INFO - [TRELLIS] GPU cache cleared: {'status': 'cache_cleared', 'available_memory_gb': 17.559453696}
2025-08-11 04:22:37,560 - INFO -       🔍 Validating...
2025-08-11 04:22:37,561 - INFO -       📝 Using optimized prompt for generation: 'small purple alien with large almond-shaped eyes and slender, tapering tongue, front view, accurate, complete, white background...'
2025-08-11 04:22:37,562 - INFO -       🎯 Computing scores against original prompt: 'small purple alien with large eyes and long tongue...'
2025-08-11 04:24:18,354 - INFO -       📊 Validation score: 0.9322
2025-08-11 04:24:18,355 - INFO -       🎯 New best score: 0.9322
2025-08-11 04:24:18,355 - INFO -       📈 Improvement detected: minimalist_refinement working better
2025-08-11 04:24:18,355 - INFO - 
   🔄 RL Round 12/18
2025-08-11 04:24:18,355 - INFO -       🎯 Strategy: minimalist_refinement (exploit)
2025-08-11 04:24:22,820 - INFO - [TRELLIS] GPU cache cleared: {'status': 'cache_cleared', 'available_memory_gb': 17.555259392}
2025-08-11 04:24:22,820 - INFO -       🔍 Validating...
2025-08-11 04:24:22,824 - INFO -       📝 Using optimized prompt for generation: 'small purple alien with large almond-shaped eyes and intricate, swirling patterns in the iris, long tongue ending in a delicate, pointed tip, front view, accurate, complete, white background...'
2025-08-11 04:24:22,824 - INFO -       🎯 Computing scores against original prompt: 'small purple alien with large eyes and long tongue...'
2025-08-11 04:25:56,608 - INFO -       📊 Validation score: 0.9025
2025-08-11 04:25:56,608 - INFO -       📉 Score declined: Consider different approach
2025-08-11 04:25:56,608 - INFO - 
   🔄 RL Round 13/18
2025-08-11 04:25:56,609 - INFO -       🎯 Strategy: hybrid_approach (explore)
2025-08-11 04:26:02,340 - INFO - [TRELLIS] GPU cache cleared: {'status': 'cache_cleared', 'available_memory_gb': 17.551065088}
2025-08-11 04:26:02,340 - INFO -       🔍 Validating...
2025-08-11 04:26:02,342 - INFO -       📝 Using optimized prompt for generation: 'small purple alien with large almond-shaped eyes and a slender, elongated tongue ending in a delicate tip, adorned with intricate, swirling patterns that seem to shift subtly in the light...'
2025-08-11 04:26:02,342 - INFO -       🎯 Computing scores against original prompt: 'small purple alien with large eyes and long tongue...'
2025-08-11 04:27:33,932 - INFO -       📊 Validation score: 0.8912
2025-08-11 04:27:33,933 - INFO -       📉 Score declined: Consider different approach
2025-08-11 04:27:33,933 - INFO - 
   🔄 RL Round 14/18
2025-08-11 04:27:33,933 - INFO -       🎯 Strategy: minimalist_refinement (exploit)
2025-08-11 04:27:38,878 - INFO - [TRELLIS] GPU cache cleared: {'status': 'cache_cleared', 'available_memory_gb': 17.548967936}
2025-08-11 04:27:38,882 - INFO -       🔍 Validating...
2025-08-11 04:27:38,882 - INFO -       📝 Using optimized prompt for generation: 'small, slender purple alien with large almond-shaped eyes and a long, curved tongue...'
2025-08-11 04:27:38,884 - INFO -       🎯 Computing scores against original prompt: 'small purple alien with large eyes and long tongue...'
2025-08-11 04:29:16,277 - INFO -       📊 Validation score: 0.8874
2025-08-11 04:29:16,280 - INFO -       📉 Score declined: Consider different approach
2025-08-11 04:29:16,280 - INFO - 
   🔄 RL Round 15/18
2025-08-11 04:29:16,280 - INFO -       🎯 Strategy: minimalist_refinement (exploit)
2025-08-11 04:29:21,858 - INFO - [TRELLIS] GPU cache cleared: {'status': 'cache_cleared', 'available_memory_gb': 17.548967936}
2025-08-11 04:29:21,859 - INFO -       🔍 Validating...
2025-08-11 04:29:21,859 - INFO -       📝 Using optimized prompt for generation: 'small purple alien with large almond-shaped eyes and long, slender tongue, smooth skin texture, delicate mouth features, front view, accurate, complete, white background...'
2025-08-11 04:29:21,863 - INFO -       🎯 Computing scores against original prompt: 'small purple alien with large eyes and long tongue...'
2025-08-11 04:31:08,012 - INFO -       📊 Validation score: 0.9262
2025-08-11 04:31:08,013 - INFO -       📈 Improvement detected: minimalist_refinement working better
2025-08-11 04:31:08,013 - INFO - 
   🔄 RL Round 16/18
2025-08-11 04:31:08,013 - INFO -       🎯 Strategy: minimalist_refinement (exploit)
2025-08-11 04:31:14,796 - INFO - [TRELLIS] GPU cache cleared: {'status': 'cache_cleared', 'available_memory_gb': 17.548967936}
2025-08-11 04:31:14,796 - INFO -       🔍 Validating...
2025-08-11 04:31:14,796 - INFO -       📝 Using optimized prompt for generation: 'small, slender purple alien with large almond-shaped eyes and a long, curved tongue ending in a delicate, pointed tip, front view, accurate, complete, white background...'
2025-08-11 04:31:14,797 - INFO -       🎯 Computing scores against original prompt: 'small purple alien with large eyes and long tongue...'
2025-08-11 04:32:56,334 - INFO -       📊 Validation score: 0.9062
2025-08-11 04:32:56,334 - INFO -       📉 Score declined: Consider different approach
2025-08-11 04:32:56,334 - INFO - 
   🔄 RL Round 17/18
2025-08-11 04:32:56,334 - INFO -       🎯 Strategy: hybrid_approach (explore)
2025-08-11 04:33:02,761 - INFO - [TRELLIS] GPU cache cleared: {'status': 'cache_cleared', 'available_memory_gb': 17.548967936}
2025-08-11 04:33:02,761 - INFO -       🔍 Validating...
2025-08-11 04:33:02,761 - INFO -       📝 Using optimized prompt for generation: 'small, slender purple alien with large almond-shaped eyes and an elongated, pointed tongue ending in a delicate, articulated tip...'
2025-08-11 04:33:02,761 - INFO -       🎯 Computing scores against original prompt: 'small purple alien with large eyes and long tongue...'
2025-08-11 04:34:48,405 - INFO -       📊 Validation score: 0.8595
2025-08-11 04:34:48,406 - INFO -       📉 Score declined: Consider different approach
2025-08-11 04:34:48,406 - INFO - 
   🔄 RL Round 18/18
2025-08-11 04:34:48,406 - INFO -       🎯 Strategy: minimalist_refinement (exploit)
2025-08-11 04:34:56,187 - INFO - [TRELLIS] GPU cache cleared: {'status': 'cache_cleared', 'available_memory_gb': 17.548967936}
2025-08-11 04:34:56,187 - INFO -       🔍 Validating...
2025-08-11 04:34:56,190 - INFO -       📝 Using optimized prompt for generation: 'small purple alien with large almond-shaped eyes and long, slender tongue, front view, accurate, complete, white background...'
2025-08-11 04:34:56,190 - INFO -       🎯 Computing scores against original prompt: 'small purple alien with large eyes and long tongue...'
2025-08-11 04:36:25,952 - INFO -       📊 Validation score: 0.9276
2025-08-11 04:36:26,034 - INFO - 
🎯 RL LOOP COMPLETE:
2025-08-11 04:36:26,035 - INFO -    Best prompt: small purple alien with large almond-shaped eyes and slender, tapering tongue, front view, accurate, complete, white background
2025-08-11 04:36:26,035 - INFO -    Best score: 0.9322
2025-08-11 04:36:26,036 - INFO -    Rounds: 18
2025-08-11 04:36:26,036 - INFO -    Convergence: False
2025-08-11 04:36:26,036 - INFO -    Convergence reason: Not converged
2025-08-11 04:36:26,037 - INFO -    Exploration ratio: 16.7%
2025-08-11 04:36:26,037 - INFO -    Insights learned: 3
2025-08-11 04:36:26,038 - INFO -    Total time: 1881.99s
2025-08-11 04:36:26,039 - INFO - Prompt optimized in 18 rounds: 0.875 → 0.932 (+0.057)
2025-08-11 04:36:26,041 - INFO - ⏰ Max rounds reached
2025-08-11 04:36:26,048 - INFO - 
--- Episode 1, Prompt 3 (Total: 43) ---
2025-08-11 04:36:26,049 - INFO - Optimizing: 'robot that is standing on table'
2025-08-11 04:36:26,050 - INFO - 🔍 Checking server availability before optimization...
2025-08-11 04:36:26,059 - INFO - ✅ Server is available (status: completed)
2025-08-11 04:36:26,060 - INFO - 📝 Marked server as used at 1754886986.0601444
2025-08-11 04:36:26,061 - INFO - ✅ Server is available and marked as used
2025-08-11 04:36:26,066 - INFO - 🔄 Reproducibility optimization returned no result
2025-08-11 04:36:26,066 - INFO -       🔧 Overriding endpoint: generate/baolei/
2025-08-11 04:36:26,067 - INFO -       🔧 Using endpoint: generate/baolei/
2025-08-11 04:36:26,070 - INFO - 
🔄 RL LOOP OPTIMIZATION: 'robot that is standing on table'
2025-08-11 04:36:26,071 - INFO -    Session: rl_session_1754886986_1125
2025-08-11 04:36:26,072 - INFO -    Max rounds: 18
2025-08-11 04:36:26,073 - INFO -    Min rounds before convergence: 5
2025-08-11 04:36:26,073 - INFO -    Target score: 0.99
2025-08-11 04:36:26,074 - INFO - 
   🔄 RL Round 1/18
2025-08-11 04:36:26,075 - INFO -       🎯 Strategy: minimalist_refinement (exploit)
2025-08-11 04:36:31,010 - INFO - [TRELLIS] GPU cache cleared: {'status': 'cache_cleared', 'available_memory_gb': 17.548967936}
2025-08-11 04:36:31,010 - INFO -       🔍 Validating...
2025-08-11 04:36:31,010 - INFO -       📝 Using optimized prompt for generation: 'a sleek and modern robot standing on a metallic table with a futuristic cityscape in the background, front view, accurate, complete, white background...'
2025-08-11 04:36:31,010 - INFO -       🎯 Computing scores against original prompt: 'robot that is standing on table...'
2025-08-11 04:38:13,861 - INFO -       📊 Validation score: 0.9325
2025-08-11 04:38:13,862 - INFO -       🎯 New best score: 0.9325
2025-08-11 04:38:13,862 - INFO - 
   🔄 RL Round 2/18
2025-08-11 04:38:13,862 - INFO -       🎯 Strategy: minimalist_refinement (exploit)
2025-08-11 04:38:19,485 - INFO - [TRELLIS] GPU cache cleared: {'status': 'cache_cleared', 'available_memory_gb': 17.548967936}
2025-08-11 04:38:19,486 - INFO -       🔍 Validating...
2025-08-11 04:38:19,486 - INFO -       📝 Using optimized prompt for generation: 'a sleek, metallic robot with a slender, aerodynamic body standing on a minimalist wooden table with clean lines and subtle imperfections, front view, accurate, complete, white background...'
2025-08-11 04:38:19,486 - INFO -       🎯 Computing scores against original prompt: 'robot that is standing on table...'
2025-08-11 04:39:57,787 - INFO -       📊 Validation score: 0.7713
2025-08-11 04:39:57,788 - INFO -       📉 Score declined: Consider different approach
2025-08-11 04:39:57,788 - INFO - 
   🔄 RL Round 3/18
2025-08-11 04:39:57,788 - INFO -       🎯 Strategy: minimalist_refinement (exploit)
2025-08-11 04:40:03,206 - INFO - [TRELLIS] GPU cache cleared: {'status': 'cache_cleared', 'available_memory_gb': 17.548967936}
2025-08-11 04:40:03,208 - INFO -       🔍 Validating...
2025-08-11 04:40:03,209 - INFO -       📝 Using optimized prompt for generation: 'a sleek and compact metallic robot with a silver body and angular limbs standing on a minimalist glass table, front view, accurate, complete, white background...'
2025-08-11 04:40:03,209 - INFO -       🎯 Computing scores against original prompt: 'robot that is standing on table...'
2025-08-11 04:41:42,709 - INFO -       📊 Validation score: 0.9329
2025-08-11 04:41:42,710 - INFO -       🎯 New best score: 0.9329
2025-08-11 04:41:42,710 - INFO -       📈 Improvement detected: minimalist_refinement working better
2025-08-11 04:41:42,710 - INFO - 
   🔄 RL Round 4/18
2025-08-11 04:41:42,710 - INFO -       🎯 Strategy: minimalist_refinement (exploit)
2025-08-11 04:41:49,359 - INFO - [TRELLIS] GPU cache cleared: {'status': 'cache_cleared', 'available_memory_gb': 17.548967936}
2025-08-11 04:41:49,361 - INFO -       🔍 Validating...
2025-08-11 04:41:49,361 - INFO -       📝 Using optimized prompt for generation: 'a sleek and modern robot standing on a metallic table with a subtle LED light strip running along its edge, front view, accurate, complete, white background...'
2025-08-11 04:41:49,364 - INFO -       🎯 Computing scores against original prompt: 'robot that is standing on table...'
2025-08-11 04:43:26,592 - INFO -       📊 Validation score: 0.4189
2025-08-11 04:43:26,592 - INFO -       📉 Score declined: Consider different approach
2025-08-11 04:43:26,592 - INFO -       🔍 Increasing exploration to 0.40
2025-08-11 04:43:26,592 - INFO - 
   🔄 RL Round 5/18
2025-08-11 04:43:26,593 - INFO -       🔍 Explore performing better - increasing epsilon to 0.45
2025-08-11 04:43:26,593 - INFO -       🎯 Strategy: minimalist_refinement (explore)
2025-08-11 04:43:33,168 - INFO - [TRELLIS] GPU cache cleared: {'status': 'cache_cleared', 'available_memory_gb': 17.548967936}
2025-08-11 04:43:33,169 - INFO -       🔍 Validating...
2025-08-11 04:43:33,170 - INFO -       📝 Using optimized prompt for generation: 'a sleek, aerodynamic metallic robot with angular limbs standing on a minimalist wooden table with precision-crafted joints and subtle metallic textures...'
2025-08-11 04:43:33,170 - INFO -       🎯 Computing scores against original prompt: 'robot that is standing on table...'
2025-08-11 04:45:13,134 - INFO -       📊 Validation score: 0.8516
2025-08-11 04:45:13,135 - INFO -       📈 Improvement detected: minimalist_refinement working better
2025-08-11 04:45:13,135 - INFO - 
   🔄 RL Round 6/18
2025-08-11 04:45:13,135 - INFO -       🔍 Explore performing better - increasing epsilon to 0.50
2025-08-11 04:45:13,135 - INFO -       🎯 Strategy: minimalist_refinement (explore)
2025-08-11 04:45:18,011 - INFO - [TRELLIS] GPU cache cleared: {'status': 'cache_cleared', 'available_memory_gb': 17.548967936}
2025-08-11 04:45:18,014 - INFO -       🔍 Validating...
2025-08-11 04:45:18,014 - INFO -       📝 Using optimized prompt for generation: 'a sleek and modern robot standing on a minimalist wooden table with a metallic finish and angular limbs, surrounded by soft LED lights that subtly illuminate its surface, front view, accurate, complete, white background...'
2025-08-11 04:45:18,014 - INFO -       🎯 Computing scores against original prompt: 'robot that is standing on table...'
2025-08-11 04:46:52,836 - INFO -       📊 Validation score: 0.8438
2025-08-11 04:46:52,836 - INFO -       ✅ Convergence achieved: Convergence threshold met (improvement: -0.008)
2025-08-11 04:46:52,905 - INFO - 
🎯 RL LOOP COMPLETE:
2025-08-11 04:46:52,905 - INFO -    Best prompt: a sleek and compact metallic robot with a silver body and angular limbs standing on a minimalist glass table, front view, accurate, complete, white background
2025-08-11 04:46:52,905 - INFO -    Best score: 0.9329
2025-08-11 04:46:52,905 - INFO -    Rounds: 6
2025-08-11 04:46:52,905 - INFO -    Convergence: True
2025-08-11 04:46:52,905 - INFO -    Convergence reason: Convergence threshold met (improvement: -0.008)
2025-08-11 04:46:52,905 - INFO -    Exploration ratio: 33.3%
2025-08-11 04:46:52,905 - INFO -    Insights learned: 1
2025-08-11 04:46:52,905 - INFO -    Total time: 626.77s
2025-08-11 04:46:52,906 - INFO - Prompt optimized in 6 rounds: 0.932 → 0.933 (+0.000)
2025-08-11 04:46:52,906 - INFO - ✅ Target score achieved!
2025-08-11 04:46:52,917 - INFO - 
--- Episode 1, Prompt 4 (Total: 43) ---
2025-08-11 04:46:52,917 - INFO - Optimizing: 'stylish yellow sneakers modern'
2025-08-11 04:46:52,917 - INFO - 🔍 Checking server availability before optimization...
2025-08-11 04:46:52,926 - INFO - ✅ Server is available (status: completed)
2025-08-11 04:46:52,927 - INFO - 📝 Marked server as used at 1754887612.9272609
2025-08-11 04:46:52,927 - INFO - ✅ Server is available and marked as used
2025-08-11 04:46:56,297 - INFO - 🔄 Reproducibility optimization applied:
2025-08-11 04:46:56,301 - INFO -    Original: stylish yellow sneakers modern
2025-08-11 04:46:56,301 - INFO -    Optimized: wbgmsst, A pair of glistening sneakers with intricate designs and a stylish modern aesthetic are made from high-quality yellow citrine materials featuring delicate inclusions and subtle wear marks. They refract light into a kaleidoscope of colors from the front view, accurately rendered with complete detail on a white background.
2025-08-11 04:46:56,301 - INFO -    Similarity: 0.525
2025-08-11 04:46:56,301 - INFO -    Gold score: 0.9194
2025-08-11 04:46:56,301 - INFO -       🔧 Overriding endpoint: generate/baolei/
2025-08-11 04:46:56,301 - INFO -       🔧 Using endpoint: generate/baolei/
2025-08-11 04:46:56,309 - INFO - 
🔄 RL LOOP OPTIMIZATION: 'stylish yellow sneakers modern'
2025-08-11 04:46:56,310 - INFO -    Session: rl_session_1754887616_4476
2025-08-11 04:46:56,310 - INFO -    Max rounds: 18
2025-08-11 04:46:56,310 - INFO -    Min rounds before convergence: 5
2025-08-11 04:46:56,310 - INFO -    Target score: 0.99
2025-08-11 04:46:56,310 - INFO - 
   🔄 RL Round 1/18
2025-08-11 04:46:56,310 - INFO -       🔍 Explore performing better - increasing epsilon to 0.54
2025-08-11 04:46:56,310 - INFO -       🎯 Strategy: minimalist_refinement (exploit)
2025-08-11 04:47:01,827 - INFO - [TRELLIS] GPU cache cleared: {'status': 'cache_cleared', 'available_memory_gb': 17.548967936}
2025-08-11 04:47:01,828 - INFO -       🔍 Validating...
2025-08-11 04:47:01,828 - INFO -       📝 Using optimized prompt for generation: 'stylish yellow sneakers with sleek, modern laces and a minimalist upper design, front view, accurate, complete, white background...'
2025-08-11 04:47:01,828 - INFO -       🎯 Computing scores against original prompt: 'stylish yellow sneakers modern...'
2025-08-11 04:48:29,688 - INFO -       📊 Validation score: 0.8080
2025-08-11 04:48:29,689 - INFO -       🎯 New best score: 0.8080
2025-08-11 04:48:29,690 - INFO - 
   🔄 RL Round 2/18
2025-08-11 04:48:29,690 - INFO -       🔍 Explore performing better - increasing epsilon to 0.59
2025-08-11 04:48:29,690 - INFO -       🎯 Strategy: minimalist_refinement (explore)
2025-08-11 04:48:35,966 - INFO - [TRELLIS] GPU cache cleared: {'status': 'cache_cleared', 'available_memory_gb': 17.548967936}
2025-08-11 04:48:35,967 - INFO -       🔍 Validating...
2025-08-11 04:48:35,968 - INFO -       📝 Using optimized prompt for generation: 'stylish yellow sneakers with sleek, modern laces and a minimalist upper design featuring perforations for breathability, front view, accurate, complete, white background...'
2025-08-11 04:48:35,969 - INFO -       🎯 Computing scores against original prompt: 'stylish yellow sneakers modern...'
2025-08-11 04:50:25,106 - INFO -       📊 Validation score: 0.8404
2025-08-11 04:50:25,107 - INFO -       🎯 New best score: 0.8404
2025-08-11 04:50:25,107 - INFO -       📈 Improvement detected: minimalist_refinement working better
2025-08-11 04:50:25,107 - INFO - 
   🔄 RL Round 3/18
2025-08-11 04:50:25,108 - INFO -       🔍 Explore performing better - increasing epsilon to 0.64
2025-08-11 04:50:25,108 - INFO -       🎯 Strategy: minimalist_refinement (explore)
2025-08-11 04:50:39,225 - WARNING - [TRELLIS] Exception clearing GPU cache: HTTPConnectionPool(host='localhost', port=8096): Read timed out. (read timeout=10)
2025-08-11 04:50:39,226 - INFO -       🔍 Validating...
2025-08-11 04:50:39,226 - INFO -       📝 Using optimized prompt for generation: 'stylish yellow sneakers with sleek, modern laces, a minimalist upper design featuring a subtle logo, and a comfortable fit for long-lasting wear, front view, accurate, complete, white background...'
2025-08-11 04:50:39,226 - INFO -       🎯 Computing scores against original prompt: 'stylish yellow sneakers modern...'
2025-08-11 04:52:30,537 - INFO -       📊 Validation score: 0.8093
2025-08-11 04:52:30,537 - INFO -       📉 Score declined: Consider different approach
2025-08-11 04:52:30,537 - INFO - 
   🔄 RL Round 4/18
2025-08-11 04:52:30,538 - INFO -       🔍 Explore performing better - increasing epsilon to 0.69
2025-08-11 04:52:30,538 - INFO -       🎯 Strategy: conservative_enhancement (explore)
2025-08-11 04:52:38,367 - INFO - [TRELLIS] GPU cache cleared: {'status': 'cache_cleared', 'available_memory_gb': 17.548967936}
2025-08-11 04:52:38,369 - INFO -       🔍 Validating...
2025-08-11 04:52:38,370 - INFO -       📝 Using optimized prompt for generation: 'stylish yellow sneakers with sleek, modern laces, and a minimalist upper design featuring subtle branding on the side, front view, accurate, complete, white background...'
2025-08-11 04:52:38,373 - INFO -       🎯 Computing scores against original prompt: 'stylish yellow sneakers modern...'
2025-08-11 04:54:15,408 - INFO -       📊 Validation score: 0.6374
2025-08-11 04:54:15,408 - INFO -       📉 Score declined: Consider different approach
2025-08-11 04:54:15,408 - INFO - 
   🔄 RL Round 5/18
2025-08-11 04:54:15,408 - INFO -       🎯 Strategy: contextual_scene_building (explore)
2025-08-11 04:54:21,924 - INFO - [TRELLIS] GPU cache cleared: {'status': 'cache_cleared', 'available_memory_gb': 17.548967936}
2025-08-11 04:54:21,927 - INFO -       🔍 Validating...
2025-08-11 04:54:21,930 - INFO -       📝 Using optimized prompt for generation: 'stylish yellow sneakers with sleek, modern laces featuring a subtle toe cap and a minimalist heel counter, front view...'
2025-08-11 04:54:21,930 - INFO -       🎯 Computing scores against original prompt: 'stylish yellow sneakers modern...'
2025-08-11 04:56:07,615 - INFO -       📊 Validation score: 0.8774
2025-08-11 04:56:07,615 - INFO -       🎯 New best score: 0.8774
2025-08-11 04:56:07,615 - INFO -       📈 Improvement detected: contextual_scene_building working better
2025-08-11 04:56:07,615 - INFO - 
   🔄 RL Round 6/18
2025-08-11 04:56:07,615 - INFO -       🎯 Strategy: hybrid_approach (explore)
2025-08-11 04:56:14,574 - INFO - [TRELLIS] GPU cache cleared: {'status': 'cache_cleared', 'available_memory_gb': 17.548967936}
2025-08-11 04:56:14,575 - INFO -       🔍 Validating...
2025-08-11 04:56:14,575 - INFO -       📝 Using optimized prompt for generation: 'stylish yellow sneakers with sleek, modern laces featuring a textured upper design and subtle branding on the side panels...'
2025-08-11 04:56:14,575 - INFO -       🎯 Computing scores against original prompt: 'stylish yellow sneakers modern...'
2025-08-11 04:58:10,184 - INFO -       📊 Validation score: 0.8193
2025-08-11 04:58:10,184 - INFO -       📉 Score declined: Consider different approach
2025-08-11 04:58:10,184 - INFO - 
   🔄 RL Round 7/18
2025-08-11 04:58:10,185 - INFO -       🎯 Strategy: minimalist_refinement (exploit)
2025-08-11 04:58:15,755 - INFO - [TRELLIS] GPU cache cleared: {'status': 'cache_cleared', 'available_memory_gb': 17.548967936}
2025-08-11 04:58:15,758 - INFO -       🔍 Validating...
2025-08-11 04:58:15,759 - INFO -       📝 Using optimized prompt for generation: 'stylish yellow sneakers with sleek, modern laces featuring a slender toe box, a minimalist upper design, and perforation details throughout, front view, accurate, complete, white background...'
2025-08-11 04:58:15,760 - INFO -       🎯 Computing scores against original prompt: 'stylish yellow sneakers modern...'
2025-08-11 04:59:52,795 - INFO -       📊 Validation score: 0.7744
2025-08-11 04:59:52,796 - INFO -       📉 Score declined: Consider different approach
2025-08-11 04:59:52,796 - INFO - 
   🔄 RL Round 8/18
2025-08-11 04:59:52,796 - INFO -       🔍 Explore performing better - increasing epsilon to 0.74
2025-08-11 04:59:52,796 - INFO -       🎯 Strategy: minimalist_refinement (exploit)
2025-08-11 04:59:58,279 - INFO - [TRELLIS] GPU cache cleared: {'status': 'cache_cleared', 'available_memory_gb': 17.548967936}
2025-08-11 04:59:58,280 - INFO -       🔍 Validating...
2025-08-11 04:59:58,280 - INFO -       📝 Using optimized prompt for generation: 'stylish yellow sneakers with sleek, modern laces featuring a slender toe box, a minimalist upper design, and subtle branding elements, front view, accurate, complete, white background...'
2025-08-11 04:59:58,281 - INFO -       🎯 Computing scores against original prompt: 'stylish yellow sneakers modern...'
2025-08-11 05:02:08,608 - INFO -       📊 Validation score: 0.7367
2025-08-11 05:02:08,610 - INFO -       📉 Score declined: Consider different approach
2025-08-11 05:02:08,611 - INFO - 
   🔄 RL Round 9/18
2025-08-11 05:02:08,613 - INFO -       🔍 Explore performing better - increasing epsilon to 0.79
2025-08-11 05:02:08,615 - INFO -       🎯 Strategy: hybrid_approach (explore)
2025-08-11 05:02:13,624 - INFO - [TRELLIS] GPU cache cleared: {'status': 'cache_cleared', 'available_memory_gb': 17.548967936}
2025-08-11 05:02:13,625 - INFO -       🔍 Validating...
2025-08-11 05:02:13,625 - INFO -       📝 Using optimized prompt for generation: 'stylish yellow sneakers with sleek, modern laces featuring a textured upper design and a minimalist heel counter, front view, accurate, complete, white background...'
2025-08-11 05:02:13,626 - INFO -       🎯 Computing scores against original prompt: 'stylish yellow sneakers modern...'
2025-08-11 05:03:54,532 - INFO -       📊 Validation score: 0.7665
2025-08-11 05:03:54,533 - INFO -       📈 Improvement detected: hybrid_approach working better
2025-08-11 05:03:54,533 - INFO - 
   🔄 RL Round 10/18
2025-08-11 05:03:54,533 - INFO -       🎯 Strategy: minimalist_refinement (exploit)
2025-08-11 05:04:00,864 - INFO - [TRELLIS] GPU cache cleared: {'status': 'cache_cleared', 'available_memory_gb': 17.548967936}
2025-08-11 05:04:00,868 - INFO -       🔍 Validating...
2025-08-11 05:04:00,868 - INFO -       📝 Using optimized prompt for generation: 'stylish yellow sneakers with sleek, modern laces featuring a slim sole, a minimalist upper design with a subtle heel counter, and a textured toe box...'
2025-08-11 05:04:00,869 - INFO -       🎯 Computing scores against original prompt: 'stylish yellow sneakers modern...'
2025-08-11 05:05:43,037 - INFO -       📊 Validation score: 0.8132
2025-08-11 05:05:43,038 - INFO -       📈 Improvement detected: minimalist_refinement working better
2025-08-11 05:05:43,039 - INFO - 
   🔄 RL Round 11/18
2025-08-11 05:05:43,039 - INFO -       🔍 Explore performing better - increasing epsilon to 0.80
2025-08-11 05:05:43,039 - INFO -       🎯 Strategy: hybrid_approach (explore)
2025-08-11 05:05:47,574 - INFO - [TRELLIS] GPU cache cleared: {'status': 'cache_cleared', 'available_memory_gb': 17.548967936}
2025-08-11 05:05:47,578 - INFO -       🔍 Validating...
2025-08-11 05:05:47,578 - INFO -       📝 Using optimized prompt for generation: 'stylish yellow sneakers with sleek, modern laces featuring a slim sole and a minimalist upper design with subtle branding on the tongue, front view, accurate, complete, white background...'
2025-08-11 05:05:47,578 - INFO -       🎯 Computing scores against original prompt: 'stylish yellow sneakers modern...'
2025-08-11 05:07:33,835 - INFO -       📊 Validation score: 0.8266
2025-08-11 05:07:33,835 - INFO -       📈 Improvement detected: hybrid_approach working better
2025-08-11 05:07:33,836 - INFO - 
   🔄 RL Round 12/18
2025-08-11 05:07:33,836 - INFO -       🔍 Explore performing better - increasing epsilon to 0.80
2025-08-11 05:07:33,836 - INFO -       🎯 Strategy: conservative_enhancement (explore)
2025-08-11 05:07:40,714 - INFO - [TRELLIS] GPU cache cleared: {'status': 'cache_cleared', 'available_memory_gb': 17.548967936}
2025-08-11 05:07:40,719 - INFO -       🔍 Validating...
2025-08-11 05:07:40,719 - INFO -       📝 Using optimized prompt for generation: 'stylish yellow sneakers with sleek, modern laces featuring a slim sole, subtle branding on the side panels, and a minimalist upper design with a slightly curved toe box, front view, accurate, complete, white background...'
2025-08-11 05:07:40,719 - INFO -       🎯 Computing scores against original prompt: 'stylish yellow sneakers modern...'
2025-08-11 05:09:23,660 - INFO -       📊 Validation score: 0.8355
2025-08-11 05:09:23,661 - INFO -       ✅ Convergence achieved: Convergence threshold met (improvement: 0.009)
2025-08-11 05:09:23,739 - INFO - 
🎯 RL LOOP COMPLETE:
2025-08-11 05:09:23,739 - INFO -    Best prompt: stylish yellow sneakers with sleek, modern laces featuring a subtle toe cap and a minimalist heel counter, front view
2025-08-11 05:09:23,739 - INFO -    Best score: 0.8774
2025-08-11 05:09:23,739 - INFO -    Rounds: 12
2025-08-11 05:09:23,739 - INFO -    Convergence: True
2025-08-11 05:09:23,739 - INFO -    Convergence reason: Convergence threshold met (improvement: 0.009)
2025-08-11 05:09:23,739 - INFO -    Exploration ratio: 66.7%
2025-08-11 05:09:23,739 - INFO -    Insights learned: 3
2025-08-11 05:09:23,739 - INFO -    Total time: 1347.35s
2025-08-11 05:09:23,740 - INFO - Prompt optimized in 12 rounds: 0.808 → 0.877 (+0.069)
2025-08-11 05:09:23,740 - INFO - ✅ Target score achieved!
2025-08-11 05:09:23,752 - INFO - 
--- Episode 1, Prompt 5 (Total: 43) ---
2025-08-11 05:09:23,753 - INFO - Optimizing: 'plastic bucket bright red with white stripes'
2025-08-11 05:09:23,756 - INFO - 🔍 Checking server availability before optimization...
2025-08-11 05:09:23,765 - INFO - ✅ Server is available (status: completed)
2025-08-11 05:09:23,766 - INFO - 📝 Marked server as used at 1754888963.7661772
2025-08-11 05:09:23,769 - INFO - ✅ Server is available and marked as used
2025-08-11 05:09:27,041 - INFO - 🔄 Reproducibility optimization applied:
2025-08-11 05:09:27,042 - INFO -    Original: plastic bucket bright red with white stripes
2025-08-11 05:09:27,042 - INFO -    Optimized: wbgmsst, a slender bucket with expertly faceted red plastic and stones with a subtle intricate luster, refract light, set on a pedestal with white stripes, white background.
2025-08-11 05:09:27,042 - INFO -    Similarity: 0.518
2025-08-11 05:09:27,042 - INFO -    Gold score: 0.9171
2025-08-11 05:09:27,042 - INFO -       🔧 Overriding endpoint: generate/baolei/
2025-08-11 05:09:27,042 - INFO -       🔧 Using endpoint: generate/baolei/
2025-08-11 05:09:27,054 - INFO - 
🔄 RL LOOP OPTIMIZATION: 'plastic bucket bright red with white stripes'
2025-08-11 05:09:27,054 - INFO -    Session: rl_session_1754888967_8296
2025-08-11 05:09:27,054 - INFO -    Max rounds: 18
2025-08-11 05:09:27,054 - INFO -    Min rounds before convergence: 5
2025-08-11 05:09:27,055 - INFO -    Target score: 0.99
2025-08-11 05:09:27,055 - INFO - 
   🔄 RL Round 1/18
2025-08-11 05:09:27,055 - INFO -       🔍 Explore performing better - increasing epsilon to 0.80
2025-08-11 05:09:27,055 - INFO -       🎯 Strategy: conservative_enhancement (explore)
2025-08-11 05:09:34,015 - INFO - [TRELLIS] GPU cache cleared: {'status': 'cache_cleared', 'available_memory_gb': 17.548967936}
2025-08-11 05:09:34,016 - INFO -       🔍 Validating...
2025-08-11 05:09:34,018 - INFO -       📝 Using optimized prompt for generation: 'plastic bucket bright red with white stripes and a subtle glossy finish, front view, accurate, complete, white background...'
2025-08-11 05:09:34,018 - INFO -       🎯 Computing scores against original prompt: 'plastic bucket bright red with white stripes...'
2025-08-11 05:11:16,607 - INFO -       📊 Validation score: 0.7191
2025-08-11 05:11:16,608 - INFO -       🎯 New best score: 0.7191
2025-08-11 05:11:16,608 - INFO - 
   🔄 RL Round 2/18
2025-08-11 05:11:16,608 - INFO -       🔍 Explore performing better - increasing epsilon to 0.80
2025-08-11 05:11:16,608 - INFO -       🎯 Strategy: contextual_scene_building (explore)
2025-08-11 05:11:23,053 - INFO - [TRELLIS] GPU cache cleared: {'status': 'cache_cleared', 'available_memory_gb': 17.548967936}
2025-08-11 05:11:23,057 - INFO -       🔍 Validating...
2025-08-11 05:11:23,057 - INFO -       📝 Using optimized prompt for generation: 'a bright red plastic bucket with crisp white stripes, slightly worn from repeated use, and a hint of faded blue undertones, front view, accurate, complete, white background...'
2025-08-11 05:11:23,058 - INFO -       🎯 Computing scores against original prompt: 'plastic bucket bright red with white stripes...'
2025-08-11 05:13:00,958 - INFO -       📊 Validation score: 0.8107
2025-08-11 05:13:00,958 - INFO -       🎯 New best score: 0.8107
2025-08-11 05:13:00,958 - INFO -       📈 Improvement detected: contextual_scene_building working better
2025-08-11 05:13:00,958 - INFO - 
   🔄 RL Round 3/18
2025-08-11 05:13:00,959 - INFO -       🔍 Explore performing better - increasing epsilon to 0.80
2025-08-11 05:13:00,959 - INFO -       🎯 Strategy: contextual_scene_building (explore)
2025-08-11 05:13:06,548 - INFO - [TRELLIS] GPU cache cleared: {'status': 'cache_cleared', 'available_memory_gb': 17.548967936}
2025-08-11 05:13:06,549 - INFO -       🔍 Validating...
2025-08-11 05:13:06,550 - INFO -       📝 Using optimized prompt for generation: 'a bright red plastic bucket with sturdy, textured white stripes and a hint of fading from prolonged exposure to sunlight, slightly worn from repeated use, front view, accurate, complete, white background...'
2025-08-11 05:13:06,551 - INFO -       🎯 Computing scores against original prompt: 'plastic bucket bright red with white stripes...'
2025-08-11 05:14:47,550 - INFO -       📊 Validation score: 0.2976
2025-08-11 05:14:47,551 - INFO -       📉 Score declined: Consider different approach
2025-08-11 05:14:47,551 - INFO -       🔍 Increasing exploration to 0.80
2025-08-11 05:14:47,551 - INFO - 
   🔄 RL Round 4/18
2025-08-11 05:14:47,552 - INFO -       🎯 Strategy: contextual_scene_building (explore)
2025-08-11 05:14:53,897 - INFO - [TRELLIS] GPU cache cleared: {'status': 'cache_cleared', 'available_memory_gb': 17.548967936}
2025-08-11 05:14:53,900 - INFO -       🔍 Validating...
2025-08-11 05:14:53,900 - INFO -       📝 Using optimized prompt for generation: 'a vibrant bright red plastic bucket with crisp white stripes and a subtle glossy finish, front view, accurate, complete, white background...'
2025-08-11 05:14:53,900 - INFO -       🎯 Computing scores against original prompt: 'plastic bucket bright red with white stripes...'
2025-08-11 05:16:33,600 - INFO -       📊 Validation score: 0.8718
2025-08-11 05:16:33,600 - INFO -       🎯 New best score: 0.8718
2025-08-11 05:16:33,600 - INFO -       📈 Improvement detected: contextual_scene_building working better
2025-08-11 05:16:33,600 - INFO - 
   🔄 RL Round 5/18
2025-08-11 05:16:33,600 - INFO -       🎯 Strategy: aggressive_transformation (explore)
2025-08-11 05:16:39,964 - INFO - [TRELLIS] GPU cache cleared: {'status': 'cache_cleared', 'available_memory_gb': 17.548967936}
2025-08-11 05:16:39,967 - INFO -       🔍 Validating...
2025-08-11 05:16:39,968 - INFO -       📝 Using optimized prompt for generation: 'a bright red plastic bucket with sturdy, textured white stripes and a hint of fading from prolonged exposure to the elements, front view, accurate, complete, white background...'
2025-08-11 05:16:39,968 - INFO -       🎯 Computing scores against original prompt: 'plastic bucket bright red with white stripes...'
2025-08-11 05:18:23,522 - INFO -       📊 Validation score: 0.8186
2025-08-11 05:18:23,522 - INFO -       📉 Score declined: Consider different approach
2025-08-11 05:18:23,522 - INFO - 
   🔄 RL Round 6/18
2025-08-11 05:18:23,522 - INFO -       🎯 Strategy: conservative_enhancement (explore)
2025-08-11 05:18:30,514 - INFO - [TRELLIS] GPU cache cleared: {'status': 'cache_cleared', 'available_memory_gb': 17.548967936}
2025-08-11 05:18:30,514 - INFO -       🔍 Validating...
2025-08-11 05:18:30,514 - INFO -       📝 Using optimized prompt for generation: 'a bright red plastic bucket with sturdy, textured white stripes and a hint of fading from prolonged use, front view, accurate, complete, white background...'
2025-08-11 05:18:30,514 - INFO -       🎯 Computing scores against original prompt: 'plastic bucket bright red with white stripes...'
2025-08-11 05:20:07,783 - INFO -       📊 Validation score: 0.6089
2025-08-11 05:20:07,783 - INFO -       📉 Score declined: Consider different approach
2025-08-11 05:20:07,784 - INFO - 
   🔄 RL Round 7/18
2025-08-11 05:20:07,784 - INFO -       🎯 Strategy: conservative_enhancement (explore)
2025-08-11 05:20:18,422 - INFO - [TRELLIS] GPU cache cleared: {'status': 'cache_cleared', 'available_memory_gb': 17.548967936}
2025-08-11 05:20:18,422 - INFO -       🔍 Validating...
2025-08-11 05:20:18,425 - INFO -       📝 Using optimized prompt for generation: 'a vibrant bright red plastic bucket with crisp white stripes, slightly weathered from daily use, and a hint of reflective gloss on the handle, front view, accurate, complete, white background...'
2025-08-11 05:20:18,425 - INFO -       🎯 Computing scores against original prompt: 'plastic bucket bright red with white stripes...'
2025-08-11 05:22:06,781 - INFO -       📊 Validation score: 0.6321
2025-08-11 05:22:06,782 - INFO -       📈 Improvement detected: conservative_enhancement working better
2025-08-11 05:22:06,782 - INFO - 
   🔄 RL Round 8/18
2025-08-11 05:22:06,782 - INFO -       🎯 Strategy: conservative_enhancement (explore)
2025-08-11 05:22:11,404 - INFO - [TRELLIS] GPU cache cleared: {'status': 'cache_cleared', 'available_memory_gb': 17.548967936}
2025-08-11 05:22:11,406 - INFO -       🔍 Validating...
2025-08-11 05:22:11,407 - INFO -       📝 Using optimized prompt for generation: 'a bright red plastic bucket with sturdy white stripes and a hint of glossy finish, front view, accurate, complete, white background...'
2025-08-11 05:22:11,408 - INFO -       🎯 Computing scores against original prompt: 'plastic bucket bright red with white stripes...'
2025-08-11 05:23:56,188 - INFO -       📊 Validation score: 0.8850
2025-08-11 05:23:56,188 - INFO -       🎯 New best score: 0.8850
2025-08-11 05:23:56,189 - INFO -       📈 Improvement detected: conservative_enhancement working better
2025-08-11 05:23:56,189 - INFO - 
   🔄 RL Round 9/18
2025-08-11 05:23:56,189 - INFO -       🔍 Explore performing better - increasing epsilon to 0.80
2025-08-11 05:23:56,189 - INFO -       🎯 Strategy: minimalist_refinement (exploit)
2025-08-11 05:24:02,465 - INFO - [TRELLIS] GPU cache cleared: {'status': 'cache_cleared', 'available_memory_gb': 17.548967936}
2025-08-11 05:24:02,466 - INFO -       🔍 Validating...
2025-08-11 05:24:02,470 - INFO -       📝 Using optimized prompt for generation: 'a bright red plastic bucket with crisp white stripes and a subtle glossy finish, slightly worn from repeated use, front view, accurate, complete, white background...'
2025-08-11 05:24:02,470 - INFO -       🎯 Computing scores against original prompt: 'plastic bucket bright red with white stripes...'
2025-08-11 05:25:46,100 - INFO -       📊 Validation score: 0.2827
2025-08-11 05:25:46,101 - INFO -       📉 Score declined: Consider different approach
2025-08-11 05:25:46,101 - INFO -       🔍 Increasing exploration to 0.80
2025-08-11 05:25:46,101 - INFO - 
   🔄 RL Round 10/18
2025-08-11 05:25:46,101 - INFO -       🔍 Explore performing better - increasing epsilon to 0.80
2025-08-11 05:25:46,101 - INFO -       🎯 Strategy: minimalist_refinement (explore)
2025-08-11 05:25:52,518 - INFO - [TRELLIS] GPU cache cleared: {'status': 'cache_cleared', 'available_memory_gb': 17.548967936}
2025-08-11 05:25:52,521 - INFO -       🔍 Validating...
2025-08-11 05:25:52,521 - INFO -       📝 Using optimized prompt for generation: 'a bright red plastic bucket with a subtle glossy finish and textured white stripes, front view, accurate, complete, white background...'
2025-08-11 05:25:52,521 - INFO -       🎯 Computing scores against original prompt: 'plastic bucket bright red with white stripes...'
2025-08-11 05:27:28,242 - INFO -       📊 Validation score: 0.2116
2025-08-11 05:27:28,242 - INFO -       📉 Score declined: Consider different approach
2025-08-11 05:27:28,242 - INFO -       🔍 Increasing exploration to 0.80
2025-08-11 05:27:28,242 - INFO - 
   🔄 RL Round 11/18
2025-08-11 05:27:28,243 - INFO -       🎯 Strategy: minimalist_refinement (explore)
2025-08-11 05:27:34,824 - INFO - [TRELLIS] GPU cache cleared: {'status': 'cache_cleared', 'available_memory_gb': 17.548967936}
2025-08-11 05:27:34,828 - INFO -       🔍 Validating...
2025-08-11 05:27:34,828 - INFO -       📝 Using optimized prompt for generation: 'a bright red plastic bucket with slightly worn, textured white stripes and a hint of fading from prolonged exposure to sunlight, slight dent on the handle...'
2025-08-11 05:27:34,828 - INFO -       🎯 Computing scores against original prompt: 'plastic bucket bright red with white stripes...'
2025-08-11 05:29:14,390 - INFO -       📊 Validation score: 0.6659
2025-08-11 05:29:14,391 - INFO -       📈 Improvement detected: minimalist_refinement working better
2025-08-11 05:29:14,391 - INFO - 
   🔄 RL Round 12/18
2025-08-11 05:29:14,391 - INFO -       🎯 Strategy: aggressive_transformation (explore)
2025-08-11 05:29:19,491 - INFO - [TRELLIS] GPU cache cleared: {'status': 'cache_cleared', 'available_memory_gb': 17.548967936}
2025-08-11 05:29:19,492 - INFO -       🔍 Validating...
2025-08-11 05:29:19,496 - INFO -       📝 Using optimized prompt for generation: 'a bright red plastic bucket with rugged, textured white stripes and a hint of glossy finish, front view, accurate, complete, white background...'
2025-08-11 05:29:19,496 - INFO -       🎯 Computing scores against original prompt: 'plastic bucket bright red with white stripes...'
2025-08-11 05:31:30,443 - INFO -       📊 Validation score: 0.7923
2025-08-11 05:31:30,444 - INFO -       📈 Improvement detected: aggressive_transformation working better
2025-08-11 05:31:30,444 - INFO - 
   🔄 RL Round 13/18
2025-08-11 05:31:30,444 - INFO -       🎯 Strategy: aggressive_transformation (explore)
2025-08-11 05:31:38,540 - INFO - [TRELLIS] GPU cache cleared: {'status': 'cache_cleared', 'available_memory_gb': 17.548967936}
2025-08-11 05:31:38,544 - INFO -       🔍 Validating...
2025-08-11 05:31:38,545 - INFO -       📝 Using optimized prompt for generation: 'a bright red plastic bucket with sturdy, textured white stripes and a subtle glossy finish, front view, accurate, complete, white background...'
2025-08-11 05:31:38,549 - INFO -       🎯 Computing scores against original prompt: 'plastic bucket bright red with white stripes...'
2025-08-11 05:33:20,031 - INFO -       📊 Validation score: 0.5850
2025-08-11 05:33:20,031 - INFO -       📉 Score declined: Consider different approach
2025-08-11 05:33:20,032 - INFO - 
   🔄 RL Round 14/18
2025-08-11 05:33:20,032 - INFO -       🎯 Strategy: material_focus (exploit)
2025-08-11 05:33:26,326 - INFO - [TRELLIS] GPU cache cleared: {'status': 'cache_cleared', 'available_memory_gb': 17.548967936}
2025-08-11 05:33:26,327 - INFO -       🔍 Validating...
2025-08-11 05:33:26,327 - INFO -       📝 Using optimized prompt for generation: 'a bright red plastic bucket with slightly faded and slightly worn white stripes, front view, accurate, complete, white background...'
2025-08-11 05:33:26,328 - INFO -       🎯 Computing scores against original prompt: 'plastic bucket bright red with white stripes...'
2025-08-11 05:35:13,753 - INFO -       📊 Validation score: 0.6842
2025-08-11 05:35:13,754 - INFO -       📈 Improvement detected: material_focus working better
2025-08-11 05:35:13,754 - INFO - 
   🔄 RL Round 15/18
2025-08-11 05:35:13,754 - INFO -       🎯 Strategy: aggressive_transformation (explore)
2025-08-11 05:35:20,392 - INFO - [TRELLIS] GPU cache cleared: {'status': 'cache_cleared', 'available_memory_gb': 17.548967936}
2025-08-11 05:35:20,393 - INFO -       🔍 Validating...
2025-08-11 05:35:20,395 - INFO -       📝 Using optimized prompt for generation: 'a bright red plastic bucket with sturdy white stripes and a hint of glossy finish, front view, accurate, complete, white background...'
2025-08-11 05:35:20,396 - INFO -       🎯 Computing scores against original prompt: 'plastic bucket bright red with white stripes...'
2025-08-11 05:37:04,008 - INFO -       📊 Validation score: 0.8886
2025-08-11 05:37:04,008 - INFO -       🎯 New best score: 0.8886
2025-08-11 05:37:04,009 - INFO -       📈 Improvement detected: aggressive_transformation working better
2025-08-11 05:37:04,009 - INFO - 
   🔄 RL Round 16/18
2025-08-11 05:37:04,009 - INFO -       🎯 Strategy: material_focus (explore)
2025-08-11 05:37:10,549 - INFO - [TRELLIS] GPU cache cleared: {'status': 'cache_cleared', 'available_memory_gb': 17.548967936}
2025-08-11 05:37:10,551 - INFO -       🔍 Validating...
2025-08-11 05:37:10,551 - INFO -       📝 Using optimized prompt for generation: 'a bright red plastic bucket with crisp white stripes and a glossy finish...'
2025-08-11 05:37:10,551 - INFO -       🎯 Computing scores against original prompt: 'plastic bucket bright red with white stripes...'
2025-08-11 05:38:53,436 - INFO -       📊 Validation score: 0.8960
2025-08-11 05:38:53,436 - INFO -       🎯 New best score: 0.8960
2025-08-11 05:38:53,436 - INFO -       ✅ Convergence achieved: Convergence threshold met (improvement: 0.007)
2025-08-11 05:38:53,502 - INFO - 
🎯 RL LOOP COMPLETE:
2025-08-11 05:38:53,505 - INFO -    Best prompt: a bright red plastic bucket with crisp white stripes and a glossy finish
2025-08-11 05:38:53,505 - INFO -    Best score: 0.8960
2025-08-11 05:38:53,505 - INFO -    Rounds: 16
2025-08-11 05:38:53,505 - INFO -    Convergence: True
2025-08-11 05:38:53,505 - INFO -    Convergence reason: Convergence threshold met (improvement: 0.007)
2025-08-11 05:38:53,505 - INFO -    Exploration ratio: 87.5%
2025-08-11 05:38:53,505 - INFO -    Insights learned: 3
2025-08-11 05:38:53,506 - INFO -    Total time: 1766.38s
2025-08-11 05:38:53,506 - INFO - Prompt optimized in 16 rounds: 0.719 → 0.896 (+0.177)
2025-08-11 05:38:53,506 - INFO - ✅ Target score achieved!
2025-08-11 05:38:53,516 - INFO - 
--- Episode 1, Prompt 6 (Total: 43) ---
2025-08-11 05:38:53,516 - INFO - Optimizing: 'mythical crystal staff with magical runes'
2025-08-11 05:38:53,516 - INFO - 🔍 Checking server availability before optimization...
2025-08-11 05:38:53,529 - INFO - ✅ Server is available (status: completed)
2025-08-11 05:38:53,529 - INFO - 📝 Marked server as used at 1754890733.5298626
2025-08-11 05:38:53,529 - INFO - ✅ Server is available and marked as used
2025-08-11 05:38:53,536 - INFO - 🔄 Reproducibility optimization returned no result
2025-08-11 05:38:53,536 - INFO -       🔧 Overriding endpoint: generate/baolei/
2025-08-11 05:38:53,536 - INFO -       🔧 Using endpoint: generate/baolei/
2025-08-11 05:38:53,540 - INFO - 
🔄 RL LOOP OPTIMIZATION: 'mythical crystal staff with magical runes'
2025-08-11 05:38:53,540 - INFO -    Session: rl_session_1754890733_5172
2025-08-11 05:38:53,540 - INFO -    Max rounds: 18
2025-08-11 05:38:53,540 - INFO -    Min rounds before convergence: 5
2025-08-11 05:38:53,540 - INFO -    Target score: 0.99
2025-08-11 05:38:53,541 - INFO - 
   🔄 RL Round 1/18
2025-08-11 05:38:53,541 - INFO -       🔍 Explore performing better - increasing epsilon to 0.78
2025-08-11 05:38:53,541 - INFO -       🎯 Strategy: technical_precision (explore)
2025-08-11 05:38:59,779 - INFO - [TRELLIS] GPU cache cleared: {'status': 'cache_cleared', 'available_memory_gb': 17.548967936}
2025-08-11 05:38:59,779 - INFO -       🔍 Validating...
2025-08-11 05:38:59,779 - INFO -       📝 Using optimized prompt for generation: 'a glittering, crystal-tipped staff adorned with intricate magical runes that shimmer in the light of a full moon, front view, accurate, complete, white background...'
2025-08-11 05:38:59,779 - INFO -       🎯 Computing scores against original prompt: 'mythical crystal staff with magical runes...'
2025-08-11 05:40:35,618 - INFO -       📊 Validation score: 0.9306
2025-08-11 05:40:35,618 - INFO -       🎯 New best score: 0.9306
2025-08-11 05:40:35,618 - INFO - 
   🔄 RL Round 2/18
2025-08-11 05:40:35,619 - INFO -       🔍 Explore performing better - increasing epsilon to 0.80
2025-08-11 05:40:35,620 - INFO -       🎯 Strategy: hybrid_approach (explore)
2025-08-11 05:40:42,481 - INFO - [TRELLIS] GPU cache cleared: {'status': 'cache_cleared', 'available_memory_gb': 17.548967936}
2025-08-11 05:40:42,483 - INFO -       🔍 Validating...
2025-08-11 05:40:42,483 - INFO -       📝 Using optimized prompt for generation: 'a slender, crystalline staff adorned with intricate, glowing magical runes that hum with an otherworldly energy, front view, accurate, complete, white background...'
2025-08-11 05:40:42,483 - INFO -       🎯 Computing scores against original prompt: 'mythical crystal staff with magical runes...'
2025-08-11 05:42:21,739 - INFO -       📊 Validation score: 0.9370
2025-08-11 05:42:21,739 - INFO -       🎯 New best score: 0.9370
2025-08-11 05:42:21,739 - INFO -       📈 Improvement detected: hybrid_approach working better
2025-08-11 05:42:21,740 - INFO - 
   🔄 RL Round 3/18
2025-08-11 05:42:21,740 - INFO -       🔍 Explore performing better - increasing epsilon to 0.80
2025-08-11 05:42:21,740 - INFO -       🎯 Strategy: technical_precision (exploit)
2025-08-11 05:42:27,912 - INFO - [TRELLIS] GPU cache cleared: {'status': 'cache_cleared', 'available_memory_gb': 17.546870784}
2025-08-11 05:42:27,913 - INFO -       🔍 Validating...
2025-08-11 05:42:27,916 - INFO -       📝 Using optimized prompt for generation: 'a slender crystal-tipped staff adorned with intricate, glowing magical runes that pulse with an ethereal energy, front view, accurate, complete, white background...'
2025-08-11 05:42:27,916 - INFO -       🎯 Computing scores against original prompt: 'mythical crystal staff with magical runes...'
2025-08-11 05:44:10,279 - INFO -       📊 Validation score: 0.9160
2025-08-11 05:44:10,279 - INFO -       📉 Score declined: Consider different approach
2025-08-11 05:44:10,279 - INFO - 
   🔄 RL Round 4/18
2025-08-11 05:44:10,279 - INFO -       🔍 Explore performing better - increasing epsilon to 0.80
2025-08-11 05:44:10,280 - INFO -       🎯 Strategy: contextual_scene_building (explore)
2025-08-11 05:44:16,623 - INFO - [TRELLIS] GPU cache cleared: {'status': 'cache_cleared', 'available_memory_gb': 17.546870784}
2025-08-11 05:44:16,624 - INFO -       🔍 Validating...
2025-08-11 05:44:16,627 - INFO -       📝 Using optimized prompt for generation: 'a slender, crystalline staff adorned with intricate, glowing magical runes that radiate a soft luminescence and hum with an otherworldly energy...'
2025-08-11 05:44:16,627 - INFO -       🎯 Computing scores against original prompt: 'mythical crystal staff with magical runes...'
2025-08-11 05:45:59,215 - INFO -       📊 Validation score: 0.9314
2025-08-11 05:45:59,216 - INFO -       📈 Improvement detected: contextual_scene_building working better
2025-08-11 05:45:59,217 - INFO - 
   🔄 RL Round 5/18
2025-08-11 05:45:59,218 - INFO -       🔍 Explore performing better - increasing epsilon to 0.80
2025-08-11 05:45:59,218 - INFO -       🎯 Strategy: hybrid_approach (exploit)
2025-08-11 05:46:05,860 - INFO - [TRELLIS] GPU cache cleared: {'status': 'cache_cleared', 'available_memory_gb': 17.546870784}
2025-08-11 05:46:05,860 - INFO -       🔍 Validating...
2025-08-11 05:46:05,860 - INFO -       📝 Using optimized prompt for generation: 'a slender crystal-tipped staff adorned with intricate, glowing magical runes that resonate with an ethereal energy, front view, accurate, complete, white background...'
2025-08-11 05:46:05,860 - INFO -       🎯 Computing scores against original prompt: 'mythical crystal staff with magical runes...'
2025-08-11 05:47:41,821 - INFO -       📊 Validation score: 0.9268
2025-08-11 05:47:41,822 - INFO -       ✅ Convergence achieved: Convergence threshold met (improvement: -0.005)
2025-08-11 05:47:41,892 - INFO - 
🎯 RL LOOP COMPLETE:
2025-08-11 05:47:41,892 - INFO -    Best prompt: a slender, crystalline staff adorned with intricate, glowing magical runes that hum with an otherworldly energy, front view, accurate, complete, white background
2025-08-11 05:47:41,896 - INFO -    Best score: 0.9370
2025-08-11 05:47:41,896 - INFO -    Rounds: 5
2025-08-11 05:47:41,896 - INFO -    Convergence: True
2025-08-11 05:47:41,896 - INFO -    Convergence reason: Convergence threshold met (improvement: -0.005)
2025-08-11 05:47:41,896 - INFO -    Exploration ratio: 60.0%
2025-08-11 05:47:41,896 - INFO -    Insights learned: 2
2025-08-11 05:47:41,896 - INFO -    Total time: 528.28s
2025-08-11 05:47:41,897 - INFO - Prompt optimized in 5 rounds: 0.931 → 0.937 (+0.006)
2025-08-11 05:47:41,897 - INFO - ✅ Target score achieved!
2025-08-11 05:47:41,912 - INFO - 
--- Episode 1, Prompt 7 (Total: 43) ---
2025-08-11 05:47:41,912 - INFO - Optimizing: 'harp with white strings and gold tuning pegs'
2025-08-11 05:47:41,913 - INFO - 🔍 Checking server availability before optimization...
2025-08-11 05:47:41,924 - INFO - ✅ Server is available (status: completed)
2025-08-11 05:47:41,925 - INFO - 📝 Marked server as used at 1754891261.9250085
2025-08-11 05:47:41,927 - INFO - ✅ Server is available and marked as used
2025-08-11 05:47:41,935 - INFO - 🔄 Reproducibility optimization returned no result
2025-08-11 05:47:41,936 - INFO -       🔧 Overriding endpoint: generate/baolei/
2025-08-11 05:47:41,936 - INFO -       🔧 Using endpoint: generate/baolei/
2025-08-11 05:47:41,949 - INFO - 
🔄 RL LOOP OPTIMIZATION: 'harp with white strings and gold tuning pegs'
2025-08-11 05:47:41,952 - INFO -    Session: rl_session_1754891261_5774
2025-08-11 05:47:41,952 - INFO -    Max rounds: 18
2025-08-11 05:47:41,953 - INFO -    Min rounds before convergence: 5
2025-08-11 05:47:41,953 - INFO -    Target score: 0.99
2025-08-11 05:47:41,954 - INFO - 
   🔄 RL Round 1/18
2025-08-11 05:47:41,954 - INFO -       🔍 Explore performing better - increasing epsilon to 0.80
2025-08-11 05:47:41,956 - INFO -       🎯 Strategy: technical_precision (explore)
2025-08-11 05:47:47,948 - INFO - [TRELLIS] GPU cache cleared: {'status': 'cache_cleared', 'available_memory_gb': 17.546870784}
2025-08-11 05:47:47,952 - INFO -       🔍 Validating...
2025-08-11 05:47:47,952 - INFO -       📝 Using optimized prompt for generation: 'a harp with intricately carved white strings and gold tuning pegs adorned with delicate patterns of Celtic knotwork, front view, accurate, complete, white background...'
2025-08-11 05:47:47,953 - INFO -       🎯 Computing scores against original prompt: 'harp with white strings and gold tuning pegs...'
2025-08-11 05:49:33,476 - INFO -       📊 Validation score: 0.3935
2025-08-11 05:49:33,476 - INFO -       🎯 New best score: 0.3935
2025-08-11 05:49:33,476 - INFO - 
   🔄 RL Round 2/18
2025-08-11 05:49:33,477 - INFO -       🔍 Explore performing better - increasing epsilon to 0.80
2025-08-11 05:49:33,477 - INFO -       🎯 Strategy: technical_precision (explore)
2025-08-11 05:49:49,160 - WARNING - [TRELLIS] Exception clearing GPU cache: HTTPConnectionPool(host='localhost', port=8096): Read timed out. (read timeout=10)
2025-08-11 05:49:49,161 - INFO -       🔍 Validating...
2025-08-11 05:49:49,161 - INFO -       📝 Using optimized prompt for generation: 'a harp with intricately carved white strings and gold tuning pegs adorned with delicate patterns of Celtic knotwork, front view, accurate, complete, white background...'
2025-08-11 05:49:49,161 - INFO -       🎯 Computing scores against original prompt: 'harp with white strings and gold tuning pegs...'
2025-08-11 05:51:24,121 - INFO -       📊 Validation score: 0.3843
2025-08-11 05:51:24,122 - INFO -       📉 Score declined: Consider different approach
2025-08-11 05:51:24,122 - INFO -       🔍 Increasing exploration to 0.80
2025-08-11 05:51:24,122 - INFO - 
   🔄 RL Round 3/18
2025-08-11 05:51:24,123 - INFO -       🎯 Strategy: hybrid_approach (exploit)
2025-08-11 05:51:31,901 - INFO - [TRELLIS] GPU cache cleared: {'status': 'cache_cleared', 'available_memory_gb': 17.546870784}
2025-08-11 05:51:31,903 - INFO -       🔍 Validating...
2025-08-11 05:51:31,904 - INFO -       📝 Using optimized prompt for generation: 'a harp with intricately carved white strings and gold tuning pegs adorned with delicate patterns of interlocking Celtic knots, front view, accurate, complete, white background...'
2025-08-11 05:51:31,904 - INFO -       🎯 Computing scores against original prompt: 'harp with white strings and gold tuning pegs...'
2025-08-11 05:53:16,032 - INFO -       📊 Validation score: 0.5079
2025-08-11 05:53:16,032 - INFO -       🎯 New best score: 0.5079
2025-08-11 05:53:16,033 - INFO -       📈 Improvement detected: hybrid_approach working better
2025-08-11 05:53:16,033 - INFO - 
   🔄 RL Round 4/18
2025-08-11 05:53:16,033 - INFO -       🔍 Explore performing better - increasing epsilon to 0.80
2025-08-11 05:53:16,033 - INFO -       🎯 Strategy: hybrid_approach (explore)
2025-08-11 05:53:23,533 - INFO - [TRELLIS] GPU cache cleared: {'status': 'cache_cleared', 'available_memory_gb': 17.546870784}
2025-08-11 05:53:23,537 - INFO -       🔍 Validating...
2025-08-11 05:53:23,538 - INFO -       📝 Using optimized prompt for generation: 'a harp with intricately carved white strings and gold tuning pegs adorned with delicate patterns of Celtic knotwork, front view, accurate, complete, white background...'
2025-08-11 05:53:23,539 - INFO -       🎯 Computing scores against original prompt: 'harp with white strings and gold tuning pegs...'
2025-08-11 05:55:08,831 - INFO -       📊 Validation score: 0.3831
2025-08-11 05:55:08,831 - INFO -       📉 Score declined: Consider different approach
2025-08-11 05:55:08,831 - INFO -       🔍 Increasing exploration to 0.80
2025-08-11 05:55:08,831 - INFO - 
   🔄 RL Round 5/18
2025-08-11 05:55:08,832 - INFO -       🎯 Strategy: contextual_scene_building (exploit)
2025-08-11 05:55:14,939 - INFO - [TRELLIS] GPU cache cleared: {'status': 'cache_cleared', 'available_memory_gb': 17.546870784}
2025-08-11 05:55:14,941 - INFO -       🔍 Validating...
2025-08-11 05:55:14,944 - INFO -       📝 Using optimized prompt for generation: 'a handcrafted harp with intricately carved white strings and gold tuning pegs adorned with delicate patterns of subtle engravings and ornate filigree, front view, accurate, complete, white background...'
2025-08-11 05:55:14,944 - INFO -       🎯 Computing scores against original prompt: 'harp with white strings and gold tuning pegs...'
2025-08-11 05:56:59,760 - INFO -       📊 Validation score: 0.8273
2025-08-11 05:56:59,760 - INFO -       🎯 New best score: 0.8273
2025-08-11 05:56:59,761 - INFO -       📈 Improvement detected: contextual_scene_building working better
2025-08-11 05:56:59,761 - INFO - 
   🔄 RL Round 6/18
2025-08-11 05:56:59,761 - INFO -       🎯 Strategy: contextual_scene_building (explore)
2025-08-11 05:57:06,242 - INFO - [TRELLIS] GPU cache cleared: {'status': 'cache_cleared', 'available_memory_gb': 17.546870784}
2025-08-11 05:57:06,243 - INFO -       🔍 Validating...
2025-08-11 05:57:06,247 - INFO -       📝 Using optimized prompt for generation: 'a handcrafted harp with intricately carved white strings made from polished alabaster and gold tuning pegs adorned with delicate filigree patterns of interlocking floral motifs...'
2025-08-11 05:57:06,247 - INFO -       🎯 Computing scores against original prompt: 'harp with white strings and gold tuning pegs...'
2025-08-11 05:58:52,751 - INFO -       📊 Validation score: 0.8511
2025-08-11 05:58:52,751 - INFO -       🎯 New best score: 0.8511
2025-08-11 05:58:52,751 - INFO -       📈 Improvement detected: contextual_scene_building working better
2025-08-11 05:58:52,752 - INFO - 
   🔄 RL Round 7/18
2025-08-11 05:58:52,752 - INFO -       🎯 Strategy: conservative_enhancement (exploit)
2025-08-11 05:58:58,559 - INFO - [TRELLIS] GPU cache cleared: {'status': 'cache_cleared', 'available_memory_gb': 17.546870784}
2025-08-11 05:58:58,562 - INFO -       🔍 Validating...
2025-08-11 05:58:58,562 - INFO -       📝 Using optimized prompt for generation: 'a handcrafted harp with intricately carved white strings made from polished alabaster and gold tuned instruments adorned with delicate filigree patterns of silver leaves and subtle gemstone accents, front view, accurate, complete, white background...'
2025-08-11 05:58:58,562 - INFO -       🎯 Computing scores against original prompt: 'harp with white strings and gold tuning pegs...'
2025-08-11 06:00:45,262 - INFO -       📊 Validation score: 0.9090
2025-08-11 06:00:45,263 - INFO -       🎯 New best score: 0.9090
2025-08-11 06:00:45,263 - INFO -       📈 Improvement detected: conservative_enhancement working better
2025-08-11 06:00:45,263 - INFO - 
   🔄 RL Round 8/18
2025-08-11 06:00:45,263 - INFO -       🎯 Strategy: technical_precision (explore)
2025-08-11 06:00:51,503 - INFO - [TRELLIS] GPU cache cleared: {'status': 'cache_cleared', 'available_memory_gb': 17.546870784}
2025-08-11 06:00:51,506 - INFO -       🔍 Validating...
2025-08-11 06:00:51,506 - INFO -       📝 Using optimized prompt for generation: 'a handcrafted harp with intricately carved white strings made from polished alabaster and gold tuning pegs adorned with delicate filigree patterns and subtle, ornate inlays, front view, accurate, complete, white background...'
2025-08-11 06:00:51,506 - INFO -       🎯 Computing scores against original prompt: 'harp with white strings and gold tuning pegs...'
2025-08-11 06:02:37,248 - INFO -       📊 Validation score: 0.8850
2025-08-11 06:02:37,249 - INFO -       📉 Score declined: Consider different approach
2025-08-11 06:02:37,250 - INFO - 
   🔄 RL Round 9/18
2025-08-11 06:02:37,251 - INFO -       🎯 Strategy: contextual_scene_building (explore)
2025-08-11 06:02:44,923 - INFO - [TRELLIS] GPU cache cleared: {'status': 'cache_cleared', 'available_memory_gb': 17.546870784}
2025-08-11 06:02:44,924 - INFO -       🔍 Validating...
2025-08-11 06:02:44,925 - INFO -       📝 Using optimized prompt for generation: 'a harp with intricately carved white strings and gold tuning pegs adorned with delicate, swirling patterns of frost and snowflakes that dance in the gentle light, front view, accurate, complete, white background...'
2025-08-11 06:02:44,925 - INFO -       🎯 Computing scores against original prompt: 'harp with white strings and gold tuning pegs...'
2025-08-11 06:04:28,650 - INFO -       📊 Validation score: 0.8981
2025-08-11 06:04:28,650 - INFO -       📈 Improvement detected: contextual_scene_building working better
2025-08-11 06:04:28,650 - INFO - 
   🔄 RL Round 10/18
2025-08-11 06:04:28,651 - INFO -       🎯 Strategy: hybrid_approach (explore)
2025-08-11 06:04:34,582 - INFO - [TRELLIS] GPU cache cleared: {'status': 'cache_cleared', 'available_memory_gb': 17.546870784}
2025-08-11 06:04:34,585 - INFO -       🔍 Validating...
2025-08-11 06:04:34,586 - INFO -       📝 Using optimized prompt for generation: 'a handcrafted harp with intricately carved white strings made from polished alabaster and gold tuned pegs adorned with delicate patterns and subtle inlays, front view, accurate, complete, white background...'
2025-08-11 06:04:34,587 - INFO -       🎯 Computing scores against original prompt: 'harp with white strings and gold tuning pegs...'
2025-08-11 06:06:15,584 - INFO -       📊 Validation score: 0.8846
2025-08-11 06:06:15,585 - INFO -       📉 Score declined: Consider different approach
2025-08-11 06:06:15,585 - INFO - 
   🔄 RL Round 11/18
2025-08-11 06:06:15,585 - INFO -       🎯 Strategy: aggressive_transformation (explore)
2025-08-11 06:06:22,514 - INFO - [TRELLIS] GPU cache cleared: {'status': 'cache_cleared', 'available_memory_gb': 17.546870784}
2025-08-11 06:06:22,517 - INFO -       🔍 Validating...
2025-08-11 06:06:22,517 - INFO -       📝 Using optimized prompt for generation: 'a harp with intricately carved white strings made from polished alabaster and gold tuned pegs adorned with delicate, swirling patterns of filigree, front view, accurate, complete, white background...'
2025-08-11 06:06:22,517 - INFO -       🎯 Computing scores against original prompt: 'harp with white strings and gold tuning pegs...'
2025-08-11 06:07:58,405 - INFO -       📊 Validation score: 0.7252
2025-08-11 06:07:58,406 - INFO -       📉 Score declined: Consider different approach
2025-08-11 06:07:58,407 - INFO - 
   🔄 RL Round 12/18
2025-08-11 06:07:58,407 - INFO -       🎯 Strategy: contextual_scene_building (exploit)
2025-08-11 06:08:13,241 - WARNING - [TRELLIS] Exception clearing GPU cache: HTTPConnectionPool(host='localhost', port=8096): Read timed out. (read timeout=10)
2025-08-11 06:08:13,241 - INFO -       🔍 Validating...
2025-08-11 06:08:13,241 - INFO -       📝 Using optimized prompt for generation: 'a handcrafted harp with intricately carved white strings made from polished alabaster and gold tuned pegs adorned with delicate filigree patterns, front view, accurate, complete, white background...'
2025-08-11 06:08:13,241 - INFO -       🎯 Computing scores against original prompt: 'harp with white strings and gold tuning pegs...'
2025-08-11 06:10:08,208 - INFO -       📊 Validation score: 0.7687
2025-08-11 06:10:08,208 - INFO -       📈 Improvement detected: contextual_scene_building working better
2025-08-11 06:10:08,208 - INFO - 
   🔄 RL Round 13/18
2025-08-11 06:10:08,208 - INFO -       🔍 Explore performing better - increasing epsilon to 0.73
2025-08-11 06:10:08,209 - INFO -       🎯 Strategy: contextual_scene_building (exploit)
2025-08-11 06:10:14,853 - INFO - [TRELLIS] GPU cache cleared: {'status': 'cache_cleared', 'available_memory_gb': 17.546870784}
2025-08-11 06:10:14,854 - INFO -       🔍 Validating...
2025-08-11 06:10:14,855 - INFO -       📝 Using optimized prompt for generation: 'a handcrafted harp with intricately carved white strings made from polished alabaster and gold tuned pegs with subtle, delicate patterns etched into the neck, front view, accurate, complete, white background...'
2025-08-11 06:10:14,857 - INFO -       🎯 Computing scores against original prompt: 'harp with white strings and gold tuning pegs...'
2025-08-11 06:11:56,625 - INFO -       📊 Validation score: 0.4315
2025-08-11 06:11:56,626 - INFO -       📉 Score declined: Consider different approach
2025-08-11 06:11:56,626 - INFO -       🔍 Increasing exploration to 0.80
2025-08-11 06:11:56,627 - INFO - 
   🔄 RL Round 14/18
2025-08-11 06:11:56,627 - INFO -       🔍 Explore performing better - increasing epsilon to 0.80
2025-08-11 06:11:56,627 - INFO -       🎯 Strategy: contextual_scene_building (explore)
2025-08-11 06:12:01,967 - INFO - [TRELLIS] GPU cache cleared: {'status': 'cache_cleared', 'available_memory_gb': 17.546870784}
2025-08-11 06:12:01,968 - INFO -       🔍 Validating...
2025-08-11 06:12:01,971 - INFO -       📝 Using optimized prompt for generation: 'a handcrafted harp with intricately carved white strings made from polished alabaster and gold tuned pegs adorned with subtle, swirling patterns that evoke a sense of elegance, front view, accurate, complete, white background...'
2025-08-11 06:12:01,971 - INFO -       🎯 Computing scores against original prompt: 'harp with white strings and gold tuning pegs...'
2025-08-11 06:13:42,125 - INFO -       📊 Validation score: 0.6640
2025-08-11 06:13:42,126 - INFO -       📈 Improvement detected: contextual_scene_building working better
2025-08-11 06:13:42,126 - INFO - 
   🔄 RL Round 15/18
2025-08-11 06:13:42,126 - INFO -       🔍 Explore performing better - increasing epsilon to 0.80
2025-08-11 06:13:42,126 - INFO -       🎯 Strategy: contextual_scene_building (explore)
2025-08-11 06:13:47,762 - INFO - [TRELLIS] GPU cache cleared: {'status': 'cache_cleared', 'available_memory_gb': 17.546870784}
2025-08-11 06:13:47,765 - INFO -       🔍 Validating...
2025-08-11 06:13:47,765 - INFO -       📝 Using optimized prompt for generation: 'a handcrafted harp with intricately carved white strings made from polished alabaster and gold tuned pegs adorned with delicate, swirling patterns of mother-of-pearl, front view, accurate, complete, white background...'
2025-08-11 06:13:47,766 - INFO -       🎯 Computing scores against original prompt: 'harp with white strings and gold tuning pegs...'
2025-08-11 06:15:28,633 - INFO -       📊 Validation score: 0.7258
2025-08-11 06:15:28,633 - INFO -       📈 Improvement detected: contextual_scene_building working better
2025-08-11 06:15:28,633 - INFO - 
   🔄 RL Round 16/18
2025-08-11 06:15:28,633 - INFO -       🔍 Explore performing better - increasing epsilon to 0.80
2025-08-11 06:15:28,634 - INFO -       🎯 Strategy: conservative_enhancement (explore)
2025-08-11 06:15:36,985 - INFO - [TRELLIS] GPU cache cleared: {'status': 'cache_cleared', 'available_memory_gb': 17.546870784}
2025-08-11 06:15:36,988 - INFO -       🔍 Validating...
2025-08-11 06:15:36,989 - INFO -       📝 Using optimized prompt for generation: 'a harp with intricately carved white strings made from polished alabaster and gold tuned pegs adorned with delicate, swirling patterns of light that evoke the shimmering effect of moonlight on a summer's night, front view, accurate, complete, white background...'
2025-08-11 06:15:36,990 - INFO -       🎯 Computing scores against original prompt: 'harp with white strings and gold tuning pegs...'
2025-08-11 06:17:21,016 - INFO -       📊 Validation score: 0.8722
2025-08-11 06:17:21,016 - INFO -       📈 Improvement detected: conservative_enhancement working better
2025-08-11 06:17:21,016 - INFO - 
   🔄 RL Round 17/18
2025-08-11 06:17:21,017 - INFO -       🔍 Explore performing better - increasing epsilon to 0.80
2025-08-11 06:17:21,017 - INFO -       🎯 Strategy: conservative_enhancement (exploit)
2025-08-11 06:17:27,896 - INFO - [TRELLIS] GPU cache cleared: {'status': 'cache_cleared', 'available_memory_gb': 17.546870784}
2025-08-11 06:17:27,896 - INFO -       🔍 Validating...
2025-08-11 06:17:27,897 - INFO -       📝 Using optimized prompt for generation: 'a handcrafted harp with intricately carved white strings made from polished alabaster and gold tuned pegs adorned with subtle, swirling filigree details, front view, accurate, complete, white background...'
2025-08-11 06:17:27,898 - INFO -       🎯 Computing scores against original prompt: 'harp with white strings and gold tuning pegs...'
2025-08-11 06:19:15,626 - INFO -       📊 Validation score: 0.7441
2025-08-11 06:19:15,626 - INFO -       📉 Score declined: Consider different approach
2025-08-11 06:19:15,626 - INFO - 
   🔄 RL Round 18/18
2025-08-11 06:19:15,627 - INFO -       🎯 Strategy: conservative_enhancement (explore)
2025-08-11 06:19:24,674 - INFO - [TRELLIS] GPU cache cleared: {'status': 'cache_cleared', 'available_memory_gb': 17.546870784}
2025-08-11 06:19:24,674 - INFO -       🔍 Validating...
2025-08-11 06:19:24,675 - INFO -       📝 Using optimized prompt for generation: 'a harp with intricately carved white strings made from polished alabaster and gold tuning pegs adorned with delicate, swirling patterns that evoke a sense of elegance and refinement, front view, accurate, complete, white background...'
2025-08-11 06:19:24,681 - INFO -       🎯 Computing scores against original prompt: 'harp with white strings and gold tuning pegs...'
2025-08-11 06:21:14,678 - INFO -       📊 Validation score: 0.7546
2025-08-11 06:21:14,678 - INFO -       🔍 Explore performing better - stricter convergence threshold: 0.005
2025-08-11 06:21:14,769 - INFO - 
🎯 RL LOOP COMPLETE:
2025-08-11 06:21:14,773 - INFO -    Best prompt: a handcrafted harp with intricately carved white strings made from polished alabaster and gold tuned instruments adorned with delicate filigree patterns of silver leaves and subtle gemstone accents, front view, accurate, complete, white background
2025-08-11 06:21:14,773 - INFO -    Best score: 0.9090
2025-08-11 06:21:14,773 - INFO -    Rounds: 18
2025-08-11 06:21:14,773 - INFO -    Convergence: False
2025-08-11 06:21:14,774 - INFO -    Convergence reason: Not converged
2025-08-11 06:21:14,774 - INFO -    Exploration ratio: 66.7%
2025-08-11 06:21:14,774 - INFO -    Insights learned: 3
2025-08-11 06:21:14,774 - INFO -    Total time: 2012.73s
2025-08-11 06:21:14,775 - INFO - Prompt optimized in 18 rounds: 0.393 → 0.909 (+0.516)
2025-08-11 06:21:14,775 - INFO - ⏰ Max rounds reached
2025-08-11 06:21:14,783 - INFO - 
--- Episode 1, Prompt 8 (Total: 43) ---
2025-08-11 06:21:14,787 - INFO - Optimizing: 'purple tall robot with single arm'
2025-08-11 06:21:14,787 - INFO - 🔍 Checking server availability before optimization...
2025-08-11 06:21:14,804 - INFO - ✅ Server is available (status: completed)
2025-08-11 06:21:14,805 - INFO - 📝 Marked server as used at 1754893274.8050873
2025-08-11 06:21:14,805 - INFO - ✅ Server is available and marked as used
2025-08-11 06:21:18,073 - INFO - 🔄 Reproducibility optimization applied:
2025-08-11 06:21:18,073 - INFO -    Original: purple tall robot with single arm
2025-08-11 06:21:18,074 - INFO -    Optimized: wbgmsst, a sophisticated robot with precision-crafted angular lines and micro-scaled LED accents is depicted in a complete front view, accurately rendered on a white background.
2025-08-11 06:21:18,074 - INFO -    Similarity: 0.521
2025-08-11 06:21:18,075 - INFO -    Gold score: 0.9208
2025-08-11 06:21:18,077 - INFO -       🔧 Overriding endpoint: generate/baolei/
2025-08-11 06:21:18,078 - INFO -       🔧 Using endpoint: generate/baolei/
2025-08-11 06:21:18,091 - INFO - 
🔄 RL LOOP OPTIMIZATION: 'purple tall robot with single arm'
2025-08-11 06:21:18,091 - INFO -    Session: rl_session_1754893278_7293
2025-08-11 06:21:18,094 - INFO -    Max rounds: 18
2025-08-11 06:21:18,094 - INFO -    Min rounds before convergence: 5
2025-08-11 06:21:18,094 - INFO -    Target score: 0.99
2025-08-11 06:21:18,094 - INFO - 
   🔄 RL Round 1/18
2025-08-11 06:21:18,094 - INFO -       🎯 Strategy: conservative_enhancement (explore)
2025-08-11 06:21:23,243 - INFO - [TRELLIS] GPU cache cleared: {'status': 'cache_cleared', 'available_memory_gb': 17.546870784}
2025-08-11 06:21:23,244 - INFO -       🔍 Validating...
2025-08-11 06:21:23,245 - INFO -       📝 Using optimized prompt for generation: 'a slender purple robot with a distinctive, curved arm and intricate circuitry patterns on its metallic surface, front view, accurate, complete, white background...'
2025-08-11 06:21:23,245 - INFO -       🎯 Computing scores against original prompt: 'purple tall robot with single arm...'
2025-08-11 06:23:13,146 - INFO -       📊 Validation score: 0.9010
2025-08-11 06:23:13,147 - INFO -       🎯 New best score: 0.9010
2025-08-11 06:23:13,147 - INFO - 
   🔄 RL Round 2/18
2025-08-11 06:23:13,147 - INFO -       🎯 Strategy: aggressive_transformation (explore)
2025-08-11 06:23:19,418 - INFO - [TRELLIS] GPU cache cleared: {'status': 'cache_cleared', 'available_memory_gb': 17.546870784}
2025-08-11 06:23:19,419 - INFO -       🔍 Validating...
2025-08-11 06:23:19,420 - INFO -       📝 Using optimized prompt for generation: 'a slender purple robot with a single arm featuring an articulated joint and microscopic mechanisms visible under its transparent dome...'
2025-08-11 06:23:19,421 - INFO -       🎯 Computing scores against original prompt: 'purple tall robot with single arm...'
2025-08-11 06:25:08,497 - INFO -       📊 Validation score: 0.8912
2025-08-11 06:25:08,498 - INFO -       📉 Score declined: Consider different approach
2025-08-11 06:25:08,498 - INFO - 
   🔄 RL Round 3/18
2025-08-11 06:25:08,498 - INFO -       🔍 Explore performing better - increasing epsilon to 0.80
2025-08-11 06:25:08,498 - INFO -       🎯 Strategy: aggressive_transformation (explore)
2025-08-11 06:25:15,310 - INFO - [TRELLIS] GPU cache cleared: {'status': 'cache_cleared', 'available_memory_gb': 17.546870784}
2025-08-11 06:25:15,315 - INFO -       🔍 Validating...
2025-08-11 06:25:15,315 - INFO -       📝 Using optimized prompt for generation: 'a slender purple robot with an articulated joint and microscopic mechanisms within its single arm featuring intricate copper wiring and a subtle gradient effect on its metallic surface, front view, accurate, complete, white background...'
2025-08-11 06:25:15,315 - INFO -       🎯 Computing scores against original prompt: 'purple tall robot with single arm...'
2025-08-11 06:27:05,068 - INFO -       📊 Validation score: 0.7942
2025-08-11 06:27:05,069 - INFO -       📉 Score declined: Consider different approach
2025-08-11 06:27:05,069 - INFO - 
   🔄 RL Round 4/18
2025-08-11 06:27:05,069 - INFO -       🔍 Explore performing better - increasing epsilon to 0.80
2025-08-11 06:27:05,069 - INFO -       🎯 Strategy: technical_precision (explore)
2025-08-11 06:27:11,884 - INFO - [TRELLIS] GPU cache cleared: {'status': 'cache_cleared', 'available_memory_gb': 17.546870784}
2025-08-11 06:27:11,888 - INFO -       🔍 Validating...
2025-08-11 06:27:11,888 - INFO -       📝 Using optimized prompt for generation: 'a slender, metallic purple robot with an articulated single arm featuring a precisely calibrated joint mechanism and microscopic circuitry components embedded within its limb., front view, accurate, complete, white background...'
2025-08-11 06:27:11,888 - INFO -       🎯 Computing scores against original prompt: 'purple tall robot with single arm...'
2025-08-11 06:29:03,567 - INFO -       📊 Validation score: 0.8560
2025-08-11 06:29:03,568 - INFO -       📈 Improvement detected: technical_precision working better
2025-08-11 06:29:03,568 - INFO - 
   🔄 RL Round 5/18
2025-08-11 06:29:03,568 - INFO -       🔍 Explore performing better - increasing epsilon to 0.80
2025-08-11 06:29:03,568 - INFO -       🎯 Strategy: conservative_enhancement (exploit)
2025-08-11 06:29:17,860 - WARNING - [TRELLIS] Exception clearing GPU cache: HTTPConnectionPool(host='localhost', port=8096): Read timed out. (read timeout=10)
2025-08-11 06:29:17,860 - INFO -       🔍 Validating...
2025-08-11 06:29:17,860 - INFO -       📝 Using optimized prompt for generation: 'a slender purple robot with an articulated single arm featuring microscopic mechanisms, precision-crafted joints, and intricate circuitry patterns along its length, front view, accurate, complete, white background...'
2025-08-11 06:29:17,861 - INFO -       🎯 Computing scores against original prompt: 'purple tall robot with single arm...'
2025-08-11 06:31:28,596 - INFO -       📊 Validation score: 0.9188
2025-08-11 06:31:28,597 - INFO -       🎯 New best score: 0.9188
2025-08-11 06:31:28,597 - INFO -       📈 Improvement detected: conservative_enhancement working better
2025-08-11 06:31:28,597 - INFO - 
   🔄 RL Round 6/18
2025-08-11 06:31:28,598 - INFO -       🔍 Explore performing better - increasing epsilon to 0.80
2025-08-11 06:31:28,598 - INFO -       🎯 Strategy: hybrid_approach (explore)
2025-08-11 06:31:35,501 - INFO - [TRELLIS] GPU cache cleared: {'status': 'cache_cleared', 'available_memory_gb': 17.546870784}
2025-08-11 06:31:35,505 - INFO -       🔍 Validating...
2025-08-11 06:31:35,505 - INFO -       📝 Using optimized prompt for generation: 'a slender purple robot with an articulated single arm featuring microscopic mechanisms, precision-crafted joints, and a subtle gradient effect along its length, front view, accurate, complete, white background...'
2025-08-11 06:31:35,505 - INFO -       🎯 Computing scores against original prompt: 'purple tall robot with single arm...'
2025-08-11 06:33:31,573 - INFO -       📊 Validation score: 0.9003
2025-08-11 06:33:31,574 - INFO -       📉 Score declined: Consider different approach
2025-08-11 06:33:31,574 - INFO - 
   🔄 RL Round 7/18
2025-08-11 06:33:31,574 - INFO -       🔍 Explore performing better - increasing epsilon to 0.80
2025-08-11 06:33:31,574 - INFO -       🎯 Strategy: aggressive_transformation (explore)
2025-08-11 06:33:38,667 - INFO - [TRELLIS] GPU cache cleared: {'status': 'cache_cleared', 'available_memory_gb': 17.546870784}
2025-08-11 06:33:38,667 - INFO -       🔍 Validating...
2025-08-11 06:33:38,668 - INFO -       📝 Using optimized prompt for generation: 'a slender purple robot with an articulated single arm featuring microscopic mechanisms, precision-crafted joints, and a subtle texture that hints at its advanced materials, front view, accurate, complete, white background...'
2025-08-11 06:33:38,670 - INFO -       🎯 Computing scores against original prompt: 'purple tall robot with single arm...'
2025-08-11 06:35:34,150 - INFO -       📊 Validation score: 0.9161
2025-08-11 06:35:34,151 - INFO -       🔍 Explore performing better - stricter convergence threshold: 0.005
2025-08-11 06:35:34,151 - INFO -       📈 Improvement detected: aggressive_transformation working better
2025-08-11 06:35:34,151 - INFO - 
   🔄 RL Round 8/18
2025-08-11 06:35:34,152 - INFO -       🔍 Explore performing better - increasing epsilon to 0.80
2025-08-11 06:35:34,152 - INFO -       🎯 Strategy: technical_precision (explore)
2025-08-11 06:35:39,986 - INFO - [TRELLIS] GPU cache cleared: {'status': 'cache_cleared', 'available_memory_gb': 17.546870784}
2025-08-11 06:35:39,990 - INFO -       🔍 Validating...
2025-08-11 06:35:39,991 - INFO -       📝 Using optimized prompt for generation: 'a slender purple robot with an articulated single arm featuring a precisely calibrated joint system and microscopic mechanisms within its metallic surface, front view, accurate, complete, white background...'
2025-08-11 06:35:39,992 - INFO -       🎯 Computing scores against original prompt: 'purple tall robot with single arm...'
2025-08-11 06:37:25,679 - INFO -       📊 Validation score: 0.8979
2025-08-11 06:37:25,680 - INFO -       🔍 Explore performing better - stricter convergence threshold: 0.005
2025-08-11 06:37:25,680 - INFO -       📉 Score declined: Consider different approach
2025-08-11 06:37:25,680 - INFO - 
   🔄 RL Round 9/18
2025-08-11 06:37:25,680 - INFO -       🔍 Explore performing better - increasing epsilon to 0.80
2025-08-11 06:37:25,680 - INFO -       🎯 Strategy: hybrid_approach (explore)
2025-08-11 06:37:33,737 - INFO - [TRELLIS] GPU cache cleared: {'status': 'cache_cleared', 'available_memory_gb': 17.546870784}
2025-08-11 06:37:33,737 - INFO -       🔍 Validating...
2025-08-11 06:37:33,738 - INFO -       📝 Using optimized prompt for generation: 'a slender purple robot with a single arm featuring an articulated joint and intricate circuitry patterns on its metallic surface...'
2025-08-11 06:37:33,738 - INFO -       🎯 Computing scores against original prompt: 'purple tall robot with single arm...'
2025-08-11 06:39:13,784 - INFO -       📊 Validation score: 0.8711
2025-08-11 06:39:13,785 - INFO -       🔍 Explore performing better - stricter convergence threshold: 0.005
2025-08-11 06:39:13,785 - INFO -       📉 Score declined: Consider different approach
2025-08-11 06:39:13,785 - INFO - 
   🔄 RL Round 10/18
2025-08-11 06:39:13,785 - INFO -       🔍 Explore performing better - increasing epsilon to 0.80
2025-08-11 06:39:13,786 - INFO -       🎯 Strategy: hybrid_approach (explore)
2025-08-11 06:39:21,287 - INFO - [TRELLIS] GPU cache cleared: {'status': 'cache_cleared', 'available_memory_gb': 17.546870784}
2025-08-11 06:39:21,287 - INFO -       🔍 Validating...
2025-08-11 06:39:21,288 - INFO -       📝 Using optimized prompt for generation: 'a slender purple robot with an articulated single arm featuring a sleek, aerodynamic profile and subtle LED lighting along its length, front view, accurate, complete, white background...'
2025-08-11 06:39:21,288 - INFO -       🎯 Computing scores against original prompt: 'purple tall robot with single arm...'
2025-08-11 06:41:31,021 - INFO -       📊 Validation score: 0.8779
2025-08-11 06:41:31,022 - INFO -       🔍 Explore performing better - stricter convergence threshold: 0.005
2025-08-11 06:41:31,022 - INFO -       📈 Improvement detected: hybrid_approach working better
2025-08-11 06:41:31,023 - INFO - 
   🔄 RL Round 11/18
2025-08-11 06:41:31,025 - INFO -       🔍 Explore performing better - increasing epsilon to 0.80
2025-08-11 06:41:31,025 - INFO -       🎯 Strategy: hybrid_approach (explore)
2025-08-11 06:41:37,787 - INFO - [TRELLIS] GPU cache cleared: {'status': 'cache_cleared', 'available_memory_gb': 17.546870784}
2025-08-11 06:41:37,789 - INFO -       🔍 Validating...
2025-08-11 06:41:37,789 - INFO -       📝 Using optimized prompt for generation: 'a slender purple robot with a single arm featuring an articulated joint, precision-crafted gears, and microscopic mechanisms for enhanced dexterity and versatility...'
2025-08-11 06:41:37,789 - INFO -       🎯 Computing scores against original prompt: 'purple tall robot with single arm...'
2025-08-11 06:43:18,553 - INFO -       📊 Validation score: 0.8937
2025-08-11 06:43:18,553 - INFO -       🔍 Explore performing better - stricter convergence threshold: 0.005
2025-08-11 06:43:18,553 - INFO -       📈 Improvement detected: hybrid_approach working better
2025-08-11 06:43:18,553 - INFO - 
   🔄 RL Round 12/18
2025-08-11 06:43:18,554 - INFO -       🔍 Explore performing better - increasing epsilon to 0.80
2025-08-11 06:43:18,554 - INFO -       🎯 Strategy: conservative_enhancement (exploit)
2025-08-11 06:43:24,799 - INFO - [TRELLIS] GPU cache cleared: {'status': 'cache_cleared', 'available_memory_gb': 17.546870784}
2025-08-11 06:43:24,801 - INFO -       🔍 Validating...
2025-08-11 06:43:24,801 - INFO -       📝 Using optimized prompt for generation: 'a slender purple robot standing upright with a precisely articulated single arm featuring micro-adjustable joints, subtle texture patterns, and metallic sheen...'
2025-08-11 06:43:24,801 - INFO -       🎯 Computing scores against original prompt: 'purple tall robot with single arm...'
2025-08-11 06:45:16,124 - INFO -       📊 Validation score: 0.8825
2025-08-11 06:45:16,124 - INFO -       🔍 Explore performing better - stricter convergence threshold: 0.005
2025-08-11 06:45:16,124 - INFO -       📉 Score declined: Consider different approach
2025-08-11 06:45:16,125 - INFO - 
   🔄 RL Round 13/18
2025-08-11 06:45:16,125 - INFO -       🔍 Explore performing better - increasing epsilon to 0.80
2025-08-11 06:45:16,125 - INFO -       🎯 Strategy: conservative_enhancement (explore)
2025-08-11 06:45:22,676 - INFO - [TRELLIS] GPU cache cleared: {'status': 'cache_cleared', 'available_memory_gb': 17.546870784}
2025-08-11 06:45:22,680 - INFO -       🔍 Validating...
2025-08-11 06:45:22,680 - INFO -       📝 Using optimized prompt for generation: 'a slender purple robot with an articulated single arm featuring microscopic mechanisms, precision-crafted joints, and intricate circuitry patterns etched into its metallic surface, front view, accurate, complete, white background...'
2025-08-11 06:45:22,681 - INFO -       🎯 Computing scores against original prompt: 'purple tall robot with single arm...'
2025-08-11 06:47:18,249 - INFO -       📊 Validation score: 0.9025
2025-08-11 06:47:18,250 - INFO -       🔍 Explore performing better - stricter convergence threshold: 0.005
2025-08-11 06:47:18,250 - INFO -       📈 Improvement detected: conservative_enhancement working better
2025-08-11 06:47:18,250 - INFO - 
   🔄 RL Round 14/18
2025-08-11 06:47:18,250 - INFO -       🔍 Explore performing better - increasing epsilon to 0.80
2025-08-11 06:47:18,250 - INFO -       🎯 Strategy: conservative_enhancement (explore)
2025-08-11 06:47:26,400 - INFO - [TRELLIS] GPU cache cleared: {'status': 'cache_cleared', 'available_memory_gb': 17.546870784}
2025-08-11 06:47:26,400 - INFO -       🔍 Validating...
2025-08-11 06:47:26,400 - INFO -       📝 Using optimized prompt for generation: 'a slender purple robot with an articulated single arm featuring microscopic mechanisms, precision-crafted gears, and intricate circuitry patterns along its length, front view, accurate, complete, white background...'
2025-08-11 06:47:26,400 - INFO -       🎯 Computing scores against original prompt: 'purple tall robot with single arm...'
2025-08-11 06:49:22,973 - INFO -       📊 Validation score: 0.9095
2025-08-11 06:49:22,975 - INFO -       🔍 Explore performing better - stricter convergence threshold: 0.005
2025-08-11 06:49:22,981 - INFO -       📈 Improvement detected: conservative_enhancement working better
2025-08-11 06:49:22,981 - INFO - 
   🔄 RL Round 15/18
2025-08-11 06:49:22,981 - INFO -       🔍 Explore performing better - increasing epsilon to 0.80
2025-08-11 06:49:22,981 - INFO -       🎯 Strategy: conservative_enhancement (exploit)
2025-08-11 06:49:29,985 - INFO - [TRELLIS] GPU cache cleared: {'status': 'cache_cleared', 'available_memory_gb': 17.546870784}
2025-08-11 06:49:29,988 - INFO -       🔍 Validating...
2025-08-11 06:49:29,989 - INFO -       📝 Using optimized prompt for generation: 'a slender purple robot with a precisely articulated single arm featuring microscopic mechanisms and intricate circuitry patterns, front view, accurate, complete, white background...'
2025-08-11 06:49:29,990 - INFO -       🎯 Computing scores against original prompt: 'purple tall robot with single arm...'
2025-08-11 06:51:22,547 - INFO -       📊 Validation score: 0.8856
2025-08-11 06:51:22,547 - INFO -       🔍 Explore performing better - stricter convergence threshold: 0.005
2025-08-11 06:51:22,547 - INFO -       📉 Score declined: Consider different approach
2025-08-11 06:51:22,547 - INFO - 
   🔄 RL Round 16/18
2025-08-11 06:51:22,547 - INFO -       🔍 Explore performing better - increasing epsilon to 0.80
2025-08-11 06:51:22,547 - INFO -       🎯 Strategy: conservative_enhancement (exploit)
2025-08-11 06:51:36,796 - WARNING - [TRELLIS] Exception clearing GPU cache: HTTPConnectionPool(host='localhost', port=8096): Read timed out. (read timeout=10)
2025-08-11 06:51:36,797 - INFO -       🔍 Validating...
2025-08-11 06:51:36,797 - INFO -       📝 Using optimized prompt for generation: 'a slender purple robot with an articulated single arm featuring a precisely calibrated joint system and intricate circuitry patterns, front view, accurate, complete, white background...'
2025-08-11 06:51:36,797 - INFO -       🎯 Computing scores against original prompt: 'purple tall robot with single arm...'
2025-08-11 06:53:39,591 - INFO -       📊 Validation score: 0.8563
2025-08-11 06:53:39,591 - INFO -       🔍 Explore performing better - stricter convergence threshold: 0.005
2025-08-11 06:53:39,591 - INFO -       📉 Score declined: Consider different approach
2025-08-11 06:53:39,591 - INFO - 
   🔄 RL Round 17/18
2025-08-11 06:53:39,592 - INFO -       🎯 Strategy: conservative_enhancement (explore)
2025-08-11 06:53:46,138 - INFO - [TRELLIS] GPU cache cleared: {'status': 'cache_cleared', 'available_memory_gb': 17.546870784}
2025-08-11 06:53:46,139 - INFO -       🔍 Validating...
2025-08-11 06:53:46,139 - INFO -       📝 Using optimized prompt for generation: 'a slender purple robot with an articulated single arm featuring precisely calibrated gears, microscopic mechanisms, and intricate circuitry patterns, front view, accurate, complete, white background...'
2025-08-11 06:53:46,139 - INFO -       🎯 Computing scores against original prompt: 'purple tall robot with single arm...'
2025-08-11 06:55:44,903 - INFO -       📊 Validation score: 0.9229
2025-08-11 06:55:44,903 - INFO -       🎯 New best score: 0.9229
2025-08-11 06:55:44,904 - INFO -       🔍 Explore performing better - stricter convergence threshold: 0.005
2025-08-11 06:55:44,904 - INFO -       📈 Improvement detected: conservative_enhancement working better
2025-08-11 06:55:44,904 - INFO - 
   🔄 RL Round 18/18
2025-08-11 06:55:44,904 - INFO -       🎯 Strategy: aggressive_transformation (explore)
2025-08-11 06:55:53,377 - INFO - [TRELLIS] GPU cache cleared: {'status': 'cache_cleared', 'available_memory_gb': 17.546870784}
2025-08-11 06:55:53,380 - INFO -       🔍 Validating...
2025-08-11 06:55:53,381 - INFO -       📝 Using optimized prompt for generation: 'a slender purple robot with an articulated single arm featuring a precisely calibrated joint system, precision-crafted gears, and microscopic mechanisms integrated into its sleek metallic surface...'
2025-08-11 06:55:53,381 - INFO -       🎯 Computing scores against original prompt: 'purple tall robot with single arm...'
2025-08-11 06:57:46,102 - INFO -       📊 Validation score: 0.8950
2025-08-11 06:57:46,103 - INFO -       🔍 Explore performing better - stricter convergence threshold: 0.005
2025-08-11 06:57:46,182 - INFO - 
🎯 RL LOOP COMPLETE:
2025-08-11 06:57:46,182 - INFO -    Best prompt: a slender purple robot with an articulated single arm featuring precisely calibrated gears, microscopic mechanisms, and intricate circuitry patterns, front view, accurate, complete, white background
2025-08-11 06:57:46,183 - INFO -    Best score: 0.9229
2025-08-11 06:57:46,183 - INFO -    Rounds: 18
2025-08-11 06:57:46,183 - INFO -    Convergence: False
2025-08-11 06:57:46,184 - INFO -    Convergence reason: Not converged
2025-08-11 06:57:46,186 - INFO -    Exploration ratio: 77.8%
2025-08-11 06:57:46,186 - INFO -    Insights learned: 2
2025-08-11 06:57:46,186 - INFO -    Total time: 2188.01s
2025-08-11 06:57:46,186 - INFO - Prompt optimized in 18 rounds: 0.901 → 0.923 (+0.022)
2025-08-11 06:57:46,186 - INFO - ⏰ Max rounds reached
2025-08-11 06:57:46,195 - INFO - 
--- Episode 1, Prompt 9 (Total: 43) ---
2025-08-11 06:57:46,197 - INFO - Optimizing: 'shimmering gold violin with pearl inlay'
2025-08-11 06:57:46,198 - INFO - 🔍 Checking server availability before optimization...
2025-08-11 06:57:46,217 - INFO - ✅ Server is available (status: completed)
2025-08-11 06:57:46,221 - INFO - 📝 Marked server as used at 1754895466.22112
2025-08-11 06:57:46,221 - INFO - ✅ Server is available and marked as used
2025-08-11 06:57:46,230 - INFO - 🔄 Reproducibility optimization returned no result
2025-08-11 06:57:46,231 - INFO -       🔧 Overriding endpoint: generate/baolei/
2025-08-11 06:57:46,231 - INFO -       🔧 Using endpoint: generate/baolei/
2025-08-11 06:57:46,236 - INFO - 
🔄 RL LOOP OPTIMIZATION: 'shimmering gold violin with pearl inlay'
2025-08-11 06:57:46,236 - INFO -    Session: rl_session_1754895466_3247
2025-08-11 06:57:46,236 - INFO -    Max rounds: 18
2025-08-11 06:57:46,236 - INFO -    Min rounds before convergence: 5
2025-08-11 06:57:46,236 - INFO -    Target score: 0.99
2025-08-11 06:57:46,237 - INFO - 
   🔄 RL Round 1/18
2025-08-11 06:57:46,237 - INFO -       🎯 Strategy: artistic_elaboration (explore)
2025-08-11 06:57:52,857 - INFO - [TRELLIS] GPU cache cleared: {'status': 'cache_cleared', 'available_memory_gb': 17.546870784}
2025-08-11 06:57:52,857 - INFO -       🔍 Validating...
2025-08-11 06:57:52,857 - INFO -       📝 Using optimized prompt for generation: 'a slender, antique shimmering gold violin adorned with intricate pearl inlays that seem to dance across its surface like delicate stars on a clear night sky, front view, accurate, complete, white background...'
2025-08-11 06:57:52,857 - INFO -       🎯 Computing scores against original prompt: 'shimmering gold violin with pearl inlay...'
2025-08-11 07:00:30,749 - INFO -       📊 Validation score: 0.8884
2025-08-11 07:00:30,750 - INFO -       🎯 New best score: 0.8884
2025-08-11 07:00:30,750 - INFO - 
   🔄 RL Round 2/18
2025-08-11 07:00:30,750 - INFO -       🎯 Strategy: technical_precision (explore)
2025-08-11 07:00:37,045 - INFO - [TRELLIS] GPU cache cleared: {'status': 'cache_cleared', 'available_memory_gb': 17.000235008}
2025-08-11 07:00:37,048 - INFO -       🔍 Validating...
2025-08-11 07:00:37,048 - INFO -       📝 Using optimized prompt for generation: 'a slender, handcrafted shimmering gold violin with precision-cut pearl inlays that delicately accentuate its curves, front view, accurate, complete, white background...'
2025-08-11 07:00:37,048 - INFO -       🎯 Computing scores against original prompt: 'shimmering gold violin with pearl inlay...'
2025-08-11 07:02:28,387 - INFO -       📊 Validation score: 0.9211
2025-08-11 07:02:28,389 - INFO -       🎯 New best score: 0.9211
2025-08-11 07:02:28,389 - INFO -       📈 Improvement detected: technical_precision working better
2025-08-11 07:02:28,389 - INFO - 
   🔄 RL Round 3/18
2025-08-11 07:02:28,389 - INFO -       🎯 Strategy: aggressive_transformation (explore)
2025-08-11 07:02:34,985 - INFO - [TRELLIS] GPU cache cleared: {'status': 'cache_cleared', 'available_memory_gb': 17.546870784}
2025-08-11 07:02:34,986 - INFO -       🔍 Validating...
2025-08-11 07:02:34,987 - INFO -       📝 Using optimized prompt for generation: 'a slender, handcrafted shimmering gold violin with precision-cut pearl inlays that delicately accentuate the instrument's curves and contours...'
2025-08-11 07:02:34,988 - INFO -       🎯 Computing scores against original prompt: 'shimmering gold violin with pearl inlay...'
2025-08-11 07:04:28,323 - INFO -       📊 Validation score: 0.8773
2025-08-11 07:04:28,324 - INFO -       📉 Score declined: Consider different approach
2025-08-11 07:04:28,324 - INFO - 
   🔄 RL Round 4/18
2025-08-11 07:04:28,324 - INFO -       🎯 Strategy: aggressive_transformation (explore)
2025-08-11 07:04:34,045 - INFO - [TRELLIS] GPU cache cleared: {'status': 'cache_cleared', 'available_memory_gb': 17.546870784}
2025-08-11 07:04:34,045 - INFO -       🔍 Validating...
2025-08-11 07:04:34,048 - INFO -       📝 Using optimized prompt for generation: 'a slender, handcrafted shimmering gold violin with precision-cut pearl inlays that delicately accentuate its elegant curves...'
2025-08-11 07:04:34,048 - INFO -       🎯 Computing scores against original prompt: 'shimmering gold violin with pearl inlay...'
2025-08-11 07:06:22,587 - INFO -       📊 Validation score: 0.8984
2025-08-11 07:06:22,587 - INFO -       📈 Improvement detected: aggressive_transformation working better
2025-08-11 07:06:22,587 - INFO - 
   🔄 RL Round 5/18
2025-08-11 07:06:22,587 - INFO -       🎯 Strategy: conservative_enhancement (exploit)
2025-08-11 07:06:31,039 - INFO - [TRELLIS] GPU cache cleared: {'status': 'cache_cleared', 'available_memory_gb': 17.546870784}
2025-08-11 07:06:31,041 - INFO -       🔍 Validating...
2025-08-11 07:06:31,041 - INFO -       📝 Using optimized prompt for generation: 'a slender, handcrafted shimmering gold violin with precision-cut pearl inlays that delicately accentuate its curved body and intricate neck details, front view, accurate, complete, white background...'
2025-08-11 07:06:31,042 - INFO -       🎯 Computing scores against original prompt: 'shimmering gold violin with pearl inlay...'
2025-08-11 07:08:24,116 - INFO -       📊 Validation score: 0.9175
2025-08-11 07:08:24,117 - INFO -       🔍 Explore performing better - stricter convergence threshold: 0.005
2025-08-11 07:08:24,120 - INFO -       📈 Improvement detected: conservative_enhancement working better
2025-08-11 07:08:24,120 - INFO - 
   🔄 RL Round 6/18
2025-08-11 07:08:24,120 - INFO -       🎯 Strategy: artistic_elaboration (explore)
2025-08-11 07:08:29,826 - INFO - [TRELLIS] GPU cache cleared: {'status': 'cache_cleared', 'available_memory_gb': 17.546870784}
2025-08-11 07:08:29,826 - INFO -       🔍 Validating...
2025-08-11 07:08:29,827 - INFO -       📝 Using optimized prompt for generation: 'a slender, handcrafted shimmering gold violin with precision-cut pearl inlays that delicately accentuate the subtle warmth and luminosity of the gemstones, front view, accurate, complete, white background...'
2025-08-11 07:08:29,827 - INFO -       🎯 Computing scores against original prompt: 'shimmering gold violin with pearl inlay...'
2025-08-11 07:10:16,237 - INFO -       📊 Validation score: 0.8646
2025-08-11 07:10:16,238 - INFO -       🔍 Explore performing better - stricter convergence threshold: 0.005
2025-08-11 07:10:16,238 - INFO -       📉 Score declined: Consider different approach
2025-08-11 07:10:16,239 - INFO - 
   🔄 RL Round 7/18
2025-08-11 07:10:16,239 - INFO -       🎯 Strategy: technical_precision (explore)
2025-08-11 07:10:23,395 - INFO - [TRELLIS] GPU cache cleared: {'status': 'cache_cleared', 'available_memory_gb': 17.546870784}
2025-08-11 07:10:23,396 - INFO -       🔍 Validating...
2025-08-11 07:10:23,396 - INFO -       📝 Using optimized prompt for generation: 'a slender, handcrafted shimmering gold violin with precision-cut pearl inlays and delicate etching on the neck and scrollwork, front view, accurate, complete, white background...'
2025-08-11 07:10:23,396 - INFO -       🎯 Computing scores against original prompt: 'shimmering gold violin with pearl inlay...'
2025-08-11 07:12:11,642 - INFO -       📊 Validation score: 0.9204
2025-08-11 07:12:11,643 - INFO -       🔍 Explore performing better - stricter convergence threshold: 0.005
2025-08-11 07:12:11,643 - INFO -       📈 Improvement detected: technical_precision working better
2025-08-11 07:12:11,643 - INFO - 
   🔄 RL Round 8/18
2025-08-11 07:12:11,643 - INFO -       🎯 Strategy: artistic_elaboration (explore)
2025-08-11 07:12:16,956 - INFO - [TRELLIS] GPU cache cleared: {'status': 'cache_cleared', 'available_memory_gb': 17.546870784}
2025-08-11 07:12:16,957 - INFO -       🔍 Validating...
2025-08-11 07:12:16,957 - INFO -       📝 Using optimized prompt for generation: 'a slender, antique shimmering gold violin with precision-cut pearl inlays that delicately accentuate the golden hues and subtle gradations of luminosity within the inlay patterns, front view, accurate, complete, white background...'
2025-08-11 07:12:16,958 - INFO -       🎯 Computing scores against original prompt: 'shimmering gold violin with pearl inlay...'
2025-08-11 07:14:03,459 - INFO -       📊 Validation score: 0.8709
2025-08-11 07:14:03,463 - INFO -       🔍 Explore performing better - stricter convergence threshold: 0.005
2025-08-11 07:14:03,463 - INFO -       📉 Score declined: Consider different approach
2025-08-11 07:14:03,463 - INFO - 
   🔄 RL Round 9/18
2025-08-11 07:14:03,464 - INFO -       🎯 Strategy: conservative_enhancement (exploit)
2025-08-11 07:14:09,794 - INFO - [TRELLIS] GPU cache cleared: {'status': 'cache_cleared', 'available_memory_gb': 17.546870784}
2025-08-11 07:14:09,796 - INFO -       🔍 Validating...
2025-08-11 07:14:09,798 - INFO -       📝 Using optimized prompt for generation: 'a slender, antique shimmering gold violin with precision-cut pearl inlays that delicately accentuate the intricate patterns on its neck, front view, accurate, complete, white background...'
2025-08-11 07:14:09,798 - INFO -       🎯 Computing scores against original prompt: 'shimmering gold violin with pearl inlay...'
2025-08-11 07:15:48,225 - INFO -       📊 Validation score: 0.8727
2025-08-11 07:15:48,225 - INFO -       🔍 Explore performing better - stricter convergence threshold: 0.005
2025-08-11 07:15:48,225 - INFO -       ✅ Convergence achieved: Convergence threshold met (improvement: 0.002)
2025-08-11 07:15:48,294 - INFO - 
🎯 RL LOOP COMPLETE:
2025-08-11 07:15:48,295 - INFO -    Best prompt: a slender, handcrafted shimmering gold violin with precision-cut pearl inlays that delicately accentuate its curves, front view, accurate, complete, white background
2025-08-11 07:15:48,296 - INFO -    Best score: 0.9211
2025-08-11 07:15:48,296 - INFO -    Rounds: 9
2025-08-11 07:15:48,297 - INFO -    Convergence: True
2025-08-11 07:15:48,297 - INFO -    Convergence reason: Convergence threshold met (improvement: 0.002)
2025-08-11 07:15:48,298 - INFO -    Exploration ratio: 77.8%
2025-08-11 07:15:48,299 - INFO -    Insights learned: 2
2025-08-11 07:15:48,299 - INFO -    Total time: 1081.99s
2025-08-11 07:15:48,301 - INFO - Prompt optimized in 9 rounds: 0.888 → 0.921 (+0.033)
2025-08-11 07:15:48,301 - INFO - ✅ Target score achieved!
2025-08-11 07:15:48,314 - INFO - 
--- Episode 1, Prompt 10 (Total: 43) ---
2025-08-11 07:15:48,316 - INFO - Optimizing: 'turquoise necklace with large gemstone'
2025-08-11 07:15:48,317 - INFO - 🔍 Checking server availability before optimization...
2025-08-11 07:15:48,338 - INFO - ✅ Server is available (status: completed)
2025-08-11 07:15:48,338 - INFO - 📝 Marked server as used at 1754896548.3383853
2025-08-11 07:15:48,338 - INFO - ✅ Server is available and marked as used
2025-08-11 07:15:48,346 - INFO - 🔄 Reproducibility optimization returned no result
2025-08-11 07:15:48,346 - INFO -       🔧 Overriding endpoint: generate/baolei/
2025-08-11 07:15:48,346 - INFO -       🔧 Using endpoint: generate/baolei/
2025-08-11 07:15:48,350 - INFO - 
🔄 RL LOOP OPTIMIZATION: 'turquoise necklace with large gemstone'
2025-08-11 07:15:48,351 - INFO -    Session: rl_session_1754896548_6404
2025-08-11 07:15:48,351 - INFO -    Max rounds: 18
2025-08-11 07:15:48,351 - INFO -    Min rounds before convergence: 5
2025-08-11 07:15:48,354 - INFO -    Target score: 0.99
2025-08-11 07:15:48,354 - INFO - 
   🔄 RL Round 1/18
2025-08-11 07:15:48,354 - INFO -       🎯 Strategy: conservative_enhancement (exploit)
2025-08-11 07:15:55,307 - INFO - [TRELLIS] GPU cache cleared: {'status': 'cache_cleared', 'available_memory_gb': 17.546870784}
2025-08-11 07:15:55,308 - INFO -       🔍 Validating...
2025-08-11 07:15:55,308 - INFO -       📝 Using optimized prompt for generation: 'a luxurious turquoise necklace featuring a large, intricately carved gemstone surrounded by delicate filigree and set against a smooth, matte-finish chain, front view, accurate, complete, white background...'
2025-08-11 07:15:55,308 - INFO -       🎯 Computing scores against original prompt: 'turquoise necklace with large gemstone...'
2025-08-11 07:17:37,690 - INFO -       📊 Validation score: 0.8450
2025-08-11 07:17:37,690 - INFO -       🎯 New best score: 0.8450
2025-08-11 07:17:37,691 - INFO - 
   🔄 RL Round 2/18
2025-08-11 07:17:37,691 - INFO -       🎯 Strategy: conservative_enhancement (exploit)
2025-08-11 07:17:55,271 - WARNING - [TRELLIS] Exception clearing GPU cache: HTTPConnectionPool(host='localhost', port=8096): Read timed out. (read timeout=10)
2025-08-11 07:17:55,272 - INFO -       🔍 Validating...
2025-08-11 07:17:55,272 - INFO -       📝 Using optimized prompt for generation: 'a delicate turquoise necklace featuring a large, high-quality gemstone with intricate filigree details and subtle color gradations...'
2025-08-11 07:17:55,277 - INFO -       🎯 Computing scores against original prompt: 'turquoise necklace with large gemstone...'
2025-08-11 07:19:51,456 - INFO -       📊 Validation score: 0.7827
2025-08-11 07:19:51,457 - INFO -       📉 Score declined: Consider different approach
2025-08-11 07:19:51,457 - INFO - 
   🔄 RL Round 3/18
2025-08-11 07:19:51,457 - INFO -       🎯 Strategy: conservative_enhancement (exploit)
2025-08-11 07:19:57,692 - INFO - [TRELLIS] GPU cache cleared: {'status': 'cache_cleared', 'available_memory_gb': 17.134452736}
2025-08-11 07:19:57,693 - INFO -       🔍 Validating...
2025-08-11 07:19:57,693 - INFO -       📝 Using optimized prompt for generation: 'a richly textured turquoise necklace featuring a large, high-quality gemstone with subtle inclusions and delicate filigree details, front view, accurate, complete, white background...'
2025-08-11 07:19:57,693 - INFO -       🎯 Computing scores against original prompt: 'turquoise necklace with large gemstone...'
2025-08-11 07:21:37,918 - INFO -       📊 Validation score: 0.8479
2025-08-11 07:21:37,918 - INFO -       🎯 New best score: 0.8479
2025-08-11 07:21:37,919 - INFO -       📈 Improvement detected: conservative_enhancement working better
2025-08-11 07:21:37,919 - INFO - 
   🔄 RL Round 4/18
2025-08-11 07:21:37,919 - INFO -       🎯 Strategy: artistic_elaboration (explore)
2025-08-11 07:21:42,839 - INFO - [TRELLIS] GPU cache cleared: {'status': 'cache_cleared', 'available_memory_gb': 17.134452736}
2025-08-11 07:21:42,840 - INFO -       🔍 Validating...
2025-08-11 07:21:42,841 - INFO -       📝 Using optimized prompt for generation: 'a slender turquoise necklace featuring a large, high-quality gemstone with expertly polished facets and subtle inclusions that refract light in a mesmerizing dance...'
2025-08-11 07:21:42,842 - INFO -       🎯 Computing scores against original prompt: 'turquoise necklace with large gemstone...'
2025-08-11 07:23:44,585 - INFO -       📊 Validation score: 0.8466
2025-08-11 07:23:44,586 - INFO -       📉 Score declined: Consider different approach
2025-08-11 07:23:44,586 - INFO - 
   🔄 RL Round 5/18
2025-08-11 07:23:44,586 - INFO -       🎯 Strategy: conservative_enhancement (exploit)
2025-08-11 07:23:51,759 - INFO - [TRELLIS] GPU cache cleared: {'status': 'cache_cleared', 'available_memory_gb': 17.134452736}
2025-08-11 07:23:51,759 - INFO -       🔍 Validating...
2025-08-11 07:23:51,760 - INFO -       📝 Using optimized prompt for generation: 'a slender turquoise necklace featuring an exceptionally large, high-quality gemstone with expertly polished facets and delicate filigree details...'
2025-08-11 07:23:51,763 - INFO -       🎯 Computing scores against original prompt: 'turquoise necklace with large gemstone...'
2025-08-11 07:25:43,158 - INFO -       📊 Validation score: 0.8571
2025-08-11 07:25:43,159 - INFO -       🎯 New best score: 0.8571
2025-08-11 07:25:43,159 - INFO -       📈 Improvement detected: conservative_enhancement working better
2025-08-11 07:25:43,160 - INFO - 
   🔄 RL Round 6/18
2025-08-11 07:25:43,160 - INFO -       🎯 Strategy: conservative_enhancement (exploit)
2025-08-11 07:25:50,146 - INFO - [TRELLIS] GPU cache cleared: {'status': 'cache_cleared', 'available_memory_gb': 17.134452736}
2025-08-11 07:25:50,148 - INFO -       🔍 Validating...
2025-08-11 07:25:50,148 - INFO -       📝 Using optimized prompt for generation: 'a slender turquoise necklace featuring an exceptionally large, high-quality gemstone with expertly polished facets, delicate filigree details, and a subtle gradient of blue hues that gradate from sky blue to teal....'
2025-08-11 07:25:50,148 - INFO -       🎯 Computing scores against original prompt: 'turquoise necklace with large gemstone...'
2025-08-11 07:27:46,409 - INFO -       📊 Validation score: 0.8126
2025-08-11 07:27:46,410 - INFO -       📉 Score declined: Consider different approach
2025-08-11 07:27:46,410 - INFO - 
   🔄 RL Round 7/18
2025-08-11 07:27:46,411 - INFO -       🔍 Explore performing better - increasing epsilon to 0.80
2025-08-11 07:27:46,411 - INFO -       🎯 Strategy: artistic_elaboration (explore)
2025-08-11 07:27:52,384 - INFO - [TRELLIS] GPU cache cleared: {'status': 'cache_cleared', 'available_memory_gb': 17.134452736}
2025-08-11 07:27:52,386 - INFO -       🔍 Validating...
2025-08-11 07:27:52,386 - INFO -       📝 Using optimized prompt for generation: 'a slender turquoise necklace featuring a high-quality, exceptionally large gemstone with subtle inclusions and delicate filigree details...'
2025-08-11 07:27:52,387 - INFO -       🎯 Computing scores against original prompt: 'turquoise necklace with large gemstone...'
2025-08-11 07:30:38,195 - INFO -       📊 Validation score: 0.8030
2025-08-11 07:30:38,196 - INFO -       📉 Score declined: Consider different approach
2025-08-11 07:30:38,196 - INFO - 
   🔄 RL Round 8/18
2025-08-11 07:30:38,197 - INFO -       🎯 Strategy: conservative_enhancement (exploit)
2025-08-11 07:30:45,841 - INFO - [TRELLIS] GPU cache cleared: {'status': 'cache_cleared', 'available_memory_gb': 13.860798464}
2025-08-11 07:30:45,841 - INFO -       🔍 Validating...
2025-08-11 07:30:45,842 - INFO -       📝 Using optimized prompt for generation: 'a luxurious turquoise necklace featuring an exceptionally large, high-quality gemstone with subtle inclusions and expertly polished facets, front view, accurate, complete, white background...'
2025-08-11 07:30:45,842 - INFO -       🎯 Computing scores against original prompt: 'turquoise necklace with large gemstone...'
2025-08-11 07:32:28,283 - INFO -       📊 Validation score: 0.8505
2025-08-11 07:32:28,284 - INFO -       📈 Improvement detected: conservative_enhancement working better
2025-08-11 07:32:28,284 - INFO - 
   🔄 RL Round 9/18
2025-08-11 07:32:28,284 - INFO -       🎯 Strategy: artistic_elaboration (explore)
2025-08-11 07:32:33,991 - INFO - [TRELLIS] GPU cache cleared: {'status': 'cache_cleared', 'available_memory_gb': 17.134452736}
2025-08-11 07:32:33,994 - INFO -       🔍 Validating...
2025-08-11 07:32:33,994 - INFO -       📝 Using optimized prompt for generation: 'a slender turquoise necklace featuring an exceptionally large, high-quality gemstone with delicate, expertly faceted facets that refract light and showcase its vibrant blue hue, front view, accurate, complete, white background...'
2025-08-11 07:32:33,994 - INFO -       🎯 Computing scores against original prompt: 'turquoise necklace with large gemstone...'
2025-08-11 07:34:19,975 - INFO -       📊 Validation score: 0.7307
2025-08-11 07:34:19,976 - INFO -       📉 Score declined: Consider different approach
2025-08-11 07:34:19,976 - INFO - 
   🔄 RL Round 10/18
2025-08-11 07:34:19,976 - INFO -       🎯 Strategy: artistic_elaboration (explore)
2025-08-11 07:34:27,140 - INFO - [TRELLIS] GPU cache cleared: {'status': 'cache_cleared', 'available_memory_gb': 17.134452736}
2025-08-11 07:34:27,141 - INFO -       🔍 Validating...
2025-08-11 07:34:27,142 - INFO -       📝 Using optimized prompt for generation: 'a slender turquoise necklace featuring an exceptionally large, high-quality gemstone with delicate, filigree patterns and subtle inclusions that catch the light, front view, accurate, complete, white background...'
2025-08-11 07:34:27,143 - INFO -       🎯 Computing scores against original prompt: 'turquoise necklace with large gemstone...'
2025-08-11 07:36:15,934 - INFO -       📊 Validation score: 0.8600
2025-08-11 07:36:15,934 - INFO -       🎯 New best score: 0.8600
2025-08-11 07:36:15,935 - INFO -       📈 Improvement detected: artistic_elaboration working better
2025-08-11 07:36:15,935 - INFO - 
   🔄 RL Round 11/18
2025-08-11 07:36:15,935 - INFO -       🎯 Strategy: conservative_enhancement (explore)
2025-08-11 07:36:22,272 - INFO - [TRELLIS] GPU cache cleared: {'status': 'cache_cleared', 'available_memory_gb': 17.134452736}
2025-08-11 07:36:22,273 - INFO -       🔍 Validating...
2025-08-11 07:36:22,273 - INFO -       📝 Using optimized prompt for generation: 'a slender turquoise necklace featuring an exceptionally large, high-quality gemstone with expertly polished facets and delicate, inlaid patterns that catch the light with subtle iridescence, front view, accurate, complete, white background...'
2025-08-11 07:36:22,274 - INFO -       🎯 Computing scores against original prompt: 'turquoise necklace with large gemstone...'
2025-08-11 07:38:03,540 - INFO -       📊 Validation score: 0.8526
2025-08-11 07:38:03,540 - INFO -       ✅ Convergence achieved: Convergence threshold met (improvement: -0.007)
2025-08-11 07:38:03,606 - INFO - 
🎯 RL LOOP COMPLETE:
2025-08-11 07:38:03,608 - INFO -    Best prompt: a slender turquoise necklace featuring an exceptionally large, high-quality gemstone with delicate, filigree patterns and subtle inclusions that catch the light, front view, accurate, complete, white background
2025-08-11 07:38:03,608 - INFO -    Best score: 0.8600
2025-08-11 07:38:03,608 - INFO -    Rounds: 11
2025-08-11 07:38:03,608 - INFO -    Convergence: True
2025-08-11 07:38:03,608 - INFO -    Convergence reason: Convergence threshold met (improvement: -0.007)
2025-08-11 07:38:03,609 - INFO -    Exploration ratio: 45.5%
2025-08-11 07:38:03,610 - INFO -    Insights learned: 3
2025-08-11 07:38:03,610 - INFO -    Total time: 1335.19s
2025-08-11 07:38:03,610 - INFO - Prompt optimized in 11 rounds: 0.845 → 0.860 (+0.015)
2025-08-11 07:38:03,611 - INFO - ✅ Target score achieved!
2025-08-11 07:38:03,621 - INFO - 
--- Episode 1, Prompt 11 (Total: 43) ---
2025-08-11 07:38:03,622 - INFO - Optimizing: 'traditional wooden staff adorned with runes'
2025-08-11 07:38:03,625 - INFO - 🔍 Checking server availability before optimization...
2025-08-11 07:38:03,637 - INFO - ✅ Server is available (status: completed)
2025-08-11 07:38:03,638 - INFO - 📝 Marked server as used at 1754897883.6380427
2025-08-11 07:38:03,638 - INFO - ✅ Server is available and marked as used
2025-08-11 07:38:07,343 - INFO - 🔄 Reproducibility optimization applied:
2025-08-11 07:38:07,343 - INFO -    Original: traditional wooden staff adorned with runes
2025-08-11 07:38:07,343 - INFO -    Optimized: wbgmsst, a warm and golden-hued traditional staff with intricately woven material, adorned with hand-tied fringes and delicate lace trim, featuring subtle texture variation along the edges and subdued runes, subtly sheen to capture the softest light, white background.
2025-08-11 07:38:07,343 - INFO -    Similarity: 0.512
2025-08-11 07:38:07,343 - INFO -    Gold score: 0.8576
2025-08-11 07:38:07,343 - INFO -       🔧 Overriding endpoint: generate/baolei/
2025-08-11 07:38:07,343 - INFO -       🔧 Using endpoint: generate/baolei/
2025-08-11 07:38:07,361 - INFO - 
🔄 RL LOOP OPTIMIZATION: 'traditional wooden staff adorned with runes'
2025-08-11 07:38:07,361 - INFO -    Session: rl_session_1754897887_6140
2025-08-11 07:38:07,362 - INFO -    Max rounds: 18
2025-08-11 07:38:07,362 - INFO -    Min rounds before convergence: 5
2025-08-11 07:38:07,362 - INFO -    Target score: 0.99
2025-08-11 07:38:07,362 - INFO - 
   🔄 RL Round 1/18
2025-08-11 07:38:07,362 - INFO -       🎯 Strategy: technical_precision (explore)
2025-08-11 07:38:13,564 - INFO - [TRELLIS] GPU cache cleared: {'status': 'cache_cleared', 'available_memory_gb': 17.134452736}
2025-08-11 07:38:13,565 - INFO -       🔍 Validating...
2025-08-11 07:38:13,565 - INFO -       📝 Using optimized prompt for generation: 'a beautifully crafted traditional wooden staff adorned with intricate silver runes on its surface and wrapped in a woven leather strap, front view, accurate, complete, white background...'
2025-08-11 07:38:13,565 - INFO -       🎯 Computing scores against original prompt: 'traditional wooden staff adorned with runes...'
2025-08-11 07:40:07,108 - INFO -       📊 Validation score: 0.8964
2025-08-11 07:40:07,109 - INFO -       🎯 New best score: 0.8964
2025-08-11 07:40:07,109 - INFO - 
   🔄 RL Round 2/18
2025-08-11 07:40:07,109 - INFO -       🎯 Strategy: technical_precision (explore)
2025-08-11 07:40:21,586 - WARNING - [TRELLIS] Exception clearing GPU cache: HTTPConnectionPool(host='localhost', port=8096): Read timed out. (read timeout=10)
2025-08-11 07:40:21,591 - INFO -       🔍 Validating...
2025-08-11 07:40:21,592 - INFO -       📝 Using optimized prompt for generation: 'a beautifully crafted traditional wooden staff adorned with intricate silver runes on its surface, featuring a subtle gradient of silver hues that catch the light elegantly, front view, accurate, complete, white background...'
2025-08-11 07:40:21,593 - INFO -       🎯 Computing scores against original prompt: 'traditional wooden staff adorned with runes...'
2025-08-11 07:42:22,130 - INFO -       📊 Validation score: 0.9244
2025-08-11 07:42:22,130 - INFO -       🎯 New best score: 0.9244
2025-08-11 07:42:22,131 - INFO -       📈 Improvement detected: technical_precision working better
2025-08-11 07:42:22,131 - INFO - 
   🔄 RL Round 3/18
2025-08-11 07:42:22,131 - INFO -       🎯 Strategy: contextual_scene_building (explore)
2025-08-11 07:42:28,840 - INFO - [TRELLIS] GPU cache cleared: {'status': 'cache_cleared', 'available_memory_gb': 17.134452736}
2025-08-11 07:42:28,840 - INFO -       🔍 Validating...
2025-08-11 07:42:28,841 - INFO -       📝 Using optimized prompt for generation: 'a beautifully crafted traditional wooden staff adorned with intricately etched silver runes on its surface, resting against a weathered stone pedestal in a mystical forest filled with twisted tree roots and soft, filtered moonlight, front view, accurate, complete, white background...'
2025-08-11 07:42:28,842 - INFO -       🎯 Computing scores against original prompt: 'traditional wooden staff adorned with runes...'
2025-08-11 07:44:24,350 - INFO -       📊 Validation score: 0.8264
2025-08-11 07:44:24,351 - INFO -       📉 Score declined: Consider different approach
2025-08-11 07:44:24,351 - INFO - 
   🔄 RL Round 4/18
2025-08-11 07:44:24,351 - INFO -       🎯 Strategy: hybrid_approach (explore)
2025-08-11 07:44:32,486 - INFO - [TRELLIS] GPU cache cleared: {'status': 'cache_cleared', 'available_memory_gb': 17.134452736}
2025-08-11 07:44:32,490 - INFO -       🔍 Validating...
2025-08-11 07:44:32,490 - INFO -       📝 Using optimized prompt for generation: 'a beautifully crafted traditional wooden staff adorned with intricately carved silver runes and subtle patina...'
2025-08-11 07:44:32,490 - INFO -       🎯 Computing scores against original prompt: 'traditional wooden staff adorned with runes...'
2025-08-11 07:46:13,424 - INFO -       📊 Validation score: 0.8965
2025-08-11 07:46:13,425 - INFO -       📈 Improvement detected: hybrid_approach working better
2025-08-11 07:46:13,425 - INFO - 
   🔄 RL Round 5/18
2025-08-11 07:46:13,425 - INFO -       🎯 Strategy: aggressive_transformation (explore)
2025-08-11 07:46:20,700 - INFO - [TRELLIS] GPU cache cleared: {'status': 'cache_cleared', 'available_memory_gb': 17.134452736}
2025-08-11 07:46:20,701 - INFO -       🔍 Validating...
2025-08-11 07:46:20,701 - INFO -       📝 Using optimized prompt for generation: 'a beautifully crafted traditional wooden staff adorned with intricately carved silver runes on its surface, subtly weathered to reveal a warm patina and delicate wood grain, front view, accurate, complete, white background...'
2025-08-11 07:46:20,701 - INFO -       🎯 Computing scores against original prompt: 'traditional wooden staff adorned with runes...'
2025-08-11 07:48:12,602 - INFO -       📊 Validation score: 0.8756
2025-08-11 07:48:12,602 - INFO -       📉 Score declined: Consider different approach
2025-08-11 07:48:12,603 - INFO - 
   🔄 RL Round 6/18
2025-08-11 07:48:12,603 - INFO -       🔍 Explore performing better - increasing epsilon to 0.80
2025-08-11 07:48:12,603 - INFO -       🎯 Strategy: conservative_enhancement (exploit)
2025-08-11 07:48:17,746 - INFO - [TRELLIS] GPU cache cleared: {'status': 'cache_cleared', 'available_memory_gb': 17.134452736}
2025-08-11 07:48:17,747 - INFO -       🔍 Validating...
2025-08-11 07:48:17,747 - INFO -       📝 Using optimized prompt for generation: 'a beautifully crafted traditional wooden staff adorned with intricately carved silver runes along its length...'
2025-08-11 07:48:17,747 - INFO -       🎯 Computing scores against original prompt: 'traditional wooden staff adorned with runes...'
2025-08-11 07:50:09,212 - INFO -       📊 Validation score: 0.9160
2025-08-11 07:50:09,213 - INFO -       📈 Improvement detected: conservative_enhancement working better
2025-08-11 07:50:09,213 - INFO - 
   🔄 RL Round 7/18
2025-08-11 07:50:09,213 - INFO -       🎯 Strategy: aggressive_transformation (explore)
2025-08-11 07:50:16,183 - INFO - [TRELLIS] GPU cache cleared: {'status': 'cache_cleared', 'available_memory_gb': 17.546870784}
2025-08-11 07:50:16,187 - INFO -       🔍 Validating...
2025-08-11 07:50:16,187 - INFO -       📝 Using optimized prompt for generation: 'a beautifully crafted traditional wooden staff adorned with intricately carved silver runes and subtle engravings along its length, featuring a delicate silver buckle at its base, front view, accurate, complete, white background...'
2025-08-11 07:50:16,187 - INFO -       🎯 Computing scores against original prompt: 'traditional wooden staff adorned with runes...'
2025-08-11 07:52:01,068 - INFO -       📊 Validation score: 0.7729
2025-08-11 07:52:01,069 - INFO -       📉 Score declined: Consider different approach
2025-08-11 07:52:01,069 - INFO - 
   🔄 RL Round 8/18
2025-08-11 07:52:01,069 - INFO -       🎯 Strategy: conservative_enhancement (exploit)
2025-08-11 07:52:10,023 - INFO - [TRELLIS] GPU cache cleared: {'status': 'cache_cleared', 'available_memory_gb': 17.546870784}
2025-08-11 07:52:10,027 - INFO -       🔍 Validating...
2025-08-11 07:52:10,029 - INFO -       📝 Using optimized prompt for generation: 'a beautifully crafted traditional wooden staff adorned with intricately etched silver runes that seem to shimmer in the light, surrounded by a delicate border of intertwined mystical symbols and subtle patterns, front view, accurate, complete, white background...'
2025-08-11 07:52:10,031 - INFO -       🎯 Computing scores against original prompt: 'traditional wooden staff adorned with runes...'
2025-08-11 07:53:55,558 - INFO -       📊 Validation score: 0.7428
2025-08-11 07:53:55,559 - INFO -       📉 Score declined: Consider different approach
2025-08-11 07:53:55,560 - INFO - 
   🔄 RL Round 9/18
2025-08-11 07:53:55,560 - INFO -       🎯 Strategy: aggressive_transformation (explore)
2025-08-11 07:54:10,953 - WARNING - [TRELLIS] Exception clearing GPU cache: HTTPConnectionPool(host='localhost', port=8096): Read timed out. (read timeout=10)
2025-08-11 07:54:10,953 - INFO -       🔍 Validating...
2025-08-11 07:54:10,953 - INFO -       📝 Using optimized prompt for generation: 'a beautifully crafted traditional wooden staff adorned with intricately carved silver runes that have been worn smooth by years of handling, its surface bearing subtle hints of patina and wear, front view, accurate, complete, white background...'
2025-08-11 07:54:10,953 - INFO -       🎯 Computing scores against original prompt: 'traditional wooden staff adorned with runes...'
2025-08-11 07:56:10,275 - INFO -       📊 Validation score: 0.8767
2025-08-11 07:56:10,276 - INFO -       📈 Improvement detected: aggressive_transformation working better
2025-08-11 07:56:10,276 - INFO - 
   🔄 RL Round 10/18
2025-08-11 07:56:10,276 - INFO -       🎯 Strategy: conservative_enhancement (explore)
2025-08-11 07:56:17,252 - INFO - [TRELLIS] GPU cache cleared: {'status': 'cache_cleared', 'available_memory_gb': 15.427371008}
2025-08-11 07:56:17,253 - INFO -       🔍 Validating...
2025-08-11 07:56:17,253 - INFO -       📝 Using optimized prompt for generation: 'a traditional wooden staff adorned with intricate silver runes etched onto its surface, front view, accurate, complete, white background...'
2025-08-11 07:56:17,254 - INFO -       🎯 Computing scores against original prompt: 'traditional wooden staff adorned with runes...'
2025-08-11 07:58:01,350 - INFO -       📊 Validation score: -0.0116
2025-08-11 07:58:01,351 - INFO -       📉 Score declined: Consider different approach
2025-08-11 07:58:01,351 - INFO -       🔍 Increasing exploration to 0.80
2025-08-11 07:58:01,351 - INFO - 
   🔄 RL Round 11/18
2025-08-11 07:58:01,351 - INFO -       🎯 Strategy: conservative_enhancement (explore)
2025-08-11 07:58:08,277 - INFO - [TRELLIS] GPU cache cleared: {'status': 'cache_cleared', 'available_memory_gb': 17.134452736}
2025-08-11 07:58:08,277 - INFO -       🔍 Validating...
2025-08-11 07:58:08,278 - INFO -       📝 Using optimized prompt for generation: 'a beautifully crafted traditional wooden staff adorned with intricately carved silver runes and ornate golden accents on its surface, front view, accurate, complete, white background...'
2025-08-11 07:58:08,278 - INFO -       🎯 Computing scores against original prompt: 'traditional wooden staff adorned with runes...'
2025-08-11 07:59:54,119 - INFO -       📊 Validation score: 0.8809
2025-08-11 07:59:54,120 - INFO -       📈 Improvement detected: conservative_enhancement working better
2025-08-11 07:59:54,120 - INFO - 
   🔄 RL Round 12/18
2025-08-11 07:59:54,121 - INFO -       🎯 Strategy: contextual_scene_building (explore)
2025-08-11 08:00:01,306 - INFO - [TRELLIS] GPU cache cleared: {'status': 'cache_cleared', 'available_memory_gb': 17.546870784}
2025-08-11 08:00:01,306 - INFO -       🔍 Validating...
2025-08-11 08:00:01,306 - INFO -       📝 Using optimized prompt for generation: 'a beautifully crafted traditional wooden staff adorned with intricate silver runes that have a soft, velvety texture and subtle patina, worn from years of handling by skilled craftsmen, front view, accurate, complete, white background...'
2025-08-11 08:00:01,307 - INFO -       🎯 Computing scores against original prompt: 'traditional wooden staff adorned with runes...'
2025-08-11 08:02:09,560 - INFO -       📊 Validation score: 0.9275
2025-08-11 08:02:09,560 - INFO -       🎯 New best score: 0.9275
2025-08-11 08:02:09,561 - INFO -       📈 Improvement detected: contextual_scene_building working better
2025-08-11 08:02:09,562 - INFO - 
   🔄 RL Round 13/18
2025-08-11 08:02:09,562 - INFO -       🎯 Strategy: hybrid_approach (explore)
2025-08-11 08:02:16,800 - INFO - [TRELLIS] GPU cache cleared: {'status': 'cache_cleared', 'available_memory_gb': 17.546870784}
2025-08-11 08:02:16,800 - INFO -       🔍 Validating...
2025-08-11 08:02:16,801 - INFO -       📝 Using optimized prompt for generation: 'a beautifully crafted traditional wooden staff adorned with intricately carved silver runes along its length, featuring a subtle curve to its handle and a delicate silver clasp at the top, front view, accurate, complete, white background...'
2025-08-11 08:02:16,801 - INFO -       🎯 Computing scores against original prompt: 'traditional wooden staff adorned with runes...'
2025-08-11 08:04:04,781 - WARNING -    🔧 Score 0.0 - clearing CUDA cache
2025-08-11 08:04:04,786 - INFO -       📊 Validation score: 0.0000
2025-08-11 08:04:04,786 - INFO - 
   🔄 RL Round 14/18
2025-08-11 08:04:04,787 - INFO -       🎯 Strategy: hybrid_approach (explore)
2025-08-11 08:04:11,708 - INFO - [TRELLIS] GPU cache cleared: {'status': 'cache_cleared', 'available_memory_gb': 17.546870784}
2025-08-11 08:04:11,709 - INFO -       🔍 Validating...
2025-08-11 08:04:11,709 - INFO -       📝 Using optimized prompt for generation: 'a beautifully crafted traditional wooden staff adorned with intricately carved silver runes along its length, exuding a sense of timeless elegance, front view, accurate, complete, white background...'
2025-08-11 08:04:11,710 - INFO -       🎯 Computing scores against original prompt: 'traditional wooden staff adorned with runes...'
2025-08-11 08:06:00,429 - INFO -       📊 Validation score: 0.9240
2025-08-11 08:06:00,429 - INFO - 
   🔄 RL Round 15/18
2025-08-11 08:06:00,430 - INFO -       🎯 Strategy: technical_precision (exploit)
2025-08-11 08:06:06,829 - INFO - [TRELLIS] GPU cache cleared: {'status': 'cache_cleared', 'available_memory_gb': 17.546870784}
2025-08-11 08:06:06,833 - INFO -       🔍 Validating...
2025-08-11 08:06:06,833 - INFO -       📝 Using optimized prompt for generation: 'a beautifully crafted traditional wooden staff adorned with intricately carved silver runes on its surface, boasting a subtle patina and ornate metalwork along the staff's length, front view, accurate, complete, white background...'
2025-08-11 08:06:06,834 - INFO -       🎯 Computing scores against original prompt: 'traditional wooden staff adorned with runes...'
2025-08-11 08:08:03,613 - INFO -       📊 Validation score: 0.8692
2025-08-11 08:08:03,614 - INFO -       📉 Score declined: Consider different approach
2025-08-11 08:08:03,614 - INFO - 
   🔄 RL Round 16/18
2025-08-11 08:08:03,615 - INFO -       🎯 Strategy: technical_precision (explore)
2025-08-11 08:08:16,603 - INFO - [TRELLIS] GPU cache cleared: {'status': 'cache_cleared', 'available_memory_gb': 17.546870784}
2025-08-11 08:08:16,606 - INFO -       🔍 Validating...
2025-08-11 08:08:16,606 - INFO -       📝 Using optimized prompt for generation: 'a beautifully crafted traditional wooden staff adorned with intricately carved silver runes along its length, featuring a subtle patina from years of use and a gentle curve to its handle...'
2025-08-11 08:08:16,607 - INFO -       🎯 Computing scores against original prompt: 'traditional wooden staff adorned with runes...'
2025-08-11 08:10:14,290 - INFO -       📊 Validation score: 0.9334
2025-08-11 08:10:14,290 - INFO -       🎯 New best score: 0.9334
2025-08-11 08:10:14,291 - INFO -       📈 Improvement detected: technical_precision working better
2025-08-11 08:10:14,292 - INFO - 
   🔄 RL Round 17/18
2025-08-11 08:10:14,292 - INFO -       🎯 Strategy: contextual_scene_building (explore)
2025-08-11 08:10:21,131 - INFO - [TRELLIS] GPU cache cleared: {'status': 'cache_cleared', 'available_memory_gb': 17.134452736}
2025-08-11 08:10:21,132 - INFO -       🔍 Validating...
2025-08-11 08:10:21,132 - INFO -       📝 Using optimized prompt for generation: 'a beautifully crafted traditional wooden staff adorned with intricately carved silver runes that have a subtle sheen to them and are worn in a gentle curve along its length...'
2025-08-11 08:10:21,132 - INFO -       🎯 Computing scores against original prompt: 'traditional wooden staff adorned with runes...'
2025-08-11 08:12:06,687 - INFO -       📊 Validation score: 0.9273
2025-08-11 08:12:06,687 - INFO -       ✅ Convergence achieved: Convergence threshold met (improvement: -0.006)
2025-08-11 08:12:06,754 - INFO - 
🎯 RL LOOP COMPLETE:
2025-08-11 08:12:06,754 - INFO -    Best prompt: a beautifully crafted traditional wooden staff adorned with intricately carved silver runes along its length, featuring a subtle patina from years of use and a gentle curve to its handle
2025-08-11 08:12:06,754 - INFO -    Best score: 0.9334
2025-08-11 08:12:06,754 - INFO -    Rounds: 17
2025-08-11 08:12:06,754 - INFO -    Convergence: True
2025-08-11 08:12:06,754 - INFO -    Convergence reason: Convergence threshold met (improvement: -0.006)
2025-08-11 08:12:06,754 - INFO -    Exploration ratio: 82.4%
2025-08-11 08:12:06,754 - INFO -    Insights learned: 3
2025-08-11 08:12:06,754 - INFO -    Total time: 2039.33s
2025-08-11 08:12:06,758 - INFO - Prompt optimized in 17 rounds: 0.896 → 0.933 (+0.037)
2025-08-11 08:12:06,758 - INFO - ✅ Target score achieved!
2025-08-11 08:12:06,766 - INFO - 
--- Episode 1, Prompt 12 (Total: 43) ---
2025-08-11 08:12:06,766 - INFO - Optimizing: 'pixie with wand'
2025-08-11 08:12:06,766 - INFO - 🔍 Checking server availability before optimization...
2025-08-11 08:12:06,778 - INFO - ✅ Server is available (status: completed)
2025-08-11 08:12:06,778 - INFO - 📝 Marked server as used at 1754899926.7789025
2025-08-11 08:12:06,778 - INFO - ✅ Server is available and marked as used
2025-08-11 08:12:06,783 - INFO - 🔄 Reproducibility optimization returned no result
2025-08-11 08:12:06,783 - INFO -       🔧 Overriding endpoint: generate/baolei/
2025-08-11 08:12:06,783 - INFO -       🔧 Using endpoint: generate/baolei/
2025-08-11 08:12:06,790 - INFO - 
🔄 RL LOOP OPTIMIZATION: 'pixie with wand'
2025-08-11 08:12:06,790 - INFO -    Session: rl_session_1754899926_7019
2025-08-11 08:12:06,790 - INFO -    Max rounds: 18
2025-08-11 08:12:06,790 - INFO -    Min rounds before convergence: 5
2025-08-11 08:12:06,790 - INFO -    Target score: 0.99
2025-08-11 08:12:06,791 - INFO - 
   🔄 RL Round 1/18
2025-08-11 08:12:06,791 - INFO -       🔍 Explore performing better - increasing epsilon to 0.70
2025-08-11 08:12:06,791 - INFO -       🎯 Strategy: contextual_scene_building (explore)
2025-08-11 08:12:12,622 - INFO - [TRELLIS] GPU cache cleared: {'status': 'cache_cleared', 'available_memory_gb': 17.134452736}
2025-08-11 08:12:12,622 - INFO -       🔍 Validating...
2025-08-11 08:12:12,622 - INFO -       📝 Using optimized prompt for generation: 'a petite, mischievous pixie grasping a sparkling silver wand adorned with glittering gemstones, front view, accurate, complete, white background...'
2025-08-11 08:12:12,623 - INFO -       🎯 Computing scores against original prompt: 'pixie with wand...'
2025-08-11 08:14:02,444 - INFO -       📊 Validation score: 0.8514
2025-08-11 08:14:02,445 - INFO -       🎯 New best score: 0.8514
2025-08-11 08:14:02,445 - INFO - 
   🔄 RL Round 2/18
2025-08-11 08:14:02,446 - INFO -       🔍 Explore performing better - increasing epsilon to 0.75
2025-08-11 08:14:02,446 - INFO -       🎯 Strategy: contextual_scene_building (explore)
2025-08-11 08:14:08,507 - INFO - [TRELLIS] GPU cache cleared: {'status': 'cache_cleared', 'available_memory_gb': 17.134452736}
2025-08-11 08:14:08,510 - INFO -       🔍 Validating...
2025-08-11 08:14:08,510 - INFO -       📝 Using optimized prompt for generation: 'a petite, mischievous pixie grasping a slender, crystal-tipped wand adorned with delicate filigree patterns, intricate gemstones, and a sprinkle of glittering stardust in the air around her, front view, accurate, complete, white background...'
2025-08-11 08:14:08,510 - INFO -       🎯 Computing scores against original prompt: 'pixie with wand...'
2025-08-11 08:15:52,130 - INFO -       📊 Validation score: 0.8788
2025-08-11 08:15:52,130 - INFO -       🎯 New best score: 0.8788
2025-08-11 08:15:52,130 - INFO -       📈 Improvement detected: contextual_scene_building working better
2025-08-11 08:15:52,130 - INFO - 
   🔄 RL Round 3/18
2025-08-11 08:15:52,131 - INFO -       🔍 Explore performing better - increasing epsilon to 0.80
2025-08-11 08:15:52,131 - INFO -       🎯 Strategy: contextual_scene_building (explore)
2025-08-11 08:15:59,081 - INFO - [TRELLIS] GPU cache cleared: {'status': 'cache_cleared', 'available_memory_gb': 17.134452736}
2025-08-11 08:15:59,082 - INFO -       🔍 Validating...
2025-08-11 08:15:59,082 - INFO -       📝 Using optimized prompt for generation: 'a delicate pixie grasping a slender, crystal-tipped wand adorned with intricate filigree patterns and a sprinkle of stardust, front view, accurate, complete, white background...'
2025-08-11 08:15:59,083 - INFO -       🎯 Computing scores against original prompt: 'pixie with wand...'
2025-08-11 08:17:45,535 - INFO -       📊 Validation score: 0.7908
2025-08-11 08:17:45,536 - INFO -       📉 Score declined: Consider different approach
2025-08-11 08:17:45,536 - INFO - 
   🔄 RL Round 4/18
2025-08-11 08:17:45,536 - INFO -       🎯 Strategy: technical_precision (exploit)
2025-08-11 08:17:52,069 - INFO - [TRELLIS] GPU cache cleared: {'status': 'cache_cleared', 'available_memory_gb': 17.134452736}
2025-08-11 08:17:52,069 - INFO -       🔍 Validating...
2025-08-11 08:17:52,070 - INFO -       📝 Using optimized prompt for generation: 'a slender pixie with a delicate silver wand adorned with intricate filigree patterns and small gemstones, front view, accurate, complete, white background...'
2025-08-11 08:17:52,072 - INFO -       🎯 Computing scores against original prompt: 'pixie with wand...'
2025-08-11 08:19:43,582 - INFO -       📊 Validation score: 0.8655
2025-08-11 08:19:43,582 - INFO -       📈 Improvement detected: technical_precision working better
2025-08-11 08:19:43,582 - INFO - 
   🔄 RL Round 5/18
2025-08-11 08:19:43,583 - INFO -       🎯 Strategy: technical_precision (explore)
2025-08-11 08:20:01,174 - WARNING - [TRELLIS] Exception clearing GPU cache: HTTPConnectionPool(host='localhost', port=8096): Read timed out. (read timeout=10)
2025-08-11 08:20:01,174 - INFO -       🔍 Validating...
2025-08-11 08:20:01,174 - INFO -       📝 Using optimized prompt for generation: 'a petite, elegant pixie grasping a slender, crystal-tipped wand adorned with delicate filigree patterns and small gemstones that shimmer in the soft light, front view, accurate, complete, white background...'
2025-08-11 08:20:01,174 - INFO -       🎯 Computing scores against original prompt: 'pixie with wand...'
2025-08-11 08:22:13,765 - INFO -       📊 Validation score: 0.8346
2025-08-11 08:22:13,766 - INFO -       📉 Score declined: Consider different approach
2025-08-11 08:22:13,766 - INFO - 
   🔄 RL Round 6/18
2025-08-11 08:22:13,766 - INFO -       🎯 Strategy: technical_precision (explore)
2025-08-11 08:22:21,441 - INFO - [TRELLIS] GPU cache cleared: {'status': 'cache_cleared', 'available_memory_gb': 13.900644352}
2025-08-11 08:22:21,442 - INFO -       🔍 Validating...
2025-08-11 08:22:21,443 - INFO -       📝 Using optimized prompt for generation: 'a slender, crystal-tipped wand adorned with delicate filigree patterns and small, shimmering gemstones suspended in mid-air, front view, accurate, complete, white background...'
2025-08-11 08:22:21,443 - INFO -       🎯 Computing scores against original prompt: 'pixie with wand...'
2025-08-11 08:24:20,762 - INFO -       📊 Validation score: 0.8961
2025-08-11 08:24:20,762 - INFO -       🎯 New best score: 0.8961
2025-08-11 08:24:20,762 - INFO -       📈 Improvement detected: technical_precision working better
2025-08-11 08:24:20,762 - INFO - 
   🔄 RL Round 7/18
2025-08-11 08:24:20,762 - INFO -       🎯 Strategy: contextual_scene_building (explore)
2025-08-11 08:24:27,330 - INFO - [TRELLIS] GPU cache cleared: {'status': 'cache_cleared', 'available_memory_gb': 17.134452736}
2025-08-11 08:24:27,331 - INFO -       🔍 Validating...
2025-08-11 08:24:27,331 - INFO -       📝 Using optimized prompt for generation: 'a slender, crystal-tipped wand adorned with delicate filigree patterns featuring intricate engravings of leaves and vines, suspended in mid-air amidst a gentle breeze that stirs the surrounding foliage, front view, accurate, complete, white background...'
2025-08-11 08:24:27,331 - INFO -       🎯 Computing scores against original prompt: 'pixie with wand...'
2025-08-11 08:26:17,192 - INFO -       📊 Validation score: 0.8586
2025-08-11 08:26:17,193 - INFO -       📉 Score declined: Consider different approach
2025-08-11 08:26:17,193 - INFO - 
   🔄 RL Round 8/18
2025-08-11 08:26:17,193 - INFO -       🎯 Strategy: technical_precision (exploit)
2025-08-11 08:26:25,860 - INFO - [TRELLIS] GPU cache cleared: {'status': 'cache_cleared', 'available_memory_gb': 17.134452736}
2025-08-11 08:26:25,861 - INFO -       🔍 Validating...
2025-08-11 08:26:25,864 - INFO -       📝 Using optimized prompt for generation: 'a slender, delicate pixie grasping a slender, crystal-tipped wand adorned with intricate filigree patterns and small, shimmering gemstones that catch the light...'
2025-08-11 08:26:25,864 - INFO -       🎯 Computing scores against original prompt: 'pixie with wand...'
2025-08-11 08:28:21,678 - INFO -       📊 Validation score: 0.8756
2025-08-11 08:28:21,678 - INFO -       📈 Improvement detected: technical_precision working better
2025-08-11 08:28:21,678 - INFO - 
   🔄 RL Round 9/18
2025-08-11 08:28:21,679 - INFO -       🎯 Strategy: contextual_scene_building (explore)
2025-08-11 08:28:28,344 - INFO - [TRELLIS] GPU cache cleared: {'status': 'cache_cleared', 'available_memory_gb': 17.134452736}
2025-08-11 08:28:28,346 - INFO -       🔍 Validating...
2025-08-11 08:28:28,346 - INFO -       📝 Using optimized prompt for generation: 'a delicate pixie grasping a slender, crystal-tipped wand adorned with intricate filigree patterns featuring tiny, shimmering opals and a hint of golden glow, front view, accurate, complete, white background...'
2025-08-11 08:28:28,347 - INFO -       🎯 Computing scores against original prompt: 'pixie with wand...'
2025-08-11 08:30:22,299 - INFO -       📊 Validation score: 0.8516
2025-08-11 08:30:22,300 - INFO -       📉 Score declined: Consider different approach
2025-08-11 08:30:22,300 - INFO - 
   🔄 RL Round 10/18
2025-08-11 08:30:22,300 - INFO -       🎯 Strategy: hybrid_approach (explore)
2025-08-11 08:30:29,324 - INFO - [TRELLIS] GPU cache cleared: {'status': 'cache_cleared', 'available_memory_gb': 17.134452736}
2025-08-11 08:30:29,330 - INFO -       🔍 Validating...
2025-08-11 08:30:29,330 - INFO -       📝 Using optimized prompt for generation: 'a petite, elegant pixie grasping a slender, crystal-tipped wand adorned with delicate filigree patterns featuring intricate scrollwork and small, shimmering gemstones, front view, accurate, complete, white background...'
2025-08-11 08:30:29,330 - INFO -       🎯 Computing scores against original prompt: 'pixie with wand...'
2025-08-11 08:32:22,089 - INFO -       📊 Validation score: 0.8059
2025-08-11 08:32:22,090 - INFO -       📉 Score declined: Consider different approach
2025-08-11 08:32:22,090 - INFO - 
   🔄 RL Round 11/18
2025-08-11 08:32:22,090 - INFO -       🎯 Strategy: aggressive_transformation (explore)
2025-08-11 08:32:27,995 - INFO - [TRELLIS] GPU cache cleared: {'status': 'cache_cleared', 'available_memory_gb': 17.134452736}
2025-08-11 08:32:27,999 - INFO -       🔍 Validating...
2025-08-11 08:32:27,999 - INFO -       📝 Using optimized prompt for generation: 'a petite, elegant pixie with a slender, crystal-tipped wand adorned with delicate filigree patterns featuring intricate silverwork and tiny gemstones that catch the light, front view, accurate, complete, white background...'
2025-08-11 08:32:28,000 - INFO -       🎯 Computing scores against original prompt: 'pixie with wand...'
2025-08-11 08:34:08,036 - INFO -       📊 Validation score: 0.8724
2025-08-11 08:34:08,036 - INFO -       📈 Improvement detected: aggressive_transformation working better
2025-08-11 08:34:08,036 - INFO - 
   🔄 RL Round 12/18
2025-08-11 08:34:08,037 - INFO -       🎯 Strategy: technical_precision (exploit)
2025-08-11 08:34:14,196 - INFO - [TRELLIS] GPU cache cleared: {'status': 'cache_cleared', 'available_memory_gb': 17.134452736}
2025-08-11 08:34:14,197 - INFO -       🔍 Validating...
2025-08-11 08:34:14,197 - INFO -       📝 Using optimized prompt for generation: 'a slender pixie with a delicate silver wand adorned with intricate filigree patterns and small gemstones, front view, accurate, complete, white background...'
2025-08-11 08:34:14,197 - INFO -       🎯 Computing scores against original prompt: 'pixie with wand...'
2025-08-11 08:35:56,260 - INFO -       📊 Validation score: 0.8656
2025-08-11 08:35:56,261 - INFO -       ✅ Convergence achieved: Convergence threshold met (improvement: -0.007)
2025-08-11 08:35:56,356 - INFO - 
🎯 RL LOOP COMPLETE:
2025-08-11 08:35:56,357 - INFO -    Best prompt: a slender, crystal-tipped wand adorned with delicate filigree patterns and small, shimmering gemstones suspended in mid-air, front view, accurate, complete, white background
2025-08-11 08:35:56,361 - INFO -    Best score: 0.8961
2025-08-11 08:35:56,361 - INFO -    Rounds: 12
2025-08-11 08:35:56,361 - INFO -    Convergence: True
2025-08-11 08:35:56,361 - INFO -    Convergence reason: Convergence threshold met (improvement: -0.007)
2025-08-11 08:35:56,361 - INFO -    Exploration ratio: 75.0%
2025-08-11 08:35:56,361 - INFO -    Insights learned: 3
2025-08-11 08:35:56,361 - INFO -    Total time: 1429.47s
2025-08-11 08:35:56,362 - INFO - Prompt optimized in 12 rounds: 0.851 → 0.896 (+0.045)
2025-08-11 08:35:56,362 - INFO - ✅ Target score achieved!
2025-08-11 08:35:56,372 - INFO - 
--- Episode 1, Prompt 13 (Total: 43) ---
2025-08-11 08:35:56,376 - INFO - Optimizing: 'dark green minivan sliding door wide'
2025-08-11 08:35:56,376 - INFO - 🔍 Checking server availability before optimization...
2025-08-11 08:35:56,384 - INFO - ✅ Server is available (status: completed)
2025-08-11 08:35:56,384 - INFO - 📝 Marked server as used at 1754901356.3849676
2025-08-11 08:35:56,385 - INFO - ✅ Server is available and marked as used
2025-08-11 08:35:56,395 - INFO - 🔄 Reproducibility optimization returned no result
2025-08-11 08:35:56,395 - INFO -       🔧 Overriding endpoint: generate/baolei/
2025-08-11 08:35:56,395 - INFO -       🔧 Using endpoint: generate/baolei/
2025-08-11 08:35:56,398 - INFO - 
🔄 RL LOOP OPTIMIZATION: 'dark green minivan sliding door wide'
2025-08-11 08:35:56,398 - INFO -    Session: rl_session_1754901356_1610
2025-08-11 08:35:56,399 - INFO -    Max rounds: 18
2025-08-11 08:35:56,399 - INFO -    Min rounds before convergence: 5
2025-08-11 08:35:56,399 - INFO -    Target score: 0.99
2025-08-11 08:35:56,400 - INFO - 
   🔄 RL Round 1/18
2025-08-11 08:35:56,403 - INFO -       🎯 Strategy: technical_precision (exploit)
2025-08-11 08:36:02,347 - INFO - [TRELLIS] GPU cache cleared: {'status': 'cache_cleared', 'available_memory_gb': 17.134452736}
2025-08-11 08:36:02,349 - INFO -       🔍 Validating...
2025-08-11 08:36:02,350 - INFO -       📝 Using optimized prompt for generation: 'a metallic dark green minivan sliding door with a slight curvature, partially open to reveal its interior, front view, accurate, complete, white background...'
2025-08-11 08:36:02,351 - INFO -       🎯 Computing scores against original prompt: 'dark green minivan sliding door wide...'
2025-08-11 08:37:51,819 - INFO -       📊 Validation score: 0.8528
2025-08-11 08:37:51,820 - INFO -       🎯 New best score: 0.8528
2025-08-11 08:37:51,820 - INFO - 
   🔄 RL Round 2/18
2025-08-11 08:37:51,820 - INFO -       🎯 Strategy: technical_precision (explore)
2025-08-11 08:38:00,593 - INFO - [TRELLIS] GPU cache cleared: {'status': 'cache_cleared', 'available_memory_gb': 17.134452736}
2025-08-11 08:38:00,594 - INFO -       🔍 Validating...
2025-08-11 08:38:00,594 - INFO -       📝 Using optimized prompt for generation: 'a dark green minivan sliding door with a slight curvature, partially open to reveal its interior and metal hinges, front view, accurate, complete, white background...'
2025-08-11 08:38:00,594 - INFO -       🎯 Computing scores against original prompt: 'dark green minivan sliding door wide...'
2025-08-11 08:40:04,494 - INFO -       📊 Validation score: 0.8632
2025-08-11 08:40:04,494 - INFO -       🎯 New best score: 0.8632
2025-08-11 08:40:04,494 - INFO -       📈 Improvement detected: technical_precision working better
2025-08-11 08:40:04,495 - INFO - 
   🔄 RL Round 3/18
2025-08-11 08:40:04,495 - INFO -       🎯 Strategy: technical_precision (exploit)
2025-08-11 08:40:12,578 - INFO - [TRELLIS] GPU cache cleared: {'status': 'cache_cleared', 'available_memory_gb': 16.798908416}
2025-08-11 08:40:12,578 - INFO -       🔍 Validating...
2025-08-11 08:40:12,580 - INFO -       📝 Using optimized prompt for generation: 'a dark green minivan sliding door with a slight curvature, partially open to reveal its interior and adorned with a subtle chrome trim along the edges, front view, accurate, complete, white background...'
2025-08-11 08:40:12,580 - INFO -       🎯 Computing scores against original prompt: 'dark green minivan sliding door wide...'
2025-08-11 08:42:10,365 - INFO -       📊 Validation score: 0.7814
2025-08-11 08:42:10,366 - INFO -       📉 Score declined: Consider different approach
2025-08-11 08:42:10,367 - INFO - 
   🔄 RL Round 4/18
2025-08-11 08:42:10,367 - INFO -       🎯 Strategy: technical_precision (explore)
2025-08-11 08:42:23,441 - WARNING - [TRELLIS] Exception clearing GPU cache: HTTPConnectionPool(host='localhost', port=8096): Read timed out. (read timeout=10)
2025-08-11 08:42:23,444 - INFO -       🔍 Validating...
2025-08-11 08:42:23,444 - INFO -       📝 Using optimized prompt for generation: 'a dark green minivan sliding door with a slight curvature and a narrow, slightly raised handle, front view, accurate, complete, white background...'
2025-08-11 08:42:23,444 - INFO -       🎯 Computing scores against original prompt: 'dark green minivan sliding door wide...'
2025-08-11 08:44:27,335 - WARNING -    🔧 Score 0.0 - clearing CUDA cache
2025-08-11 08:44:27,335 - INFO -       📊 Validation score: 0.0000
2025-08-11 08:44:27,335 - INFO - 
   🔄 RL Round 5/18
2025-08-11 08:44:27,336 - INFO -       🎯 Strategy: technical_precision (explore)
2025-08-11 08:44:35,222 - INFO - [TRELLIS] GPU cache cleared: {'status': 'cache_cleared', 'available_memory_gb': 15.427371008}
2025-08-11 08:44:35,223 - INFO -       🔍 Validating...
2025-08-11 08:44:35,223 - INFO -       📝 Using optimized prompt for generation: 'a dark green minivan sliding door with a subtle curvature and a thin, metallic handle, front view, accurate, complete, white background...'
2025-08-11 08:44:35,223 - INFO -       🎯 Computing scores against original prompt: 'dark green minivan sliding door wide...'
2025-08-11 08:46:25,267 - INFO -       📊 Validation score: 0.8065
2025-08-11 08:46:25,267 - INFO - 
   🔄 RL Round 6/18
2025-08-11 08:46:25,267 - INFO -       🎯 Strategy: hybrid_approach (explore)
2025-08-11 08:46:31,803 - INFO - [TRELLIS] GPU cache cleared: {'status': 'cache_cleared', 'available_memory_gb': 17.134452736}
2025-08-11 08:46:31,804 - INFO -       🔍 Validating...
2025-08-11 08:46:31,804 - INFO -       📝 Using optimized prompt for generation: 'a dark green minivan sliding door with a slight curvature and a thin, metallic handle, viewed from directly above in front of a sleek, modern garage, front view, accurate, complete, white background...'
2025-08-11 08:46:31,804 - INFO -       🎯 Computing scores against original prompt: 'dark green minivan sliding door wide...'
2025-08-11 08:48:20,820 - INFO -       📊 Validation score: 0.5859
2025-08-11 08:48:20,821 - INFO -       📉 Score declined: Consider different approach
2025-08-11 08:48:20,821 - INFO - 
   🔄 RL Round 7/18
2025-08-11 08:48:20,822 - INFO -       🎯 Strategy: aggressive_transformation (exploit)
2025-08-11 08:48:26,669 - INFO - [TRELLIS] GPU cache cleared: {'status': 'cache_cleared', 'available_memory_gb': 17.134452736}
2025-08-11 08:48:26,669 - INFO -       🔍 Validating...
2025-08-11 08:48:26,669 - INFO -       📝 Using optimized prompt for generation: 'a dark green minivan sliding door with a slight curvature and a metallic handle, partially open to reveal its interior, front view, accurate, complete, white background...'
2025-08-11 08:48:26,669 - INFO -       🎯 Computing scores against original prompt: 'dark green minivan sliding door wide...'
2025-08-11 08:50:08,067 - INFO -       📊 Validation score: 0.7973
2025-08-11 08:50:08,068 - INFO -       📈 Improvement detected: aggressive_transformation working better
2025-08-11 08:50:08,068 - INFO - 
   🔄 RL Round 8/18
2025-08-11 08:50:08,068 - INFO -       🎯 Strategy: hybrid_approach (explore)
2025-08-11 08:50:13,377 - INFO - [TRELLIS] GPU cache cleared: {'status': 'cache_cleared', 'available_memory_gb': 17.134452736}
2025-08-11 08:50:13,377 - INFO -       🔍 Validating...
2025-08-11 08:50:13,377 - INFO -       📝 Using optimized prompt for generation: 'a dark green minivan sliding door with a slight curvature and a thin, metallic handle on the driver's side, viewed from directly above, front view, accurate, complete, white background...'
2025-08-11 08:50:13,379 - INFO -       🎯 Computing scores against original prompt: 'dark green minivan sliding door wide...'
2025-08-11 08:51:52,460 - INFO -       📊 Validation score: 0.8664
2025-08-11 08:51:52,461 - INFO -       🎯 New best score: 0.8664
2025-08-11 08:51:52,462 - INFO -       📈 Improvement detected: hybrid_approach working better
2025-08-11 08:51:52,462 - INFO - 
   🔄 RL Round 9/18
2025-08-11 08:51:52,463 - INFO -       🎯 Strategy: aggressive_transformation (explore)
2025-08-11 08:51:58,057 - INFO - [TRELLIS] GPU cache cleared: {'status': 'cache_cleared', 'available_memory_gb': 17.134452736}
2025-08-11 08:51:58,061 - INFO -       🔍 Validating...
2025-08-11 08:51:58,061 - INFO -       📝 Using optimized prompt for generation: 'a dark green minivan sliding door with a slightly curved lip and a narrow, silver handle that is partially open to reveal its interior and a thin stripe of black trim along the edge, front view, accurate, complete, white background...'
2025-08-11 08:51:58,061 - INFO -       🎯 Computing scores against original prompt: 'dark green minivan sliding door wide...'
2025-08-11 08:53:52,376 - INFO -       📊 Validation score: 0.7692
2025-08-11 08:53:52,377 - INFO -       📉 Score declined: Consider different approach
2025-08-11 08:53:52,377 - INFO - 
   🔄 RL Round 10/18
2025-08-11 08:53:52,377 - INFO -       🎯 Strategy: aggressive_transformation (explore)
2025-08-11 08:53:58,484 - INFO - [TRELLIS] GPU cache cleared: {'status': 'cache_cleared', 'available_memory_gb': 17.134452736}
2025-08-11 08:53:58,484 - INFO -       🔍 Validating...
2025-08-11 08:53:58,485 - INFO -       📝 Using optimized prompt for generation: 'a dark green minivan sliding door with a subtle curvature, partially open, revealing its metallic handle and a thin, raised edge, front view, accurate, complete, white background...'
2025-08-11 08:53:58,487 - INFO -       🎯 Computing scores against original prompt: 'dark green minivan sliding door wide...'
2025-08-11 08:56:13,689 - INFO -       📊 Validation score: 0.7738
2025-08-11 08:56:13,689 - INFO -       ✅ Convergence achieved: Convergence threshold met (improvement: 0.005)
2025-08-11 08:56:13,774 - INFO - 
🎯 RL LOOP COMPLETE:
2025-08-11 08:56:13,774 - INFO -    Best prompt: a dark green minivan sliding door with a slight curvature and a thin, metallic handle on the driver's side, viewed from directly above, front view, accurate, complete, white background
2025-08-11 08:56:13,774 - INFO -    Best score: 0.8664
2025-08-11 08:56:13,774 - INFO -    Rounds: 10
2025-08-11 08:56:13,774 - INFO -    Convergence: True
2025-08-11 08:56:13,774 - INFO -    Convergence reason: Convergence threshold met (improvement: 0.005)
2025-08-11 08:56:13,774 - INFO -    Exploration ratio: 70.0%
2025-08-11 08:56:13,774 - INFO -    Insights learned: 2
2025-08-11 08:56:13,774 - INFO -    Total time: 1217.29s
2025-08-11 08:56:13,777 - INFO - Prompt optimized in 10 rounds: 0.853 → 0.866 (+0.014)
2025-08-11 08:56:13,778 - INFO - ✅ Target score achieved!
2025-08-11 08:56:13,788 - INFO - 
--- Episode 1, Prompt 14 (Total: 43) ---
2025-08-11 08:56:13,788 - INFO - Optimizing: 'thick yellow plastic spoon'
2025-08-11 08:56:13,790 - INFO - 🔍 Checking server availability before optimization...
2025-08-11 08:56:13,801 - INFO - ✅ Server is available (status: completed)
2025-08-11 08:56:13,801 - INFO - 📝 Marked server as used at 1754902573.8011885
2025-08-11 08:56:13,801 - INFO - ✅ Server is available and marked as used
2025-08-11 08:56:13,806 - INFO - 🔄 Reproducibility optimization returned no result
2025-08-11 08:56:13,806 - INFO -       🔧 Overriding endpoint: generate/baolei/
2025-08-11 08:56:13,808 - INFO -       🔧 Using endpoint: generate/baolei/
2025-08-11 08:56:13,812 - INFO - 
🔄 RL LOOP OPTIMIZATION: 'thick yellow plastic spoon'
2025-08-11 08:56:13,813 - INFO -    Session: rl_session_1754902573_8015
2025-08-11 08:56:13,813 - INFO -    Max rounds: 18
2025-08-11 08:56:13,813 - INFO -    Min rounds before convergence: 5
2025-08-11 08:56:13,813 - INFO -    Target score: 0.99
2025-08-11 08:56:13,813 - INFO - 
   🔄 RL Round 1/18
2025-08-11 08:56:13,814 - INFO -       🎯 Strategy: aggressive_transformation (explore)
2025-08-11 08:56:21,582 - INFO - [TRELLIS] GPU cache cleared: {'status': 'cache_cleared', 'available_memory_gb': 12.784959488}
2025-08-11 08:56:21,583 - INFO -       🔍 Validating...
2025-08-11 08:56:21,583 - INFO -       📝 Using optimized prompt for generation: 'thick yellow plastic spoon with a slight curvature and worn handles, front view, accurate, complete, white background...'
2025-08-11 08:56:21,585 - INFO -       🎯 Computing scores against original prompt: 'thick yellow plastic spoon...'
2025-08-11 08:58:06,244 - INFO -       📊 Validation score: 0.8094
2025-08-11 08:58:06,244 - INFO -       🎯 New best score: 0.8094
2025-08-11 08:58:06,244 - INFO - 
   🔄 RL Round 2/18
2025-08-11 08:58:06,245 - INFO -       🎯 Strategy: artistic_elaboration (explore)
2025-08-11 08:58:22,864 - WARNING - [TRELLIS] Exception clearing GPU cache: HTTPConnectionPool(host='localhost', port=8096): Read timed out. (read timeout=10)
2025-08-11 08:58:22,864 - INFO -       🔍 Validating...
2025-08-11 08:58:22,865 - INFO -       📝 Using optimized prompt for generation: 'thick yellow plastic spoon with a subtle curvature and smooth, worn handles, front view, accurate, complete, white background...'
2025-08-11 08:58:22,866 - INFO -       🎯 Computing scores against original prompt: 'thick yellow plastic spoon...'
2025-08-11 09:00:13,314 - WARNING -    🔧 Score 0.0 - clearing CUDA cache
2025-08-11 09:00:13,314 - INFO -       📊 Validation score: 0.0000
2025-08-11 09:00:13,315 - INFO - 
   🔄 RL Round 3/18
2025-08-11 09:00:13,315 - INFO -       🎯 Strategy: contextual_scene_building (exploit)
2025-08-11 09:00:28,906 - INFO - [TRELLIS] GPU cache cleared: {'status': 'cache_cleared', 'available_memory_gb': 15.690235904}
2025-08-11 09:00:28,907 - INFO -       🔍 Validating...
2025-08-11 09:00:28,907 - INFO -       📝 Using optimized prompt for generation: 'thick yellow plastic spoon with a slight curvature and worn handles, angled view from the side for optimal grip, accurate, complete, and precise details of the worn areas, front view, accurate, complete, white background...'
2025-08-11 09:00:28,907 - INFO -       🎯 Computing scores against original prompt: 'thick yellow plastic spoon...'
2025-08-11 09:02:14,409 - INFO -       📊 Validation score: 0.8172
2025-08-11 09:02:14,409 - INFO -       🎯 New best score: 0.8172
2025-08-11 09:02:14,410 - INFO - 
   🔄 RL Round 4/18
2025-08-11 09:02:14,410 - INFO -       🎯 Strategy: contextual_scene_building (exploit)
2025-08-11 09:02:23,571 - INFO - [TRELLIS] GPU cache cleared: {'status': 'cache_cleared', 'available_memory_gb': 17.009344512}
2025-08-11 09:02:23,572 - INFO -       🔍 Validating...
2025-08-11 09:02:23,572 - INFO -       📝 Using optimized prompt for generation: 'thick yellow plastic spoon with a slight curvature, worn handles, and a flat, rounded bowl for scooping, front view, accurate, complete..., front view, accurate, complete, white background...'
2025-08-11 09:02:23,572 - INFO -       🎯 Computing scores against original prompt: 'thick yellow plastic spoon...'
2025-08-11 09:04:14,476 - INFO -       📊 Validation score: 0.8176
2025-08-11 09:04:14,477 - INFO -       🎯 New best score: 0.8176
2025-08-11 09:04:14,477 - INFO -       📈 Improvement detected: contextual_scene_building working better
2025-08-11 09:04:14,477 - INFO - 
   🔄 RL Round 5/18
2025-08-11 09:04:14,478 - INFO -       🎯 Strategy: artistic_elaboration (explore)
2025-08-11 09:04:21,497 - INFO - [TRELLIS] GPU cache cleared: {'status': 'cache_cleared', 'available_memory_gb': 16.06352896}
2025-08-11 09:04:21,498 - INFO -       🔍 Validating...
2025-08-11 09:04:21,498 - INFO -       📝 Using optimized prompt for generation: 'thick yellow plastic spoon with a slight curvature and smooth, worn handles, angled view from the side for optimal grip and visibility, accurate, complete..., front view, accurate, complete, white background...'
2025-08-11 09:04:21,498 - INFO -       🎯 Computing scores against original prompt: 'thick yellow plastic spoon...'
2025-08-11 09:06:06,153 - INFO -       📊 Validation score: 0.9249
2025-08-11 09:06:06,153 - INFO -       🎯 New best score: 0.9249
2025-08-11 09:06:06,153 - INFO -       📈 Improvement detected: artistic_elaboration working better
2025-08-11 09:06:06,154 - INFO - 
   🔄 RL Round 6/18
2025-08-11 09:06:06,154 - INFO -       🎯 Strategy: contextual_scene_building (explore)
2025-08-11 09:06:14,521 - INFO - [TRELLIS] GPU cache cleared: {'status': 'cache_cleared', 'available_memory_gb': 16.889806848}
2025-08-11 09:06:14,522 - INFO -       🔍 Validating...
2025-08-11 09:06:14,523 - INFO -       📝 Using optimized prompt for generation: 'thick yellow plastic spoon with a slight curvature and ergonomic design, angled view from the side for comfortable grip, front view, accurate, complete, white background...'
2025-08-11 09:06:14,523 - INFO -       🎯 Computing scores against original prompt: 'thick yellow plastic spoon...'
2025-08-11 09:08:05,240 - INFO -       📊 Validation score: 0.7755
2025-08-11 09:08:05,241 - INFO -       📉 Score declined: Consider different approach
2025-08-11 09:08:05,241 - INFO - 
   🔄 RL Round 7/18
2025-08-11 09:08:05,241 - INFO -       🎯 Strategy: aggressive_transformation (exploit)
2025-08-11 09:08:14,314 - INFO - [TRELLIS] GPU cache cleared: {'status': 'cache_cleared', 'available_memory_gb': 16.722034688}
2025-08-11 09:08:14,316 - INFO -       🔍 Validating...
2025-08-11 09:08:14,316 - INFO -       📝 Using optimized prompt for generation: 'thick yellow plastic spoon with a slight curvature and worn handles, featuring a rounded bowl and a flat edge...'
2025-08-11 09:08:14,317 - INFO -       🎯 Computing scores against original prompt: 'thick yellow plastic spoon...'
2025-08-11 09:10:09,468 - INFO -       📊 Validation score: 0.8229
2025-08-11 09:10:09,469 - INFO -       📈 Improvement detected: aggressive_transformation working better
2025-08-11 09:10:09,469 - INFO - 
   🔄 RL Round 8/18
2025-08-11 09:10:09,470 - INFO -       🎯 Strategy: contextual_scene_building (explore)
2025-08-11 09:10:16,766 - INFO - [TRELLIS] GPU cache cleared: {'status': 'cache_cleared', 'available_memory_gb': 15.920922624}
2025-08-11 09:10:16,767 - INFO -       🔍 Validating...
2025-08-11 09:10:16,767 - INFO -       📝 Using optimized prompt for generation: 'thick yellow plastic spoon with a slight curvature and worn handles, featuring a rounded bowl and a subtle ridging along the handle for added grip, front view, accurate, complete, white background...'
2025-08-11 09:10:16,768 - INFO -       🎯 Computing scores against original prompt: 'thick yellow plastic spoon...'
2025-08-11 09:12:37,394 - WARNING -    ❌ Validation failed (return code 1)
2025-08-11 09:12:37,394 - INFO -       📊 Validation score: 0.0000
2025-08-11 09:12:37,394 - INFO - 
   🔄 RL Round 9/18
2025-08-11 09:12:37,395 - INFO -       🎯 Strategy: contextual_scene_building (explore)
2025-08-11 09:12:44,290 - INFO - [TRELLIS] GPU cache cleared: {'status': 'cache_cleared', 'available_memory_gb': 17.22253312}
2025-08-11 09:12:44,291 - INFO -       🔍 Validating...
2025-08-11 09:12:44,293 - INFO -       📝 Using optimized prompt for generation: 'a thick yellow plastic spoon with a smooth, matte finish and slightly worn handle, front view, front view, accurate, complete, white background...'
2025-08-11 09:12:44,293 - INFO -       🎯 Computing scores against original prompt: 'thick yellow plastic spoon...'
2025-08-11 09:14:28,503 - INFO -       📊 Validation score: 0.9131
2025-08-11 09:14:28,503 - INFO - 
   🔄 RL Round 10/18
2025-08-11 09:14:28,503 - INFO -       🎯 Strategy: hybrid_approach (explore)
2025-08-11 09:14:34,389 - INFO - [TRELLIS] GPU cache cleared: {'status': 'cache_cleared', 'available_memory_gb': 17.22253312}
2025-08-11 09:14:34,390 - INFO -       🔍 Validating...
2025-08-11 09:14:34,390 - INFO -       📝 Using optimized prompt for generation: 'thick yellow plastic spoon with smooth, matte finish and slightly worn handle, front view, accurate, complete, white background...'
2025-08-11 09:14:34,391 - INFO -       🎯 Computing scores against original prompt: 'thick yellow plastic spoon...'
2025-08-11 09:16:17,560 - INFO -       📊 Validation score: 0.8971
2025-08-11 09:16:17,561 - INFO -       📉 Score declined: Consider different approach
2025-08-11 09:16:17,561 - INFO - 
   🔄 RL Round 11/18
2025-08-11 09:16:17,562 - INFO -       🔍 Explore performing better - increasing epsilon to 0.68
2025-08-11 09:16:17,562 - INFO -       🎯 Strategy: artistic_elaboration (explore)
2025-08-11 09:16:24,404 - INFO - [TRELLIS] GPU cache cleared: {'status': 'cache_cleared', 'available_memory_gb': 17.22253312}
2025-08-11 09:16:24,408 - INFO -       🔍 Validating...
2025-08-11 09:16:24,408 - INFO -       📝 Using optimized prompt for generation: 'thick yellow plastic spoon with a slight curvature and smooth, worn handles, front view, accurate, complete, white background...'
2025-08-11 09:16:24,408 - INFO -       🎯 Computing scores against original prompt: 'thick yellow plastic spoon...'
2025-08-11 09:18:44,110 - WARNING -    🔧 Score 0.0 - clearing CUDA cache
2025-08-11 09:18:44,110 - INFO -       📊 Validation score: 0.0000
2025-08-11 09:18:44,111 - INFO - 
   🔄 RL Round 12/18
2025-08-11 09:18:44,111 - INFO -       🔍 Explore performing better - increasing epsilon to 0.73
2025-08-11 09:18:44,111 - INFO -       🎯 Strategy: aggressive_transformation (exploit)
2025-08-11 09:18:57,267 - WARNING - [TRELLIS] Exception clearing GPU cache: HTTPConnectionPool(host='localhost', port=8096): Read timed out. (read timeout=10)
2025-08-11 09:18:57,268 - INFO -       🔍 Validating...
2025-08-11 09:18:57,269 - INFO -       📝 Using optimized prompt for generation: 'a thick yellow plastic spoon with a slight curvature and smooth, matte finish, featuring a rounded bowl and ergonomic handles, front view, accurate, complete, white background...'
2025-08-11 09:18:57,269 - INFO -       🎯 Computing scores against original prompt: 'thick yellow plastic spoon...'
2025-08-11 09:21:33,437 - INFO -       📊 Validation score: 0.8054
2025-08-11 09:21:33,439 - INFO - 
   🔄 RL Round 13/18
2025-08-11 09:21:33,441 - INFO -       🔍 Explore performing better - increasing epsilon to 0.78
2025-08-11 09:21:33,445 - INFO -       🎯 Strategy: aggressive_transformation (exploit)
2025-08-11 09:21:41,992 - INFO - [TRELLIS] GPU cache cleared: {'status': 'cache_cleared', 'available_memory_gb': 16.185163776}
2025-08-11 09:21:41,993 - INFO -       🔍 Validating...
2025-08-11 09:21:41,994 - INFO -       📝 Using optimized prompt for generation: 'thick yellow plastic spoon with a smooth, matte finish and slightly worn handle, featuring a rounded bowl and a subtle curvature, front view, accurate, complete, white background...'
2025-08-11 09:21:41,996 - INFO -       🎯 Computing scores against original prompt: 'thick yellow plastic spoon...'
2025-08-11 09:24:25,372 - INFO -       📊 Validation score: 0.8877
2025-08-11 09:24:25,373 - INFO -       📈 Improvement detected: aggressive_transformation working better
2025-08-11 09:24:25,373 - INFO - 
   🔄 RL Round 14/18
2025-08-11 09:24:25,373 - INFO -       🎯 Strategy: hybrid_approach (explore)
2025-08-11 09:24:31,861 - INFO - [TRELLIS] GPU cache cleared: {'status': 'cache_cleared', 'available_memory_gb': 16.065626112}
2025-08-11 09:24:31,862 - INFO -       🔍 Validating...
2025-08-11 09:24:31,863 - INFO -       📝 Using optimized prompt for generation: 'thick yellow plastic spoon with a slight curvature, ergonomic design, and worn handles featuring a rounded bowl and a comfortable grip, front view, accurate, complete, white background...'
2025-08-11 09:24:31,863 - INFO -       🎯 Computing scores against original prompt: 'thick yellow plastic spoon...'
2025-08-11 09:27:12,446 - INFO -       📊 Validation score: 0.8926
2025-08-11 09:27:12,447 - INFO -       ✅ Convergence achieved: Convergence threshold met (improvement: 0.005)
2025-08-11 09:27:12,549 - INFO - 
🎯 RL LOOP COMPLETE:
2025-08-11 09:27:12,549 - INFO -    Best prompt: thick yellow plastic spoon with a slight curvature and smooth, worn handles, angled view from the side for optimal grip and visibility, accurate, complete..., front view, accurate, complete, white background
2025-08-11 09:27:12,549 - INFO -    Best score: 0.9249
2025-08-11 09:27:12,549 - INFO -    Rounds: 14
2025-08-11 09:27:12,549 - INFO -    Convergence: True
2025-08-11 09:27:12,550 - INFO -    Convergence reason: Convergence threshold met (improvement: 0.005)
2025-08-11 09:27:12,550 - INFO -    Exploration ratio: 64.3%
2025-08-11 09:27:12,550 - INFO -    Insights learned: 3
2025-08-11 09:27:12,550 - INFO -    Total time: 1858.64s
2025-08-11 09:27:12,550 - INFO - Prompt optimized in 14 rounds: 0.809 → 0.925 (+0.115)
2025-08-11 09:27:12,556 - INFO - ✅ Target score achieved!
2025-08-11 09:27:12,568 - INFO - 
--- Episode 1, Prompt 15 (Total: 43) ---
2025-08-11 09:27:12,568 - INFO - Optimizing: 'toy bear with hat'
2025-08-11 09:27:12,568 - INFO - 🔍 Checking server availability before optimization...
2025-08-11 09:27:16,056 - INFO - ✅ Server is available (status: completed)
2025-08-11 09:27:16,057 - INFO - 📝 Marked server as used at 1754904436.0575948
2025-08-11 09:27:16,058 - INFO - ✅ Server is available and marked as used
2025-08-11 09:27:19,018 - INFO - 🔄 Reproducibility optimization applied:
2025-08-11 09:27:19,018 - INFO -    Original: toy bear with hat
2025-08-11 09:27:19,021 - INFO -    Optimized: wbgmsst, a precision-crafted toy bear with aluminum alloy wheels and an LED light strip on its hat, white background.
2025-08-11 09:27:19,021 - INFO -    Similarity: 0.533
2025-08-11 09:27:19,021 - INFO -    Gold score: 0.9024
2025-08-11 09:27:19,021 - INFO -       🔧 Overriding endpoint: generate/baolei/
2025-08-11 09:27:19,021 - INFO -       🔧 Using endpoint: generate/baolei/
2025-08-11 09:27:19,032 - INFO - 
🔄 RL LOOP OPTIMIZATION: 'toy bear with hat'
2025-08-11 09:27:19,032 - INFO -    Session: rl_session_1754904439_1604
2025-08-11 09:27:19,033 - INFO -    Max rounds: 18
2025-08-11 09:27:19,033 - INFO -    Min rounds before convergence: 5
2025-08-11 09:27:19,033 - INFO -    Target score: 0.99
2025-08-11 09:27:19,033 - INFO - 
   🔄 RL Round 1/18
2025-08-11 09:27:19,033 - INFO -       🔍 Explore performing better - increasing epsilon to 0.80
2025-08-11 09:27:19,033 - INFO -       🎯 Strategy: artistic_elaboration (explore)
2025-08-11 09:27:27,879 - INFO - [TRELLIS] GPU cache cleared: {'status': 'cache_cleared', 'available_memory_gb': 15.920922624}
2025-08-11 09:27:27,883 - INFO -       🔍 Validating...
2025-08-11 09:27:27,884 - INFO -       📝 Using optimized prompt for generation: 'a diminutive yet endearingly expressive toy bear with a vibrant, polka-dotted hat and a wonky, mismatched ear, front view, accurate, complete, white background...'
2025-08-11 09:27:27,884 - INFO -       🎯 Computing scores against original prompt: 'toy bear with hat...'
2025-08-11 09:29:51,010 - WARNING -    ❌ Validation failed (return code 1)
2025-08-11 09:29:51,010 - INFO -       📊 Validation score: 0.0000
2025-08-11 09:29:51,011 - INFO - 
   🔄 RL Round 2/18
2025-08-11 09:29:51,011 - INFO -       🔍 Explore performing better - increasing epsilon to 0.80
2025-08-11 09:29:51,011 - INFO -       🎯 Strategy: artistic_elaboration (explore)
2025-08-11 09:29:57,448 - INFO - [TRELLIS] GPU cache cleared: {'status': 'cache_cleared', 'available_memory_gb': 16.789143552}
2025-08-11 09:29:57,454 - INFO -       🔍 Validating...
2025-08-11 09:29:57,455 - INFO -       📝 Using optimized prompt for generation: 'a toy bear with a vibrant, polka-dotted hat and a wonky, mismatched bow tie, front view, accurate, complete, white background...'
2025-08-11 09:29:57,455 - INFO -       🎯 Computing scores against original prompt: 'toy bear with hat...'
2025-08-11 09:31:56,791 - INFO -       📊 Validation score: 0.7945
2025-08-11 09:31:56,792 - INFO -       🎯 New best score: 0.7945
2025-08-11 09:31:56,792 - INFO - 
   🔄 RL Round 3/18
2025-08-11 09:31:56,792 - INFO -       🎯 Strategy: hybrid_approach (explore)
2025-08-11 09:32:03,901 - INFO - [TRELLIS] GPU cache cleared: {'status': 'cache_cleared', 'available_memory_gb': 17.2015616}
2025-08-11 09:32:03,905 - INFO -       🔍 Validating...
2025-08-11 09:32:03,905 - INFO -       📝 Using optimized prompt for generation: 'a diminutive yet endearingly expressive toy bear with a vibrant, polka-dotted hat adorned with intricate, hand-stitched seams and a wonky, mismatched bow tie that adds to its playful charm, front view, accurate, complete, white background...'
2025-08-11 09:32:03,905 - INFO -       🎯 Computing scores against original prompt: 'toy bear with hat...'
2025-08-11 09:34:08,534 - INFO -       📊 Validation score: 0.8472
2025-08-11 09:34:08,534 - INFO -       🎯 New best score: 0.8472
2025-08-11 09:34:08,534 - INFO -       📈 Improvement detected: hybrid_approach working better
2025-08-11 09:34:08,535 - INFO - 
   🔄 RL Round 4/18
2025-08-11 09:34:08,535 - INFO -       🎯 Strategy: hybrid_approach (explore)
2025-08-11 09:34:23,162 - WARNING - [TRELLIS] Exception clearing GPU cache: HTTPConnectionPool(host='localhost', port=8096): Read timed out. (read timeout=10)
2025-08-11 09:34:23,162 - INFO -       🔍 Validating...
2025-08-11 09:34:23,162 - INFO -       📝 Using optimized prompt for generation: 'a diminutive yet endearingly expressive toy bear with a vibrant, polka-dotted hat adorned with intricate, swirling patterns that evoke a sense of whimsy and playfulness, front view, accurate, complete, white background...'
2025-08-11 09:34:23,163 - INFO -       🎯 Computing scores against original prompt: 'toy bear with hat...'
2025-08-11 09:36:31,184 - INFO -       📊 Validation score: 0.8861
2025-08-11 09:36:31,184 - INFO -       🎯 New best score: 0.8861
2025-08-11 09:36:31,185 - INFO -       📈 Improvement detected: hybrid_approach working better
2025-08-11 09:36:31,185 - INFO - 
   🔄 RL Round 5/18
2025-08-11 09:36:31,185 - INFO -       🎯 Strategy: hybrid_approach (explore)
2025-08-11 09:36:38,809 - INFO - [TRELLIS] GPU cache cleared: {'status': 'cache_cleared', 'available_memory_gb': 12.875137024}
2025-08-11 09:36:38,812 - INFO -       🔍 Validating...
2025-08-11 09:36:38,812 - INFO -       📝 Using optimized prompt for generation: 'a diminutive yet endearingly expressive toy bear with a vibrant, polka-dotted hat adorned with intricate golden trimmings and a delicate, curved nose...'
2025-08-11 09:36:38,812 - INFO -       🎯 Computing scores against original prompt: 'toy bear with hat...'
2025-08-11 09:38:44,444 - INFO -       📊 Validation score: 0.7902
2025-08-11 09:38:44,444 - INFO -       📉 Score declined: Consider different approach
2025-08-11 09:38:44,444 - INFO - 
   🔄 RL Round 6/18
2025-08-11 09:38:44,445 - INFO -       🎯 Strategy: aggressive_transformation (exploit)
2025-08-11 09:38:50,191 - INFO - [TRELLIS] GPU cache cleared: {'status': 'cache_cleared', 'available_memory_gb': 16.9918464}
2025-08-11 09:38:50,192 - INFO -       🔍 Validating...
2025-08-11 09:38:50,193 - INFO -       📝 Using optimized prompt for generation: 'a diminutive yet endearingly expressive toy bear with a vibrant, polka-dotted hat adorned with intricate golden embroidery and a soft, plush finish, front view, accurate, complete, white background...'
2025-08-11 09:38:50,194 - INFO -       🎯 Computing scores against original prompt: 'toy bear with hat...'
2025-08-11 09:40:38,809 - INFO -       📊 Validation score: 0.8681
2025-08-11 09:40:38,810 - INFO -       📈 Improvement detected: aggressive_transformation working better
2025-08-11 09:40:38,810 - INFO - 
   🔄 RL Round 7/18
2025-08-11 09:40:38,810 - INFO -       🎯 Strategy: hybrid_approach (explore)
2025-08-11 09:40:44,200 - INFO - [TRELLIS] GPU cache cleared: {'status': 'cache_cleared', 'available_memory_gb': 16.9918464}
2025-08-11 09:40:44,202 - INFO -       🔍 Validating...
2025-08-11 09:40:44,202 - INFO -       📝 Using optimized prompt for generation: 'a toy bear with a vibrant, polka-dotted hat adorned with intricate, swirling patterns that evoke a sense of whimsy and playfulness, front view, accurate, complete, white background...'
2025-08-11 09:40:44,202 - INFO -       🎯 Computing scores against original prompt: 'toy bear with hat...'
2025-08-11 09:42:39,637 - INFO -       📊 Validation score: 0.7848
2025-08-11 09:42:39,638 - INFO -       📉 Score declined: Consider different approach
2025-08-11 09:42:39,638 - INFO - 
   🔄 RL Round 8/18
2025-08-11 09:42:39,638 - INFO -       🎯 Strategy: hybrid_approach (explore)
2025-08-11 09:42:45,733 - INFO - [TRELLIS] GPU cache cleared: {'status': 'cache_cleared', 'available_memory_gb': 16.9918464}
2025-08-11 09:42:45,734 - INFO -       🔍 Validating...
2025-08-11 09:42:45,734 - INFO -       📝 Using optimized prompt for generation: 'a diminutive yet endearingly expressive toy bear with a vibrant, polka-dotted hat adorned with intricate, swirling patterns that evoke a sense of whimsy and playfulness, front view, accurate, complete, white background...'
2025-08-11 09:42:45,734 - INFO -       🎯 Computing scores against original prompt: 'toy bear with hat...'
2025-08-11 09:44:34,832 - INFO -       📊 Validation score: 0.8864
2025-08-11 09:44:34,832 - INFO -       🎯 New best score: 0.8864
2025-08-11 09:44:34,833 - INFO -       📈 Improvement detected: hybrid_approach working better
2025-08-11 09:44:34,833 - INFO - 
   🔄 RL Round 9/18
2025-08-11 09:44:34,833 - INFO -       🎯 Strategy: artistic_elaboration (explore)
2025-08-11 09:44:39,967 - INFO - [TRELLIS] GPU cache cleared: {'status': 'cache_cleared', 'available_memory_gb': 16.9918464}
2025-08-11 09:44:39,970 - INFO -       🔍 Validating...
2025-08-11 09:44:39,970 - INFO -       📝 Using optimized prompt for generation: 'a diminutive yet endearingly expressive toy bear with a vibrant, polka-dotted hat adorned with intricate, swirling patterns that evoke a sense of whimsy and playfulness, its fur slightly rumpled from being handled by children, front view, accurate, complete, white background...'
2025-08-11 09:44:39,974 - INFO -       🎯 Computing scores against original prompt: 'toy bear with hat...'
2025-08-11 09:46:28,219 - INFO -       📊 Validation score: 0.8721
2025-08-11 09:46:28,220 - INFO -       📉 Score declined: Consider different approach
2025-08-11 09:46:28,220 - INFO - 
   🔄 RL Round 10/18
2025-08-11 09:46:28,220 - INFO -       🎯 Strategy: artistic_elaboration (explore)
2025-08-11 09:46:35,401 - INFO - [TRELLIS] GPU cache cleared: {'status': 'cache_cleared', 'available_memory_gb': 16.9918464}
2025-08-11 09:46:35,401 - INFO -       🔍 Validating...
2025-08-11 09:46:35,401 - INFO -       📝 Using optimized prompt for generation: 'a diminutive yet endearingly expressive toy bear with a vibrant, polka-dotted hat adorned with delicate, swirling patterns that resemble miniature whirlwinds, gently dancing across its surface, front view, accurate, complete, white background...'
2025-08-11 09:46:35,401 - INFO -       🎯 Computing scores against original prompt: 'toy bear with hat...'
2025-08-11 09:49:09,027 - INFO -       📊 Validation score: 0.8552
2025-08-11 09:49:09,028 - INFO -       📉 Score declined: Consider different approach
2025-08-11 09:49:09,031 - INFO - 
   🔄 RL Round 11/18
2025-08-11 09:49:09,031 - INFO -       🎯 Strategy: artistic_elaboration (explore)
2025-08-11 09:49:14,964 - INFO - [TRELLIS] GPU cache cleared: {'status': 'cache_cleared', 'available_memory_gb': 13.537837056}
2025-08-11 09:49:14,970 - INFO -       🔍 Validating...
2025-08-11 09:49:14,970 - INFO -       📝 Using optimized prompt for generation: 'a toy bear with a vibrant, polka-dotted hat adorned with intricate, swirling patterns that evoke a sense of whimsy and playfulness, front view, accurate, complete, white background...'
2025-08-11 09:49:14,970 - INFO -       🎯 Computing scores against original prompt: 'toy bear with hat...'
2025-08-11 09:51:01,491 - INFO -       📊 Validation score: 0.7950
2025-08-11 09:51:01,493 - INFO -       📉 Score declined: Consider different approach
2025-08-11 09:51:01,493 - INFO - 
   🔄 RL Round 12/18
2025-08-11 09:51:01,494 - INFO -       🎯 Strategy: artistic_elaboration (explore)
2025-08-11 09:51:08,864 - INFO - [TRELLIS] GPU cache cleared: {'status': 'cache_cleared', 'available_memory_gb': 13.537837056}
2025-08-11 09:51:08,867 - INFO -       🔍 Validating...
2025-08-11 09:51:08,868 - INFO -       📝 Using optimized prompt for generation: 'a diminutive yet endearingly expressive toy bear with a vibrant, polka-dotted hat adorned with intricate, swirling patterns that evoke a sense of whimsy and playfulness, front view, accurate, complete, white background...'
2025-08-11 09:51:08,868 - INFO -       🎯 Computing scores against original prompt: 'toy bear with hat...'
2025-08-11 09:53:46,695 - WARNING -    ❌ Validation failed (return code 1)
2025-08-11 09:53:46,695 - INFO -       📊 Validation score: 0.0000
2025-08-11 09:53:46,696 - INFO - 
   🔄 RL Round 13/18
2025-08-11 09:53:46,698 - INFO -       🎯 Strategy: artistic_elaboration (explore)
2025-08-11 09:54:00,866 - WARNING - [TRELLIS] Exception clearing GPU cache: HTTPConnectionPool(host='localhost', port=8096): Read timed out. (read timeout=10)
2025-08-11 09:54:00,866 - INFO -       🔍 Validating...
2025-08-11 09:54:00,866 - INFO -       📝 Using optimized prompt for generation: 'a diminutive yet endearingly expressive toy bear with a vibrant, polka-dotted hat adorned with intricate, swirling patterns and a delicate, golden buckle...'
2025-08-11 09:54:00,866 - INFO -       🎯 Computing scores against original prompt: 'toy bear with hat...'
2025-08-11 09:56:23,637 - INFO -       📊 Validation score: 0.7641
2025-08-11 09:56:23,638 - INFO - 
   🔄 RL Round 14/18
2025-08-11 09:56:23,638 - INFO -       🎯 Strategy: artistic_elaboration (explore)
2025-08-11 09:56:31,814 - INFO - [TRELLIS] GPU cache cleared: {'status': 'cache_cleared', 'available_memory_gb': 17.230921728}
2025-08-11 09:56:31,815 - INFO -       🔍 Validating...
2025-08-11 09:56:31,815 - INFO -       📝 Using optimized prompt for generation: 'a diminutive yet endearingly expressive toy bear with a vibrant, polka-dotted hat adorned with delicate, swirling patterns that resemble a child's doodle, complete with a tiny, wonky bow tie, front view, accurate, complete, white background...'
2025-08-11 09:56:31,816 - INFO -       🎯 Computing scores against original prompt: 'toy bear with hat...'
2025-08-11 09:59:04,805 - WARNING -    ❌ Validation failed (return code 1)
2025-08-11 09:59:04,805 - INFO -       📊 Validation score: 0.0000
2025-08-11 09:59:04,806 - INFO - 
   🔄 RL Round 15/18
2025-08-11 09:59:04,806 - INFO -       🎯 Strategy: aggressive_transformation (explore)
2025-08-11 09:59:18,183 - WARNING - [TRELLIS] Exception clearing GPU cache: HTTPConnectionPool(host='localhost', port=8096): Read timed out. (read timeout=10)
2025-08-11 09:59:18,183 - INFO -       🔍 Validating...
2025-08-11 09:59:18,184 - INFO -       📝 Using optimized prompt for generation: 'a diminutive yet endearingly expressive toy bear with a vibrant, polka-dotted hat adorned with intricate, swirling patterns that evoke a sense of whimsy and playfulness, front view, accurate, complete, white background...'
2025-08-11 09:59:18,184 - INFO -       🎯 Computing scores against original prompt: 'toy bear with hat...'
2025-08-11 10:01:32,094 - INFO -       📊 Validation score: 0.8640
2025-08-11 10:01:32,095 - INFO - 
   🔄 RL Round 16/18
2025-08-11 10:01:32,095 - INFO -       🎯 Strategy: aggressive_transformation (explore)
2025-08-11 10:01:39,490 - INFO - [TRELLIS] GPU cache cleared: {'status': 'cache_cleared', 'available_memory_gb': 16.9918464}
2025-08-11 10:01:39,490 - INFO -       🔍 Validating...
2025-08-11 10:01:39,490 - INFO -       📝 Using optimized prompt for generation: 'a diminutive yet endearingly expressive toy bear with a vibrant, polka-dotted hat adorned with delicate, swirling patterns that evoke a sense of whimsy and playfulness, front view, accurate, complete, white background...'
2025-08-11 10:01:39,490 - INFO -       🎯 Computing scores against original prompt: 'toy bear with hat...'
2025-08-11 10:04:16,329 - WARNING -    ❌ Validation failed (return code 1)
2025-08-11 10:04:16,330 - INFO -       📊 Validation score: 0.0000
2025-08-11 10:04:16,330 - INFO - 
   🔄 RL Round 17/18
2025-08-11 10:04:16,331 - INFO -       🎯 Strategy: hybrid_approach (exploit)
2025-08-11 10:04:32,653 - WARNING - [TRELLIS] Exception clearing GPU cache: HTTPConnectionPool(host='localhost', port=8096): Read timed out. (read timeout=10)
2025-08-11 10:04:32,657 - INFO -       🔍 Validating...
2025-08-11 10:04:32,657 - INFO -       📝 Using optimized prompt for generation: 'a diminutive yet endearingly expressive toy bear with a vibrant, polka-dotted hat adorned with intricate, swirling patterns that evoke a sense of whimsy and playfulness, front view, accurate, complete, white background...'
2025-08-11 10:04:32,657 - INFO -       🎯 Computing scores against original prompt: 'toy bear with hat...'
2025-08-11 10:06:37,014 - INFO -       📊 Validation score: 0.8487
2025-08-11 10:06:37,015 - INFO - 
   🔄 RL Round 18/18
2025-08-11 10:06:37,015 - INFO -       🎯 Strategy: aggressive_transformation (explore)
2025-08-11 10:06:44,025 - INFO - [TRELLIS] GPU cache cleared: {'status': 'cache_cleared', 'available_memory_gb': 17.613979648}
2025-08-11 10:06:44,026 - INFO -       🔍 Validating...
2025-08-11 10:06:44,027 - INFO -       📝 Using optimized prompt for generation: 'a diminutive yet endearingly expressive toy bear with a vibrant, polka-dotted hat and a wonky, mismatched bow tie, front view, accurate, complete, white background...'
2025-08-11 10:06:44,027 - INFO -       🎯 Computing scores against original prompt: 'toy bear with hat...'
2025-08-11 10:08:28,337 - INFO -       📊 Validation score: 0.5528
2025-08-11 10:08:28,438 - INFO - 
🎯 RL LOOP COMPLETE:
2025-08-11 10:08:28,445 - INFO -    Best prompt: a diminutive yet endearingly expressive toy bear with a vibrant, polka-dotted hat adorned with intricate, swirling patterns that evoke a sense of whimsy and playfulness, front view, accurate, complete, white background
2025-08-11 10:08:28,446 - INFO -    Best score: 0.8864
2025-08-11 10:08:28,446 - INFO -    Rounds: 18
2025-08-11 10:08:28,446 - INFO -    Convergence: False
2025-08-11 10:08:28,447 - INFO -    Convergence reason: Not converged
2025-08-11 10:08:28,447 - INFO -    Exploration ratio: 88.9%
2025-08-11 10:08:28,447 - INFO -    Insights learned: 2
2025-08-11 10:08:28,447 - INFO -    Total time: 2469.31s
2025-08-11 10:08:28,448 - INFO - Prompt optimized in 18 rounds: 0.000 → 0.886 (+0.886)
2025-08-11 10:08:28,452 - INFO - ⏰ Max rounds reached
2025-08-11 10:08:28,466 - INFO - 
--- Episode 1, Prompt 16 (Total: 43) ---
2025-08-11 10:08:28,466 - INFO - Optimizing: 'vintage clarinet in rich dark stain'
2025-08-11 10:08:28,467 - INFO - 🔍 Checking server availability before optimization...
2025-08-11 10:08:33,483 - INFO - ⏳ Server unavailable: timeout - Server status check timed out
2025-08-11 10:08:38,505 - INFO - ✅ Server is available (status: completed)
2025-08-11 10:08:38,505 - INFO - 📝 Marked server as used at 1754906918.5059564
2025-08-11 10:08:38,507 - INFO - ✅ Server is available and marked as used
2025-08-11 10:08:38,515 - INFO - 🔄 Reproducibility optimization returned no result
2025-08-11 10:08:38,517 - INFO -       🔧 Overriding endpoint: generate/baolei/
2025-08-11 10:08:38,517 - INFO -       🔧 Using endpoint: generate/baolei/
2025-08-11 10:08:38,523 - INFO - 
🔄 RL LOOP OPTIMIZATION: 'vintage clarinet in rich dark stain'
2025-08-11 10:08:38,523 - INFO -    Session: rl_session_1754906918_8517
2025-08-11 10:08:38,523 - INFO -    Max rounds: 18
2025-08-11 10:08:38,524 - INFO -    Min rounds before convergence: 5
2025-08-11 10:08:38,524 - INFO -    Target score: 0.99
2025-08-11 10:08:38,524 - INFO - 
   🔄 RL Round 1/18
2025-08-11 10:08:38,524 - INFO -       🎯 Strategy: aggressive_transformation (explore)
2025-08-11 10:08:44,284 - INFO - [TRELLIS] GPU cache cleared: {'status': 'cache_cleared', 'available_memory_gb': 17.077829632}
2025-08-11 10:08:44,286 - INFO -       🔍 Validating...
2025-08-11 10:08:44,287 - INFO -       📝 Using optimized prompt for generation: 'an antique vintage clarinet in rich dark stain with intricate golden filigree and subtle wear on the keys, front view, accurate, complete, white background...'
2025-08-11 10:08:44,287 - INFO -       🎯 Computing scores against original prompt: 'vintage clarinet in rich dark stain...'
2025-08-11 10:10:38,928 - INFO -       📊 Validation score: 0.8214
2025-08-11 10:10:38,928 - INFO -       🎯 New best score: 0.8214
2025-08-11 10:10:38,928 - INFO - 
   🔄 RL Round 2/18
2025-08-11 10:10:38,929 - INFO -       🎯 Strategy: hybrid_approach (exploit)
2025-08-11 10:10:54,254 - WARNING - [TRELLIS] Exception clearing GPU cache: HTTPConnectionPool(host='localhost', port=8096): Read timed out. (read timeout=10)
2025-08-11 10:10:54,254 - INFO -       🔍 Validating...
2025-08-11 10:10:54,254 - INFO -       📝 Using optimized prompt for generation: 'a vintage clarinet in rich dark stain with a subtle sheen and delicate patina, front view, accurate, complete, white background...'
2025-08-11 10:10:54,255 - INFO -       🎯 Computing scores against original prompt: 'vintage clarinet in rich dark stain...'
2025-08-11 10:12:47,646 - INFO -       📊 Validation score: 0.8332
2025-08-11 10:12:47,647 - INFO -       🎯 New best score: 0.8332
2025-08-11 10:12:47,647 - INFO -       📈 Improvement detected: hybrid_approach working better
2025-08-11 10:12:47,647 - INFO - 
   🔄 RL Round 3/18
2025-08-11 10:12:47,647 - INFO -       🎯 Strategy: hybrid_approach (explore)
2025-08-11 10:13:02,644 - WARNING - [TRELLIS] Exception clearing GPU cache: HTTPConnectionPool(host='localhost', port=8096): Read timed out. (read timeout=10)
2025-08-11 10:13:02,644 - INFO -       🔍 Validating...
2025-08-11 10:13:02,644 - INFO -       📝 Using optimized prompt for generation: 'a vintage clarinet in rich dark stain with a subtle sheen and intricate golden filigree details on the neck and body, front view, accurate, complete, white background...'
2025-08-11 10:13:02,644 - INFO -       🎯 Computing scores against original prompt: 'vintage clarinet in rich dark stain...'
2025-08-11 10:14:47,512 - INFO -       📊 Validation score: 0.7207
2025-08-11 10:14:47,512 - INFO -       📉 Score declined: Consider different approach
2025-08-11 10:14:47,512 - INFO - 
   🔄 RL Round 4/18
2025-08-11 10:14:47,512 - INFO -       🎯 Strategy: hybrid_approach (explore)
2025-08-11 10:14:56,111 - INFO - [TRELLIS] GPU cache cleared: {'status': 'cache_cleared', 'available_memory_gb': 16.820600832}
2025-08-11 10:14:56,111 - INFO -       🔍 Validating...
2025-08-11 10:14:56,111 - INFO -       📝 Using optimized prompt for generation: 'a vintage clarinet in rich dark stain with ornate golden filigree, subtle wear on the finger holes, and a hint of patina on the surface, front view, accurate, complete, white background...'
2025-08-11 10:14:56,111 - INFO -       🎯 Computing scores against original prompt: 'vintage clarinet in rich dark stain...'
2025-08-11 10:16:47,517 - INFO -       📊 Validation score: 0.8220
2025-08-11 10:16:47,518 - INFO -       📈 Improvement detected: hybrid_approach working better
2025-08-11 10:16:47,518 - INFO - 
   🔄 RL Round 5/18
2025-08-11 10:16:47,518 - INFO -       🎯 Strategy: hybrid_approach (exploit)
2025-08-11 10:16:54,623 - INFO - [TRELLIS] GPU cache cleared: {'status': 'cache_cleared', 'available_memory_gb': 15.920922624}
2025-08-11 10:16:54,624 - INFO -       🔍 Validating...
2025-08-11 10:16:54,625 - INFO -       📝 Using optimized prompt for generation: 'a beautifully crafted vintage clarinet in rich dark stain with a subtle patina and delicate golden accents along its curved body, front view, accurate, complete, white background...'
2025-08-11 10:16:54,625 - INFO -       🎯 Computing scores against original prompt: 'vintage clarinet in rich dark stain...'
2025-08-11 10:18:38,902 - INFO -       📊 Validation score: 0.8709
2025-08-11 10:18:38,902 - INFO -       🎯 New best score: 0.8709
2025-08-11 10:18:38,902 - INFO -       📈 Improvement detected: hybrid_approach working better
2025-08-11 10:18:38,902 - INFO - 
   🔄 RL Round 6/18
2025-08-11 10:18:38,903 - INFO -       🎯 Strategy: hybrid_approach (exploit)
2025-08-11 10:18:53,405 - WARNING - [TRELLIS] Exception clearing GPU cache: HTTPConnectionPool(host='localhost', port=8096): Read timed out. (read timeout=10)
2025-08-11 10:18:53,406 - INFO -       🔍 Validating...
2025-08-11 10:18:53,407 - INFO -       📝 Using optimized prompt for generation: 'a beautifully crafted vintage clarinet in rich dark stain with subtle hints of warm caramel undertones, intricate golden filigree details on the scrollwork and finger holes, and a delicate patina that adds depth to its classic curves, front view, accurate, complete, white background...'
2025-08-11 10:18:53,408 - INFO -       🎯 Computing scores against original prompt: 'vintage clarinet in rich dark stain...'
2025-08-11 10:20:40,422 - INFO -       📊 Validation score: 0.8318
2025-08-11 10:20:40,423 - INFO -       📉 Score declined: Consider different approach
2025-08-11 10:20:40,423 - INFO - 
   🔄 RL Round 7/18
2025-08-11 10:20:40,423 - INFO -       🎯 Strategy: contextual_scene_building (explore)
2025-08-11 10:20:47,516 - INFO - [TRELLIS] GPU cache cleared: {'status': 'cache_cleared', 'available_memory_gb': 16.579428352}
2025-08-11 10:20:47,518 - INFO -       🔍 Validating...
2025-08-11 10:20:47,518 - INFO -       📝 Using optimized prompt for generation: 'a vintage clarinet with rich dark stain and subtle golden undertones, featuring an intricately carved wooden resonator and delicate metal keys, front view, accurate, complete, white background...'
2025-08-11 10:20:47,519 - INFO -       🎯 Computing scores against original prompt: 'vintage clarinet in rich dark stain...'
2025-08-11 10:22:35,742 - INFO -       📊 Validation score: 0.8427
2025-08-11 10:22:35,742 - INFO -       📈 Improvement detected: contextual_scene_building working better
2025-08-11 10:22:35,743 - INFO - 
   🔄 RL Round 8/18
2025-08-11 10:22:35,743 - INFO -       🎯 Strategy: hybrid_approach (exploit)
2025-08-11 10:22:44,955 - INFO - [TRELLIS] GPU cache cleared: {'status': 'cache_cleared', 'available_memory_gb': 15.920922624}
2025-08-11 10:22:44,956 - INFO -       🔍 Validating...
2025-08-11 10:22:44,956 - INFO -       📝 Using optimized prompt for generation: 'a vintage clarinet in rich dark stain with a subtle sheen and intricate golden filigree details on the instrument's body, including delicate engravings on the scroll and finger holes, front view, accurate, complete, white background...'
2025-08-11 10:22:44,956 - INFO -       🎯 Computing scores against original prompt: 'vintage clarinet in rich dark stain...'
2025-08-11 10:25:02,311 - WARNING -    ❌ Validation failed (return code 1)
2025-08-11 10:25:02,312 - INFO -       📊 Validation score: 0.0000
2025-08-11 10:25:02,312 - INFO - 
   🔄 RL Round 9/18
2025-08-11 10:25:02,313 - INFO -       🎯 Strategy: contextual_scene_building (exploit)
2025-08-11 10:25:09,347 - INFO - [TRELLIS] GPU cache cleared: {'status': 'cache_cleared', 'available_memory_gb': 17.2015616}
2025-08-11 10:25:09,348 - INFO -       🔍 Validating...
2025-08-11 10:25:09,348 - INFO -       📝 Using optimized prompt for generation: 'a beautifully crafted vintage clarinet in rich dark stain with intricate golden filigree and subtle hints of warm caramel undertones along its length, front view, accurate, complete, white background...'
2025-08-11 10:25:09,348 - INFO -       🎯 Computing scores against original prompt: 'vintage clarinet in rich dark stain...'
2025-08-11 10:26:55,240 - INFO -       📊 Validation score: 0.7191
2025-08-11 10:26:55,241 - INFO - 
   🔄 RL Round 10/18
2025-08-11 10:26:55,241 - INFO -       🎯 Strategy: aggressive_transformation (exploit)
2025-08-11 10:27:01,608 - INFO - [TRELLIS] GPU cache cleared: {'status': 'cache_cleared', 'available_memory_gb': 17.2015616}
2025-08-11 10:27:01,612 - INFO -       🔍 Validating...
2025-08-11 10:27:01,612 - INFO -       📝 Using optimized prompt for generation: 'a richly patinated vintage clarinet in deep, dark stain with subtle hints of warm caramel undertones and delicate golden filigree on the instrument's curves, front view, accurate, complete, white background...'
2025-08-11 10:27:01,612 - INFO -       🎯 Computing scores against original prompt: 'vintage clarinet in rich dark stain...'
2025-08-11 10:28:43,603 - WARNING -    🔧 Score 0.0 - clearing CUDA cache
2025-08-11 10:28:43,604 - INFO -       📊 Validation score: 0.0000
2025-08-11 10:28:43,604 - INFO - 
   🔄 RL Round 11/18
2025-08-11 10:28:43,605 - INFO -       🎯 Strategy: contextual_scene_building (explore)
2025-08-11 10:28:50,008 - INFO - [TRELLIS] GPU cache cleared: {'status': 'cache_cleared', 'available_memory_gb': 17.2015616}
2025-08-11 10:28:50,011 - INFO -       🔍 Validating...
2025-08-11 10:28:50,011 - INFO -       📝 Using optimized prompt for generation: 'a beautifully crafted vintage clarinet in rich dark stain with a subtle sheen and delicate golden patina on the surface, front view, accurate, complete, white background...'
2025-08-11 10:28:50,012 - INFO -       🎯 Computing scores against original prompt: 'vintage clarinet in rich dark stain...'
2025-08-11 10:30:35,679 - WARNING -    🔧 Score 0.0 - clearing CUDA cache
2025-08-11 10:30:35,679 - INFO -       📊 Validation score: 0.0000
2025-08-11 10:30:35,680 - INFO -       ✅ Convergence achieved: Convergence threshold met (improvement: 0.000)
2025-08-11 10:30:35,778 - INFO - 
🎯 RL LOOP COMPLETE:
2025-08-11 10:30:35,778 - INFO -    Best prompt: a beautifully crafted vintage clarinet in rich dark stain with a subtle patina and delicate golden accents along its curved body, front view, accurate, complete, white background
2025-08-11 10:30:35,779 - INFO -    Best score: 0.8709
2025-08-11 10:30:35,779 - INFO -    Rounds: 11
2025-08-11 10:30:35,779 - INFO -    Convergence: True
2025-08-11 10:30:35,779 - INFO -    Convergence reason: Convergence threshold met (improvement: 0.000)
2025-08-11 10:30:35,779 - INFO -    Exploration ratio: 45.5%
2025-08-11 10:30:35,781 - INFO -    Insights learned: 2
2025-08-11 10:30:35,781 - INFO -    Total time: 1317.16s
2025-08-11 10:30:35,782 - INFO - Prompt optimized in 11 rounds: 0.821 → 0.871 (+0.050)
2025-08-11 10:30:35,783 - INFO - ✅ Target score achieved!
2025-08-11 10:30:35,794 - INFO - 
--- Episode 1, Prompt 17 (Total: 43) ---
2025-08-11 10:30:35,795 - INFO - Optimizing: 'dark green pickup truck with cargo bed cover'
2025-08-11 10:30:35,795 - INFO - 🔍 Checking server availability before optimization...
2025-08-11 10:30:40,807 - INFO - ⏳ Server unavailable: timeout - Server status check timed out
2025-08-11 10:30:50,827 - INFO - ⏳ Server unavailable: timeout - Server status check timed out
2025-08-11 10:31:00,844 - INFO - ⏳ Server unavailable: timeout - Server status check timed out
2025-08-11 10:31:10,812 - INFO - ✅ Server is available (status: completed)
2025-08-11 10:31:10,812 - INFO - 📝 Marked server as used at 1754908270.812622
2025-08-11 10:31:10,812 - INFO - ✅ Server is available and marked as used
2025-08-11 10:31:10,823 - INFO - 🔄 Reproducibility optimization returned no result
2025-08-11 10:31:10,823 - INFO -       🔧 Overriding endpoint: generate/baolei/
2025-08-11 10:31:10,823 - INFO -       🔧 Using endpoint: generate/baolei/
2025-08-11 10:31:10,829 - INFO - 
🔄 RL LOOP OPTIMIZATION: 'dark green pickup truck with cargo bed cover'
2025-08-11 10:31:10,829 - INFO -    Session: rl_session_1754908270_4387
2025-08-11 10:31:10,829 - INFO -    Max rounds: 18
2025-08-11 10:31:10,829 - INFO -    Min rounds before convergence: 5
2025-08-11 10:31:10,829 - INFO -    Target score: 0.99
2025-08-11 10:31:10,829 - INFO - 
   🔄 RL Round 1/18
2025-08-11 10:31:10,830 - INFO -       🎯 Strategy: contextual_scene_building (explore)
2025-08-11 10:31:19,143 - INFO - [TRELLIS] GPU cache cleared: {'status': 'cache_cleared', 'available_memory_gb': 16.9918464}
2025-08-11 10:31:19,144 - INFO -       🔍 Validating...
2025-08-11 10:31:19,144 - INFO -       📝 Using optimized prompt for generation: 'a dark green pickup truck with a weathered cargo bed cover, adorned with rust-resistant screws and a faded paint job, front view, accurate, complete, white background...'
2025-08-11 10:31:19,148 - INFO -       🎯 Computing scores against original prompt: 'dark green pickup truck with cargo bed cover...'
2025-08-11 10:33:21,787 - INFO -       📊 Validation score: 0.8353
2025-08-11 10:33:21,787 - INFO -       🎯 New best score: 0.8353
2025-08-11 10:33:21,788 - INFO - 
   🔄 RL Round 2/18
2025-08-11 10:33:21,788 - INFO -       🎯 Strategy: material_focus (exploit)
2025-08-11 10:33:26,951 - INFO - [TRELLIS] GPU cache cleared: {'status': 'cache_cleared', 'available_memory_gb': 16.9918464}
2025-08-11 10:33:26,952 - INFO -       🔍 Validating...
2025-08-11 10:33:26,955 - INFO -       📝 Using optimized prompt for generation: 'a weathered dark green pickup truck with rust-resistant cargo bed cover and aluminum wheels, front view, accurate, complete, white background...'
2025-08-11 10:33:26,955 - INFO -       🎯 Computing scores against original prompt: 'dark green pickup truck with cargo bed cover...'
2025-08-11 10:35:08,821 - INFO -       📊 Validation score: 0.9077
2025-08-11 10:35:08,821 - INFO -       🎯 New best score: 0.9077
2025-08-11 10:35:08,821 - INFO -       📈 Improvement detected: material_focus working better
2025-08-11 10:35:08,821 - INFO - 
   🔄 RL Round 3/18
2025-08-11 10:35:08,822 - INFO -       🎯 Strategy: aggressive_transformation (explore)
2025-08-11 10:35:13,967 - INFO - [TRELLIS] GPU cache cleared: {'status': 'cache_cleared', 'available_memory_gb': 16.9918464}
2025-08-11 10:35:13,968 - INFO -       🔍 Validating...
2025-08-11 10:35:13,968 - INFO -       📝 Using optimized prompt for generation: 'a weathered dark green pickup truck with a cargo bed cover featuring rust-resistant screws and aluminum wheels, adorned with a subtle chrome trim along the edges, front view, accurate, complete, white background...'
2025-08-11 10:35:13,968 - INFO -       🎯 Computing scores against original prompt: 'dark green pickup truck with cargo bed cover...'
2025-08-11 10:37:01,849 - INFO -       📊 Validation score: 0.7384
2025-08-11 10:37:01,849 - INFO -       📉 Score declined: Consider different approach
2025-08-11 10:37:01,849 - INFO - 
   🔄 RL Round 4/18
2025-08-11 10:37:01,849 - INFO -       🎯 Strategy: material_focus (exploit)
2025-08-11 10:37:09,409 - INFO - [TRELLIS] GPU cache cleared: {'status': 'cache_cleared', 'available_memory_gb': 15.64409856}
2025-08-11 10:37:09,411 - INFO -       🔍 Validating...
2025-08-11 10:37:09,411 - INFO -       📝 Using optimized prompt for generation: 'a weathered dark green pickup truck with rust-resistant cargo bed cover and aluminum wheels, featuring a matte-finish chrome grille and a durable powder-coated paint job...'
2025-08-11 10:37:09,411 - INFO -       🎯 Computing scores against original prompt: 'dark green pickup truck with cargo bed cover...'
2025-08-11 10:39:39,254 - WARNING -    ❌ Validation failed (return code 1)
2025-08-11 10:39:39,254 - INFO -       📊 Validation score: 0.0000
2025-08-11 10:39:39,255 - INFO - 
   🔄 RL Round 5/18
2025-08-11 10:39:39,255 - INFO -       🎯 Strategy: aggressive_transformation (explore)
2025-08-11 10:39:54,336 - WARNING - [TRELLIS] Exception clearing GPU cache: HTTPConnectionPool(host='localhost', port=8096): Read timed out. (read timeout=10)
2025-08-11 10:39:54,337 - INFO -       🔍 Validating...
2025-08-11 10:39:54,338 - INFO -       📝 Using optimized prompt for generation: 'a weathered dark green pickup truck with a rust-resistant cargo bed cover featuring durable aluminum reinforcements and reinforced steel framing, front view, accurate, complete, white background...'
2025-08-11 10:39:54,341 - INFO -       🎯 Computing scores against original prompt: 'dark green pickup truck with cargo bed cover...'
2025-08-11 10:42:32,258 - WARNING -    ❌ Validation failed (return code 1)
2025-08-11 10:42:32,259 - INFO -       📊 Validation score: 0.0000
2025-08-11 10:42:32,260 - INFO -       ✅ Convergence achieved: Convergence threshold met (improvement: 0.000)
2025-08-11 10:42:32,342 - INFO - 
🎯 RL LOOP COMPLETE:
2025-08-11 10:42:32,346 - INFO -    Best prompt: a weathered dark green pickup truck with rust-resistant cargo bed cover and aluminum wheels, front view, accurate, complete, white background
2025-08-11 10:42:32,346 - INFO -    Best score: 0.9077
2025-08-11 10:42:32,346 - INFO -    Rounds: 5
2025-08-11 10:42:32,346 - INFO -    Convergence: True
2025-08-11 10:42:32,346 - INFO -    Convergence reason: Convergence threshold met (improvement: 0.000)
2025-08-11 10:42:32,346 - INFO -    Exploration ratio: 60.0%
2025-08-11 10:42:32,346 - INFO -    Insights learned: 2
2025-08-11 10:42:32,347 - INFO -    Total time: 681.43s
2025-08-11 10:42:32,347 - INFO - Prompt optimized in 5 rounds: 0.835 → 0.908 (+0.072)
2025-08-11 10:42:32,347 - INFO - ✅ Target score achieved!
2025-08-11 10:42:32,356 - INFO - 
--- Episode 1, Prompt 18 (Total: 43) ---
2025-08-11 10:42:32,359 - INFO - Optimizing: 'gray robot with two round eyes'
2025-08-11 10:42:32,359 - INFO - 🔍 Checking server availability before optimization...
2025-08-11 10:42:32,371 - INFO - ✅ Server is available (status: completed)
2025-08-11 10:42:32,373 - INFO - 📝 Marked server as used at 1754908952.373644
2025-08-11 10:42:32,373 - INFO - ✅ Server is available and marked as used
2025-08-11 10:42:35,346 - INFO - 🔄 Reproducibility optimization applied:
2025-08-11 10:42:35,349 - INFO -    Original: gray robot with two round eyes
2025-08-11 10:42:35,349 - INFO -    Optimized: wbgmsst, a highly advanced AI-powered robot with accurate and complete features, rendered in gray material, has round eyes that interact well with lighting in a front view on a white background.
2025-08-11 10:42:35,349 - INFO -    Similarity: 1.000
2025-08-11 10:42:35,349 - INFO -    Gold score: 0.9122
2025-08-11 10:42:35,349 - INFO -       🔧 Overriding endpoint: generate/baolei/
2025-08-11 10:42:35,349 - INFO -       🔧 Using endpoint: generate/baolei/
2025-08-11 10:42:40,364 - WARNING - ⚠️ Exception checking TRELLIS server status: HTTPConnectionPool(host='localhost', port=8096): Read timed out. (read timeout=5), proceeding anyway.
2025-08-11 10:42:40,365 - INFO - 
🔄 RL LOOP OPTIMIZATION: 'gray robot with two round eyes'
2025-08-11 10:42:40,365 - INFO -    Session: rl_session_1754908960_4837
2025-08-11 10:42:40,365 - INFO -    Max rounds: 18
2025-08-11 10:42:40,365 - INFO -    Min rounds before convergence: 5
2025-08-11 10:42:40,365 - INFO -    Target score: 0.99
2025-08-11 10:42:40,365 - INFO -       🎯 Found previous best attempt: a highly advanced, AI-powered gray robot with two round, high-resolution display eyes featuring advanced nanotechnology and micro-electromechanical systems (MEMS) for enhanced sensory capabilities, equipped with precision-crafted tools for delicate assembly tasks, front view, accurate, complete, white background (score: 0.9122)
2025-08-11 10:42:40,365 - INFO -       🎯 Strategy used: conservative_enhancement
2025-08-11 10:42:40,366 - INFO -       🎯 Session ID: rl_session_1754845206_2473
2025-08-11 10:42:40,366 - INFO -       🎯 Past final best prompt: a gray robot with two round eyes made of durable, high-tech polymers and equipped with precision-crafted tools for delicate assembly tasks, front view, accurate, complete, white background
2025-08-11 10:42:40,366 - INFO -       🎯 Past final best score: 0.916
2025-08-11 10:42:40,366 - INFO -       🎯 Past session ID: rl_session_1754845206_2473
2025-08-11 10:42:40,366 - INFO -       🎯 Past learned insights: Iterative improvement successful: 0.833 → 0.903, Best performing strategy in session: conservative_enhancement, Explored 3 different strategies
2025-08-11 10:42:40,366 - INFO -       🎯 Past strategy performance updates: {'minimalist_refinement': 0.15159855840758263, 'conservative_enhancement': 0.027661169844642064, 'hybrid_approach': 0.3117080848713536}
2025-08-11 10:42:40,366 - INFO -       🎯 Past final best prompt: a gray robot with two round eyes made of durable, high-tech polymers and equipped with precision-crafted tools for delicate assembly tasks, front view, accurate, complete, white background
2025-08-11 10:42:40,366 - INFO -       🎯 Past final best score: 0.916
2025-08-11 10:42:40,366 - INFO - 
   🔄 RL Round 1/18
2025-08-11 10:42:40,367 - INFO -       🎯 Strategy: conservative_enhancement (exploit)
2025-08-11 10:42:59,851 - WARNING - [TRELLIS] Exception clearing GPU cache: HTTPConnectionPool(host='localhost', port=8096): Read timed out. (read timeout=10)
2025-08-11 10:42:59,852 - INFO -       🔍 Validating...
2025-08-11 10:42:59,852 - INFO -       📝 Using optimized prompt for generation: 'a gray robot with two round eyes made of durable, high-tech polymers and equipped with precision-crafted tools for delicate assembly tasks, side view, highlighting intricate mechanical components and a subtle sheen on the metallic surface, accurate, complete, white background...'
2025-08-11 10:42:59,856 - INFO -       🎯 Computing scores against original prompt: 'gray robot with two round eyes...'
2025-08-11 10:45:44,530 - WARNING -    ❌ Validation failed (return code 1)
2025-08-11 10:45:44,530 - INFO -       📊 Validation score: 0.0000
2025-08-11 10:45:44,531 - INFO - 
   🔄 RL Round 2/18
2025-08-11 10:45:44,531 - INFO -       🎯 Strategy: technical_precision (exploit)
2025-08-11 10:45:58,935 - WARNING - [TRELLIS] Exception clearing GPU cache: HTTPConnectionPool(host='localhost', port=8096): Read timed out. (read timeout=10)
2025-08-11 10:45:58,936 - INFO -       🔍 Validating...
2025-08-11 10:45:58,936 - INFO -       📝 Using optimized prompt for generation: 'a gray robot with two round eyes made of durable, high-tech polymers and equipped with precision-crafted tools for delicate assembly tasks, front view, accurate, detailed, white background, front view, accurate, complete, white background...'
2025-08-11 10:45:58,936 - INFO -       🎯 Computing scores against original prompt: 'gray robot with two round eyes...'
2025-08-11 10:47:58,549 - INFO -       📊 Validation score: 0.8123
2025-08-11 10:47:58,550 - INFO - 
   🔄 RL Round 3/18
2025-08-11 10:47:58,550 - INFO -       🎯 Strategy: technical_precision (exploit)
2025-08-11 10:48:06,553 - INFO - [TRELLIS] GPU cache cleared: {'status': 'cache_cleared', 'available_memory_gb': 16.7870464}
2025-08-11 10:48:06,554 - INFO -       🔍 Validating...
2025-08-11 10:48:06,555 - INFO -       📝 Using optimized prompt for generation: 'a gray robot with two round eyes made of advanced, high-strength polymers and precision-crafted tools for delicate assembly tasks, front view, optimized for maximum detail, front view, accurate, complete, white background...'
2025-08-11 10:48:06,558 - INFO -       🎯 Computing scores against original prompt: 'gray robot with two round eyes...'
2025-08-11 10:49:59,390 - INFO -       📊 Validation score: 0.9122
2025-08-11 10:49:59,390 - INFO -       🎯 New best score: 0.9122
2025-08-11 10:49:59,391 - INFO -       📈 Improvement detected: technical_precision working better
2025-08-11 10:49:59,391 - INFO - 
   🔄 RL Round 4/18
2025-08-11 10:49:59,391 - INFO -       🎯 Strategy: technical_precision (exploit)
2025-08-11 10:50:07,076 - INFO - [TRELLIS] GPU cache cleared: {'status': 'cache_cleared', 'available_memory_gb': 17.2015616}
2025-08-11 10:50:07,076 - INFO -       🔍 Validating...
2025-08-11 10:50:07,080 - INFO -       📝 Using optimized prompt for generation: 'a gray robot with two round eyes made of durable, high-tech polymers and equipped with precision-crafted tools for delicate assembly tasks, front view, accurate, complete, white background...'
2025-08-11 10:50:07,080 - INFO -       🎯 Computing scores against original prompt: 'gray robot with two round eyes...'
2025-08-11 10:51:58,598 - INFO -       📊 Validation score: 0.8731
2025-08-11 10:51:58,599 - INFO -       📉 Score declined: Consider different approach
2025-08-11 10:51:58,599 - INFO - 
   🔄 RL Round 5/18
2025-08-11 10:51:58,600 - INFO -       🎯 Strategy: hybrid_approach (explore)
2025-08-11 10:52:05,873 - INFO - [TRELLIS] GPU cache cleared: {'status': 'cache_cleared', 'available_memory_gb': 17.2015616}
2025-08-11 10:52:05,873 - INFO -       🔍 Validating...
2025-08-11 10:52:05,873 - INFO -       📝 Using optimized prompt for generation: 'a gray robot with two round eyes made of high-strength, precision-engineered polymers and equipped with delicate assembly tools for intricate tasks, front view, accurate, complete, front view, accurate, complete, white background...'
2025-08-11 10:52:05,873 - INFO -       🎯 Computing scores against original prompt: 'gray robot with two round eyes...'
2025-08-11 10:55:11,332 - INFO -       📊 Validation score: 0.8544
2025-08-11 10:55:11,332 - INFO -       📉 Score declined: Consider different approach
2025-08-11 10:55:11,332 - INFO - 
   🔄 RL Round 6/18
2025-08-11 10:55:11,332 - INFO -       🎯 Strategy: material_focus (explore)
2025-08-11 10:55:26,754 - WARNING - [TRELLIS] Exception clearing GPU cache: HTTPConnectionPool(host='localhost', port=8096): Read timed out. (read timeout=10)
2025-08-11 10:55:26,754 - INFO -       🔍 Validating...
2025-08-11 10:55:26,754 - INFO -       📝 Using optimized prompt for generation: 'a gray robot with two round eyes made of advanced, high-strength polymers and equipped with precision-crafted tools, front view, accurate, front view, accurate, complete, white background...'
2025-08-11 10:55:26,755 - INFO -       🎯 Computing scores against original prompt: 'gray robot with two round eyes...'
2025-08-11 10:58:12,077 - INFO -       📊 Validation score: 0.8882
2025-08-11 10:58:12,078 - INFO -       📈 Improvement detected: material_focus working better
2025-08-11 10:58:12,078 - INFO - 
   🔄 RL Round 7/18
2025-08-11 10:58:12,078 - INFO -       🎯 Strategy: technical_precision (exploit)
2025-08-11 10:58:19,993 - INFO - [TRELLIS] GPU cache cleared: {'status': 'cache_cleared', 'available_memory_gb': 16.81850368}
2025-08-11 10:58:19,994 - INFO -       🔍 Validating...
2025-08-11 10:58:19,994 - INFO -       📝 Using optimized prompt for generation: 'a gray robot with two round eyes made of high-strength, precision-engineered polymers and equipped with advanced sensors for precise mechanical assembly tasks, front view, accurate, complete, white background...'
2025-08-11 10:58:19,994 - INFO -       🎯 Computing scores against original prompt: 'gray robot with two round eyes...'
2025-08-11 11:00:51,593 - WARNING -    ❌ Validation failed (return code 1)
2025-08-11 11:00:51,594 - INFO -       📊 Validation score: 0.0000
2025-08-11 11:00:51,594 - INFO - 
   🔄 RL Round 8/18
2025-08-11 11:00:51,595 - INFO -       🎯 Strategy: technical_precision (explore)
2025-08-11 11:01:09,468 - WARNING - [TRELLIS] Exception clearing GPU cache: HTTPConnectionPool(host='localhost', port=8096): Read timed out. (read timeout=10)
2025-08-11 11:01:09,468 - INFO -       🔍 Validating...
2025-08-11 11:01:09,468 - INFO -       📝 Using optimized prompt for generation: 'a gray robot with two round eyes made of advanced, high-strength polymers and precision-crafted tools for intricate assembly tasks, front view, accurate, complete, white background...'
2025-08-11 11:01:09,468 - INFO -       🎯 Computing scores against original prompt: 'gray robot with two round eyes...'
2025-08-11 11:03:44,693 - WARNING -    ❌ Validation failed (return code 1)
2025-08-11 11:03:44,694 - INFO -       📊 Validation score: 0.0000
2025-08-11 11:03:44,694 - INFO -       ✅ Convergence achieved: Convergence threshold met (improvement: 0.000)
2025-08-11 11:03:44,772 - INFO - 
🎯 RL LOOP COMPLETE:
2025-08-11 11:03:44,772 - INFO -    Best prompt: a gray robot with two round eyes made of advanced, high-strength polymers and precision-crafted tools for delicate assembly tasks, front view, optimized for maximum detail, front view, accurate, complete, white background
2025-08-11 11:03:44,772 - INFO -    Best score: 0.9122
2025-08-11 11:03:44,773 - INFO -    Rounds: 8
2025-08-11 11:03:44,773 - INFO -    Convergence: True
2025-08-11 11:03:44,774 - INFO -    Convergence reason: Convergence threshold met (improvement: 0.000)
2025-08-11 11:03:44,777 - INFO -    Exploration ratio: 37.5%
2025-08-11 11:03:44,777 - INFO -    Insights learned: 3
2025-08-11 11:03:44,777 - INFO -    Total time: 1264.33s
2025-08-11 11:03:44,777 - INFO - Prompt optimized in 8 rounds: 0.000 → 0.912 (+0.912)
2025-08-11 11:03:44,778 - INFO - ✅ Target score achieved!
2025-08-11 11:03:44,791 - INFO - 
--- Episode 1, Prompt 19 (Total: 43) ---
2025-08-11 11:03:44,791 - INFO - Optimizing: 'small brass candlestick holder with spiral'
2025-08-11 11:03:44,794 - INFO - 🔍 Checking server availability before optimization...
2025-08-11 11:03:49,804 - INFO - ⏳ Server unavailable: timeout - Server status check timed out
2025-08-11 11:03:59,822 - INFO - ⏳ Server unavailable: timeout - Server status check timed out
2025-08-11 11:04:09,837 - INFO - ⏳ Server unavailable: timeout - Server status check timed out
2025-08-11 11:04:19,855 - INFO - ⏳ Server unavailable: timeout - Server status check timed out
2025-08-11 11:04:24,893 - INFO - ✅ Server is available (status: completed)
2025-08-11 11:04:24,893 - INFO - 📝 Marked server as used at 1754910264.893956
2025-08-11 11:04:24,894 - INFO - ✅ Server is available and marked as used
2025-08-11 11:04:29,139 - INFO - 🔄 Reproducibility optimization applied:
2025-08-11 11:04:29,141 - INFO -    Original: small brass candlestick holder with spiral
2025-08-11 11:04:29,142 - INFO -    Optimized: wbgmsst, a precise and complete small brass candlestick holder with an intricate hand-crafted twist that spirals elegantly around its middle in a gentle curved motion, made of brass, on a white background, front view.
2025-08-11 11:04:29,144 - INFO -    Similarity: 1.000
2025-08-11 11:04:29,144 - INFO -    Gold score: 0.9265
2025-08-11 11:04:29,144 - INFO -       🔧 Overriding endpoint: generate/baolei/
2025-08-11 11:04:29,144 - INFO -       🔧 Using endpoint: generate/baolei/
2025-08-11 11:04:29,157 - INFO - 
🔄 RL LOOP OPTIMIZATION: 'small brass candlestick holder with spiral'
2025-08-11 11:04:29,161 - INFO -    Session: rl_session_1754910269_5812
2025-08-11 11:04:29,161 - INFO -    Max rounds: 18
2025-08-11 11:04:29,161 - INFO -    Min rounds before convergence: 5
2025-08-11 11:04:29,161 - INFO -    Target score: 0.99
2025-08-11 11:04:29,161 - INFO -       🎯 Found previous best attempt: a slender small brass candlestick holder with an intricate, hand-crafted twist that spirals elegantly around its middle in a gentle, curved motion, precise, complete, white background, front view, accurate, complete, white background (score: 0.9265)
2025-08-11 11:04:29,164 - INFO -       🎯 Strategy used: contextual_scene_building
2025-08-11 11:04:29,164 - INFO -       🎯 Session ID: rl_session_1754845849_3758
2025-08-11 11:04:29,164 - INFO -       🎯 Past final best prompt: a slender small brass candlestick holder with an intricate, hand-crafted twist that spirals elegantly around its middle in a gentle, curved motion, precise, complete, white background, front view, accurate, complete, white background
2025-08-11 11:04:29,164 - INFO -       🎯 Past final best score: 0.926
2025-08-11 11:04:29,164 - INFO -       🎯 Past session ID: rl_session_1754845849_3758
2025-08-11 11:04:29,165 - INFO -       🎯 Past learned insights: Iterative improvement successful: 0.897 → 0.925, Best performing strategy in session: contextual_scene_building, Explored 3 different strategies
2025-08-11 11:04:29,165 - INFO -       🎯 Past strategy performance updates: {'conservative_enhancement': 0.019921661645393218, 'artistic_elaboration': 0.12433801564794922, 'contextual_scene_building': 0.18796060374757795}
2025-08-11 11:04:29,165 - INFO -       🎯 Past final best prompt: a slender small brass candlestick holder with an intricate, hand-crafted twist that spirals elegantly around its middle in a gentle, curved motion, precise, complete, white background, front view, accurate, complete, white background
2025-08-11 11:04:29,166 - INFO -       🎯 Past final best score: 0.926
2025-08-11 11:04:29,169 - INFO - 
   🔄 RL Round 1/18
2025-08-11 11:04:29,169 - INFO -       🎯 Strategy: technical_precision (explore)
2025-08-11 11:04:38,342 - INFO - [TRELLIS] GPU cache cleared: {'status': 'cache_cleared', 'available_memory_gb': 10.8101632}
2025-08-11 11:04:38,345 - INFO -       🔍 Validating...
2025-08-11 11:04:38,346 - INFO -       📝 Using optimized prompt for generation: 'a slender small brass candlestick holder with an elegant, swirling spiral that wraps around its middle in a precise, flowing motion, set against a soft, creamy white background and viewed from a slightly raised angle for optimal illumination, front view, accurate, complete, white background...'
2025-08-11 11:04:38,346 - INFO -       🎯 Computing scores against original prompt: 'small brass candlestick holder with spiral...'
2025-08-11 11:07:14,363 - INFO -       📊 Validation score: 0.8852
2025-08-11 11:07:14,363 - INFO - 
   🔄 RL Round 2/18
2025-08-11 11:07:14,363 - INFO -       🎯 Strategy: hybrid_approach (exploit)
2025-08-11 11:07:21,759 - INFO - [TRELLIS] GPU cache cleared: {'status': 'cache_cleared', 'available_memory_gb': 17.199464448}
2025-08-11 11:07:21,763 - INFO -       🔍 Validating...
2025-08-11 11:07:21,763 - INFO -       📝 Using optimized prompt for generation: 'a slender small brass candlestick holder with a refined, organic twist that spirals elegantly around its middle in a gentle, curved motion, precise, complete, warm background, front view, accurate, front view, accurate, complete, white background...'
2025-08-11 11:07:21,763 - INFO -       🎯 Computing scores against original prompt: 'small brass candlestick holder with spiral...'
2025-08-11 11:09:09,117 - INFO -       📊 Validation score: 0.8981
2025-08-11 11:09:09,118 - INFO -       📈 Improvement detected: hybrid_approach working better
2025-08-11 11:09:09,118 - INFO - 
   🔄 RL Round 3/18
2025-08-11 11:09:09,118 - INFO -       🎯 Strategy: material_focus (explore)
2025-08-11 11:09:16,085 - INFO - [TRELLIS] GPU cache cleared: {'status': 'cache_cleared', 'available_memory_gb': 17.199464448}
2025-08-11 11:09:16,086 - INFO -       🔍 Validating...
2025-08-11 11:09:16,086 - INFO -       📝 Using optimized prompt for generation: 'a slender small brass candlestick holder with a delicate, hand-crafted twist that spirals elegantly around its middle in a smooth, fluid motion, precise, complete, white background, front view...'
2025-08-11 11:09:16,089 - INFO -       🎯 Computing scores against original prompt: 'small brass candlestick holder with spiral...'
2025-08-11 11:11:07,047 - INFO -       📊 Validation score: 0.9118
2025-08-11 11:11:07,048 - INFO -       📈 Improvement detected: material_focus working better
2025-08-11 11:11:07,048 - INFO - 
   🔄 RL Round 4/18
2025-08-11 11:11:07,048 - INFO -       🎯 Strategy: artistic_elaboration (explore)
2025-08-11 11:11:15,953 - INFO - [TRELLIS] GPU cache cleared: {'status': 'cache_cleared', 'available_memory_gb': 17.199464448}
2025-08-11 11:11:15,955 - INFO -       🔍 Validating...
2025-08-11 11:11:15,955 - INFO -       📝 Using optimized prompt for generation: 'a slender small brass candlestick holder with an intricate, hand-crafted twist that spirals elegantly around its middle in a gentle, curved motion, precise, complete, white background, front view, accurate, complete, front view, accurate, complete, white background...'
2025-08-11 11:11:15,955 - INFO -       🎯 Computing scores against original prompt: 'small brass candlestick holder with spiral...'
2025-08-11 11:12:52,885 - INFO -       📊 Validation score: 0.8894
2025-08-11 11:12:52,885 - INFO -       📉 Score declined: Consider different approach
2025-08-11 11:12:52,885 - INFO - 
   🔄 RL Round 5/18
2025-08-11 11:12:52,886 - INFO -       🎯 Strategy: hybrid_approach (exploit)
2025-08-11 11:13:00,290 - INFO - [TRELLIS] GPU cache cleared: {'status': 'cache_cleared', 'available_memory_gb': 17.199464448}
2025-08-11 11:13:00,291 - INFO -       🔍 Validating...
2025-08-11 11:13:00,291 - INFO -       📝 Using optimized prompt for generation: 'a slender small brass candlestick holder with an intricate, hand-crafted twist that spirals elegantly around its middle in a gentle, curved motion, precise, complete, white background, front view, front view, accurate, complete, white background...'
2025-08-11 11:13:00,291 - INFO -       🎯 Computing scores against original prompt: 'small brass candlestick holder with spiral...'
2025-08-11 11:14:43,418 - INFO -       📊 Validation score: 0.8676
2025-08-11 11:14:43,419 - INFO -       📉 Score declined: Consider different approach
2025-08-11 11:14:43,419 - INFO - 
   🔄 RL Round 6/18
2025-08-11 11:14:43,419 - INFO -       🎯 Strategy: material_focus (exploit)
2025-08-11 11:14:51,085 - INFO - [TRELLIS] GPU cache cleared: {'status': 'cache_cleared', 'available_memory_gb': 17.199464448}
2025-08-11 11:14:51,088 - INFO -       🔍 Validating...
2025-08-11 11:14:51,088 - INFO -       📝 Using optimized prompt for generation: 'a slender small brass candlestick holder with an intricate, hand-crafted twist that spirals elegantly around its middle in a gentle, curved motion, precise, complete, white background, front view, accurate, complete, white background...'
2025-08-11 11:14:51,088 - INFO -       🎯 Computing scores against original prompt: 'small brass candlestick holder with spiral...'
2025-08-11 11:16:42,043 - INFO -       📊 Validation score: 0.6230
2025-08-11 11:16:42,047 - INFO -       📉 Score declined: Consider different approach
2025-08-11 11:16:42,048 - INFO - 
   🔄 RL Round 7/18
2025-08-11 11:16:42,049 - INFO -       🔍 Explore performing better - increasing epsilon to 0.54
2025-08-11 11:16:42,050 - INFO -       🎯 Strategy: hybrid_approach (exploit)
2025-08-11 11:16:49,851 - INFO - [TRELLIS] GPU cache cleared: {'status': 'cache_cleared', 'available_memory_gb': 17.199464448}
2025-08-11 11:16:49,854 - INFO -       🔍 Validating...
2025-08-11 11:16:49,854 - INFO -       📝 Using optimized prompt for generation: 'a slender small brass candlestick holder with an intricately crafted spiral that wraps around its middle in a gentle, curved motion, precise, complete, white background, front view, front view, accurate, complete, white background...'
2025-08-11 11:16:49,854 - INFO -       🎯 Computing scores against original prompt: 'small brass candlestick holder with spiral...'
2025-08-11 11:18:42,212 - INFO -       📊 Validation score: 0.6166
2025-08-11 11:18:42,212 - INFO -       ✅ Convergence achieved: Convergence threshold met (improvement: -0.006)
2025-08-11 11:18:42,296 - INFO - 
🎯 RL LOOP COMPLETE:
2025-08-11 11:18:42,298 - INFO -    Best prompt: a slender small brass candlestick holder with an intricate, hand-crafted twist that spirals elegantly around its middle in a gentle, curved motion, precise, complete, white background, front view, accurate, complete, white background
2025-08-11 11:18:42,299 - INFO -    Best score: 0.9265
2025-08-11 11:18:42,299 - INFO -    Rounds: 7
2025-08-11 11:18:42,299 - INFO -    Convergence: True
2025-08-11 11:18:42,300 - INFO -    Convergence reason: Convergence threshold met (improvement: -0.006)
2025-08-11 11:18:42,300 - INFO -    Exploration ratio: 42.9%
2025-08-11 11:18:42,300 - INFO -    Insights learned: 2
2025-08-11 11:18:42,301 - INFO -    Total time: 853.06s
2025-08-11 11:18:42,301 - INFO - Prompt optimized in 7 rounds: 0.885 → 0.926 (+0.041)
2025-08-11 11:18:42,302 - INFO - ✅ Target score achieved!
2025-08-11 11:18:42,311 - INFO - 
--- Episode 1, Prompt 20 (Total: 43) ---
2025-08-11 11:18:42,314 - INFO - Optimizing: 'magical potion bottle with starry label'
2025-08-11 11:18:42,315 - INFO - 🔍 Checking server availability before optimization...
2025-08-11 11:18:42,332 - INFO - ✅ Server is available (status: completed)
2025-08-11 11:18:42,332 - INFO - 📝 Marked server as used at 1754911122.3328724
2025-08-11 11:18:42,332 - INFO - ✅ Server is available and marked as used
2025-08-11 11:18:45,861 - INFO - 🔄 Reproducibility optimization applied:
2025-08-11 11:18:45,862 - INFO -    Original: magical potion bottle with starry label
2025-08-11 11:18:45,863 - INFO -    Optimized: wbgmsst, an accurate and complete glass potion bottle with slender glass, ethereal material, a starry silver label, delicate design, swirling patterns, and subtle shimmering effects in the moonlight, white background.
2025-08-11 11:18:45,863 - INFO -    Similarity: 1.000
2025-08-11 11:18:45,863 - INFO -    Gold score: 0.9057
2025-08-11 11:18:45,864 - INFO -       🔧 Overriding endpoint: generate/baolei/
2025-08-11 11:18:45,864 - INFO -       🔧 Using endpoint: generate/baolei/
2025-08-11 11:18:45,871 - INFO - 
🔄 RL LOOP OPTIMIZATION: 'magical potion bottle with starry label'
2025-08-11 11:18:45,872 - INFO -    Session: rl_session_1754911125_8291
2025-08-11 11:18:45,872 - INFO -    Max rounds: 18
2025-08-11 11:18:45,873 - INFO -    Min rounds before convergence: 5
2025-08-11 11:18:45,873 - INFO -    Target score: 0.99
2025-08-11 11:18:45,878 - INFO -       🎯 Found previous best attempt: a slender glass potion bottle adorned with an ethereal, starry silver label featuring delicate, swirling patterns and subtle shimmering effects in the moonlight, front view, accurate, complete, white background (score: 0.9057)
2025-08-11 11:18:45,878 - INFO -       🎯 Strategy used: aggressive_transformation
2025-08-11 11:18:45,878 - INFO -       🎯 Session ID: rl_session_1754846513_9376
2025-08-11 11:18:45,879 - INFO -       🎯 Past final best prompt: a slender glass potion bottle adorned with an ethereal, starry silver label featuring delicate, swirling patterns and subtle shimmering effects in the moonlight, front view, accurate, complete, white background
2025-08-11 11:18:45,879 - INFO -       🎯 Past final best score: 0.906
2025-08-11 11:18:45,879 - INFO -       🎯 Past session ID: rl_session_1754846513_9376
2025-08-11 11:18:45,879 - INFO -       🎯 Past learned insights: Best performing strategy in session: material_focus, Explored 6 different strategies
2025-08-11 11:18:45,879 - INFO -       🎯 Past strategy performance updates: {'artistic_elaboration': 0.07599109389958492, 'contextual_scene_building': -0.003147377750181146, 'material_focus': -0.10401452617585849, 'technical_precision': 0.08235440557070572, 'aggressive_transformation': -0.0449355971473947}
2025-08-11 11:18:45,879 - INFO -       🎯 Past final best prompt: a slender glass potion bottle adorned with an ethereal, starry silver label featuring delicate, swirling patterns and subtle shimmering effects in the moonlight, front view, accurate, complete, white background
2025-08-11 11:18:45,879 - INFO -       🎯 Past final best score: 0.906
2025-08-11 11:18:45,879 - INFO - 
   🔄 RL Round 1/18
2025-08-11 11:18:45,880 - INFO -       🔍 Explore performing better - increasing epsilon to 0.58
2025-08-11 11:18:45,882 - INFO -       🎯 Strategy: hybrid_approach (explore)
2025-08-11 11:18:51,087 - INFO - [TRELLIS] GPU cache cleared: {'status': 'cache_cleared', 'available_memory_gb': 17.199464448}
2025-08-11 11:18:51,088 - INFO -       🔍 Validating...
2025-08-11 11:18:51,088 - INFO -       📝 Using optimized prompt for generation: 'a slender glass potion bottle made from fine, translucent crystal with an ethereal, starry silver label featuring delicate, swirling patterns and subtle shimmering effects in the moonlight, front view, accurate, complete, white background...'
2025-08-11 11:18:51,088 - INFO -       🎯 Computing scores against original prompt: 'magical potion bottle with starry label...'
2025-08-11 11:20:42,081 - INFO -       📊 Validation score: 0.4024
2025-08-11 11:20:42,082 - INFO - 
   🔄 RL Round 2/18
2025-08-11 11:20:42,082 - INFO -       🎯 Strategy: hybrid_approach (explore)
2025-08-11 11:20:56,945 - WARNING - [TRELLIS] Exception clearing GPU cache: HTTPConnectionPool(host='localhost', port=8096): Read timed out. (read timeout=10)
2025-08-11 11:20:56,945 - INFO -       🔍 Validating...
2025-08-11 11:20:56,945 - INFO -       📝 Using optimized prompt for generation: 'a slender glass potion bottle adorned with an ethereal, starry silver label featuring delicate, swirling patterns that evoke ancient mystical symbols and subtle shimmering effects in the moonlight, front view, accurate, complete, white background...'
2025-08-11 11:20:56,945 - INFO -       🎯 Computing scores against original prompt: 'magical potion bottle with starry label...'
2025-08-11 11:24:00,163 - INFO -       📊 Validation score: -0.0483
2025-08-11 11:24:00,164 - INFO -       📉 Score declined: Consider different approach
2025-08-11 11:24:00,164 - INFO -       🔍 Increasing exploration to 0.68
2025-08-11 11:24:00,164 - INFO - 
   🔄 RL Round 3/18
2025-08-11 11:24:00,164 - INFO -       🎯 Strategy: hybrid_approach (explore)
2025-08-11 11:24:14,783 - WARNING - [TRELLIS] Exception clearing GPU cache: HTTPConnectionPool(host='localhost', port=8096): Read timed out. (read timeout=10)
2025-08-11 11:24:14,784 - INFO -       🔍 Validating...
2025-08-11 11:24:14,785 - INFO -       📝 Using optimized prompt for generation: 'a slender glass potion bottle adorned with an ethereal, starry silver label featuring intricate, swirling patterns that seem to shift and shimmer in the light, with subtle etchings on the crystal surface...'
2025-08-11 11:24:14,785 - INFO -       🎯 Computing scores against original prompt: 'magical potion bottle with starry label...'
2025-08-11 11:26:12,342 - INFO -       📊 Validation score: 0.4392
2025-08-11 11:26:12,343 - INFO -       📈 Improvement detected: hybrid_approach working better
2025-08-11 11:26:12,343 - INFO -       🔍 Increasing exploration to 0.76
2025-08-11 11:26:12,343 - INFO - 
   🔄 RL Round 4/18
2025-08-11 11:26:12,343 - INFO -       🎯 Strategy: material_focus (explore)
2025-08-11 11:26:20,197 - INFO - [TRELLIS] GPU cache cleared: {'status': 'cache_cleared', 'available_memory_gb': 16.162095104}
2025-08-11 11:26:20,199 - INFO -       🔍 Validating...
2025-08-11 11:26:20,200 - INFO -       📝 Using optimized prompt for generation: 'a slender glass potion bottle adorned with an ethereal, starry silver label featuring intricate, swirling patterns that shift subtly in the light as if kissed by moonbeams, front view, accurate, complete, white background...'
2025-08-11 11:26:20,201 - INFO -       🎯 Computing scores against original prompt: 'magical potion bottle with starry label...'
2025-08-11 11:28:06,331 - INFO -       📊 Validation score: 0.1338
2025-08-11 11:28:06,332 - INFO -       📉 Score declined: Consider different approach
2025-08-11 11:28:06,332 - INFO -       🔍 Increasing exploration to 0.80
2025-08-11 11:28:06,332 - INFO - 
   🔄 RL Round 5/18
2025-08-11 11:28:06,333 - INFO -       🎯 Strategy: material_focus (explore)
2025-08-11 11:28:13,563 - INFO - [TRELLIS] GPU cache cleared: {'status': 'cache_cleared', 'available_memory_gb': 16.579428352}
2025-08-11 11:28:13,565 - INFO -       🔍 Validating...
2025-08-11 11:28:13,567 - INFO -       📝 Using optimized prompt for generation: 'a slender glass potion bottle adorned with an ethereal, starry silver label featuring intricate, swirling patterns and microscopic details in a rich, velvety finish, front view, accurate, complete, white background...'
2025-08-11 11:28:13,567 - INFO -       🎯 Computing scores against original prompt: 'magical potion bottle with starry label...'
2025-08-11 11:30:31,324 - WARNING -    ❌ Validation failed (return code 1)
2025-08-11 11:30:31,324 - INFO -       📊 Validation score: 0.0000
2025-08-11 11:30:31,324 - INFO - 
   🔄 RL Round 6/18
2025-08-11 11:30:31,325 - INFO -       🎯 Strategy: minimalist_refinement (exploit)
2025-08-11 11:30:50,579 - WARNING - [TRELLIS] Exception clearing GPU cache: HTTPConnectionPool(host='localhost', port=8096): Read timed out. (read timeout=10)
2025-08-11 11:30:50,579 - INFO -       🔍 Validating...
2025-08-11 11:30:50,579 - INFO -       📝 Using optimized prompt for generation: 'a slender glass potion bottle adorned with an ethereal, starry silver label featuring intricate, swirling patterns and subtle shimmering effects in the moonlight, front view, accurate, complete, white background...'
2025-08-11 11:30:50,579 - INFO -       🎯 Computing scores against original prompt: 'magical potion bottle with starry label...'
2025-08-11 11:32:46,842 - INFO -       📊 Validation score: 0.7140
2025-08-11 11:32:46,843 - INFO - 
   🔄 RL Round 7/18
2025-08-11 11:32:46,843 - INFO -       🎯 Strategy: material_focus (explore)
2025-08-11 11:33:02,661 - WARNING - [TRELLIS] Exception clearing GPU cache: HTTPConnectionPool(host='localhost', port=8096): Read timed out. (read timeout=10)
2025-08-11 11:33:02,662 - INFO -       🔍 Validating...
2025-08-11 11:33:02,662 - INFO -       📝 Using optimized prompt for generation: 'a slender glass potion bottle adorned with an ethereal, starry silver label featuring intricate, swirling patterns and a soft, luminescent glow in the moonlight, front view, accurate, complete, white background...'
2025-08-11 11:33:02,662 - INFO -       🎯 Computing scores against original prompt: 'magical potion bottle with starry label...'
2025-08-11 11:35:19,112 - WARNING -    ❌ Validation failed (return code 1)
2025-08-11 11:35:19,112 - INFO -       📊 Validation score: 0.0000
2025-08-11 11:35:19,112 - INFO - 
   🔄 RL Round 8/18
2025-08-11 11:35:19,112 - INFO -       🎯 Strategy: material_focus (explore)
2025-08-11 11:35:26,927 - INFO - [TRELLIS] GPU cache cleared: {'status': 'cache_cleared', 'available_memory_gb': 17.2015616}
2025-08-11 11:35:26,929 - INFO -       🔍 Validating...
2025-08-11 11:35:26,929 - INFO -       📝 Using optimized prompt for generation: 'a slender glass potion bottle adorned with an ethereal, starry silver label featuring intricate, swirling patterns and subtle shimmering effects in the moonlight, front view, front view, accurate, complete, white background...'
2025-08-11 11:35:26,932 - INFO -       🎯 Computing scores against original prompt: 'magical potion bottle with starry label...'
2025-08-11 11:37:13,554 - INFO -       📊 Validation score: 0.6979
2025-08-11 11:37:13,555 - INFO - 
   🔄 RL Round 9/18
2025-08-11 11:37:13,555 - INFO -       🎯 Strategy: minimalist_refinement (exploit)
2025-08-11 11:37:19,328 - INFO - [TRELLIS] GPU cache cleared: {'status': 'cache_cleared', 'available_memory_gb': 17.2015616}
2025-08-11 11:37:19,329 - INFO -       🔍 Validating...
2025-08-11 11:37:19,331 - INFO -       📝 Using optimized prompt for generation: 'a slender glass potion bottle adorned with an ethereal, starry silver label featuring delicate, swirling patterns and subtle shimmering effects in the moonlight, front view, accurate, complete, white background...'
2025-08-11 11:37:19,332 - INFO -       🎯 Computing scores against original prompt: 'magical potion bottle with starry label...'
2025-08-11 11:39:10,855 - WARNING -    🔧 Score 0.0 - clearing CUDA cache
2025-08-11 11:39:10,855 - INFO -       📊 Validation score: 0.0000
2025-08-11 11:39:10,856 - INFO - 
   🔄 RL Round 10/18
2025-08-11 11:39:10,856 - INFO -       🎯 Strategy: minimalist_refinement (explore)
2025-08-11 11:39:27,964 - WARNING - [TRELLIS] Exception clearing GPU cache: HTTPConnectionPool(host='localhost', port=8096): Read timed out. (read timeout=10)
2025-08-11 11:39:27,965 - INFO -       🔍 Validating...
2025-08-11 11:39:27,965 - INFO -       📝 Using optimized prompt for generation: 'a slender glass potion bottle adorned with an ethereal, starry silver label featuring intricate, swirling patterns of constellations on a dark blue background with subtle shimmering effects, front view, accurate, complete, white background...'
2025-08-11 11:39:27,965 - INFO -       🎯 Computing scores against original prompt: 'magical potion bottle with starry label...'
2025-08-11 11:41:15,710 - INFO -       📊 Validation score: 0.8718
2025-08-11 11:41:15,710 - INFO - 
   🔄 RL Round 11/18
2025-08-11 11:41:15,711 - INFO -       🎯 Strategy: artistic_elaboration (explore)
2025-08-11 11:41:23,234 - INFO - [TRELLIS] GPU cache cleared: {'status': 'cache_cleared', 'available_memory_gb': 16.333340672}
2025-08-11 11:41:23,235 - INFO -       🔍 Validating...
2025-08-11 11:41:23,236 - INFO -       📝 Using optimized prompt for generation: 'a slender glass potion bottle adorned with an ethereal, starry silver label featuring delicate, swirling patterns that seem to shift like moonlit mist on rippling water, accompanied by a soft, whispery sound of celestial music in the background, and subtle shimmering effects that catch the light like stardust on velvet, front view, accurate, complete, white background...'
2025-08-11 11:41:23,236 - INFO -       🎯 Computing scores against original prompt: 'magical potion bottle with starry label...'
2025-08-11 11:43:10,986 - INFO -       📊 Validation score: 0.7715
2025-08-11 11:43:10,986 - INFO -       📉 Score declined: Consider different approach
2025-08-11 11:43:10,986 - INFO - 
   🔄 RL Round 12/18
2025-08-11 11:43:10,986 - INFO -       🎯 Strategy: artistic_elaboration (exploit)
2025-08-11 11:43:18,171 - INFO - [TRELLIS] GPU cache cleared: {'status': 'cache_cleared', 'available_memory_gb': 16.9918464}
2025-08-11 11:43:18,172 - INFO -       🔍 Validating...
2025-08-11 11:43:18,173 - INFO -       📝 Using optimized prompt for generation: 'a slender glass potion bottle adorned with an ethereal, starry silver label featuring intricate, swirling patterns and subtle shimmering effects in the moonlight, front view, accurate, complete, white background...'
2025-08-11 11:43:18,173 - INFO -       🎯 Computing scores against original prompt: 'magical potion bottle with starry label...'
2025-08-11 11:44:57,666 - INFO -       📊 Validation score: 0.6510
2025-08-11 11:44:57,667 - INFO -       📉 Score declined: Consider different approach
2025-08-11 11:44:57,667 - INFO - 
   🔄 RL Round 13/18
2025-08-11 11:44:57,667 - INFO -       🎯 Strategy: technical_precision (exploit)
2025-08-11 11:45:04,858 - INFO - [TRELLIS] GPU cache cleared: {'status': 'cache_cleared', 'available_memory_gb': 16.9918464}
2025-08-11 11:45:04,860 - INFO -       🔍 Validating...
2025-08-11 11:45:04,860 - INFO -       📝 Using optimized prompt for generation: 'a slender glass potion bottle adorned with an ethereal, starry silver label featuring delicate, swirling patterns and subtle shimmering effects in the moonlight, front view, front view, accurate, complete, white background...'
2025-08-11 11:45:04,862 - INFO -       🎯 Computing scores against original prompt: 'magical potion bottle with starry label...'
2025-08-11 11:46:54,782 - INFO -       📊 Validation score: 0.9108
2025-08-11 11:46:54,783 - INFO -       🎯 New best score: 0.9108
2025-08-11 11:46:54,783 - INFO -       📈 Improvement detected: technical_precision working better
2025-08-11 11:46:54,783 - INFO - 
   🔄 RL Round 14/18
2025-08-11 11:46:54,783 - INFO -       🎯 Strategy: technical_precision (exploit)
2025-08-11 11:47:00,709 - INFO - [TRELLIS] GPU cache cleared: {'status': 'cache_cleared', 'available_memory_gb': 16.9918464}
2025-08-11 11:47:00,710 - INFO -       🔍 Validating...
2025-08-11 11:47:00,710 - INFO -       📝 Using optimized prompt for generation: 'a slender glass potion bottle adorned with an ethereal, starry silver label featuring intricate, swirling patterns and a soft, luminescent glow emanating from the label's surface in a gentle, moonlit atmosphere, front view, accurate, complete, white background...'
2025-08-11 11:47:00,710 - INFO -       🎯 Computing scores against original prompt: 'magical potion bottle with starry label...'
2025-08-11 11:48:39,638 - INFO -       📊 Validation score: 0.8726
2025-08-11 11:48:39,639 - INFO -       📉 Score declined: Consider different approach
2025-08-11 11:48:39,639 - INFO - 
   🔄 RL Round 15/18
2025-08-11 11:48:39,640 - INFO -       🎯 Strategy: technical_precision (exploit)
2025-08-11 11:48:47,654 - INFO - [TRELLIS] GPU cache cleared: {'status': 'cache_cleared', 'available_memory_gb': 16.9918464}
2025-08-11 11:48:47,657 - INFO -       🔍 Validating...
2025-08-11 11:48:47,658 - INFO -       📝 Using optimized prompt for generation: 'a slender glass potion bottle adorned with an ethereal, starry silver label featuring delicate, swirling patterns in the moonlight, front view, accurate, complete, white background...'
2025-08-11 11:48:47,658 - INFO -       🎯 Computing scores against original prompt: 'magical potion bottle with starry label...'
2025-08-11 11:50:32,068 - INFO -       📊 Validation score: 0.9262
2025-08-11 11:50:32,068 - INFO -       🎯 New best score: 0.9262
2025-08-11 11:50:32,069 - INFO -       📈 Improvement detected: technical_precision working better
2025-08-11 11:50:32,069 - INFO - 
   🔄 RL Round 16/18
2025-08-11 11:50:32,069 - INFO -       🎯 Strategy: artistic_elaboration (explore)
2025-08-11 11:50:39,074 - INFO - [TRELLIS] GPU cache cleared: {'status': 'cache_cleared', 'available_memory_gb': 16.9918464}
2025-08-11 11:50:39,074 - INFO -       🔍 Validating...
2025-08-11 11:50:39,074 - INFO -       📝 Using optimized prompt for generation: 'a slender glass potion bottle adorned with an ethereal, starry silver label featuring intricate, swirling patterns and subtle shimmering effects in soft moonlight glow front view accurate complete white background, front view, accurate, complete, white background...'
2025-08-11 11:50:39,074 - INFO -       🎯 Computing scores against original prompt: 'magical potion bottle with starry label...'
2025-08-11 11:52:24,524 - INFO -       📊 Validation score: 0.8452
2025-08-11 11:52:24,525 - INFO -       📉 Score declined: Consider different approach
2025-08-11 11:52:24,528 - INFO - 
   🔄 RL Round 17/18
2025-08-11 11:52:24,531 - INFO -       🎯 Strategy: technical_precision (exploit)
2025-08-11 11:52:32,899 - INFO - [TRELLIS] GPU cache cleared: {'status': 'cache_cleared', 'available_memory_gb': 16.9918464}
2025-08-11 11:52:32,900 - INFO -       🔍 Validating...
2025-08-11 11:52:32,900 - INFO -       📝 Using optimized prompt for generation: 'a slender glass potion bottle with an intricate, star-shaped silver label featuring delicate, swirling patterns and subtle shimmering effects in the moonlight, front view, accurate, complete, white background...'
2025-08-11 11:52:32,900 - INFO -       🎯 Computing scores against original prompt: 'magical potion bottle with starry label...'
2025-08-11 11:54:27,378 - INFO -       📊 Validation score: 0.4655
2025-08-11 11:54:27,379 - INFO -       📉 Score declined: Consider different approach
2025-08-11 11:54:27,379 - INFO -       🔍 Increasing exploration to 0.64
2025-08-11 11:54:27,379 - INFO - 
   🔄 RL Round 18/18
2025-08-11 11:54:27,379 - INFO -       🎯 Strategy: technical_precision (exploit)
2025-08-11 11:54:40,968 - WARNING - [TRELLIS] Exception clearing GPU cache: HTTPConnectionPool(host='localhost', port=8096): Read timed out. (read timeout=10)
2025-08-11 11:54:40,973 - INFO -       🔍 Validating...
2025-08-11 11:54:40,973 - INFO -       📝 Using optimized prompt for generation: 'a slender glass potion bottle with an intricate, star-shaped silver label featuring delicate, swirling patterns and subtle shimmering effects, front view, accurate, complete, white background...'
2025-08-11 11:54:40,973 - INFO -       🎯 Computing scores against original prompt: 'magical potion bottle with starry label...'
2025-08-11 11:56:52,491 - INFO -       📊 Validation score: 0.3024
2025-08-11 11:56:52,595 - INFO - 
🎯 RL LOOP COMPLETE:
2025-08-11 11:56:52,600 - INFO -    Best prompt: a slender glass potion bottle adorned with an ethereal, starry silver label featuring delicate, swirling patterns in the moonlight, front view, accurate, complete, white background
2025-08-11 11:56:52,600 - INFO -    Best score: 0.9262
2025-08-11 11:56:52,600 - INFO -    Rounds: 18
2025-08-11 11:56:52,600 - INFO -    Convergence: False
2025-08-11 11:56:52,600 - INFO -    Convergence reason: Not converged
2025-08-11 11:56:52,600 - INFO -    Exploration ratio: 55.6%
2025-08-11 11:56:52,600 - INFO -    Insights learned: 2
2025-08-11 11:56:52,600 - INFO -    Total time: 2286.62s
2025-08-11 11:56:52,601 - INFO - Prompt optimized in 18 rounds: 0.402 → 0.926 (+0.524)
2025-08-11 11:56:52,601 - INFO - ⏰ Max rounds reached
2025-08-11 11:56:52,618 - INFO - 
--- Episode 1, Prompt 21 (Total: 43) ---
2025-08-11 11:56:52,618 - INFO - Optimizing: 'classic fedora hat in rich brown leather'
2025-08-11 11:56:52,618 - INFO - 🔍 Checking server availability before optimization...
2025-08-11 11:56:52,644 - INFO - ✅ Server is available (status: completed)
2025-08-11 11:56:52,644 - INFO - 📝 Marked server as used at 1754913412.6449625
2025-08-11 11:56:52,648 - INFO - ✅ Server is available and marked as used
2025-08-11 11:56:56,026 - INFO - 🔄 Reproducibility optimization applied:
2025-08-11 11:56:56,026 - INFO -    Original: classic fedora hat in rich brown leather
2025-08-11 11:56:56,027 - INFO -    Optimized: wbgmsst, a rich, hand-tooled, supple classic fedora hat made from chocolate-brown leather with subtle scuffs and wear, white background.
2025-08-11 11:56:56,027 - INFO -    Similarity: 1.000
2025-08-11 11:56:56,029 - INFO -    Gold score: 0.8065
2025-08-11 11:56:56,029 - INFO -       🔧 Overriding endpoint: generate/baolei/
2025-08-11 11:56:56,029 - INFO -       🔧 Using endpoint: generate/baolei/
2025-08-11 11:56:56,034 - INFO - 
🔄 RL LOOP OPTIMIZATION: 'classic fedora hat in rich brown leather'
2025-08-11 11:56:56,034 - INFO -    Session: rl_session_1754913416_6863
2025-08-11 11:56:56,034 - INFO -    Max rounds: 18
2025-08-11 11:56:56,034 - INFO -    Min rounds before convergence: 5
2025-08-11 11:56:56,034 - INFO -    Target score: 0.99
2025-08-11 11:56:56,035 - INFO -       🎯 Found previous best attempt: a classic fedora hat in rich, hand-tooled, and supple chocolate-brown leather with subtle scuffs and wear, front view (score: 0.8065)
2025-08-11 11:56:56,035 - INFO -       🎯 Strategy used: aggressive_transformation
2025-08-11 11:56:56,035 - INFO -       🎯 Session ID: rl_session_1754848246_4920
2025-08-11 11:56:56,035 - INFO -       🎯 Past final best prompt: a classic fedora hat in rich, hand-tooled, and supple chocolate-brown leather with subtle scuffs and wear, front view
2025-08-11 11:56:56,035 - INFO -       🎯 Past final best score: 0.807
2025-08-11 11:56:56,035 - INFO -       🎯 Past session ID: rl_session_1754848246_4920
2025-08-11 11:56:56,035 - INFO -       🎯 Past learned insights: Explored 3 different strategies
2025-08-11 11:56:56,035 - INFO -       🎯 Past strategy performance updates: {'aggressive_transformation': 0.10834821906419634}
2025-08-11 11:56:56,035 - INFO -       🎯 Past final best prompt: a classic fedora hat in rich, hand-tooled, and supple chocolate-brown leather with subtle scuffs and wear, front view
2025-08-11 11:56:56,035 - INFO -       🎯 Past final best score: 0.807
2025-08-11 11:56:56,036 - INFO - 
   🔄 RL Round 1/18
2025-08-11 11:56:56,036 - INFO -       🎯 Strategy: artistic_elaboration (exploit)
2025-08-11 11:57:03,077 - INFO - [TRELLIS] GPU cache cleared: {'status': 'cache_cleared', 'available_memory_gb': 16.989749248}
2025-08-11 11:57:03,078 - INFO -       🔍 Validating...
2025-08-11 11:57:03,081 - INFO -       📝 Using optimized prompt for generation: 'a classic fedora hat in rich, hand-tooled, and supple chocolate-brown leather with intricate stitching, subtle scuffs and wear, front view, front view, accurate, complete, white background...'
2025-08-11 11:57:03,081 - INFO -       🎯 Computing scores against original prompt: 'classic fedora hat in rich brown leather...'
2025-08-11 11:58:58,102 - INFO -       📊 Validation score: 0.6861
2025-08-11 11:58:58,103 - INFO - 
   🔄 RL Round 2/18
2025-08-11 11:58:58,103 - INFO -       🎯 Strategy: artistic_elaboration (exploit)
2025-08-11 11:59:04,842 - INFO - [TRELLIS] GPU cache cleared: {'status': 'cache_cleared', 'available_memory_gb': 16.989749248}
2025-08-11 11:59:04,843 - INFO -       🔍 Validating...
2025-08-11 11:59:04,844 - INFO -       📝 Using optimized prompt for generation: 'a classic fedora hat in rich, hand-tooled, and supple chocolate-brown leather with carefully worn felt band and delicate crown buckle, front view, accurate, complete, white background...'
2025-08-11 11:59:04,844 - INFO -       🎯 Computing scores against original prompt: 'classic fedora hat in rich brown leather...'
2025-08-11 12:00:49,023 - WARNING -    🔧 Score 0.0 - clearing CUDA cache
2025-08-11 12:00:49,024 - INFO -       📊 Validation score: 0.0000
2025-08-11 12:00:49,024 - INFO - 
   🔄 RL Round 3/18
2025-08-11 12:00:49,025 - INFO -       🎯 Strategy: artistic_elaboration (explore)
2025-08-11 12:00:54,973 - INFO - [TRELLIS] GPU cache cleared: {'status': 'cache_cleared', 'available_memory_gb': 16.989749248}
2025-08-11 12:00:54,974 - INFO -       🔍 Validating...
2025-08-11 12:00:54,974 - INFO -       📝 Using optimized prompt for generation: 'a classic fedora hat in rich, hand-tooled, and supple chocolate-brown leather with subtle scuffs and wear, front view, front view, accurate, complete, white background...'
2025-08-11 12:00:54,974 - INFO -       🎯 Computing scores against original prompt: 'classic fedora hat in rich brown leather...'
2025-08-11 12:02:42,521 - WARNING -    🔧 Score 0.0 - clearing CUDA cache
2025-08-11 12:02:42,521 - INFO -       📊 Validation score: 0.0000
2025-08-11 12:02:42,522 - INFO - 
   🔄 RL Round 4/18
2025-08-11 12:02:42,522 - INFO -       🎯 Strategy: contextual_scene_building (exploit)
2025-08-11 12:02:47,995 - INFO - [TRELLIS] GPU cache cleared: {'status': 'cache_cleared', 'available_memory_gb': 16.989749248}
2025-08-11 12:02:47,999 - INFO -       🔍 Validating...
2025-08-11 12:02:47,999 - INFO -       📝 Using optimized prompt for generation: 'a classic fedora hat in rich, hand-tooled, and supple chocolate-brown leather with subtle scuffs and wear, front view, front view, accurate, complete, white background...'
2025-08-11 12:02:47,999 - INFO -       🎯 Computing scores against original prompt: 'classic fedora hat in rich brown leather...'
2025-08-11 12:04:30,930 - WARNING -    🔧 Score 0.0 - clearing CUDA cache
2025-08-11 12:04:30,930 - INFO -       📊 Validation score: 0.0000
2025-08-11 12:04:30,930 - INFO - 
   🔄 RL Round 5/18
2025-08-11 12:04:30,930 - INFO -       🎯 Strategy: technical_precision (exploit)
2025-08-11 12:04:36,840 - INFO - [TRELLIS] GPU cache cleared: {'status': 'cache_cleared', 'available_memory_gb': 16.989749248}
2025-08-11 12:04:36,842 - INFO -       🔍 Validating...
2025-08-11 12:04:36,842 - INFO -       📝 Using optimized prompt for generation: 'a classic fedora hat in rich, hand-tooled, and supple, dark chocolate-brown leather with intricate stitch patterns and worn, yet polished edges, front view, front view, accurate, complete, white background...'
2025-08-11 12:04:36,842 - INFO -       🎯 Computing scores against original prompt: 'classic fedora hat in rich brown leather...'
2025-08-11 12:06:28,069 - INFO -       📊 Validation score: 0.7163
2025-08-11 12:06:28,070 - INFO - 
   🔄 RL Round 6/18
2025-08-11 12:06:28,070 - INFO -       🎯 Strategy: technical_precision (exploit)
2025-08-11 12:06:34,560 - INFO - [TRELLIS] GPU cache cleared: {'status': 'cache_cleared', 'available_memory_gb': 16.989749248}
2025-08-11 12:06:34,563 - INFO -       🔍 Validating...
2025-08-11 12:06:34,563 - INFO -       📝 Using optimized prompt for generation: 'a classic fedora hat in rich, hand-tooled, and supple chocolate-brown leather with subtle scuffs and wear, slightly asymmetrical brim and intricate stitching, front view, front view, accurate, complete, white background...'
2025-08-11 12:06:34,563 - INFO -       🎯 Computing scores against original prompt: 'classic fedora hat in rich brown leather...'
2025-08-11 12:08:17,955 - INFO -       📊 Validation score: 0.8258
2025-08-11 12:08:17,955 - INFO -       🎯 New best score: 0.8258
2025-08-11 12:08:17,956 - INFO -       📈 Improvement detected: technical_precision working better
2025-08-11 12:08:17,956 - INFO - 
   🔄 RL Round 7/18
2025-08-11 12:08:17,956 - INFO -       🔍 Explore performing better - increasing epsilon to 0.66
2025-08-11 12:08:17,956 - INFO -       🎯 Strategy: artistic_elaboration (explore)
2025-08-11 12:08:24,936 - INFO - [TRELLIS] GPU cache cleared: {'status': 'cache_cleared', 'available_memory_gb': 16.989749248}
2025-08-11 12:08:24,937 - INFO -       🔍 Validating...
2025-08-11 12:08:24,937 - INFO -       📝 Using optimized prompt for generation: 'a classic fedora hat in rich, hand-tooled, and supple chocolate-brown leather with subtle scuffs, faded stitching, and a worn interior, front view, accurate, complete, white background...'
2025-08-11 12:08:24,937 - INFO -       🎯 Computing scores against original prompt: 'classic fedora hat in rich brown leather...'
2025-08-11 12:10:04,822 - INFO -       📊 Validation score: 0.7733
2025-08-11 12:10:04,823 - INFO -       📉 Score declined: Consider different approach
2025-08-11 12:10:04,823 - INFO - 
   🔄 RL Round 8/18
2025-08-11 12:10:04,823 - INFO -       🔍 Explore performing better - increasing epsilon to 0.71
2025-08-11 12:10:04,823 - INFO -       🎯 Strategy: technical_precision (exploit)
