2025-08-10 10:05:48,237 - INFO - 📚 Loaded RL memory: 8 strategies, 50 sessions
2025-08-10 10:05:48,238 - INFO - 🔄 RL LOOP AGENT INITIALIZED (IMPROVED)
2025-08-10 10:05:48,238 - INFO -    Strategy tracking: 8 strategies
2025-08-10 10:05:48,238 - INFO -    Past sessions: 50
2025-08-10 10:05:48,238 - INFO -    Exploration rate: 0.78
2025-08-10 10:05:48,241 - INFO -    Max rounds per optimization: 15
2025-08-10 10:05:48,241 - INFO -    Min rounds before convergence: 5
2025-08-10 10:05:48,241 - INFO -    Adaptive convergence: ENABLED
2025-08-10 10:05:48,288 - INFO - 🔄 Initialized reproducibility system for pre-optimization
2025-08-10 10:05:48,288 - INFO - Starting episodic optimization: 2 episodes, 26 prompts per episode
2025-08-10 10:05:48,288 - INFO - Target score: 0.99, Max rounds per prompt: 18
2025-08-10 10:05:48,289 - INFO - 
============================================================
2025-08-10 10:05:48,289 - INFO - STARTING EPISODE 1/2
2025-08-10 10:05:48,289 - INFO - ============================================================
2025-08-10 10:05:48,289 - INFO - 🔍 Checking server health at episode start...
2025-08-10 10:05:48,300 - INFO - ✅ Server health check passed
2025-08-10 10:05:48,308 - INFO - 
--- Episode 1, Prompt 1 (Total: 26) ---
2025-08-10 10:05:48,311 - INFO - Optimizing: 'gray robot with two round eyes'
2025-08-10 10:05:48,311 - INFO - 🔍 Checking server availability before optimization...
2025-08-10 10:05:48,323 - INFO - ✅ Server is available (status: completed)
2025-08-10 10:05:48,323 - INFO - 📝 Marked server as used at 1754820348.3239014
2025-08-10 10:05:48,326 - INFO - ✅ Server is available and marked as used
2025-08-10 10:05:51,543 - INFO - 🔄 Reproducibility optimization applied:
2025-08-10 10:05:51,543 - INFO -    Original: gray robot with two round eyes
2025-08-10 10:05:51,543 - INFO -    Optimized: wbgmsst, a sleek and aerodynamic robot with an accurate and complete metallic sheen, precision-crafted copper accents in gray, round eyes that reflects light in a mesmerizing pattern of swirling silver lines, a futuristic design with round edges, white background.
2025-08-10 10:05:51,543 - INFO -    Similarity: 0.636
2025-08-10 10:05:51,543 - INFO -    Gold score: 0.9444
2025-08-10 10:05:51,543 - INFO -       🔧 Overriding endpoint: generate/
2025-08-10 10:05:51,543 - INFO -       🔧 Using endpoint: generate/baolei/
2025-08-10 10:05:52,614 - INFO - 
🔄 RL LOOP OPTIMIZATION: 'gray robot with two round eyes'
2025-08-10 10:05:52,614 - INFO -    Session: rl_session_1754820352_3423
2025-08-10 10:05:52,615 - INFO -    Max rounds: 18
2025-08-10 10:05:52,615 - INFO -    Min rounds before convergence: 5
2025-08-10 10:05:52,615 - INFO -    Target score: 0.99
2025-08-10 10:05:52,615 - INFO - 
   🔄 RL Round 1/18
2025-08-10 10:05:52,615 - INFO -       🎯 Strategy: technical_precision (explore)
2025-08-10 10:06:05,376 - WARNING - [TRELLIS] Exception clearing GPU cache: HTTPConnectionPool(host='localhost', port=8096): Read timed out. (read timeout=10)
2025-08-10 10:06:05,376 - INFO -       🔍 Validating...
2025-08-10 10:06:05,376 - INFO -       📝 Using optimized prompt for generation: 'gray robot with two round eyes made of metallic materials and equipped with precision tools for detailed engineering tasks, front view, accurate, complete, white background...'
2025-08-10 10:06:05,376 - INFO -       🎯 Computing scores against original prompt: 'gray robot with two round eyes...'
2025-08-10 10:07:31,818 - INFO -       📊 Validation score: 0.8839
2025-08-10 10:07:31,818 - INFO -       🎯 New best score: 0.8839
2025-08-10 10:07:31,819 - INFO - 
   🔄 RL Round 2/18
2025-08-10 10:07:31,819 - INFO -       🎯 Strategy: artistic_elaboration (exploit)
2025-08-10 10:07:36,747 - INFO - [TRELLIS] GPU cache cleared: {'status': 'cache_cleared', 'available_memory_gb': 20.277362688}
2025-08-10 10:07:36,748 - INFO -       🔍 Validating...
2025-08-10 10:07:36,749 - INFO -       📝 Using optimized prompt for generation: 'gray robot with two round, metallic eyes and precision-crafted gears visible beneath its transparent plastic casing, front view, accurate, complete, white background...'
2025-08-10 10:07:36,749 - INFO -       🎯 Computing scores against original prompt: 'gray robot with two round eyes...'
2025-08-10 10:08:57,142 - INFO -       📊 Validation score: 0.8647
2025-08-10 10:08:57,143 - INFO -       📉 Score declined: Consider different approach
2025-08-10 10:08:57,143 - INFO - 
   🔄 RL Round 3/18
2025-08-10 10:08:57,143 - INFO -       🎯 Strategy: technical_precision (explore)
2025-08-10 10:09:01,422 - INFO - [TRELLIS] GPU cache cleared: {'status': 'cache_cleared', 'available_memory_gb': 20.277362688}
2025-08-10 10:09:01,423 - INFO -       🔍 Validating...
2025-08-10 10:09:01,424 - INFO -       📝 Using optimized prompt for generation: 'a gray robot with two round eyes made of a durable, high-tech material such as titanium or carbon fiber, and equipped with precision tools for detailed manipulation...'
2025-08-10 10:09:01,424 - INFO -       🎯 Computing scores against original prompt: 'gray robot with two round eyes...'
2025-08-10 10:10:22,020 - INFO -       📊 Validation score: 0.8368
2025-08-10 10:10:22,021 - INFO -       📉 Score declined: Consider different approach
2025-08-10 10:10:22,021 - INFO - 
   🔄 RL Round 4/18
2025-08-10 10:10:22,021 - INFO -       🎯 Strategy: technical_precision (explore)
2025-08-10 10:10:28,830 - INFO - [TRELLIS] GPU cache cleared: {'status': 'cache_cleared', 'available_memory_gb': 20.277362688}
2025-08-10 10:10:28,833 - INFO -       🔍 Validating...
2025-08-10 10:10:28,834 - INFO -       📝 Using optimized prompt for generation: 'a gray robot with two round eyes made of durable, high-tech polymers and equipped with precision-crafted tools for delicate assembly tasks, front view, accurate, complete, white background...'
2025-08-10 10:10:28,834 - INFO -       🎯 Computing scores against original prompt: 'gray robot with two round eyes...'
2025-08-10 10:11:48,524 - INFO -       📊 Validation score: 0.9161
2025-08-10 10:11:48,524 - INFO -       🎯 New best score: 0.9161
2025-08-10 10:11:48,525 - INFO -       📈 Improvement detected: technical_precision working better
2025-08-10 10:11:48,525 - INFO - 
   🔄 RL Round 5/18
2025-08-10 10:11:48,525 - INFO -       🎯 Strategy: artistic_elaboration (explore)
2025-08-10 10:11:53,191 - INFO - [TRELLIS] GPU cache cleared: {'status': 'cache_cleared', 'available_memory_gb': 20.277362688}
2025-08-10 10:11:53,192 - INFO -       🔍 Validating...
2025-08-10 10:11:53,193 - INFO -       📝 Using optimized prompt for generation: 'a sleek gray robot with two round, metallic eyes and a durable, high-tech polymer exoskeleton...'
2025-08-10 10:11:53,193 - INFO -       🎯 Computing scores against original prompt: 'gray robot with two round eyes...'
2025-08-10 10:13:17,901 - INFO -       📊 Validation score: 0.8568
2025-08-10 10:13:17,901 - INFO -       📉 Score declined: Consider different approach
2025-08-10 10:13:17,902 - INFO - 
   🔄 RL Round 6/18
2025-08-10 10:13:17,902 - INFO -       🎯 Strategy: artistic_elaboration (explore)
2025-08-10 10:13:23,241 - INFO - [TRELLIS] GPU cache cleared: {'status': 'cache_cleared', 'available_memory_gb': 20.277362688}
2025-08-10 10:13:23,244 - INFO -       🔍 Validating...
2025-08-10 10:13:23,244 - INFO -       📝 Using optimized prompt for generation: 'a sleek gray robot with two round, metallic eyes made of durable, high-tech polymers and equipped with precision-crafted gears for enhanced functionality, front view, accurate, complete, white background...'
2025-08-10 10:13:23,244 - INFO -       🎯 Computing scores against original prompt: 'gray robot with two round eyes...'
2025-08-10 10:14:46,209 - INFO -       📊 Validation score: 0.8491
2025-08-10 10:14:46,209 - INFO -       ✅ Convergence achieved: Convergence threshold met (improvement: -0.008)
2025-08-10 10:14:46,300 - INFO - 
🎯 RL LOOP COMPLETE:
2025-08-10 10:14:46,300 - INFO -    Best prompt: a gray robot with two round eyes made of durable, high-tech polymers and equipped with precision-crafted tools for delicate assembly tasks, front view, accurate, complete, white background
2025-08-10 10:14:46,301 - INFO -    Best score: 0.9161
2025-08-10 10:14:46,301 - INFO -    Rounds: 6
2025-08-10 10:14:46,301 - INFO -    Convergence: True
2025-08-10 10:14:46,301 - INFO -    Convergence reason: Convergence threshold met (improvement: -0.008)
2025-08-10 10:14:46,301 - INFO -    Exploration ratio: 83.3%
2025-08-10 10:14:46,301 - INFO -    Insights learned: 2
2025-08-10 10:14:46,302 - INFO -    Total time: 533.60s
2025-08-10 10:14:46,305 - INFO - Prompt optimized in 6 rounds: 0.884 → 0.916 (+0.032)
2025-08-10 10:14:46,305 - INFO - ✅ Target score achieved!
2025-08-10 10:14:46,312 - INFO - 
--- Episode 1, Prompt 2 (Total: 26) ---
2025-08-10 10:14:46,312 - INFO - Optimizing: 'small brass candlestick holder with spiral'
2025-08-10 10:14:46,313 - INFO - 🔍 Checking server availability before optimization...
2025-08-10 10:14:46,326 - INFO - ✅ Server is available (status: completed)
2025-08-10 10:14:46,326 - INFO - 📝 Marked server as used at 1754820886.3264651
2025-08-10 10:14:46,326 - INFO - ✅ Server is available and marked as used
2025-08-10 10:14:46,337 - INFO - 🔄 Reproducibility optimization returned no result
2025-08-10 10:14:46,337 - INFO -       🔧 Overriding endpoint: generate/baolei/
2025-08-10 10:14:46,337 - INFO -       🔧 Using endpoint: generate/baolei/
2025-08-10 10:14:46,341 - INFO - 
🔄 RL LOOP OPTIMIZATION: 'small brass candlestick holder with spiral'
2025-08-10 10:14:46,341 - INFO -    Session: rl_session_1754820886_6686
2025-08-10 10:14:46,341 - INFO -    Max rounds: 18
2025-08-10 10:14:46,342 - INFO -    Min rounds before convergence: 5
2025-08-10 10:14:46,342 - INFO -    Target score: 0.99
2025-08-10 10:14:46,342 - INFO - 
   🔄 RL Round 1/18
2025-08-10 10:14:46,342 - INFO -       🔍 Explore performing better - increasing epsilon to 0.80
2025-08-10 10:14:46,342 - INFO -       🎯 Strategy: artistic_elaboration (exploit)
2025-08-10 10:14:50,212 - INFO - [TRELLIS] GPU cache cleared: {'status': 'cache_cleared', 'available_memory_gb': 20.277362688}
2025-08-10 10:14:50,214 - INFO -       🔍 Validating...
2025-08-10 10:14:50,214 - INFO -       📝 Using optimized prompt for generation: 'a slender small brass candlestick holder with a delicate spiral pattern that wraps around its middle, subtly evoking the curves of ancient Greek architecture, front view, accurate, complete, white background...'
2025-08-10 10:14:50,214 - INFO -       🎯 Computing scores against original prompt: 'small brass candlestick holder with spiral...'
2025-08-10 10:16:07,316 - INFO -       📊 Validation score: 0.8977
2025-08-10 10:16:07,318 - INFO -       🎯 New best score: 0.8977
2025-08-10 10:16:07,319 - INFO - 
   🔄 RL Round 2/18
2025-08-10 10:16:07,320 - INFO -       🔍 Explore performing better - increasing epsilon to 0.80
2025-08-10 10:16:07,320 - INFO -       🎯 Strategy: contextual_scene_building (explore)
2025-08-10 10:16:12,453 - INFO - [TRELLIS] GPU cache cleared: {'status': 'cache_cleared', 'available_memory_gb': 20.277362688}
2025-08-10 10:16:12,456 - INFO -       🔍 Validating...
2025-08-10 10:16:12,456 - INFO -       📝 Using optimized prompt for generation: 'a small brass candlestick holder with an intricately spiral pattern that wraps around its middle in a delicate, filigree-inspired design, front view, accurate, complete, white background...'
2025-08-10 10:16:12,456 - INFO -       🎯 Computing scores against original prompt: 'small brass candlestick holder with spiral...'
2025-08-10 10:17:34,589 - INFO -       📊 Validation score: 0.9033
2025-08-10 10:17:34,589 - INFO -       🎯 New best score: 0.9033
2025-08-10 10:17:34,590 - INFO -       📈 Improvement detected: contextual_scene_building working better
2025-08-10 10:17:34,590 - INFO - 
   🔄 RL Round 3/18
2025-08-10 10:17:34,590 - INFO -       🔍 Explore performing better - increasing epsilon to 0.80
2025-08-10 10:17:34,590 - INFO -       🎯 Strategy: conservative_enhancement (explore)
2025-08-10 10:17:40,157 - INFO - [TRELLIS] GPU cache cleared: {'status': 'cache_cleared', 'available_memory_gb': 20.277362688}
2025-08-10 10:17:40,160 - INFO -       🔍 Validating...
2025-08-10 10:17:40,160 - INFO -       📝 Using optimized prompt for generation: 'a small brass candlestick holder with an intricately twisted spiral pattern that wraps around its middle in a delicate filigree, front view, accurate, complete, white background...'
2025-08-10 10:17:40,160 - INFO -       🎯 Computing scores against original prompt: 'small brass candlestick holder with spiral...'
2025-08-10 10:18:57,696 - INFO -       📊 Validation score: 0.8538
2025-08-10 10:18:57,697 - INFO -       📉 Score declined: Consider different approach
2025-08-10 10:18:57,697 - INFO - 
   🔄 RL Round 4/18
2025-08-10 10:18:57,697 - INFO -       🔍 Explore performing better - increasing epsilon to 0.80
2025-08-10 10:18:57,697 - INFO -       🎯 Strategy: conservative_enhancement (explore)
2025-08-10 10:19:03,476 - INFO - [TRELLIS] GPU cache cleared: {'status': 'cache_cleared', 'available_memory_gb': 20.277362688}
2025-08-10 10:19:03,477 - INFO -       🔍 Validating...
2025-08-10 10:19:03,477 - INFO -       📝 Using optimized prompt for generation: 'a slender small brass candlestick holder with an ornate, twisted spiral pattern that wraps elegantly around its middle, front view, accurate, complete, white background...'
2025-08-10 10:19:03,478 - INFO -       🎯 Computing scores against original prompt: 'small brass candlestick holder with spiral...'
2025-08-10 10:20:20,656 - INFO -       📊 Validation score: 0.9180
2025-08-10 10:20:20,656 - INFO -       🎯 New best score: 0.9180
2025-08-10 10:20:20,657 - INFO -       📈 Improvement detected: conservative_enhancement working better
2025-08-10 10:20:20,657 - INFO - 
   🔄 RL Round 5/18
2025-08-10 10:20:20,657 - INFO -       🔍 Explore performing better - increasing epsilon to 0.80
2025-08-10 10:20:20,658 - INFO -       🎯 Strategy: conservative_enhancement (explore)
2025-08-10 10:20:26,525 - INFO - [TRELLIS] GPU cache cleared: {'status': 'cache_cleared', 'available_memory_gb': 20.277362688}
2025-08-10 10:20:26,527 - INFO -       🔍 Validating...
2025-08-10 10:20:26,528 - INFO -       📝 Using optimized prompt for generation: 'a slender small brass candlestick holder with a delicate, wavy spiral pattern that wraps elegantly around its middle...'
2025-08-10 10:20:26,529 - INFO -       🎯 Computing scores against original prompt: 'small brass candlestick holder with spiral...'
2025-08-10 10:21:53,884 - INFO -       📊 Validation score: 0.8321
2025-08-10 10:21:53,885 - INFO -       📉 Score declined: Consider different approach
2025-08-10 10:21:53,885 - INFO - 
   🔄 RL Round 6/18
2025-08-10 10:21:53,885 - INFO -       🔍 Explore performing better - increasing epsilon to 0.80
2025-08-10 10:21:53,886 - INFO -       🎯 Strategy: conservative_enhancement (explore)
2025-08-10 10:21:59,585 - INFO - [TRELLIS] GPU cache cleared: {'status': 'cache_cleared', 'available_memory_gb': 20.277362688}
2025-08-10 10:21:59,586 - INFO -       🔍 Validating...
2025-08-10 10:21:59,586 - INFO -       📝 Using optimized prompt for generation: 'a slender small brass candlestick holder with an intricately coiled spiral pattern that wraps elegantly around its middle, front view, accurate, complete, white background...'
2025-08-10 10:21:59,586 - INFO -       🎯 Computing scores against original prompt: 'small brass candlestick holder with spiral...'
2025-08-10 10:23:16,363 - INFO -       📊 Validation score: 0.8300
2025-08-10 10:23:16,363 - INFO -       🔍 Explore performing better - stricter convergence threshold: 0.005
2025-08-10 10:23:16,364 - INFO -       ✅ Convergence achieved: Convergence threshold met (improvement: -0.002)
2025-08-10 10:23:16,437 - INFO - 
🎯 RL LOOP COMPLETE:
2025-08-10 10:23:16,441 - INFO -    Best prompt: a slender small brass candlestick holder with an ornate, twisted spiral pattern that wraps elegantly around its middle, front view, accurate, complete, white background
2025-08-10 10:23:16,441 - INFO -    Best score: 0.9180
2025-08-10 10:23:16,441 - INFO -    Rounds: 6
2025-08-10 10:23:16,441 - INFO -    Convergence: True
2025-08-10 10:23:16,441 - INFO -    Convergence reason: Convergence threshold met (improvement: -0.002)
2025-08-10 10:23:16,441 - INFO -    Exploration ratio: 83.3%
2025-08-10 10:23:16,441 - INFO -    Insights learned: 2
2025-08-10 10:23:16,441 - INFO -    Total time: 510.02s
2025-08-10 10:23:16,441 - INFO - Prompt optimized in 6 rounds: 0.898 → 0.918 (+0.020)
2025-08-10 10:23:16,442 - INFO - ✅ Target score achieved!
2025-08-10 10:23:16,444 - INFO - 
--- Episode 1, Prompt 3 (Total: 26) ---
2025-08-10 10:23:16,448 - INFO - Optimizing: 'magical potion bottle with starry label'
2025-08-10 10:23:16,448 - INFO - 🔍 Checking server availability before optimization...
2025-08-10 10:23:16,460 - INFO - ✅ Server is available (status: completed)
2025-08-10 10:23:16,460 - INFO - 📝 Marked server as used at 1754821396.4606884
2025-08-10 10:23:16,460 - INFO - ✅ Server is available and marked as used
2025-08-10 10:23:16,467 - INFO - 🔄 Reproducibility optimization returned no result
2025-08-10 10:23:16,467 - INFO -       🔧 Overriding endpoint: generate/baolei/
2025-08-10 10:23:16,470 - INFO -       🔧 Using endpoint: generate/baolei/
2025-08-10 10:23:16,472 - INFO - 
🔄 RL LOOP OPTIMIZATION: 'magical potion bottle with starry label'
2025-08-10 10:23:16,474 - INFO -    Session: rl_session_1754821396_1309
2025-08-10 10:23:16,474 - INFO -    Max rounds: 18
2025-08-10 10:23:16,474 - INFO -    Min rounds before convergence: 5
2025-08-10 10:23:16,474 - INFO -    Target score: 0.99
2025-08-10 10:23:16,475 - INFO - 
   🔄 RL Round 1/18
2025-08-10 10:23:16,475 - INFO -       🔍 Explore performing better - increasing epsilon to 0.80
2025-08-10 10:23:16,475 - INFO -       🎯 Strategy: artistic_elaboration (exploit)
2025-08-10 10:23:21,055 - INFO - [TRELLIS] GPU cache cleared: {'status': 'cache_cleared', 'available_memory_gb': 20.277362688}
2025-08-10 10:23:21,059 - INFO -       🔍 Validating...
2025-08-10 10:23:21,059 - INFO -       📝 Using optimized prompt for generation: 'a delicate glass bottle with a starry label made of frosted glass, adorned with intricate etchings and a slender neck, front view, accurate, complete, white background...'
2025-08-10 10:23:21,059 - INFO -       🎯 Computing scores against original prompt: 'magical potion bottle with starry label...'
2025-08-10 10:24:42,280 - INFO -       📊 Validation score: 0.4342
2025-08-10 10:24:42,281 - INFO -       🎯 New best score: 0.4342
2025-08-10 10:24:42,281 - INFO - 
   🔄 RL Round 2/18
2025-08-10 10:24:42,281 - INFO -       🔍 Explore performing better - increasing epsilon to 0.80
2025-08-10 10:24:42,281 - INFO -       🎯 Strategy: technical_precision (exploit)
2025-08-10 10:24:48,630 - INFO - [TRELLIS] GPU cache cleared: {'status': 'cache_cleared', 'available_memory_gb': 20.277362688}
2025-08-10 10:24:48,632 - INFO -       🔍 Validating...
2025-08-10 10:24:48,632 - INFO -       📝 Using optimized prompt for generation: 'a slender glass bottle with a starry label made of frosted glass, adorned with intricate etchings and delicate filigree details, front view, accurate, complete, white background...'
2025-08-10 10:24:48,632 - INFO -       🎯 Computing scores against original prompt: 'magical potion bottle with starry label...'
2025-08-10 10:26:07,784 - INFO -       📊 Validation score: 0.1409
2025-08-10 10:26:07,784 - INFO -       📉 Score declined: Consider different approach
2025-08-10 10:26:07,784 - INFO -       🔍 Increasing exploration to 0.80
2025-08-10 10:26:07,785 - INFO - 
   🔄 RL Round 3/18
2025-08-10 10:26:07,785 - INFO -       🔍 Explore performing better - increasing epsilon to 0.80
2025-08-10 10:26:07,785 - INFO -       🎯 Strategy: technical_precision (explore)
2025-08-10 10:26:12,441 - INFO - [TRELLIS] GPU cache cleared: {'status': 'cache_cleared', 'available_memory_gb': 20.277362688}
2025-08-10 10:26:12,441 - INFO -       🔍 Validating...
2025-08-10 10:26:12,442 - INFO -       📝 Using optimized prompt for generation: 'a delicate glass bottle with a starry label made of frosted glass, adorned with intricate etchings and a subtle sparkle that hints at its magical properties...'
2025-08-10 10:26:12,442 - INFO -       🎯 Computing scores against original prompt: 'magical potion bottle with starry label...'
2025-08-10 10:27:29,486 - INFO -       📊 Validation score: 0.6799
2025-08-10 10:27:29,486 - INFO -       🎯 New best score: 0.6799
2025-08-10 10:27:29,486 - INFO -       📈 Improvement detected: technical_precision working better
2025-08-10 10:27:29,487 - INFO - 
   🔄 RL Round 4/18
2025-08-10 10:27:29,487 - INFO -       🔍 Explore performing better - increasing epsilon to 0.80
2025-08-10 10:27:29,487 - INFO -       🎯 Strategy: hybrid_approach (exploit)
2025-08-10 10:27:33,424 - INFO - [TRELLIS] GPU cache cleared: {'status': 'cache_cleared', 'available_memory_gb': 20.277362688}
2025-08-10 10:27:33,425 - INFO -       🔍 Validating...
2025-08-10 10:27:33,425 - INFO -       📝 Using optimized prompt for generation: 'a delicate glass potion bottle adorned with a sparkling silver starry label featuring intricate, swirling patterns and subtle shimmering effects in the moonlight, front view, accurate, complete, white background...'
2025-08-10 10:27:33,425 - INFO -       🎯 Computing scores against original prompt: 'magical potion bottle with starry label...'
2025-08-10 10:28:51,799 - INFO -       📊 Validation score: 0.8708
2025-08-10 10:28:51,799 - INFO -       🎯 New best score: 0.8708
2025-08-10 10:28:51,800 - INFO -       📈 Improvement detected: hybrid_approach working better
2025-08-10 10:28:51,800 - INFO - 
   🔄 RL Round 5/18
2025-08-10 10:28:51,800 - INFO -       🔍 Explore performing better - increasing epsilon to 0.80
2025-08-10 10:28:51,800 - INFO -       🎯 Strategy: hybrid_approach (explore)
2025-08-10 10:28:57,373 - INFO - [TRELLIS] GPU cache cleared: {'status': 'cache_cleared', 'available_memory_gb': 20.277362688}
2025-08-10 10:28:57,373 - INFO -       🔍 Validating...
2025-08-10 10:28:57,373 - INFO -       📝 Using optimized prompt for generation: 'a slender glass bottle with a starry label made of frosted glass, adorned with intricate etchings and a delicate golden lock that gleams softly in the light, front view, accurate, complete, white background...'
2025-08-10 10:28:57,373 - INFO -       🎯 Computing scores against original prompt: 'magical potion bottle with starry label...'
2025-08-10 10:30:16,682 - INFO -       📊 Validation score: 0.3498
2025-08-10 10:30:16,683 - INFO -       🔍 Explore performing better - stricter convergence threshold: 0.005
2025-08-10 10:30:16,683 - INFO -       📉 Score declined: Consider different approach
2025-08-10 10:30:16,683 - INFO -       🔍 Increasing exploration to 0.80
2025-08-10 10:30:16,683 - INFO - 
   🔄 RL Round 6/18
2025-08-10 10:30:16,683 - INFO -       🔍 Explore performing better - increasing epsilon to 0.80
2025-08-10 10:30:16,683 - INFO -       🎯 Strategy: hybrid_approach (explore)
2025-08-10 10:30:21,282 - INFO - [TRELLIS] GPU cache cleared: {'status': 'cache_cleared', 'available_memory_gb': 20.277362688}
2025-08-10 10:30:21,285 - INFO -       🔍 Validating...
2025-08-10 10:30:21,285 - INFO -       📝 Using optimized prompt for generation: 'a slender glass potion bottle adorned with a sparkling silver starry label featuring intricate, swirling patterns of constellations, front view, accurate, complete, white background...'
2025-08-10 10:30:21,285 - INFO -       🎯 Computing scores against original prompt: 'magical potion bottle with starry label...'
2025-08-10 10:31:40,711 - INFO -       📊 Validation score: 0.7934
2025-08-10 10:31:40,712 - INFO -       🔍 Explore performing better - stricter convergence threshold: 0.005
2025-08-10 10:31:40,712 - INFO -       📈 Improvement detected: hybrid_approach working better
2025-08-10 10:31:40,712 - INFO - 
   🔄 RL Round 7/18
2025-08-10 10:31:40,712 - INFO -       🔍 Explore performing better - increasing epsilon to 0.80
2025-08-10 10:31:40,712 - INFO -       🎯 Strategy: hybrid_approach (explore)
2025-08-10 10:31:45,990 - INFO - [TRELLIS] GPU cache cleared: {'status': 'cache_cleared', 'available_memory_gb': 20.277362688}
2025-08-10 10:31:45,990 - INFO -       🔍 Validating...
2025-08-10 10:31:45,990 - INFO -       📝 Using optimized prompt for generation: 'a slender glass potion bottle adorned with a sparkling silver starry label featuring intricate, swirling patterns that evoke a sense of mystical energy and delicate, frosted glass textures, front view, accurate, complete, white background...'
2025-08-10 10:31:45,990 - INFO -       🎯 Computing scores against original prompt: 'magical potion bottle with starry label...'
2025-08-10 10:33:04,168 - INFO -       📊 Validation score: 0.6356
2025-08-10 10:33:04,169 - INFO -       🔍 Explore performing better - stricter convergence threshold: 0.005
2025-08-10 10:33:04,170 - INFO -       📉 Score declined: Consider different approach
2025-08-10 10:33:04,170 - INFO - 
   🔄 RL Round 8/18
2025-08-10 10:33:04,171 - INFO -       🎯 Strategy: conservative_enhancement (explore)
2025-08-10 10:33:08,620 - INFO - [TRELLIS] GPU cache cleared: {'status': 'cache_cleared', 'available_memory_gb': 20.277362688}
2025-08-10 10:33:08,628 - INFO -       🔍 Validating...
2025-08-10 10:33:08,628 - INFO -       📝 Using optimized prompt for generation: 'a slender glass potion bottle with a starry label made of frosted glass, adorned with intricate etchings and delicate silver filigree...'
2025-08-10 10:33:08,628 - INFO -       🎯 Computing scores against original prompt: 'magical potion bottle with starry label...'
2025-08-10 10:34:29,071 - INFO -       📊 Validation score: 0.3331
2025-08-10 10:34:29,072 - INFO -       🔍 Explore performing better - stricter convergence threshold: 0.005
2025-08-10 10:34:29,072 - INFO -       📉 Score declined: Consider different approach
2025-08-10 10:34:29,072 - INFO -       🔍 Increasing exploration to 0.80
2025-08-10 10:34:29,072 - INFO - 
   🔄 RL Round 9/18
2025-08-10 10:34:29,072 - INFO -       🎯 Strategy: technical_precision (explore)
2025-08-10 10:34:34,381 - INFO - [TRELLIS] GPU cache cleared: {'status': 'cache_cleared', 'available_memory_gb': 20.277362688}
2025-08-10 10:34:34,383 - INFO -       🔍 Validating...
2025-08-10 10:34:34,385 - INFO -       📝 Using optimized prompt for generation: 'a slender glass bottle with a starry label made of frosted glass, adorned with delicate etchings of constellations in silver, front view, accurate, complete, white background...'
2025-08-10 10:34:34,386 - INFO -       🎯 Computing scores against original prompt: 'magical potion bottle with starry label...'
2025-08-10 10:35:51,001 - INFO -       📊 Validation score: 0.4043
2025-08-10 10:35:51,001 - INFO -       🔍 Explore performing better - stricter convergence threshold: 0.005
2025-08-10 10:35:51,001 - INFO -       📈 Improvement detected: technical_precision working better
2025-08-10 10:35:51,002 - INFO -       🔍 Increasing exploration to 0.80
2025-08-10 10:35:51,002 - INFO - 
   🔄 RL Round 10/18
2025-08-10 10:35:51,002 - INFO -       🎯 Strategy: contextual_scene_building (exploit)
2025-08-10 10:35:55,455 - INFO - [TRELLIS] GPU cache cleared: {'status': 'cache_cleared', 'available_memory_gb': 20.277362688}
2025-08-10 10:35:55,455 - INFO -       🔍 Validating...
2025-08-10 10:35:55,455 - INFO -       📝 Using optimized prompt for generation: 'a slender glass potion bottle adorned with a sparkling silver starry label featuring intricate, swirling patterns of constellations and tiny, shimmering stars, front view, accurate, complete, white background...'
2025-08-10 10:35:55,455 - INFO -       🎯 Computing scores against original prompt: 'magical potion bottle with starry label...'
2025-08-10 10:37:13,971 - INFO -       📊 Validation score: 0.8559
2025-08-10 10:37:13,972 - INFO -       🔍 Explore performing better - stricter convergence threshold: 0.005
2025-08-10 10:37:13,975 - INFO -       📈 Improvement detected: contextual_scene_building working better
2025-08-10 10:37:13,975 - INFO - 
   🔄 RL Round 11/18
2025-08-10 10:37:13,975 - INFO -       🎯 Strategy: contextual_scene_building (explore)
2025-08-10 10:37:18,415 - INFO - [TRELLIS] GPU cache cleared: {'status': 'cache_cleared', 'available_memory_gb': 20.277362688}
2025-08-10 10:37:18,416 - INFO -       🔍 Validating...
2025-08-10 10:37:18,417 - INFO -       📝 Using optimized prompt for generation: 'a slender glass potion bottle adorned with a sparkling silver starry label featuring intricate, swirling patterns that evoke a sense of celestial wonder, front view, accurate, complete, white background...'
2025-08-10 10:37:18,417 - INFO -       🎯 Computing scores against original prompt: 'magical potion bottle with starry label...'
2025-08-10 10:38:35,738 - INFO -       📊 Validation score: 0.1572
2025-08-10 10:38:35,741 - INFO -       🔍 Explore performing better - stricter convergence threshold: 0.005
2025-08-10 10:38:35,741 - INFO -       📉 Score declined: Consider different approach
2025-08-10 10:38:35,742 - INFO -       🔍 Increasing exploration to 0.80
2025-08-10 10:38:35,742 - INFO - 
   🔄 RL Round 12/18
2025-08-10 10:38:35,742 - INFO -       🎯 Strategy: artistic_elaboration (exploit)
2025-08-10 10:38:40,279 - INFO - [TRELLIS] GPU cache cleared: {'status': 'cache_cleared', 'available_memory_gb': 20.277362688}
2025-08-10 10:38:40,283 - INFO -       🔍 Validating...
2025-08-10 10:38:40,283 - INFO -       📝 Using optimized prompt for generation: 'a slender glass potion bottle adorned with intricate etchings and a delicate starry label featuring subtle swirling patterns that evoke a sense of celestial wonder, front view, accurate, complete, white background...'
2025-08-10 10:38:40,283 - INFO -       🎯 Computing scores against original prompt: 'magical potion bottle with starry label...'
2025-08-10 10:39:58,598 - INFO -       📊 Validation score: 0.5709
2025-08-10 10:39:58,599 - INFO -       🔍 Explore performing better - stricter convergence threshold: 0.005
2025-08-10 10:39:58,599 - INFO -       📈 Improvement detected: artistic_elaboration working better
2025-08-10 10:39:58,599 - INFO - 
   🔄 RL Round 13/18
2025-08-10 10:39:58,599 - INFO -       🎯 Strategy: contextual_scene_building (explore)
2025-08-10 10:40:03,238 - INFO - [TRELLIS] GPU cache cleared: {'status': 'cache_cleared', 'available_memory_gb': 20.277362688}
2025-08-10 10:40:03,238 - INFO -       🔍 Validating...
2025-08-10 10:40:03,238 - INFO -       📝 Using optimized prompt for generation: 'a delicate glass potion bottle adorned with a sparkling silver starry label featuring intricate, swirling patterns that evoke a sense of celestial magic, front view, accurate, complete, white background...'
2025-08-10 10:40:03,239 - INFO -       🎯 Computing scores against original prompt: 'magical potion bottle with starry label...'
2025-08-10 10:41:20,247 - INFO -       📊 Validation score: 0.3605
2025-08-10 10:41:20,247 - INFO -       📉 Score declined: Consider different approach
2025-08-10 10:41:20,247 - INFO -       🔍 Increasing exploration to 0.80
2025-08-10 10:41:20,248 - INFO - 
   🔄 RL Round 14/18
2025-08-10 10:41:20,248 - INFO -       🎯 Strategy: contextual_scene_building (explore)
2025-08-10 10:41:25,959 - INFO - [TRELLIS] GPU cache cleared: {'status': 'cache_cleared', 'available_memory_gb': 20.277362688}
2025-08-10 10:41:25,963 - INFO -       🔍 Validating...
2025-08-10 10:41:25,963 - INFO -       📝 Using optimized prompt for generation: 'a delicate glass potion bottle adorned with a sparkling silver starry label featuring intricate, swirling patterns made from etched mother-of-pearl, front view, accurate, complete, white background...'
2025-08-10 10:41:25,963 - INFO -       🎯 Computing scores against original prompt: 'magical potion bottle with starry label...'
2025-08-10 10:42:51,956 - INFO -       📊 Validation score: 0.5679
2025-08-10 10:42:51,957 - INFO -       📈 Improvement detected: contextual_scene_building working better
2025-08-10 10:42:51,957 - INFO - 
   🔄 RL Round 15/18
2025-08-10 10:42:51,957 - INFO -       🎯 Strategy: conservative_enhancement (explore)
2025-08-10 10:42:56,430 - INFO - [TRELLIS] GPU cache cleared: {'status': 'cache_cleared', 'available_memory_gb': 20.277362688}
2025-08-10 10:42:56,432 - INFO -       🔍 Validating...
2025-08-10 10:42:56,433 - INFO -       📝 Using optimized prompt for generation: 'a slender glass potion bottle adorned with an intricate silver starry label featuring delicate, swirling patterns and subtle etchings of celestial maps on the rim, front view, accurate, complete, white background...'
2025-08-10 10:42:56,434 - INFO -       🎯 Computing scores against original prompt: 'magical potion bottle with starry label...'
2025-08-10 10:44:22,665 - INFO -       📊 Validation score: 0.2274
2025-08-10 10:44:22,665 - INFO -       📉 Score declined: Consider different approach
2025-08-10 10:44:22,666 - INFO -       🔍 Increasing exploration to 0.80
2025-08-10 10:44:22,666 - INFO - 
   🔄 RL Round 16/18
2025-08-10 10:44:22,668 - INFO -       🎯 Strategy: conservative_enhancement (explore)
2025-08-10 10:44:34,252 - INFO - [TRELLIS] GPU cache cleared: {'status': 'cache_cleared', 'available_memory_gb': 20.277362688}
2025-08-10 10:44:34,253 - INFO -       🔍 Validating...
2025-08-10 10:44:34,253 - INFO -       📝 Using optimized prompt for generation: 'a delicate glass potion bottle adorned with a sparkling silver starry label featuring intricate, swirling patterns of mystical runes on its transparent walls...'
2025-08-10 10:44:34,253 - INFO -       🎯 Computing scores against original prompt: 'magical potion bottle with starry label...'
2025-08-10 10:45:58,684 - INFO -       📊 Validation score: 0.6087
2025-08-10 10:45:58,685 - INFO -       📈 Improvement detected: conservative_enhancement working better
2025-08-10 10:45:58,685 - INFO - 
   🔄 RL Round 17/18
2025-08-10 10:45:58,686 - INFO -       🎯 Strategy: artistic_elaboration (explore)
2025-08-10 10:46:03,278 - INFO - [TRELLIS] GPU cache cleared: {'status': 'cache_cleared', 'available_memory_gb': 20.277362688}
2025-08-10 10:46:03,279 - INFO -       🔍 Validating...
2025-08-10 10:46:03,280 - INFO -       📝 Using optimized prompt for generation: 'a delicate glass potion bottle adorned with a sparkling silver starry label featuring intricate, swirling patterns of constellations that seem to shift and shimmer in the light, front view, accurate, complete, white background...'
2025-08-10 10:46:03,280 - INFO -       🎯 Computing scores against original prompt: 'magical potion bottle with starry label...'
2025-08-10 10:47:24,879 - INFO -       📊 Validation score: 0.2001
2025-08-10 10:47:24,880 - INFO -       📉 Score declined: Consider different approach
2025-08-10 10:47:24,880 - INFO -       🔍 Increasing exploration to 0.80
2025-08-10 10:47:24,880 - INFO - 
   🔄 RL Round 18/18
2025-08-10 10:47:24,880 - INFO -       🎯 Strategy: artistic_elaboration (explore)
2025-08-10 10:47:29,277 - INFO - [TRELLIS] GPU cache cleared: {'status': 'cache_cleared', 'available_memory_gb': 20.277362688}
2025-08-10 10:47:29,280 - INFO -       🔍 Validating...
2025-08-10 10:47:29,280 - INFO -       📝 Using optimized prompt for generation: 'a slender glass potion bottle adorned with a sparkling silver starry label featuring intricate, swirling patterns of moonlight on frosted glass and delicate etchings of crescent moons, front view, accurate, complete, white background...'
2025-08-10 10:47:29,280 - INFO -       🎯 Computing scores against original prompt: 'magical potion bottle with starry label...'
2025-08-10 10:48:45,436 - INFO -       📊 Validation score: 0.8471
2025-08-10 10:48:45,513 - INFO - 
🎯 RL LOOP COMPLETE:
2025-08-10 10:48:45,513 - INFO -    Best prompt: a delicate glass potion bottle adorned with a sparkling silver starry label featuring intricate, swirling patterns and subtle shimmering effects in the moonlight, front view, accurate, complete, white background
2025-08-10 10:48:45,516 - INFO -    Best score: 0.8708
2025-08-10 10:48:45,516 - INFO -    Rounds: 18
2025-08-10 10:48:45,516 - INFO -    Convergence: False
2025-08-10 10:48:45,516 - INFO -    Convergence reason: Not converged
2025-08-10 10:48:45,516 - INFO -    Exploration ratio: 72.2%
2025-08-10 10:48:45,516 - INFO -    Insights learned: 3
2025-08-10 10:48:45,516 - INFO -    Total time: 1528.96s
2025-08-10 10:48:45,516 - INFO - Prompt optimized in 18 rounds: 0.434 → 0.871 (+0.437)
2025-08-10 10:48:45,517 - INFO - ⏰ Max rounds reached
2025-08-10 10:48:45,519 - INFO - 
--- Episode 1, Prompt 4 (Total: 26) ---
2025-08-10 10:48:45,523 - INFO - Optimizing: 'classic fedora hat in rich brown leather'
2025-08-10 10:48:45,523 - INFO - 🔍 Checking server availability before optimization...
2025-08-10 10:48:45,537 - INFO - ✅ Server is available (status: completed)
2025-08-10 10:48:45,538 - INFO - 📝 Marked server as used at 1754822925.5385938
2025-08-10 10:48:45,539 - INFO - ✅ Server is available and marked as used
2025-08-10 10:48:45,546 - INFO - 🔄 Reproducibility optimization returned no result
2025-08-10 10:48:45,546 - INFO -       🔧 Overriding endpoint: generate/baolei/
2025-08-10 10:48:45,547 - INFO -       🔧 Using endpoint: generate/baolei/
2025-08-10 10:48:45,551 - INFO - 
🔄 RL LOOP OPTIMIZATION: 'classic fedora hat in rich brown leather'
2025-08-10 10:48:45,552 - INFO -    Session: rl_session_1754822925_9795
2025-08-10 10:48:45,553 - INFO -    Max rounds: 18
2025-08-10 10:48:45,553 - INFO -    Min rounds before convergence: 5
2025-08-10 10:48:45,554 - INFO -    Target score: 0.99
2025-08-10 10:48:45,554 - INFO - 
   🔄 RL Round 1/18
2025-08-10 10:48:45,555 - INFO -       🎯 Strategy: hybrid_approach (exploit)
2025-08-10 10:48:49,617 - INFO - [TRELLIS] GPU cache cleared: {'status': 'cache_cleared', 'available_memory_gb': 20.277362688}
2025-08-10 10:48:49,619 - INFO -       🔍 Validating...
2025-08-10 10:48:49,620 - INFO -       📝 Using optimized prompt for generation: 'a classic fedora hat in rich brown leather with intricate gold embroidery and a subtle sheen, made from premium quality leather, front view, accurate, complete, white background...'
2025-08-10 10:48:49,620 - INFO -       🎯 Computing scores against original prompt: 'classic fedora hat in rich brown leather...'
2025-08-10 10:50:12,348 - WARNING -    🔧 Score 0.0 - clearing CUDA cache
2025-08-10 10:50:12,352 - INFO -       📊 Validation score: 0.0000
2025-08-10 10:50:12,355 - INFO - 
   🔄 RL Round 2/18
2025-08-10 10:50:12,355 - INFO -       🎯 Strategy: hybrid_approach (explore)
2025-08-10 10:50:17,580 - INFO - [TRELLIS] GPU cache cleared: {'status': 'cache_cleared', 'available_memory_gb': 20.277362688}
2025-08-10 10:50:17,581 - INFO -       🔍 Validating...
2025-08-10 10:50:17,581 - INFO -       📝 Using optimized prompt for generation: 'a classic fedora hat in rich brown leather with delicate tooling and a subtle sheen, adorned with a small silver pin on the band, front view, accurate, complete, white background...'
2025-08-10 10:50:17,581 - INFO -       🎯 Computing scores against original prompt: 'classic fedora hat in rich brown leather...'
2025-08-10 10:51:32,453 - WARNING -    🔧 Score 0.0 - clearing CUDA cache
2025-08-10 10:51:32,453 - INFO -       📊 Validation score: 0.0000
2025-08-10 10:51:32,454 - INFO - 
   🔄 RL Round 3/18
2025-08-10 10:51:32,454 - INFO -       🎯 Strategy: hybrid_approach (explore)
2025-08-10 10:51:36,635 - INFO - [TRELLIS] GPU cache cleared: {'status': 'cache_cleared', 'available_memory_gb': 20.277362688}
2025-08-10 10:51:36,636 - INFO -       🔍 Validating...
2025-08-10 10:51:36,636 - INFO -       📝 Using optimized prompt for generation: 'a classic fedora hat in a deep, rich chocolate-brown leather, front view, accurate, complete, white background...'
2025-08-10 10:51:36,636 - INFO -       🎯 Computing scores against original prompt: 'classic fedora hat in rich brown leather...'
2025-08-10 10:52:50,565 - INFO -       📊 Validation score: 0.7343
2025-08-10 10:52:50,565 - INFO -       🎯 New best score: 0.7343
2025-08-10 10:52:50,565 - INFO - 
   🔄 RL Round 4/18
2025-08-10 10:52:50,565 - INFO -       🎯 Strategy: material_focus (explore)
2025-08-10 10:52:54,883 - INFO - [TRELLIS] GPU cache cleared: {'status': 'cache_cleared', 'available_memory_gb': 20.277362688}
2025-08-10 10:52:54,884 - INFO -       🔍 Validating...
2025-08-10 10:52:54,885 - INFO -       📝 Using optimized prompt for generation: 'a classic fedora hat in rich brown leather with subtle creases and a slightly worn finish...'
2025-08-10 10:52:54,885 - INFO -       🎯 Computing scores against original prompt: 'classic fedora hat in rich brown leather...'
2025-08-10 10:54:09,876 - WARNING -    🔧 Score 0.0 - clearing CUDA cache
2025-08-10 10:54:09,878 - INFO -       📊 Validation score: 0.0000
2025-08-10 10:54:09,878 - INFO - 
   🔄 RL Round 5/18
2025-08-10 10:54:09,879 - INFO -       🎯 Strategy: material_focus (explore)
2025-08-10 10:54:14,239 - INFO - [TRELLIS] GPU cache cleared: {'status': 'cache_cleared', 'available_memory_gb': 20.277362688}
2025-08-10 10:54:14,240 - INFO -       🔍 Validating...
2025-08-10 10:54:14,244 - INFO -       📝 Using optimized prompt for generation: 'a classic fedora hat in rich brown leather with delicate tooling and a subtle sheen, adorned with precision-cut gold thread embroidery along the edge, front view, accurate, complete, white background...'
2025-08-10 10:54:14,244 - INFO -       🎯 Computing scores against original prompt: 'classic fedora hat in rich brown leather...'
2025-08-10 10:55:28,730 - WARNING -    🔧 Score 0.0 - clearing CUDA cache
2025-08-10 10:55:28,730 - INFO -       📊 Validation score: 0.0000
2025-08-10 10:55:28,731 - INFO -       ✅ Convergence achieved: Convergence threshold met (improvement: 0.000)
2025-08-10 10:55:28,803 - INFO - 
🎯 RL LOOP COMPLETE:
2025-08-10 10:55:28,806 - INFO -    Best prompt: a classic fedora hat in a deep, rich chocolate-brown leather, front view, accurate, complete, white background
2025-08-10 10:55:28,807 - INFO -    Best score: 0.7343
2025-08-10 10:55:28,810 - INFO -    Rounds: 5
2025-08-10 10:55:28,810 - INFO -    Convergence: True
2025-08-10 10:55:28,810 - INFO -    Convergence reason: Convergence threshold met (improvement: 0.000)
2025-08-10 10:55:28,810 - INFO -    Exploration ratio: 80.0%
2025-08-10 10:55:28,810 - INFO -    Insights learned: 1
2025-08-10 10:55:28,810 - INFO -    Total time: 403.18s
2025-08-10 10:55:28,811 - INFO - Prompt optimized in 5 rounds: 0.000 → 0.734 (+0.734)
2025-08-10 10:55:28,811 - INFO - ✅ Target score achieved!
2025-08-10 10:55:28,817 - INFO - 
--- Episode 1, Prompt 5 (Total: 26) ---
2025-08-10 10:55:28,817 - INFO - Optimizing: 'ruby bracelet with unique twisted band'
2025-08-10 10:55:28,818 - INFO - 🔍 Checking server availability before optimization...
2025-08-10 10:55:28,825 - INFO - ✅ Server is available (status: completed)
2025-08-10 10:55:28,826 - INFO - 📝 Marked server as used at 1754823328.826093
2025-08-10 10:55:28,826 - INFO - ✅ Server is available and marked as used
2025-08-10 10:55:31,513 - INFO - 🔄 Reproducibility optimization applied:
2025-08-10 10:55:31,515 - INFO -    Original: ruby bracelet with unique twisted band
2025-08-10 10:55:31,515 - INFO -    Optimized: wbgmsst, a slender and delicate antique-inspired ruby bracelet with expertly faceted stones, twisted chain details, vintage floral motif patterns, exhibits subtle luster in the center of each stone, refract light, white background.
2025-08-10 10:55:31,515 - INFO -    Similarity: 0.633
2025-08-10 10:55:31,515 - INFO -    Gold score: 0.8813
2025-08-10 10:55:31,515 - INFO -       🔧 Overriding endpoint: generate/baolei/
2025-08-10 10:55:31,515 - INFO -       🔧 Using endpoint: generate/baolei/
2025-08-10 10:55:31,520 - INFO - 
🔄 RL LOOP OPTIMIZATION: 'ruby bracelet with unique twisted band'
2025-08-10 10:55:31,521 - INFO -    Session: rl_session_1754823331_7252
2025-08-10 10:55:31,524 - INFO -    Max rounds: 18
2025-08-10 10:55:31,524 - INFO -    Min rounds before convergence: 5
2025-08-10 10:55:31,524 - INFO -    Target score: 0.99
2025-08-10 10:55:31,524 - INFO - 
   🔄 RL Round 1/18
2025-08-10 10:55:31,524 - INFO -       🎯 Strategy: aggressive_transformation (exploit)
2025-08-10 10:55:34,968 - INFO - [TRELLIS] GPU cache cleared: {'status': 'cache_cleared', 'available_memory_gb': 20.277362688}
2025-08-10 10:55:34,969 - INFO -       🔍 Validating...
2025-08-10 10:55:34,970 - INFO -       📝 Using optimized prompt for generation: 'ruby and sapphire bracelet with intricate twisted band featuring a unique knotwork design, front view, accurate, complete, white background...'
2025-08-10 10:55:34,970 - INFO -       🎯 Computing scores against original prompt: 'ruby bracelet with unique twisted band...'
2025-08-10 10:56:53,340 - INFO -       📊 Validation score: 0.8645
2025-08-10 10:56:53,340 - INFO -       🎯 New best score: 0.8645
2025-08-10 10:56:53,340 - INFO - 
   🔄 RL Round 2/18
2025-08-10 10:56:53,340 - INFO -       🎯 Strategy: material_focus (explore)
2025-08-10 10:56:57,626 - INFO - [TRELLIS] GPU cache cleared: {'status': 'cache_cleared', 'available_memory_gb': 20.277362688}
2025-08-10 10:56:57,629 - INFO -       🔍 Validating...
2025-08-10 10:56:57,629 - INFO -       📝 Using optimized prompt for generation: 'ruby bracelet with unique twisted band featuring an ornate filigree pattern and subtle inclusions of diamonds, front view, accurate, complete, white background...'
2025-08-10 10:56:57,629 - INFO -       🎯 Computing scores against original prompt: 'ruby bracelet with unique twisted band...'
2025-08-10 10:58:20,321 - INFO -       📊 Validation score: 0.9119
2025-08-10 10:58:20,321 - INFO -       🎯 New best score: 0.9119
2025-08-10 10:58:20,321 - INFO -       📈 Improvement detected: material_focus working better
2025-08-10 10:58:20,321 - INFO - 
   🔄 RL Round 3/18
2025-08-10 10:58:20,322 - INFO -       🎯 Strategy: material_focus (explore)
2025-08-10 10:58:30,534 - INFO - [TRELLIS] GPU cache cleared: {'status': 'cache_cleared', 'available_memory_gb': 20.277362688}
2025-08-10 10:58:30,535 - INFO -       🔍 Validating...
2025-08-10 10:58:30,535 - INFO -       📝 Using optimized prompt for generation: 'ruby and sapphire bracelet with an intricate, hand-woven twisted band featuring a delicate filigree pattern, subtle inclusions of gold dust, and a hint of vintage charm...'
2025-08-10 10:58:30,535 - INFO -       🎯 Computing scores against original prompt: 'ruby bracelet with unique twisted band...'
2025-08-10 10:59:53,978 - INFO -       📊 Validation score: 0.8613
2025-08-10 10:59:53,978 - INFO -       📉 Score declined: Consider different approach
2025-08-10 10:59:53,978 - INFO - 
   🔄 RL Round 4/18
2025-08-10 10:59:53,979 - INFO -       🔍 Explore performing better - increasing epsilon to 0.66
2025-08-10 10:59:53,979 - INFO -       🎯 Strategy: material_focus (explore)
2025-08-10 10:59:58,642 - INFO - [TRELLIS] GPU cache cleared: {'status': 'cache_cleared', 'available_memory_gb': 20.277362688}
2025-08-10 10:59:58,643 - INFO -       🔍 Validating...
2025-08-10 10:59:58,643 - INFO -       📝 Using optimized prompt for generation: 'ruby bracelet with a uniquely textured, hand-twisted band featuring organic, irregular patterns and subtle inclusions of iridescent material, front view, accurate, complete, white background...'
2025-08-10 10:59:58,643 - INFO -       🎯 Computing scores against original prompt: 'ruby bracelet with unique twisted band...'
2025-08-10 11:01:16,235 - INFO -       📊 Validation score: 0.8767
2025-08-10 11:01:16,236 - INFO -       📈 Improvement detected: material_focus working better
2025-08-10 11:01:16,236 - INFO - 
   🔄 RL Round 5/18
2025-08-10 11:01:16,236 - INFO -       🔍 Explore performing better - increasing epsilon to 0.71
2025-08-10 11:01:16,236 - INFO -       🎯 Strategy: aggressive_transformation (exploit)
2025-08-10 11:01:21,050 - INFO - [TRELLIS] GPU cache cleared: {'status': 'cache_cleared', 'available_memory_gb': 20.277362688}
2025-08-10 11:01:21,050 - INFO -       🔍 Validating...
2025-08-10 11:01:21,051 - INFO -       📝 Using optimized prompt for generation: 'ruby and sapphire bracelet with intricate, hand-woven twisted band featuring a unique texture and subtle inclusions of gold accents, front view, accurate, complete, white background...'
2025-08-10 11:01:21,051 - INFO -       🎯 Computing scores against original prompt: 'ruby bracelet with unique twisted band...'
2025-08-10 11:02:42,122 - INFO -       📊 Validation score: 0.8748
2025-08-10 11:02:42,123 - INFO -       🔍 Explore performing better - stricter convergence threshold: 0.005
2025-08-10 11:02:42,123 - INFO -       ✅ Convergence achieved: Convergence threshold met (improvement: -0.002)
2025-08-10 11:02:42,180 - INFO - 
🎯 RL LOOP COMPLETE:
2025-08-10 11:02:42,184 - INFO -    Best prompt: ruby bracelet with unique twisted band featuring an ornate filigree pattern and subtle inclusions of diamonds, front view, accurate, complete, white background
2025-08-10 11:02:42,184 - INFO -    Best score: 0.9119
2025-08-10 11:02:42,184 - INFO -    Rounds: 5
2025-08-10 11:02:42,184 - INFO -    Convergence: True
2025-08-10 11:02:42,184 - INFO -    Convergence reason: Convergence threshold met (improvement: -0.002)
2025-08-10 11:02:42,184 - INFO -    Exploration ratio: 60.0%
2025-08-10 11:02:42,184 - INFO -    Insights learned: 3
2025-08-10 11:02:42,184 - INFO -    Total time: 430.60s
2025-08-10 11:02:42,184 - INFO - Prompt optimized in 5 rounds: 0.865 → 0.912 (+0.047)
2025-08-10 11:02:42,185 - INFO - ✅ Target score achieved!
2025-08-10 11:02:42,190 - INFO - 
--- Episode 1, Prompt 6 (Total: 26) ---
2025-08-10 11:02:42,190 - INFO - Optimizing: 'yellow screwdriver with short handle'
2025-08-10 11:02:42,191 - INFO - 🔍 Checking server availability before optimization...
2025-08-10 11:02:42,202 - INFO - ✅ Server is available (status: completed)
2025-08-10 11:02:42,205 - INFO - 📝 Marked server as used at 1754823762.2052035
2025-08-10 11:02:42,205 - INFO - ✅ Server is available and marked as used
2025-08-10 11:02:44,840 - INFO - 🔄 Reproducibility optimization applied:
2025-08-10 11:02:44,840 - INFO -    Original: yellow screwdriver with short handle
2025-08-10 11:02:44,840 - INFO -    Optimized: wbgmsst, an accurate and complete screwdriver with a polished brass alloy construction featuring a delicate patina and subtly ridged texture, depicted in a front view on a white background.
2025-08-10 11:02:44,841 - INFO -    Similarity: 0.548
2025-08-10 11:02:44,841 - INFO -    Gold score: 0.9305
2025-08-10 11:02:44,842 - INFO -       🔧 Overriding endpoint: generate/baolei/
2025-08-10 11:02:44,842 - INFO -       🔧 Using endpoint: generate/baolei/
2025-08-10 11:02:44,850 - INFO - 
🔄 RL LOOP OPTIMIZATION: 'yellow screwdriver with short handle'
2025-08-10 11:02:44,850 - INFO -    Session: rl_session_1754823764_8832
2025-08-10 11:02:44,850 - INFO -    Max rounds: 18
2025-08-10 11:02:44,850 - INFO -    Min rounds before convergence: 5
2025-08-10 11:02:44,850 - INFO -    Target score: 0.99
2025-08-10 11:02:44,851 - INFO - 
   🔄 RL Round 1/18
2025-08-10 11:02:44,851 - INFO -       🎯 Strategy: minimalist_refinement (exploit)
2025-08-10 11:02:48,535 - INFO - [TRELLIS] GPU cache cleared: {'status': 'cache_cleared', 'available_memory_gb': 20.277362688}
2025-08-10 11:02:48,535 - INFO -       🔍 Validating...
2025-08-10 11:02:48,536 - INFO -       📝 Using optimized prompt for generation: 'yellow screwdriver with a short, slender, and ergonomic handle made of durable plastic, front view, accurate, complete, white background...'
2025-08-10 11:02:48,537 - INFO -       🎯 Computing scores against original prompt: 'yellow screwdriver with short handle...'
2025-08-10 11:04:04,021 - INFO -       📊 Validation score: 0.9256
2025-08-10 11:04:04,022 - INFO -       🎯 New best score: 0.9256
2025-08-10 11:04:04,023 - INFO - 
   🔄 RL Round 2/18
2025-08-10 11:04:04,025 - INFO -       🎯 Strategy: material_focus (explore)
2025-08-10 11:04:09,946 - INFO - [TRELLIS] GPU cache cleared: {'status': 'cache_cleared', 'available_memory_gb': 20.277362688}
2025-08-10 11:04:09,947 - INFO -       🔍 Validating...
2025-08-10 11:04:09,947 - INFO -       📝 Using optimized prompt for generation: 'yellow screwdriver with a short, ergonomic handle made of durable plastic and a unique hexagonal head for added grip, front view, accurate, complete, white background...'
2025-08-10 11:04:09,947 - INFO -       🎯 Computing scores against original prompt: 'yellow screwdriver with short handle...'
2025-08-10 11:05:23,117 - INFO -       📊 Validation score: 0.8669
2025-08-10 11:05:23,118 - INFO -       📉 Score declined: Consider different approach
2025-08-10 11:05:23,118 - INFO - 
   🔄 RL Round 3/18
2025-08-10 11:05:23,118 - INFO -       🎯 Strategy: aggressive_transformation (explore)
2025-08-10 11:05:27,899 - INFO - [TRELLIS] GPU cache cleared: {'status': 'cache_cleared', 'available_memory_gb': 20.277362688}
2025-08-10 11:05:27,900 - INFO -       🔍 Validating...
2025-08-10 11:05:27,900 - INFO -       📝 Using optimized prompt for generation: 'yellow screwdriver with a short, ergonomic handle made of durable plastic, featuring a textured grip and a precision-crafted metal shaft...'
2025-08-10 11:05:27,900 - INFO -       🎯 Computing scores against original prompt: 'yellow screwdriver with short handle...'
2025-08-10 11:06:47,507 - INFO -       📊 Validation score: 0.9229
2025-08-10 11:06:47,508 - INFO -       📈 Improvement detected: aggressive_transformation working better
2025-08-10 11:06:47,508 - INFO - 
   🔄 RL Round 4/18
2025-08-10 11:06:47,508 - INFO -       🔍 Explore performing better - increasing epsilon to 0.75
2025-08-10 11:06:47,508 - INFO -       🎯 Strategy: contextual_scene_building (explore)
2025-08-10 11:06:52,082 - INFO - [TRELLIS] GPU cache cleared: {'status': 'cache_cleared', 'available_memory_gb': 20.277362688}
2025-08-10 11:06:52,083 - INFO -       🔍 Validating...
2025-08-10 11:06:52,084 - INFO -       📝 Using optimized prompt for generation: 'a bright yellow screwdriver with a short, slender, and ergonomic handle made of durable plastic, front view, accurate, complete, white background...'
2025-08-10 11:06:52,085 - INFO -       🎯 Computing scores against original prompt: 'yellow screwdriver with short handle...'
2025-08-10 11:08:11,165 - INFO -       📊 Validation score: 0.9088
2025-08-10 11:08:11,166 - INFO -       📉 Score declined: Consider different approach
2025-08-10 11:08:11,166 - INFO - 
   🔄 RL Round 5/18
2025-08-10 11:08:11,166 - INFO -       🔍 Explore performing better - increasing epsilon to 0.80
2025-08-10 11:08:11,166 - INFO -       🎯 Strategy: technical_precision (explore)
2025-08-10 11:08:16,351 - INFO - [TRELLIS] GPU cache cleared: {'status': 'cache_cleared', 'available_memory_gb': 20.277362688}
2025-08-10 11:08:16,355 - INFO -       🔍 Validating...
2025-08-10 11:08:16,355 - INFO -       📝 Using optimized prompt for generation: 'yellow screwdriver with a short, ergonomic handle made of durable plastic and featuring a unique texture that provides improved grip when wet, front view, accurate, complete, white background...'
2025-08-10 11:08:16,355 - INFO -       🎯 Computing scores against original prompt: 'yellow screwdriver with short handle...'
2025-08-10 11:09:31,355 - INFO -       📊 Validation score: 0.9040
2025-08-10 11:09:31,356 - INFO -       🔍 Explore performing better - stricter convergence threshold: 0.005
2025-08-10 11:09:31,356 - INFO -       ✅ Convergence achieved: Convergence threshold met (improvement: -0.005)
2025-08-10 11:09:31,420 - INFO - 
🎯 RL LOOP COMPLETE:
2025-08-10 11:09:31,423 - INFO -    Best prompt: yellow screwdriver with a short, slender, and ergonomic handle made of durable plastic, front view, accurate, complete, white background
2025-08-10 11:09:31,423 - INFO -    Best score: 0.9256
2025-08-10 11:09:31,423 - INFO -    Rounds: 5
2025-08-10 11:09:31,423 - INFO -    Convergence: True
2025-08-10 11:09:31,423 - INFO -    Convergence reason: Convergence threshold met (improvement: -0.005)
2025-08-10 11:09:31,423 - INFO -    Exploration ratio: 80.0%
2025-08-10 11:09:31,423 - INFO -    Insights learned: 2
2025-08-10 11:09:31,424 - INFO -    Total time: 406.51s
2025-08-10 11:09:31,424 - INFO - Prompt optimized in 5 rounds: 0.926 → 0.926 (+0.000)
2025-08-10 11:09:31,425 - INFO - ✅ Target score achieved!
2025-08-10 11:09:31,432 - INFO - 
--- Episode 1, Prompt 7 (Total: 26) ---
2025-08-10 11:09:31,434 - INFO - Optimizing: 'yellow and white checkered robot pose'
2025-08-10 11:09:31,434 - INFO - 🔍 Checking server availability before optimization...
2025-08-10 11:09:31,448 - INFO - ✅ Server is available (status: completed)
2025-08-10 11:09:31,449 - INFO - 📝 Marked server as used at 1754824171.4492528
2025-08-10 11:09:31,450 - INFO - ✅ Server is available and marked as used
2025-08-10 11:09:33,969 - INFO - 🔄 Reproducibility optimization applied:
2025-08-10 11:09:33,970 - INFO -    Original: yellow and white checkered robot pose
2025-08-10 11:09:33,971 - INFO -    Optimized: wbgmsst, a complete and accurate robot with a polished brass alloy body featuring a delicate patina and subtly ridged texture, displayed in front view against a white background.
2025-08-10 11:09:33,971 - INFO -    Similarity: 0.540
2025-08-10 11:09:33,971 - INFO -    Gold score: 0.9305
2025-08-10 11:09:33,972 - INFO -       🔧 Overriding endpoint: generate/baolei/
2025-08-10 11:09:33,972 - INFO -       🔧 Using endpoint: generate/baolei/
2025-08-10 11:09:33,978 - INFO - 
🔄 RL LOOP OPTIMIZATION: 'yellow and white checkered robot pose'
2025-08-10 11:09:33,979 - INFO -    Session: rl_session_1754824173_1619
2025-08-10 11:09:33,979 - INFO -    Max rounds: 18
2025-08-10 11:09:33,982 - INFO -    Min rounds before convergence: 5
2025-08-10 11:09:33,982 - INFO -    Target score: 0.99
2025-08-10 11:09:33,982 - INFO - 
   🔄 RL Round 1/18
2025-08-10 11:09:33,983 - INFO -       🔍 Explore performing better - increasing epsilon to 0.80
2025-08-10 11:09:33,983 - INFO -       🎯 Strategy: minimalist_refinement (exploit)
2025-08-10 11:09:37,542 - INFO - [TRELLIS] GPU cache cleared: {'status': 'cache_cleared', 'available_memory_gb': 20.277362688}
2025-08-10 11:09:37,543 - INFO -       🔍 Validating...
2025-08-10 11:09:37,543 - INFO -       📝 Using optimized prompt for generation: 'yellow and white checkered robot pose with intricate mechanical gears visible under a translucent metallic panel, front view, accurate, complete, white background...'
2025-08-10 11:09:37,544 - INFO -       🎯 Computing scores against original prompt: 'yellow and white checkered robot pose...'
2025-08-10 11:10:54,998 - INFO -       📊 Validation score: 0.8383
2025-08-10 11:10:54,998 - INFO -       🎯 New best score: 0.8383
2025-08-10 11:10:54,998 - INFO - 
   🔄 RL Round 2/18
2025-08-10 11:10:54,999 - INFO -       🔍 Explore performing better - increasing epsilon to 0.80
2025-08-10 11:10:54,999 - INFO -       🎯 Strategy: minimalist_refinement (exploit)
2025-08-10 11:10:59,800 - INFO - [TRELLIS] GPU cache cleared: {'status': 'cache_cleared', 'available_memory_gb': 20.277362688}
2025-08-10 11:10:59,804 - INFO -       🔍 Validating...
2025-08-10 11:10:59,804 - INFO -       📝 Using optimized prompt for generation: 'yellow and white checkered robot pose with a metallic sheen on the gears visible under a clear plastic panel, front view, accurate, complete, white background...'
2025-08-10 11:10:59,804 - INFO -       🎯 Computing scores against original prompt: 'yellow and white checkered robot pose...'
2025-08-10 11:12:16,649 - INFO -       📊 Validation score: 0.8442
2025-08-10 11:12:16,650 - INFO -       🎯 New best score: 0.8442
2025-08-10 11:12:16,650 - INFO -       📈 Improvement detected: minimalist_refinement working better
2025-08-10 11:12:16,650 - INFO - 
   🔄 RL Round 3/18
2025-08-10 11:12:16,650 - INFO -       🎯 Strategy: minimalist_refinement (explore)
2025-08-10 11:12:20,900 - INFO - [TRELLIS] GPU cache cleared: {'status': 'cache_cleared', 'available_memory_gb': 20.277362688}
2025-08-10 11:12:20,901 - INFO -       🔍 Validating...
2025-08-10 11:12:20,902 - INFO -       📝 Using optimized prompt for generation: 'yellow and white checkered robot pose with intricately detailed mechanical gears visible under a thin layer of worn, metallic dust, front view, accurate, complete, white background...'
2025-08-10 11:12:20,902 - INFO -       🎯 Computing scores against original prompt: 'yellow and white checkered robot pose...'
2025-08-10 11:13:41,207 - INFO -       📊 Validation score: 0.8559
2025-08-10 11:13:41,207 - INFO -       🎯 New best score: 0.8559
2025-08-10 11:13:41,207 - INFO -       📈 Improvement detected: minimalist_refinement working better
2025-08-10 11:13:41,207 - INFO - 
   🔄 RL Round 4/18
2025-08-10 11:13:41,208 - INFO -       🎯 Strategy: contextual_scene_building (explore)
2025-08-10 11:13:46,452 - INFO - [TRELLIS] GPU cache cleared: {'status': 'cache_cleared', 'available_memory_gb': 20.277362688}
2025-08-10 11:13:46,452 - INFO -       🔍 Validating...
2025-08-10 11:13:46,453 - INFO -       📝 Using optimized prompt for generation: 'a sleek yellow and white checkered robot pose with a gleaming metallic sheen on the gears visible under a thin layer of grime and wear, front view, accurate, complete, white background...'
2025-08-10 11:13:46,454 - INFO -       🎯 Computing scores against original prompt: 'yellow and white checkered robot pose...'
2025-08-10 11:15:07,872 - INFO -       📊 Validation score: 0.8408
2025-08-10 11:15:07,877 - INFO -       📉 Score declined: Consider different approach
2025-08-10 11:15:07,877 - INFO - 
   🔄 RL Round 5/18
2025-08-10 11:15:07,877 - INFO -       🎯 Strategy: material_focus (explore)
2025-08-10 11:15:11,883 - INFO - [TRELLIS] GPU cache cleared: {'status': 'cache_cleared', 'available_memory_gb': 20.277362688}
2025-08-10 11:15:11,885 - INFO -       🔍 Validating...
2025-08-10 11:15:11,885 - INFO -       📝 Using optimized prompt for generation: 'a yellow and white checkered robot pose with intricate mechanical gears visible through transparent panels on the arms and legs...'
2025-08-10 11:15:11,887 - INFO -       🎯 Computing scores against original prompt: 'yellow and white checkered robot pose...'
2025-08-10 11:16:32,513 - INFO -       📊 Validation score: 0.8996
2025-08-10 11:16:32,514 - INFO -       🎯 New best score: 0.8996
2025-08-10 11:16:32,514 - INFO -       🔍 Explore performing better - stricter convergence threshold: 0.005
2025-08-10 11:16:32,514 - INFO -       📈 Improvement detected: material_focus working better
2025-08-10 11:16:32,514 - INFO - 
   🔄 RL Round 6/18
2025-08-10 11:16:32,515 - INFO -       🎯 Strategy: technical_precision (explore)
2025-08-10 11:16:36,441 - INFO - [TRELLIS] GPU cache cleared: {'status': 'cache_cleared', 'available_memory_gb': 20.277362688}
2025-08-10 11:16:36,442 - INFO -       🔍 Validating...
2025-08-10 11:16:36,443 - INFO -       📝 Using optimized prompt for generation: 'a sleek yellow and white checkered robot pose with precision-crafted mechanical gears visible under a thin layer of transparent plastic, front view, accurate, complete, white background...'
2025-08-10 11:16:36,443 - INFO -       🎯 Computing scores against original prompt: 'yellow and white checkered robot pose...'
2025-08-10 11:17:53,801 - INFO -       📊 Validation score: 0.8935
2025-08-10 11:17:53,804 - INFO -       🔍 Explore performing better - stricter convergence threshold: 0.005
2025-08-10 11:17:53,804 - INFO -       📉 Score declined: Consider different approach
2025-08-10 11:17:53,805 - INFO - 
   🔄 RL Round 7/18
2025-08-10 11:17:53,805 - INFO -       🎯 Strategy: contextual_scene_building (explore)
2025-08-10 11:17:59,094 - INFO - [TRELLIS] GPU cache cleared: {'status': 'cache_cleared', 'available_memory_gb': 20.277362688}
2025-08-10 11:17:59,096 - INFO -       🔍 Validating...
2025-08-10 11:17:59,098 - INFO -       📝 Using optimized prompt for generation: 'a sleek yellow and white checkered robot pose with a metallic sheen on the gears visible under a slightly worn, translucent plastic casing, front view, accurate, complete, white background...'
2025-08-10 11:17:59,099 - INFO -       🎯 Computing scores against original prompt: 'yellow and white checkered robot pose...'
2025-08-10 11:19:18,450 - INFO -       📊 Validation score: 0.9063
2025-08-10 11:19:18,450 - INFO -       🎯 New best score: 0.9063
2025-08-10 11:19:18,451 - INFO -       🔍 Explore performing better - stricter convergence threshold: 0.005
2025-08-10 11:19:18,451 - INFO -       📈 Improvement detected: contextual_scene_building working better
2025-08-10 11:19:18,451 - INFO - 
   🔄 RL Round 8/18
2025-08-10 11:19:18,451 - INFO -       🎯 Strategy: minimalist_refinement (exploit)
2025-08-10 11:19:22,401 - INFO - [TRELLIS] GPU cache cleared: {'status': 'cache_cleared', 'available_memory_gb': 20.277362688}
2025-08-10 11:19:22,404 - INFO -       🔍 Validating...
2025-08-10 11:19:22,404 - INFO -       📝 Using optimized prompt for generation: 'a sleek yellow and white checkered robot pose with precision-crafted mechanical gears visible under a thin layer of dust...'
2025-08-10 11:19:22,404 - INFO -       🎯 Computing scores against original prompt: 'yellow and white checkered robot pose...'
2025-08-10 11:20:45,479 - INFO -       📊 Validation score: 0.8567
2025-08-10 11:20:45,480 - INFO -       🔍 Explore performing better - stricter convergence threshold: 0.005
2025-08-10 11:20:45,480 - INFO -       📉 Score declined: Consider different approach
2025-08-10 11:20:45,480 - INFO - 
   🔄 RL Round 9/18
2025-08-10 11:20:45,481 - INFO -       🎯 Strategy: contextual_scene_building (explore)
2025-08-10 11:20:50,162 - INFO - [TRELLIS] GPU cache cleared: {'status': 'cache_cleared', 'available_memory_gb': 20.277362688}
2025-08-10 11:20:50,163 - INFO -       🔍 Validating...
2025-08-10 11:20:50,163 - INFO -       📝 Using optimized prompt for generation: 'a sleek yellow and white checkered robot pose with precision-crafted mechanical gears visible under a thin layer of oil, highlighting the intricate mesh pattern and subtle sheen on the gears, front view, accurate, complete, white background...'
2025-08-10 11:20:50,163 - INFO -       🎯 Computing scores against original prompt: 'yellow and white checkered robot pose...'
2025-08-10 11:22:07,416 - INFO -       📊 Validation score: 0.8630
2025-08-10 11:22:07,418 - INFO -       🔍 Explore performing better - stricter convergence threshold: 0.005
2025-08-10 11:22:07,420 - INFO -       📈 Improvement detected: contextual_scene_building working better
2025-08-10 11:22:07,420 - INFO - 
   🔄 RL Round 10/18
2025-08-10 11:22:07,420 - INFO -       🎯 Strategy: minimalist_refinement (exploit)
2025-08-10 11:22:11,920 - INFO - [TRELLIS] GPU cache cleared: {'status': 'cache_cleared', 'available_memory_gb': 20.277362688}
2025-08-10 11:22:11,921 - INFO -       🔍 Validating...
2025-08-10 11:22:11,921 - INFO -       📝 Using optimized prompt for generation: 'a sleek yellow and white checkered robot pose with precision-crafted mechanical gears visible under a translucent plastic casing that subtly reflects light, accentuating its intricate details, front view, accurate, complete, white background...'
2025-08-10 11:22:11,921 - INFO -       🎯 Computing scores against original prompt: 'yellow and white checkered robot pose...'
2025-08-10 11:23:26,729 - INFO -       📊 Validation score: 0.8954
2025-08-10 11:23:26,730 - INFO -       📈 Improvement detected: minimalist_refinement working better
2025-08-10 11:23:26,730 - INFO - 
   🔄 RL Round 11/18
2025-08-10 11:23:26,731 - INFO -       🎯 Strategy: conservative_enhancement (explore)
2025-08-10 11:23:31,284 - INFO - [TRELLIS] GPU cache cleared: {'status': 'cache_cleared', 'available_memory_gb': 20.277362688}
2025-08-10 11:23:31,285 - INFO -       🔍 Validating...
2025-08-10 11:23:31,285 - INFO -       📝 Using optimized prompt for generation: 'a sleek yellow and white checkered robot pose with precision-crafted mechanical gears visible under a subtle gradient of light, highlighting the intricate textures and patterns on the robot's surface, front view, accurate, complete, white background...'
2025-08-10 11:23:31,288 - INFO -       🎯 Computing scores against original prompt: 'yellow and white checkered robot pose...'
2025-08-10 11:24:51,953 - INFO -       📊 Validation score: 0.9011
2025-08-10 11:24:51,954 - INFO -       ✅ Convergence achieved: Convergence threshold met (improvement: 0.006)
2025-08-10 11:24:52,023 - INFO - 
🎯 RL LOOP COMPLETE:
2025-08-10 11:24:52,023 - INFO -    Best prompt: a sleek yellow and white checkered robot pose with a metallic sheen on the gears visible under a slightly worn, translucent plastic casing, front view, accurate, complete, white background
2025-08-10 11:24:52,023 - INFO -    Best score: 0.9063
2025-08-10 11:24:52,023 - INFO -    Rounds: 11
2025-08-10 11:24:52,023 - INFO -    Convergence: True
2025-08-10 11:24:52,023 - INFO -    Convergence reason: Convergence threshold met (improvement: 0.006)
2025-08-10 11:24:52,023 - INFO -    Exploration ratio: 63.6%
2025-08-10 11:24:52,023 - INFO -    Insights learned: 3
2025-08-10 11:24:52,023 - INFO -    Total time: 917.98s
2025-08-10 11:24:52,024 - INFO - Prompt optimized in 11 rounds: 0.838 → 0.906 (+0.068)
2025-08-10 11:24:52,024 - INFO - ✅ Target score achieved!
2025-08-10 11:24:52,030 - INFO - 
--- Episode 1, Prompt 8 (Total: 26) ---
2025-08-10 11:24:52,030 - INFO - Optimizing: 'shiny silver spherical robot with smooth finish'
2025-08-10 11:24:52,030 - INFO - 🔍 Checking server availability before optimization...
2025-08-10 11:24:57,040 - INFO - ⏳ Server unavailable: timeout - Server status check timed out
2025-08-10 11:25:05,772 - INFO - ✅ Server is available (status: completed)
2025-08-10 11:25:05,773 - INFO - 📝 Marked server as used at 1754825105.7730744
2025-08-10 11:25:05,773 - INFO - ✅ Server is available and marked as used
2025-08-10 11:25:05,780 - INFO - 🔄 Reproducibility optimization returned no result
2025-08-10 11:25:05,780 - INFO -       🔧 Overriding endpoint: generate/baolei/
2025-08-10 11:25:05,781 - INFO -       🔧 Using endpoint: generate/baolei/
2025-08-10 11:25:05,785 - INFO - 
🔄 RL LOOP OPTIMIZATION: 'shiny silver spherical robot with smooth finish'
2025-08-10 11:25:05,786 - INFO -    Session: rl_session_1754825105_9564
2025-08-10 11:25:05,786 - INFO -    Max rounds: 18
2025-08-10 11:25:05,786 - INFO -    Min rounds before convergence: 5
2025-08-10 11:25:05,786 - INFO -    Target score: 0.99
2025-08-10 11:25:05,786 - INFO - 
   🔄 RL Round 1/18
2025-08-10 11:25:05,786 - INFO -       🎯 Strategy: material_focus (explore)
2025-08-10 11:25:10,643 - INFO - [TRELLIS] GPU cache cleared: {'status': 'cache_cleared', 'available_memory_gb': 20.277362688}
2025-08-10 11:25:10,644 - INFO -       🔍 Validating...
2025-08-10 11:25:10,644 - INFO -       📝 Using optimized prompt for generation: 'a sleek shiny silver spherical robot with intricate circuitry patterns etched into its surface, emitting a soft gentle hum and reflecting light in a mesmerizing dance of metallic hues, front view, accurate, complete, white background...'
2025-08-10 11:25:10,644 - INFO -       🎯 Computing scores against original prompt: 'shiny silver spherical robot with smooth finish...'
2025-08-10 11:26:35,504 - INFO -       📊 Validation score: 0.7942
2025-08-10 11:26:35,504 - INFO -       🎯 New best score: 0.7942
2025-08-10 11:26:35,505 - INFO - 
   🔄 RL Round 2/18
2025-08-10 11:26:35,505 - INFO -       🎯 Strategy: minimalist_refinement (exploit)
2025-08-10 11:26:40,548 - INFO - [TRELLIS] GPU cache cleared: {'status': 'cache_cleared', 'available_memory_gb': 20.277362688}
2025-08-10 11:26:40,549 - INFO -       🔍 Validating...
2025-08-10 11:26:40,549 - INFO -       📝 Using optimized prompt for generation: 'a shiny silver spherical robot with a smooth, mirror-like finish and subtle etchings of circuitry patterns along its equator, front view, accurate, complete, white background...'
2025-08-10 11:26:40,550 - INFO -       🎯 Computing scores against original prompt: 'shiny silver spherical robot with smooth finish...'
2025-08-10 11:27:59,454 - INFO -       📊 Validation score: 0.7610
2025-08-10 11:27:59,454 - INFO -       📉 Score declined: Consider different approach
2025-08-10 11:27:59,454 - INFO - 
   🔄 RL Round 3/18
2025-08-10 11:27:59,455 - INFO -       🎯 Strategy: material_focus (explore)
2025-08-10 11:28:04,171 - INFO - [TRELLIS] GPU cache cleared: {'status': 'cache_cleared', 'available_memory_gb': 20.277362688}
2025-08-10 11:28:04,171 - INFO -       🔍 Validating...
2025-08-10 11:28:04,172 - INFO -       📝 Using optimized prompt for generation: 'a smooth, high-glossy shiny silver spherical robot with a subtle, mirror-like sheen to its surface, front view, accurate, complete, white background...'
2025-08-10 11:28:04,172 - INFO -       🎯 Computing scores against original prompt: 'shiny silver spherical robot with smooth finish...'
2025-08-10 11:29:25,380 - INFO -       📊 Validation score: 0.8260
2025-08-10 11:29:25,381 - INFO -       🎯 New best score: 0.8260
2025-08-10 11:29:25,381 - INFO -       📈 Improvement detected: material_focus working better
2025-08-10 11:29:25,381 - INFO - 
   🔄 RL Round 4/18
2025-08-10 11:29:25,381 - INFO -       🎯 Strategy: material_focus (explore)
2025-08-10 11:29:29,895 - INFO - [TRELLIS] GPU cache cleared: {'status': 'cache_cleared', 'available_memory_gb': 20.277362688}
2025-08-10 11:29:29,895 - INFO -       🔍 Validating...
2025-08-10 11:29:29,898 - INFO -       📝 Using optimized prompt for generation: 'a highly polished shiny silver spherical robot with an almost mirror-like finish and delicate, hand-crafted circuitry patterns etched into its surface, front view, accurate, complete, white background...'
2025-08-10 11:29:29,898 - INFO -       🎯 Computing scores against original prompt: 'shiny silver spherical robot with smooth finish...'
2025-08-10 11:30:49,078 - INFO -       📊 Validation score: 0.8312
2025-08-10 11:30:49,079 - INFO -       🎯 New best score: 0.8312
2025-08-10 11:30:49,079 - INFO -       📈 Improvement detected: material_focus working better
2025-08-10 11:30:49,079 - INFO - 
   🔄 RL Round 5/18
2025-08-10 11:30:49,080 - INFO -       🎯 Strategy: minimalist_refinement (explore)
2025-08-10 11:30:54,912 - INFO - [TRELLIS] GPU cache cleared: {'status': 'cache_cleared', 'available_memory_gb': 20.277362688}
2025-08-10 11:30:54,913 - INFO -       🔍 Validating...
2025-08-10 11:30:54,915 - INFO -       📝 Using optimized prompt for generation: 'a highly polished, mirror-like shiny silver spherical robot with a subtle sheen and a textured, almost matte finish on its surface, emitting a soft, ambient glow...'
2025-08-10 11:30:54,917 - INFO -       🎯 Computing scores against original prompt: 'shiny silver spherical robot with smooth finish...'
2025-08-10 11:32:15,075 - INFO -       📊 Validation score: 0.8977
2025-08-10 11:32:15,076 - INFO -       🎯 New best score: 0.8977
2025-08-10 11:32:15,076 - INFO -       📈 Improvement detected: minimalist_refinement working better
2025-08-10 11:32:15,076 - INFO - 
   🔄 RL Round 6/18
2025-08-10 11:32:15,076 - INFO -       🎯 Strategy: technical_precision (explore)
2025-08-10 11:32:20,847 - INFO - [TRELLIS] GPU cache cleared: {'status': 'cache_cleared', 'available_memory_gb': 20.277362688}
2025-08-10 11:32:20,847 - INFO -       🔍 Validating...
2025-08-10 11:32:20,847 - INFO -       📝 Using optimized prompt for generation: 'a high-glossy shiny silver spherical robot with a subtle, mirror-like sheen to its surface and precise, minute details of intricate circuitry patterns etched into its metallic skin, front view, accurate, complete, white background...'
2025-08-10 11:32:20,848 - INFO -       🎯 Computing scores against original prompt: 'shiny silver spherical robot with smooth finish...'
2025-08-10 11:33:38,100 - INFO -       📊 Validation score: 0.6693
2025-08-10 11:33:38,105 - INFO -       📉 Score declined: Consider different approach
2025-08-10 11:33:38,105 - INFO - 
   🔄 RL Round 7/18
2025-08-10 11:33:38,105 - INFO -       🎯 Strategy: technical_precision (explore)
2025-08-10 11:33:42,644 - INFO - [TRELLIS] GPU cache cleared: {'status': 'cache_cleared', 'available_memory_gb': 20.277362688}
2025-08-10 11:33:42,646 - INFO -       🔍 Validating...
2025-08-10 11:33:42,646 - INFO -       📝 Using optimized prompt for generation: 'a highly polished shiny silver spherical robot with intricate circuitry patterns etched into its surface and a subtle sheen to its metallic finish, front view, accurate, complete, white background...'
2025-08-10 11:33:42,646 - INFO -       🎯 Computing scores against original prompt: 'shiny silver spherical robot with smooth finish...'
2025-08-10 11:35:06,733 - INFO -       📊 Validation score: 0.6212
2025-08-10 11:35:06,734 - INFO -       📉 Score declined: Consider different approach
2025-08-10 11:35:06,734 - INFO - 
   🔄 RL Round 8/18
2025-08-10 11:35:06,734 - INFO -       🎯 Strategy: technical_precision (explore)
2025-08-10 11:35:11,693 - INFO - [TRELLIS] GPU cache cleared: {'status': 'cache_cleared', 'available_memory_gb': 20.277362688}
2025-08-10 11:35:11,695 - INFO -       🔍 Validating...
2025-08-10 11:35:11,696 - INFO -       📝 Using optimized prompt for generation: 'a highly polished shiny silver spherical robot with intricate circuitry patterns etched into its surface, emitting a soft blue glow, front view, accurate, complete, white background...'
2025-08-10 11:35:11,696 - INFO -       🎯 Computing scores against original prompt: 'shiny silver spherical robot with smooth finish...'
2025-08-10 11:36:31,979 - INFO -       📊 Validation score: 0.1531
2025-08-10 11:36:31,980 - INFO -       📉 Score declined: Consider different approach
2025-08-10 11:36:31,980 - INFO -       🔍 Increasing exploration to 0.80
2025-08-10 11:36:31,980 - INFO - 
   🔄 RL Round 9/18
2025-08-10 11:36:31,980 - INFO -       🎯 Strategy: technical_precision (explore)
2025-08-10 11:36:36,060 - INFO - [TRELLIS] GPU cache cleared: {'status': 'cache_cleared', 'available_memory_gb': 20.277362688}
2025-08-10 11:36:36,061 - INFO -       🔍 Validating...
2025-08-10 11:36:36,061 - INFO -       📝 Using optimized prompt for generation: 'a highly polished shiny silver spherical robot with intricate circuitry patterns etched into its surface in a subtle, textured manner, reflecting soft light...'
2025-08-10 11:36:36,061 - INFO -       🎯 Computing scores against original prompt: 'shiny silver spherical robot with smooth finish...'
2025-08-10 11:37:56,965 - INFO -       📊 Validation score: 0.8527
2025-08-10 11:37:56,966 - INFO -       📈 Improvement detected: technical_precision working better
2025-08-10 11:37:56,966 - INFO - 
   🔄 RL Round 10/18
2025-08-10 11:37:56,966 - INFO -       🎯 Strategy: hybrid_approach (explore)
2025-08-10 11:38:01,898 - INFO - [TRELLIS] GPU cache cleared: {'status': 'cache_cleared', 'available_memory_gb': 20.277362688}
2025-08-10 11:38:01,899 - INFO -       🔍 Validating...
2025-08-10 11:38:01,902 - INFO -       📝 Using optimized prompt for generation: 'a highly polished, mirror-like shiny silver spherical robot with a subtle sheen and intricate circuitry patterns etched into its surface, front view, accurate, complete, white background...'
2025-08-10 11:38:01,902 - INFO -       🎯 Computing scores against original prompt: 'shiny silver spherical robot with smooth finish...'
2025-08-10 11:39:22,541 - INFO -       📊 Validation score: 0.5660
2025-08-10 11:39:22,542 - INFO -       📉 Score declined: Consider different approach
2025-08-10 11:39:22,542 - INFO - 
   🔄 RL Round 11/18
2025-08-10 11:39:22,543 - INFO -       🎯 Strategy: conservative_enhancement (explore)
2025-08-10 11:39:27,175 - INFO - [TRELLIS] GPU cache cleared: {'status': 'cache_cleared', 'available_memory_gb': 20.277362688}
2025-08-10 11:39:27,178 - INFO -       🔍 Validating...
2025-08-10 11:39:27,178 - INFO -       📝 Using optimized prompt for generation: 'a high-glossy, mirror-like shiny silver spherical robot with a slight curvature to its surface and microscopic circuitry patterns embedded within its metallic structure, front view, accurate, complete, white background...'
2025-08-10 11:39:27,179 - INFO -       🎯 Computing scores against original prompt: 'shiny silver spherical robot with smooth finish...'
2025-08-10 11:40:46,766 - INFO -       📊 Validation score: 0.8244
2025-08-10 11:40:46,766 - INFO -       📈 Improvement detected: conservative_enhancement working better
2025-08-10 11:40:46,766 - INFO - 
   🔄 RL Round 12/18
2025-08-10 11:40:46,767 - INFO -       🎯 Strategy: contextual_scene_building (explore)
2025-08-10 11:40:50,970 - INFO - [TRELLIS] GPU cache cleared: {'status': 'cache_cleared', 'available_memory_gb': 20.277362688}
2025-08-10 11:40:50,972 - INFO -       🔍 Validating...
2025-08-10 11:40:50,973 - INFO -       📝 Using optimized prompt for generation: 'a shiny silver spherical robot with a subtle, mirror-like sheen and delicate etchings of circuitry patterns on its surface, front view, accurate, complete, white background...'
2025-08-10 11:40:50,973 - INFO -       🎯 Computing scores against original prompt: 'shiny silver spherical robot with smooth finish...'
2025-08-10 11:42:10,244 - INFO -       📊 Validation score: 0.8173
2025-08-10 11:42:10,244 - INFO -       ✅ Convergence achieved: Convergence threshold met (improvement: -0.007)
2025-08-10 11:42:10,304 - INFO - 
🎯 RL LOOP COMPLETE:
2025-08-10 11:42:10,308 - INFO -    Best prompt: a highly polished, mirror-like shiny silver spherical robot with a subtle sheen and a textured, almost matte finish on its surface, emitting a soft, ambient glow
2025-08-10 11:42:10,310 - INFO -    Best score: 0.8977
2025-08-10 11:42:10,311 - INFO -    Rounds: 12
2025-08-10 11:42:10,312 - INFO -    Convergence: True
2025-08-10 11:42:10,313 - INFO -    Convergence reason: Convergence threshold met (improvement: -0.007)
2025-08-10 11:42:10,315 - INFO -    Exploration ratio: 91.7%
2025-08-10 11:42:10,316 - INFO -    Insights learned: 3
2025-08-10 11:42:10,316 - INFO -    Total time: 1024.46s
2025-08-10 11:42:10,316 - INFO - Prompt optimized in 12 rounds: 0.794 → 0.898 (+0.104)
2025-08-10 11:42:10,316 - INFO - ✅ Target score achieved!
2025-08-10 11:42:10,321 - INFO - 
--- Episode 1, Prompt 9 (Total: 26) ---
2025-08-10 11:42:10,324 - INFO - Optimizing: 'glass statue abstract with flowing shapes'
2025-08-10 11:42:10,324 - INFO - 🔍 Checking server availability before optimization...
2025-08-10 11:42:10,338 - INFO - ✅ Server is available (status: completed)
2025-08-10 11:42:10,339 - INFO - 📝 Marked server as used at 1754826130.3390753
2025-08-10 11:42:10,340 - INFO - ✅ Server is available and marked as used
2025-08-10 11:42:10,346 - INFO - 🔄 Reproducibility optimization returned no result
2025-08-10 11:42:10,346 - INFO -       🔧 Overriding endpoint: generate/baolei/
2025-08-10 11:42:10,347 - INFO -       🔧 Using endpoint: generate/baolei/
2025-08-10 11:42:10,353 - INFO - 
🔄 RL LOOP OPTIMIZATION: 'glass statue abstract with flowing shapes'
2025-08-10 11:42:10,354 - INFO -    Session: rl_session_1754826130_7496
2025-08-10 11:42:10,355 - INFO -    Max rounds: 18
2025-08-10 11:42:10,356 - INFO -    Min rounds before convergence: 5
2025-08-10 11:42:10,357 - INFO -    Target score: 0.99
2025-08-10 11:42:10,358 - INFO - 
   🔄 RL Round 1/18
2025-08-10 11:42:10,359 - INFO -       🎯 Strategy: minimalist_refinement (exploit)
2025-08-10 11:42:15,750 - INFO - [TRELLIS] GPU cache cleared: {'status': 'cache_cleared', 'available_memory_gb': 20.277362688}
2025-08-10 11:42:15,751 - INFO -       🔍 Validating...
2025-08-10 11:42:15,754 - INFO -       📝 Using optimized prompt for generation: 'a delicate glass statue with an abstract, swirling pattern of translucent shapes and a soft, ethereal glow, front view, accurate, complete, white background...'
2025-08-10 11:42:15,756 - INFO -       🎯 Computing scores against original prompt: 'glass statue abstract with flowing shapes...'
2025-08-10 11:43:30,746 - INFO -       📊 Validation score: 0.8730
2025-08-10 11:43:30,746 - INFO -       🎯 New best score: 0.8730
2025-08-10 11:43:30,747 - INFO - 
   🔄 RL Round 2/18
2025-08-10 11:43:30,747 - INFO -       🎯 Strategy: contextual_scene_building (explore)
2025-08-10 11:43:35,869 - INFO - [TRELLIS] GPU cache cleared: {'status': 'cache_cleared', 'available_memory_gb': 20.277362688}
2025-08-10 11:43:35,874 - INFO -       🔍 Validating...
2025-08-10 11:43:35,875 - INFO -       📝 Using optimized prompt for generation: 'a slender glass statue featuring an intricate, swirling pattern of transparent shapes that seem to dance around its transparent form, front view, accurate, complete, white background...'
2025-08-10 11:43:35,875 - INFO -       🎯 Computing scores against original prompt: 'glass statue abstract with flowing shapes...'
2025-08-10 11:44:52,791 - INFO -       📊 Validation score: 0.8888
2025-08-10 11:44:52,791 - INFO -       🎯 New best score: 0.8888
2025-08-10 11:44:52,791 - INFO -       📈 Improvement detected: contextual_scene_building working better
2025-08-10 11:44:52,791 - INFO - 
   🔄 RL Round 3/18
2025-08-10 11:44:52,792 - INFO -       🎯 Strategy: hybrid_approach (explore)
2025-08-10 11:44:57,967 - INFO - [TRELLIS] GPU cache cleared: {'status': 'cache_cleared', 'available_memory_gb': 20.277362688}
2025-08-10 11:44:57,969 - INFO -       🔍 Validating...
2025-08-10 11:44:57,969 - INFO -       📝 Using optimized prompt for generation: 'a delicate glass statue with intricate, swirling patterns of translucent shapes that seem to shift and dance in the light...'
2025-08-10 11:44:57,970 - INFO -       🎯 Computing scores against original prompt: 'glass statue abstract with flowing shapes...'
2025-08-10 11:46:17,167 - INFO -       📊 Validation score: 0.8690
2025-08-10 11:46:17,168 - INFO -       📉 Score declined: Consider different approach
2025-08-10 11:46:17,168 - INFO - 
   🔄 RL Round 4/18
2025-08-10 11:46:17,168 - INFO -       🎯 Strategy: conservative_enhancement (explore)
2025-08-10 11:46:21,597 - INFO - [TRELLIS] GPU cache cleared: {'status': 'cache_cleared', 'available_memory_gb': 20.277362688}
2025-08-10 11:46:21,597 - INFO -       🔍 Validating...
2025-08-10 11:46:21,597 - INFO -       📝 Using optimized prompt for generation: 'a slender glass statue featuring an intricate, swirling pattern of transparent shapes with delicate filigree and subtle gradations of color, front view, accurate, complete, white background...'
2025-08-10 11:46:21,598 - INFO -       🎯 Computing scores against original prompt: 'glass statue abstract with flowing shapes...'
2025-08-10 11:47:36,257 - INFO -       📊 Validation score: 0.8830
2025-08-10 11:47:36,257 - INFO -       📈 Improvement detected: conservative_enhancement working better
2025-08-10 11:47:36,257 - INFO - 
   🔄 RL Round 5/18
2025-08-10 11:47:36,257 - INFO -       🎯 Strategy: conservative_enhancement (explore)
2025-08-10 11:47:41,626 - INFO - [TRELLIS] GPU cache cleared: {'status': 'cache_cleared', 'available_memory_gb': 20.277362688}
2025-08-10 11:47:41,631 - INFO -       🔍 Validating...
2025-08-10 11:47:41,633 - INFO -       📝 Using optimized prompt for generation: 'a delicate glass statue featuring an intricate, swirling pattern of transparent shapes that seem to shift subtly as light catches them...'
2025-08-10 11:47:41,635 - INFO -       🎯 Computing scores against original prompt: 'glass statue abstract with flowing shapes...'
2025-08-10 11:48:59,665 - INFO -       📊 Validation score: 0.8264
2025-08-10 11:48:59,666 - INFO -       📉 Score declined: Consider different approach
2025-08-10 11:48:59,666 - INFO - 
   🔄 RL Round 6/18
2025-08-10 11:48:59,667 - INFO -       🎯 Strategy: minimalist_refinement (exploit)
2025-08-10 11:49:04,501 - INFO - [TRELLIS] GPU cache cleared: {'status': 'cache_cleared', 'available_memory_gb': 20.277362688}
2025-08-10 11:49:04,503 - INFO -       🔍 Validating...
2025-08-10 11:49:04,505 - INFO -       📝 Using optimized prompt for generation: 'a delicate glass statue featuring an intricate, swirling pattern of transparent shapes with soft, golden undertones that seem to glow from within...'
2025-08-10 11:49:04,505 - INFO -       🎯 Computing scores against original prompt: 'glass statue abstract with flowing shapes...'
2025-08-10 11:50:24,068 - INFO -       📊 Validation score: 0.8464
2025-08-10 11:50:24,069 - INFO -       📈 Improvement detected: minimalist_refinement working better
2025-08-10 11:50:24,069 - INFO - 
   🔄 RL Round 7/18
2025-08-10 11:50:24,069 - INFO -       🎯 Strategy: minimalist_refinement (exploit)
2025-08-10 11:50:28,351 - INFO - [TRELLIS] GPU cache cleared: {'status': 'cache_cleared', 'available_memory_gb': 20.277362688}
2025-08-10 11:50:28,352 - INFO -       🔍 Validating...
2025-08-10 11:50:28,353 - INFO -       📝 Using optimized prompt for generation: 'a slender glass statue featuring a delicate, swirling pattern of translucent shapes with intricate, curved lines that seem to shift and glow in soft, ethereal light, front view, accurate, complete, white background...'
2025-08-10 11:50:28,353 - INFO -       🎯 Computing scores against original prompt: 'glass statue abstract with flowing shapes...'
2025-08-10 11:51:46,108 - INFO -       📊 Validation score: 0.8991
2025-08-10 11:51:46,108 - INFO -       🎯 New best score: 0.8991
2025-08-10 11:51:46,109 - INFO -       📈 Improvement detected: minimalist_refinement working better
2025-08-10 11:51:46,111 - INFO - 
   🔄 RL Round 8/18
2025-08-10 11:51:46,111 - INFO -       🎯 Strategy: minimalist_refinement (exploit)
2025-08-10 11:51:59,778 - WARNING - [TRELLIS] Exception clearing GPU cache: HTTPConnectionPool(host='localhost', port=8096): Read timed out. (read timeout=10)
2025-08-10 11:51:59,778 - INFO -       🔍 Validating...
2025-08-10 11:51:59,779 - INFO -       📝 Using optimized prompt for generation: 'a slender glass statue featuring a delicate, swirling pattern of translucent shapes with intricate, layered surfaces that seem to shift and ripple in the light, front view, accurate, complete, white background...'
2025-08-10 11:51:59,779 - INFO -       🎯 Computing scores against original prompt: 'glass statue abstract with flowing shapes...'
2025-08-10 11:53:15,070 - INFO -       📊 Validation score: 0.9042
2025-08-10 11:53:15,071 - INFO -       🎯 New best score: 0.9042
2025-08-10 11:53:15,071 - INFO -       ✅ Convergence achieved: Convergence threshold met (improvement: 0.005)
2025-08-10 11:53:15,132 - INFO - 
🎯 RL LOOP COMPLETE:
2025-08-10 11:53:15,132 - INFO -    Best prompt: a slender glass statue featuring a delicate, swirling pattern of translucent shapes with intricate, layered surfaces that seem to shift and ripple in the light, front view, accurate, complete, white background
2025-08-10 11:53:15,132 - INFO -    Best score: 0.9042
2025-08-10 11:53:15,132 - INFO -    Rounds: 8
2025-08-10 11:53:15,132 - INFO -    Convergence: True
2025-08-10 11:53:15,132 - INFO -    Convergence reason: Convergence threshold met (improvement: 0.005)
2025-08-10 11:53:15,132 - INFO -    Exploration ratio: 50.0%
2025-08-10 11:53:15,132 - INFO -    Insights learned: 3
2025-08-10 11:53:15,132 - INFO -    Total time: 664.72s
2025-08-10 11:53:15,133 - INFO - Prompt optimized in 8 rounds: 0.873 → 0.904 (+0.031)
2025-08-10 11:53:15,133 - INFO - ✅ Target score achieved!
2025-08-10 11:53:15,140 - INFO - 
--- Episode 1, Prompt 10 (Total: 26) ---
2025-08-10 11:53:15,140 - INFO - Optimizing: 'glossy gold harp luxurious and enchanting'
2025-08-10 11:53:15,141 - INFO - 🔍 Checking server availability before optimization...
2025-08-10 11:53:15,149 - INFO - ✅ Server is available (status: completed)
2025-08-10 11:53:15,152 - INFO - 📝 Marked server as used at 1754826795.1523433
2025-08-10 11:53:15,152 - INFO - ✅ Server is available and marked as used
2025-08-10 11:53:15,156 - INFO - 🔄 Reproducibility optimization returned no result
2025-08-10 11:53:15,156 - INFO -       🔧 Overriding endpoint: generate/baolei/
2025-08-10 11:53:15,156 - INFO -       🔧 Using endpoint: generate/baolei/
2025-08-10 11:53:15,162 - INFO - 
🔄 RL LOOP OPTIMIZATION: 'glossy gold harp luxurious and enchanting'
2025-08-10 11:53:15,162 - INFO -    Session: rl_session_1754826795_3065
2025-08-10 11:53:15,164 - INFO -    Max rounds: 18
2025-08-10 11:53:15,164 - INFO -    Min rounds before convergence: 5
2025-08-10 11:53:15,164 - INFO -    Target score: 0.99
2025-08-10 11:53:15,164 - INFO - 
   🔄 RL Round 1/18
2025-08-10 11:53:15,164 - INFO -       🎯 Strategy: minimalist_refinement (exploit)
2025-08-10 11:53:18,944 - INFO - [TRELLIS] GPU cache cleared: {'status': 'cache_cleared', 'available_memory_gb': 20.277362688}
2025-08-10 11:53:18,945 - INFO -       🔍 Validating...
2025-08-10 11:53:18,945 - INFO -       📝 Using optimized prompt for generation: 'glossy gold harp with intricate inlays of diamonds and rubies, crafted from the finest woods and adorned with delicate silver filigree, front view, accurate, complete, white background...'
2025-08-10 11:53:18,945 - INFO -       🎯 Computing scores against original prompt: 'glossy gold harp luxurious and enchanting...'
2025-08-10 11:54:37,404 - INFO -       📊 Validation score: 0.8095
2025-08-10 11:54:37,404 - INFO -       🎯 New best score: 0.8095
2025-08-10 11:54:37,404 - INFO - 
   🔄 RL Round 2/18
2025-08-10 11:54:37,404 - INFO -       🎯 Strategy: minimalist_refinement (explore)
2025-08-10 11:54:43,071 - INFO - [TRELLIS] GPU cache cleared: {'status': 'cache_cleared', 'available_memory_gb': 20.277362688}
2025-08-10 11:54:43,074 - INFO -       🔍 Validating...
2025-08-10 11:54:43,077 - INFO -       📝 Using optimized prompt for generation: 'glossy gold harp with a delicate filigree pattern and intricate inlays of sapphires, crafted from the finest woods and adorned with a subtle golden aura, front view, accurate, complete, white background...'
2025-08-10 11:54:43,078 - INFO -       🎯 Computing scores against original prompt: 'glossy gold harp luxurious and enchanting...'
2025-08-10 11:55:57,604 - INFO -       📊 Validation score: 0.7720
2025-08-10 11:55:57,605 - INFO -       📉 Score declined: Consider different approach
2025-08-10 11:55:57,605 - INFO - 
   🔄 RL Round 3/18
2025-08-10 11:55:57,605 - INFO -       🎯 Strategy: minimalist_refinement (explore)
2025-08-10 11:56:02,381 - INFO - [TRELLIS] GPU cache cleared: {'status': 'cache_cleared', 'available_memory_gb': 20.277362688}
2025-08-10 11:56:02,384 - INFO -       🔍 Validating...
2025-08-10 11:56:02,384 - INFO -       📝 Using optimized prompt for generation: 'glossy gold harp with delicate filigree patterns and intricate inlays of sapphires crafted from the finest woods and adorned with a slender string...'
2025-08-10 11:56:02,384 - INFO -       🎯 Computing scores against original prompt: 'glossy gold harp luxurious and enchanting...'
2025-08-10 11:57:19,194 - INFO -       📊 Validation score: 0.7518
2025-08-10 11:57:19,196 - INFO -       📉 Score declined: Consider different approach
2025-08-10 11:57:19,196 - INFO - 
   🔄 RL Round 4/18
2025-08-10 11:57:19,198 - INFO -       🎯 Strategy: minimalist_refinement (exploit)
2025-08-10 11:57:23,692 - INFO - [TRELLIS] GPU cache cleared: {'status': 'cache_cleared', 'available_memory_gb': 20.277362688}
2025-08-10 11:57:23,692 - INFO -       🔍 Validating...
2025-08-10 11:57:23,693 - INFO -       📝 Using optimized prompt for generation: 'a glossy gold harp with delicate filigree patterns and intricate inlays of sapphires crafted from the finest 18-karat gold, front view, accurate, complete, white background...'
2025-08-10 11:57:23,693 - INFO -       🎯 Computing scores against original prompt: 'glossy gold harp luxurious and enchanting...'
2025-08-10 11:58:40,729 - INFO -       📊 Validation score: 0.6262
2025-08-10 11:58:40,730 - INFO -       📉 Score declined: Consider different approach
2025-08-10 11:58:40,730 - INFO - 
   🔄 RL Round 5/18
2025-08-10 11:58:40,730 - INFO -       🎯 Strategy: minimalist_refinement (explore)
2025-08-10 11:58:44,520 - INFO - [TRELLIS] GPU cache cleared: {'status': 'cache_cleared', 'available_memory_gb': 20.277362688}
2025-08-10 11:58:44,521 - INFO -       🔍 Validating...
2025-08-10 11:58:44,521 - INFO -       📝 Using optimized prompt for generation: 'a glossy gold harp with delicate filigree patterns and intricate inlays of rubies crafted from the finest woods, front view, accurate, complete, white background...'
2025-08-10 11:58:44,521 - INFO -       🎯 Computing scores against original prompt: 'glossy gold harp luxurious and enchanting...'
2025-08-10 11:59:59,429 - INFO -       📊 Validation score: 0.8900
2025-08-10 11:59:59,429 - INFO -       🎯 New best score: 0.8900
2025-08-10 11:59:59,430 - INFO -       📈 Improvement detected: minimalist_refinement working better
2025-08-10 11:59:59,430 - INFO - 
   🔄 RL Round 6/18
2025-08-10 11:59:59,430 - INFO -       🎯 Strategy: hybrid_approach (explore)
2025-08-10 12:00:06,373 - INFO - [TRELLIS] GPU cache cleared: {'status': 'cache_cleared', 'available_memory_gb': 20.277362688}
2025-08-10 12:00:06,373 - INFO -       🔍 Validating...
2025-08-10 12:00:06,376 - INFO -       📝 Using optimized prompt for generation: 'glossy gold harp with intricately carved inlays of rubies, precision-crafted from the finest woods and adorned with delicate filigree patterns that evoke the intricate details of antique furniture....'
2025-08-10 12:00:06,376 - INFO -       🎯 Computing scores against original prompt: 'glossy gold harp luxurious and enchanting...'
2025-08-10 12:01:23,097 - INFO -       📊 Validation score: 0.9249
2025-08-10 12:01:23,097 - INFO -       🎯 New best score: 0.9249
2025-08-10 12:01:23,098 - INFO -       📈 Improvement detected: hybrid_approach working better
2025-08-10 12:01:23,098 - INFO - 
   🔄 RL Round 7/18
2025-08-10 12:01:23,098 - INFO -       🎯 Strategy: aggressive_transformation (explore)
2025-08-10 12:01:27,262 - INFO - [TRELLIS] GPU cache cleared: {'status': 'cache_cleared', 'available_memory_gb': 20.277362688}
2025-08-10 12:01:27,263 - INFO -       🔍 Validating...
2025-08-10 12:01:27,264 - INFO -       📝 Using optimized prompt for generation: 'a glossy gold harp adorned with delicate filigree patterns and intricate inlays of sapphires, crafted from the finest woods and boasting an ethereal sheen that hints at its magical properties, front view, accurate, complete, white background...'
2025-08-10 12:01:27,264 - INFO -       🎯 Computing scores against original prompt: 'glossy gold harp luxurious and enchanting...'
2025-08-10 12:02:40,416 - INFO -       📊 Validation score: 0.6332
2025-08-10 12:02:40,417 - INFO -       📉 Score declined: Consider different approach
2025-08-10 12:02:40,417 - INFO - 
   🔄 RL Round 8/18
2025-08-10 12:02:40,417 - INFO -       🎯 Strategy: aggressive_transformation (explore)
2025-08-10 12:02:45,262 - INFO - [TRELLIS] GPU cache cleared: {'status': 'cache_cleared', 'available_memory_gb': 20.277362688}
2025-08-10 12:02:45,263 - INFO -       🔍 Validating...
2025-08-10 12:02:45,263 - INFO -       📝 Using optimized prompt for generation: 'a glossy gold harp with intricate filigree patterns featuring rare silver accents, adorned with delicate gemstone inlays that refract soft, ethereal light, front view, accurate, complete, white background...'
2025-08-10 12:02:45,264 - INFO -       🎯 Computing scores against original prompt: 'glossy gold harp luxurious and enchanting...'
2025-08-10 12:03:58,102 - INFO -       📊 Validation score: 0.7501
2025-08-10 12:03:58,103 - INFO -       📈 Improvement detected: aggressive_transformation working better
2025-08-10 12:03:58,103 - INFO - 
   🔄 RL Round 9/18
2025-08-10 12:03:58,103 - INFO -       🎯 Strategy: aggressive_transformation (explore)
2025-08-10 12:04:03,640 - INFO - [TRELLIS] GPU cache cleared: {'status': 'cache_cleared', 'available_memory_gb': 20.277362688}
2025-08-10 12:04:03,640 - INFO -       🔍 Validating...
2025-08-10 12:04:03,640 - INFO -       📝 Using optimized prompt for generation: 'a glossy gold harp with intricately carved mother-of-pearl inlays, its strings singing with an ethereal melody that fills the air with whispers of ancient secrets and forgotten tales, front view, accurate, complete, white background...'
2025-08-10 12:04:03,640 - INFO -       🎯 Computing scores against original prompt: 'glossy gold harp luxurious and enchanting...'
2025-08-10 12:05:17,634 - INFO -       📊 Validation score: 0.8695
2025-08-10 12:05:17,637 - INFO -       📈 Improvement detected: aggressive_transformation working better
2025-08-10 12:05:17,637 - INFO - 
   🔄 RL Round 10/18
2025-08-10 12:05:17,639 - INFO -       🎯 Strategy: material_focus (explore)
2025-08-10 12:05:22,397 - INFO - [TRELLIS] GPU cache cleared: {'status': 'cache_cleared', 'available_memory_gb': 20.277362688}
2025-08-10 12:05:22,399 - INFO -       🔍 Validating...
2025-08-10 12:05:22,400 - INFO -       📝 Using optimized prompt for generation: 'a glossy gold harp with delicate filigree patterns featuring rare silver accents, adorned with intricate gemstone inlays that refract light and create a mesmerizing dance of colors, front view, accurate, complete, white background...'
2025-08-10 12:05:22,400 - INFO -       🎯 Computing scores against original prompt: 'glossy gold harp luxurious and enchanting...'
2025-08-10 12:06:37,542 - INFO -       📊 Validation score: 0.7295
2025-08-10 12:06:37,543 - INFO -       📉 Score declined: Consider different approach
2025-08-10 12:06:37,543 - INFO - 
   🔄 RL Round 11/18
2025-08-10 12:06:37,543 - INFO -       🎯 Strategy: material_focus (explore)
2025-08-10 12:06:41,795 - INFO - [TRELLIS] GPU cache cleared: {'status': 'cache_cleared', 'available_memory_gb': 20.277362688}
2025-08-10 12:06:41,797 - INFO -       🔍 Validating...
2025-08-10 12:06:41,798 - INFO -       📝 Using optimized prompt for generation: 'a glossy gold harp adorned with delicate filigree patterns featuring rare silver accents, front view, accurate, complete, white background...'
2025-08-10 12:06:41,798 - INFO -       🎯 Computing scores against original prompt: 'glossy gold harp luxurious and enchanting...'
2025-08-10 12:07:55,336 - INFO -       📊 Validation score: 0.3299
2025-08-10 12:07:55,336 - INFO -       📉 Score declined: Consider different approach
2025-08-10 12:07:55,337 - INFO -       🔍 Increasing exploration to 0.71
2025-08-10 12:07:55,337 - INFO - 
   🔄 RL Round 12/18
2025-08-10 12:07:55,338 - INFO -       🎯 Strategy: minimalist_refinement (exploit)
2025-08-10 12:08:00,151 - INFO - [TRELLIS] GPU cache cleared: {'status': 'cache_cleared', 'available_memory_gb': 20.277362688}
2025-08-10 12:08:00,152 - INFO -       🔍 Validating...
2025-08-10 12:08:00,153 - INFO -       📝 Using optimized prompt for generation: 'a glossy gold harp with delicate filigree patterns featuring rare and intricately carved gemstones crafted from the finest woods, front view, accurate, complete, white background...'
2025-08-10 12:08:00,153 - INFO -       🎯 Computing scores against original prompt: 'glossy gold harp luxurious and enchanting...'
2025-08-10 12:09:14,570 - INFO -       📊 Validation score: 0.8010
2025-08-10 12:09:14,570 - INFO -       📈 Improvement detected: minimalist_refinement working better
2025-08-10 12:09:14,570 - INFO - 
   🔄 RL Round 13/18
2025-08-10 12:09:14,571 - INFO -       🎯 Strategy: minimalist_refinement (exploit)
2025-08-10 12:09:19,018 - INFO - [TRELLIS] GPU cache cleared: {'status': 'cache_cleared', 'available_memory_gb': 20.277362688}
2025-08-10 12:09:19,018 - INFO -       🔍 Validating...
2025-08-10 12:09:19,020 - INFO -       📝 Using optimized prompt for generation: 'a glossy gold harp with delicate filigree patterns featuring intricate engravings of silver accents, front view, accurate, complete, white background...'
2025-08-10 12:09:19,020 - INFO -       🎯 Computing scores against original prompt: 'glossy gold harp luxurious and enchanting...'
2025-08-10 12:10:32,137 - INFO -       📊 Validation score: 0.6804
2025-08-10 12:10:32,138 - INFO -       📉 Score declined: Consider different approach
2025-08-10 12:10:32,138 - INFO - 
   🔄 RL Round 14/18
2025-08-10 12:10:32,138 - INFO -       🎯 Strategy: contextual_scene_building (exploit)
2025-08-10 12:10:37,404 - INFO - [TRELLIS] GPU cache cleared: {'status': 'cache_cleared', 'available_memory_gb': 20.277362688}
2025-08-10 12:10:37,404 - INFO -       🔍 Validating...
2025-08-10 12:10:37,405 - INFO -       📝 Using optimized prompt for generation: 'a glossy gold harp with delicate filigree patterns featuring rare silver accents, its surface adorned with intricate etchings that resemble the gentle curves of a moonlit night sky, front view, accurate, complete, white background...'
2025-08-10 12:10:37,405 - INFO -       🎯 Computing scores against original prompt: 'glossy gold harp luxurious and enchanting...'
2025-08-10 12:11:50,501 - INFO -       📊 Validation score: 0.7279
2025-08-10 12:11:50,502 - INFO -       📈 Improvement detected: contextual_scene_building working better
2025-08-10 12:11:50,502 - INFO - 
   🔄 RL Round 15/18
2025-08-10 12:11:50,503 - INFO -       🎯 Strategy: contextual_scene_building (explore)
2025-08-10 12:11:55,422 - INFO - [TRELLIS] GPU cache cleared: {'status': 'cache_cleared', 'available_memory_gb': 20.277362688}
2025-08-10 12:11:55,423 - INFO -       🔍 Validating...
2025-08-10 12:11:55,423 - INFO -       📝 Using optimized prompt for generation: 'a glossy gold harp with delicate filigree patterns featuring rare and intricately carved gemstones, its strings singing with an ethereal resonance, front view, accurate, complete, white background...'
2025-08-10 12:11:55,424 - INFO -       🎯 Computing scores against original prompt: 'glossy gold harp luxurious and enchanting...'
2025-08-10 12:13:09,447 - INFO -       📊 Validation score: 0.4940
2025-08-10 12:13:09,448 - INFO -       📉 Score declined: Consider different approach
2025-08-10 12:13:09,448 - INFO -       🔍 Increasing exploration to 0.73
2025-08-10 12:13:09,448 - INFO - 
   🔄 RL Round 16/18
2025-08-10 12:13:09,448 - INFO -       🎯 Strategy: aggressive_transformation (exploit)
2025-08-10 12:13:14,313 - INFO - [TRELLIS] GPU cache cleared: {'status': 'cache_cleared', 'available_memory_gb': 20.277362688}
2025-08-10 12:13:14,314 - INFO -       🔍 Validating...
2025-08-10 12:13:14,314 - INFO -       📝 Using optimized prompt for generation: 'a glossy gold harp adorned with delicate filigree patterns featuring rare silver accents, its surface polished to a high sheen and its strings singing with an ethereal resonance, front view, accurate, complete, white background...'
2025-08-10 12:13:14,315 - INFO -       🎯 Computing scores against original prompt: 'glossy gold harp luxurious and enchanting...'
2025-08-10 12:14:32,843 - INFO -       📊 Validation score: 0.4607
2025-08-10 12:14:32,843 - INFO -       📉 Score declined: Consider different approach
2025-08-10 12:14:32,844 - INFO -       🔍 Increasing exploration to 0.80
2025-08-10 12:14:32,844 - INFO - 
   🔄 RL Round 17/18
2025-08-10 12:14:32,844 - INFO -       🎯 Strategy: material_focus (explore)
2025-08-10 12:14:37,597 - INFO - [TRELLIS] GPU cache cleared: {'status': 'cache_cleared', 'available_memory_gb': 20.277362688}
2025-08-10 12:14:37,601 - INFO -       🔍 Validating...
2025-08-10 12:14:37,601 - INFO -       📝 Using optimized prompt for generation: 'a glossy gold harp adorned with delicate filigree patterns featuring intricately carved mother-of-pearl inlays and subtle accents of platinum, crafted from the finest woods and adorned with a sprinkle of diamonds, front view, accurate, complete, white background...'
2025-08-10 12:14:37,601 - INFO -       🎯 Computing scores against original prompt: 'glossy gold harp luxurious and enchanting...'
2025-08-10 12:15:53,096 - INFO -       📊 Validation score: 0.8825
2025-08-10 12:15:53,099 - INFO -       📈 Improvement detected: material_focus working better
2025-08-10 12:15:53,099 - INFO - 
   🔄 RL Round 18/18
2025-08-10 12:15:53,099 - INFO -       🎯 Strategy: contextual_scene_building (explore)
2025-08-10 12:15:58,241 - INFO - [TRELLIS] GPU cache cleared: {'status': 'cache_cleared', 'available_memory_gb': 20.277362688}
2025-08-10 12:15:58,242 - INFO -       🔍 Validating...
2025-08-10 12:15:58,242 - INFO -       📝 Using optimized prompt for generation: 'a glossy gold harp with intricately carved mother-of-pearl inlays, adorned with delicate filigree patterns featuring rare silver accents, its strings singing with an ethereal resonance, front view, accurate, complete, white background...'
2025-08-10 12:15:58,244 - INFO -       🎯 Computing scores against original prompt: 'glossy gold harp luxurious and enchanting...'
2025-08-10 12:17:12,818 - INFO -       📊 Validation score: 0.9143
2025-08-10 12:17:12,886 - INFO - 
🎯 RL LOOP COMPLETE:
2025-08-10 12:17:12,889 - INFO -    Best prompt: glossy gold harp with intricately carved inlays of rubies, precision-crafted from the finest woods and adorned with delicate filigree patterns that evoke the intricate details of antique furniture.
2025-08-10 12:17:12,889 - INFO -    Best score: 0.9249
2025-08-10 12:17:12,889 - INFO -    Rounds: 18
2025-08-10 12:17:12,889 - INFO -    Convergence: False
2025-08-10 12:17:12,889 - INFO -    Convergence reason: Not converged
2025-08-10 12:17:12,889 - INFO -    Exploration ratio: 66.7%
2025-08-10 12:17:12,890 - INFO -    Insights learned: 3
2025-08-10 12:17:12,890 - INFO -    Total time: 1437.66s
2025-08-10 12:17:12,891 - INFO - Prompt optimized in 18 rounds: 0.810 → 0.925 (+0.115)
2025-08-10 12:17:12,893 - INFO - ⏰ Max rounds reached
2025-08-10 12:17:12,902 - INFO - 
--- Episode 1, Prompt 11 (Total: 26) ---
2025-08-10 12:17:12,904 - INFO - Optimizing: 'violet succubus with long'
2025-08-10 12:17:12,904 - INFO - 🔍 Checking server availability before optimization...
2025-08-10 12:17:12,916 - INFO - ✅ Server is available (status: completed)
2025-08-10 12:17:12,917 - INFO - 📝 Marked server as used at 1754828232.9169922
2025-08-10 12:17:12,917 - INFO - ✅ Server is available and marked as used
2025-08-10 12:17:15,764 - INFO - 🔄 Reproducibility optimization applied:
2025-08-10 12:17:15,765 - INFO -    Original: violet succubus with long
2025-08-10 12:17:15,765 - INFO -    Optimized: wbgmsst, generate a highly detailed and accurate 3D model of a majestic violet succubus in complete form, with no unnecessary features, rendered against a white background.
2025-08-10 12:17:15,765 - INFO -    Similarity: 1.000
2025-08-10 12:17:15,765 - INFO -    Gold score: 0.9261
2025-08-10 12:17:15,765 - INFO -       🔧 Overriding endpoint: generate/baolei/
2025-08-10 12:17:15,765 - INFO -       🔧 Using endpoint: generate/baolei/
2025-08-10 12:17:15,769 - INFO - 
🔄 RL LOOP OPTIMIZATION: 'violet succubus with long'
2025-08-10 12:17:15,770 - INFO -    Session: rl_session_1754828235_6467
2025-08-10 12:17:15,770 - INFO -    Max rounds: 18
2025-08-10 12:17:15,770 - INFO -    Min rounds before convergence: 5
2025-08-10 12:17:15,771 - INFO -    Target score: 0.99
2025-08-10 12:17:15,771 - INFO -       🎯 Found previous best attempt: violet succubus with long, intricately patterned wings and a slender neck, adorned with delicate filigree, front view, accurate, complete, white background (score: 0.9264)
2025-08-10 12:17:15,773 - INFO -       🎯 Strategy used: artistic_elaboration
2025-08-10 12:17:15,773 - INFO -       🎯 Session ID: rl_session_1754799254_5721
2025-08-10 12:17:15,773 - INFO -       🎯 Past final best prompt: violet succubus with long, intricately patterned wings and a slender neck, adorned with delicate filigree, front view, accurate, complete, white background
2025-08-10 12:17:15,774 - INFO -       🎯 Past final best score: 0.926
2025-08-10 12:17:15,774 - INFO -       🎯 Past session ID: rl_session_1754799254_5721
2025-08-10 12:17:15,774 - INFO -       🎯 Past learned insights: Best performing strategy in session: artistic_elaboration, Explored 3 different strategies
2025-08-10 12:17:15,778 - INFO -       🎯 Past strategy performance updates: {'artistic_elaboration': 0.07554460246946793, 'aggressive_transformation': 0.02436041535049227, 'material_focus': 0.029733961497794947}
2025-08-10 12:17:15,778 - INFO -       🎯 Past final best prompt: violet succubus with long, intricately patterned wings and a slender neck, adorned with delicate filigree, front view, accurate, complete, white background
2025-08-10 12:17:15,778 - INFO -       🎯 Past final best score: 0.926
2025-08-10 12:17:15,779 - INFO - 
   🔄 RL Round 1/18
2025-08-10 12:17:15,779 - INFO -       🎯 Strategy: aggressive_transformation (explore)
2025-08-10 12:17:20,029 - INFO - [TRELLIS] GPU cache cleared: {'status': 'cache_cleared', 'available_memory_gb': 20.277362688}
2025-08-10 12:17:20,030 - INFO -       🔍 Validating...
2025-08-10 12:17:20,030 - INFO -       📝 Using optimized prompt for generation: 'a delicate, gemstone-encrusted violet succubus with long, intricately patterned wings and a slender neck, adorned with delicate filigree, side view, accurate, complete, white background, front view, accurate, complete, white background...'
2025-08-10 12:17:20,031 - INFO -       🎯 Computing scores against original prompt: 'violet succubus with long...'
2025-08-10 12:18:44,189 - INFO -       📊 Validation score: 0.8799
2025-08-10 12:18:44,189 - INFO - 
   🔄 RL Round 2/18
2025-08-10 12:18:44,190 - INFO -       🎯 Strategy: minimalist_refinement (explore)
2025-08-10 12:18:55,389 - INFO - [TRELLIS] GPU cache cleared: {'status': 'cache_cleared', 'available_memory_gb': 20.277362688}
2025-08-10 12:18:55,390 - INFO -       🔍 Validating...
2025-08-10 12:18:55,390 - INFO -       📝 Using optimized prompt for generation: 'violet succubus with long, intricately patterned wings and a slender neck adorned with intricate filigree patterns that subtly shimmer in the light, front view, accurate, complete, white background...'
2025-08-10 12:18:55,390 - INFO -       🎯 Computing scores against original prompt: 'violet succubus with long...'
2025-08-10 12:20:13,656 - INFO -       📊 Validation score: 0.8931
2025-08-10 12:20:13,656 - INFO -       📈 Improvement detected: minimalist_refinement working better
2025-08-10 12:20:13,656 - INFO - 
   🔄 RL Round 3/18
2025-08-10 12:20:13,657 - INFO -       🔍 Explore performing better - increasing epsilon to 0.80
2025-08-10 12:20:13,657 - INFO -       🎯 Strategy: hybrid_approach (explore)
2025-08-10 12:20:19,228 - INFO - [TRELLIS] GPU cache cleared: {'status': 'cache_cleared', 'available_memory_gb': 20.277362688}
2025-08-10 12:20:19,230 - INFO -       🔍 Validating...
2025-08-10 12:20:19,231 - INFO -       📝 Using optimized prompt for generation: 'a majestic violet succubus with long, exquisitely detailed wings featuring an intricate pattern of silver filigree, slender neck adorned with delicate filigree, and subtle hints of mystical energy surrounding its form, front view, accurate, complete, white background...'
2025-08-10 12:20:19,232 - INFO -       🎯 Computing scores against original prompt: 'violet succubus with long...'
2025-08-10 12:21:42,002 - INFO -       📊 Validation score: 0.8320
2025-08-10 12:21:42,002 - INFO -       📉 Score declined: Consider different approach
2025-08-10 12:21:42,002 - INFO - 
   🔄 RL Round 4/18
2025-08-10 12:21:42,003 - INFO -       🔍 Explore performing better - increasing epsilon to 0.80
2025-08-10 12:21:42,003 - INFO -       🎯 Strategy: hybrid_approach (explore)
2025-08-10 12:21:47,857 - INFO - [TRELLIS] GPU cache cleared: {'status': 'cache_cleared', 'available_memory_gb': 20.277362688}
2025-08-10 12:21:47,858 - INFO -       🔍 Validating...
2025-08-10 12:21:47,859 - INFO -       📝 Using optimized prompt for generation: 'a majestic violet succubus with long, exquisitely detailed wings featuring an intricate pattern of silver filigree, slender neck adorned with delicate gemstones, and a subtle sheen to her skin, front view...'
2025-08-10 12:21:47,860 - INFO -       🎯 Computing scores against original prompt: 'violet succubus with long...'
2025-08-10 12:23:09,153 - INFO -       📊 Validation score: 0.9066
2025-08-10 12:23:09,153 - INFO -       📈 Improvement detected: hybrid_approach working better
2025-08-10 12:23:09,153 - INFO - 
   🔄 RL Round 5/18
2025-08-10 12:23:09,154 - INFO -       🔍 Explore performing better - increasing epsilon to 0.80
2025-08-10 12:23:09,154 - INFO -       🎯 Strategy: hybrid_approach (explore)
2025-08-10 12:23:14,957 - INFO - [TRELLIS] GPU cache cleared: {'status': 'cache_cleared', 'available_memory_gb': 20.277362688}
2025-08-10 12:23:14,957 - INFO -       🔍 Validating...
2025-08-10 12:23:14,957 - INFO -       📝 Using optimized prompt for generation: 'a majestic violet succubus with long, exquisitely detailed wings featuring an intricate pattern of silver filigree, slender neck adorned with delicate gemstones, back view, accurate, complete, white background, front view, accurate, complete, white background...'
2025-08-10 12:23:14,958 - INFO -       🎯 Computing scores against original prompt: 'violet succubus with long...'
2025-08-10 12:24:33,056 - INFO -       📊 Validation score: 0.8914
2025-08-10 12:24:33,056 - INFO -       📉 Score declined: Consider different approach
2025-08-10 12:24:33,056 - INFO - 
   🔄 RL Round 6/18
2025-08-10 12:24:33,057 - INFO -       🔍 Explore performing better - increasing epsilon to 0.80
2025-08-10 12:24:33,057 - INFO -       🎯 Strategy: conservative_enhancement (explore)
2025-08-10 12:24:37,198 - INFO - [TRELLIS] GPU cache cleared: {'status': 'cache_cleared', 'available_memory_gb': 20.277362688}
2025-08-10 12:24:37,199 - INFO -       🔍 Validating...
2025-08-10 12:24:37,199 - INFO -       📝 Using optimized prompt for generation: 'a majestic violet succubus with long, exquisitely detailed wings featuring an intricate pattern of swirling vines and delicate filigree, front view, accurate, complete, white background...'
2025-08-10 12:24:37,199 - INFO -       🎯 Computing scores against original prompt: 'violet succubus with long...'
2025-08-10 12:25:56,881 - INFO -       📊 Validation score: 0.9182
2025-08-10 12:25:56,881 - INFO -       📈 Improvement detected: conservative_enhancement working better
2025-08-10 12:25:56,881 - INFO - 
   🔄 RL Round 7/18
2025-08-10 12:25:56,881 - INFO -       🔍 Explore performing better - increasing epsilon to 0.80
2025-08-10 12:25:56,881 - INFO -       🎯 Strategy: technical_precision (explore)
2025-08-10 12:26:02,212 - INFO - [TRELLIS] GPU cache cleared: {'status': 'cache_cleared', 'available_memory_gb': 20.277362688}
2025-08-10 12:26:02,213 - INFO -       🔍 Validating...
2025-08-10 12:26:02,214 - INFO -       📝 Using optimized prompt for generation: 'a majestic violet succubus with long, exquisitely detailed wings featuring an intricate pattern of silver filigree and delicate veins, slender neck adorned with ornate lacework, front view, front view, accurate, complete, white background...'
2025-08-10 12:26:02,215 - INFO -       🎯 Computing scores against original prompt: 'violet succubus with long...'
2025-08-10 12:27:22,122 - INFO -       📊 Validation score: 0.9007
2025-08-10 12:27:22,123 - INFO -       🔍 Explore performing better - stricter convergence threshold: 0.005
2025-08-10 12:27:22,123 - INFO -       📉 Score declined: Consider different approach
2025-08-10 12:27:22,123 - INFO - 
   🔄 RL Round 8/18
2025-08-10 12:27:22,123 - INFO -       🔍 Explore performing better - increasing epsilon to 0.80
2025-08-10 12:27:22,123 - INFO -       🎯 Strategy: conservative_enhancement (exploit)
2025-08-10 12:27:28,634 - INFO - [TRELLIS] GPU cache cleared: {'status': 'cache_cleared', 'available_memory_gb': 20.277362688}
2025-08-10 12:27:28,635 - INFO -       🔍 Validating...
2025-08-10 12:27:28,635 - INFO -       📝 Using optimized prompt for generation: 'a majestic violet succubus with long, exquisitely detailed wings featuring an intricate pattern of silver filigree, adorned with delicate gemstones and a slender neck, resting atop a velvet pedestal amidst a halo of soft, ethereal light, front view, accurate, complete, white background...'
2025-08-10 12:27:28,635 - INFO -       🎯 Computing scores against original prompt: 'violet succubus with long...'
2025-08-10 12:28:46,671 - INFO -       📊 Validation score: 0.8808
2025-08-10 12:28:46,672 - INFO -       🔍 Explore performing better - stricter convergence threshold: 0.005
2025-08-10 12:28:46,673 - INFO -       📉 Score declined: Consider different approach
2025-08-10 12:28:46,673 - INFO - 
   🔄 RL Round 9/18
2025-08-10 12:28:46,673 - INFO -       🔍 Explore performing better - increasing epsilon to 0.80
2025-08-10 12:28:46,674 - INFO -       🎯 Strategy: technical_precision (explore)
2025-08-10 12:28:52,579 - INFO - [TRELLIS] GPU cache cleared: {'status': 'cache_cleared', 'available_memory_gb': 20.277362688}
2025-08-10 12:28:52,581 - INFO -       🔍 Validating...
2025-08-10 12:28:52,582 - INFO -       📝 Using optimized prompt for generation: 'a majestic violet succubus with long, exquisitely detailed wings featuring an intricate pattern of silver filigree and a slender neck adorned with delicate, gemstone-encrusted accents, front view, accurate, complete, white background...'
2025-08-10 12:28:52,583 - INFO -       🎯 Computing scores against original prompt: 'violet succubus with long...'
2025-08-10 12:30:12,449 - INFO -       📊 Validation score: 0.8797
2025-08-10 12:30:12,450 - INFO -       🔍 Explore performing better - stricter convergence threshold: 0.005
2025-08-10 12:30:12,451 - INFO -       ✅ Convergence achieved: Convergence threshold met (improvement: -0.001)
2025-08-10 12:30:12,518 - INFO - 
🎯 RL LOOP COMPLETE:
2025-08-10 12:30:12,522 - INFO -    Best prompt: violet succubus with long, intricately patterned wings and a slender neck, adorned with delicate filigree, front view, accurate, complete, white background
2025-08-10 12:30:12,522 - INFO -    Best score: 0.9264
2025-08-10 12:30:12,522 - INFO -    Rounds: 9
2025-08-10 12:30:12,522 - INFO -    Convergence: True
2025-08-10 12:30:12,522 - INFO -    Convergence reason: Convergence threshold met (improvement: -0.001)
2025-08-10 12:30:12,522 - INFO -    Exploration ratio: 88.9%
2025-08-10 12:30:12,522 - INFO -    Insights learned: 2
2025-08-10 12:30:12,522 - INFO -    Total time: 776.68s
2025-08-10 12:30:12,522 - INFO - Prompt optimized in 9 rounds: 0.880 → 0.926 (+0.046)
2025-08-10 12:30:12,523 - INFO - ✅ Target score achieved!
2025-08-10 12:30:12,526 - INFO - 
--- Episode 1, Prompt 12 (Total: 26) ---
2025-08-10 12:30:12,526 - INFO - Optimizing: 'small chisel with black tip'
2025-08-10 12:30:12,526 - INFO - 🔍 Checking server availability before optimization...
2025-08-10 12:30:12,536 - INFO - ✅ Server is available (status: completed)
2025-08-10 12:30:12,539 - INFO - 📝 Marked server as used at 1754829012.53914
2025-08-10 12:30:12,539 - INFO - ✅ Server is available and marked as used
2025-08-10 12:30:14,729 - INFO - 🔄 Reproducibility optimization applied:
2025-08-10 12:30:14,729 - INFO -    Original: small chisel with black tip
2025-08-10 12:30:14,729 - INFO -    Optimized: wbgmsst, a detailed black titanium chisel with an angled slightly design and black tip, white background.
2025-08-10 12:30:14,729 - INFO -    Similarity: 1.000
2025-08-10 12:30:14,730 - INFO -    Gold score: 0.9183
2025-08-10 12:30:14,736 - INFO -       🔧 Overriding endpoint: generate/baolei/
2025-08-10 12:30:14,736 - INFO -       🔧 Using endpoint: generate/baolei/
2025-08-10 12:30:14,742 - INFO - 
🔄 RL LOOP OPTIMIZATION: 'small chisel with black tip'
2025-08-10 12:30:14,743 - INFO -    Session: rl_session_1754829014_5137
2025-08-10 12:30:14,743 - INFO -    Max rounds: 18
2025-08-10 12:30:14,743 - INFO -    Min rounds before convergence: 5
2025-08-10 12:30:14,743 - INFO -    Target score: 0.99
2025-08-10 12:30:14,743 - INFO -       🎯 Found previous best attempt: a slender small chisel with a black titanium tip, angled slightly for optimal striking, detailed finish, white background (score: 0.9183)
2025-08-10 12:30:14,743 - INFO -       🎯 Strategy used: aggressive_transformation
2025-08-10 12:30:14,743 - INFO -       🎯 Session ID: rl_session_1754813347_2472
2025-08-10 12:30:14,743 - INFO -       🎯 Past final best prompt: a slender small chisel with a black titanium tip, angled slightly for optimal striking, detailed finish, white background
2025-08-10 12:30:14,743 - INFO -       🎯 Past final best score: 0.918
2025-08-10 12:30:14,744 - INFO -       🎯 Past session ID: rl_session_1754813347_2472
2025-08-10 12:30:14,744 - INFO -       🎯 Past learned insights: Best performing strategy in session: aggressive_transformation, Explored 5 different strategies
2025-08-10 12:30:14,744 - INFO -       🎯 Past strategy performance updates: {'aggressive_transformation': -0.007540699573624909, 'artistic_elaboration': 0.022299561411393, 'technical_precision': -0.20411668605524513, 'conservative_enhancement': -0.008482669776676333, 'material_focus': -0.04221845294707116}
2025-08-10 12:30:14,744 - INFO -       🎯 Past final best prompt: a slender small chisel with a black titanium tip, angled slightly for optimal striking, detailed finish, white background
2025-08-10 12:30:14,744 - INFO -       🎯 Past final best score: 0.918
2025-08-10 12:30:14,744 - INFO - 
   🔄 RL Round 1/18
2025-08-10 12:30:14,744 - INFO -       🔍 Explore performing better - increasing epsilon to 0.80
2025-08-10 12:30:14,744 - INFO -       🎯 Strategy: conservative_enhancement (explore)
2025-08-10 12:30:20,550 - INFO - [TRELLIS] GPU cache cleared: {'status': 'cache_cleared', 'available_memory_gb': 20.277362688}
2025-08-10 12:30:20,551 - INFO -       🔍 Validating...
2025-08-10 12:30:20,551 - INFO -       📝 Using optimized prompt for generation: 'a slender small chisel with a black titanium tip, angled slightly for optimal striking, detailed finish, soft focus background, front view, accurate, complete, white background...'
2025-08-10 12:30:20,552 - INFO -       🎯 Computing scores against original prompt: 'small chisel with black tip...'
2025-08-10 12:31:38,891 - INFO -       📊 Validation score: 0.8129
2025-08-10 12:31:38,891 - INFO - 
   🔄 RL Round 2/18
2025-08-10 12:31:38,892 - INFO -       🔍 Explore performing better - increasing epsilon to 0.80
2025-08-10 12:31:38,892 - INFO -       🎯 Strategy: conservative_enhancement (explore)
2025-08-10 12:31:45,925 - INFO - [TRELLIS] GPU cache cleared: {'status': 'cache_cleared', 'available_memory_gb': 20.277362688}
2025-08-10 12:31:45,926 - INFO -       🔍 Validating...
2025-08-10 12:31:45,926 - INFO -       📝 Using optimized prompt for generation: 'a slender small chisel with a black titanium alloy tip, angled slightly for optimal striking, detailed finish, subtle texture, and faint scratches, front view, accurate, complete, white background...'
2025-08-10 12:31:45,927 - INFO -       🎯 Computing scores against original prompt: 'small chisel with black tip...'
2025-08-10 12:33:10,807 - INFO -       📊 Validation score: 0.5931
2025-08-10 12:33:10,808 - INFO -       📉 Score declined: Consider different approach
2025-08-10 12:33:10,808 - INFO - 
   🔄 RL Round 3/18
2025-08-10 12:33:10,808 - INFO -       🔍 Explore performing better - increasing epsilon to 0.80
2025-08-10 12:33:10,809 - INFO -       🎯 Strategy: conservative_enhancement (explore)
2025-08-10 12:33:17,032 - INFO - [TRELLIS] GPU cache cleared: {'status': 'cache_cleared', 'available_memory_gb': 20.277362688}
2025-08-10 12:33:17,032 - INFO -       🔍 Validating...
2025-08-10 12:33:17,032 - INFO -       📝 Using optimized prompt for generation: 'a slender small chisel with a precision-ground black titanium tip, angled for optimal striking and featuring a subtle texture, white background...'
2025-08-10 12:33:17,032 - INFO -       🎯 Computing scores against original prompt: 'small chisel with black tip...'
2025-08-10 12:34:37,138 - INFO -       📊 Validation score: 0.8488
2025-08-10 12:34:37,139 - INFO -       📈 Improvement detected: conservative_enhancement working better
2025-08-10 12:34:37,139 - INFO - 
   🔄 RL Round 4/18
2025-08-10 12:34:37,139 - INFO -       🔍 Explore performing better - increasing epsilon to 0.80
2025-08-10 12:34:37,139 - INFO -       🎯 Strategy: material_focus (explore)
2025-08-10 12:34:43,336 - INFO - [TRELLIS] GPU cache cleared: {'status': 'cache_cleared', 'available_memory_gb': 20.277362688}
2025-08-10 12:34:43,338 - INFO -       🔍 Validating...
2025-08-10 12:34:43,341 - INFO -       📝 Using optimized prompt for generation: 'a slender small chisel with a precision-ground black titanium tip, angled slightly for optimal striking, detailed finish on the cutting edge, front view, accurate, complete, white background...'
2025-08-10 12:34:43,341 - INFO -       🎯 Computing scores against original prompt: 'small chisel with black tip...'
2025-08-10 12:36:06,324 - INFO -       📊 Validation score: 0.8305
2025-08-10 12:36:06,324 - INFO -       📉 Score declined: Consider different approach
2025-08-10 12:36:06,324 - INFO - 
   🔄 RL Round 5/18
2025-08-10 12:36:06,324 - INFO -       🔍 Explore performing better - increasing epsilon to 0.80
2025-08-10 12:36:06,325 - INFO -       🎯 Strategy: artistic_elaboration (explore)
2025-08-10 12:36:11,790 - INFO - [TRELLIS] GPU cache cleared: {'status': 'cache_cleared', 'available_memory_gb': 20.277362688}
2025-08-10 12:36:11,790 - INFO -       🔍 Validating...
2025-08-10 12:36:11,790 - INFO -       📝 Using optimized prompt for generation: 'a slender small chisel with a black titanium tip, angled slightly for optimal striking, subtle finish, front view, accurate, complete, white background...'
2025-08-10 12:36:11,791 - INFO -       🎯 Computing scores against original prompt: 'small chisel with black tip...'
2025-08-10 12:37:27,785 - INFO -       📊 Validation score: 0.8841
2025-08-10 12:37:27,785 - INFO -       🔍 Explore performing better - stricter convergence threshold: 0.005
2025-08-10 12:37:27,786 - INFO -       📈 Improvement detected: artistic_elaboration working better
2025-08-10 12:37:27,786 - INFO - 
   🔄 RL Round 6/18
2025-08-10 12:37:27,786 - INFO -       🔍 Explore performing better - increasing epsilon to 0.80
2025-08-10 12:37:27,786 - INFO -       🎯 Strategy: technical_precision (explore)
2025-08-10 12:37:33,627 - INFO - [TRELLIS] GPU cache cleared: {'status': 'cache_cleared', 'available_memory_gb': 20.277362688}
2025-08-10 12:37:33,631 - INFO -       🔍 Validating...
2025-08-10 12:37:33,632 - INFO -       📝 Using optimized prompt for generation: 'a slender small chisel with a black titanium tip, angled slightly for optimal striking, detailed finish, subtle wear marks on the handle, front view, accurate, complete, white background...'
2025-08-10 12:37:33,632 - INFO -       🎯 Computing scores against original prompt: 'small chisel with black tip...'
2025-08-10 12:38:51,190 - INFO -       📊 Validation score: 0.8397
2025-08-10 12:38:51,191 - INFO -       🔍 Explore performing better - stricter convergence threshold: 0.005
2025-08-10 12:38:51,191 - INFO -       📉 Score declined: Consider different approach
2025-08-10 12:38:51,191 - INFO - 
   🔄 RL Round 7/18
2025-08-10 12:38:51,192 - INFO -       🔍 Explore performing better - increasing epsilon to 0.80
2025-08-10 12:38:51,192 - INFO -       🎯 Strategy: minimalist_refinement (exploit)
2025-08-10 12:38:56,506 - INFO - [TRELLIS] GPU cache cleared: {'status': 'cache_cleared', 'available_memory_gb': 20.277362688}
2025-08-10 12:38:56,508 - INFO -       🔍 Validating...
2025-08-10 12:38:56,509 - INFO -       📝 Using optimized prompt for generation: 'a slender small chisel with a precision-ground black titanium tip and subtle curvature for optimal striking, detailed finish, front view, accurate, complete, white background...'
2025-08-10 12:38:56,510 - INFO -       🎯 Computing scores against original prompt: 'small chisel with black tip...'
2025-08-10 12:40:13,080 - INFO -       📊 Validation score: 0.9192
2025-08-10 12:40:13,081 - INFO -       🎯 New best score: 0.9192
2025-08-10 12:40:13,081 - INFO -       🔍 Explore performing better - stricter convergence threshold: 0.005
2025-08-10 12:40:13,081 - INFO -       📈 Improvement detected: minimalist_refinement working better
2025-08-10 12:40:13,081 - INFO - 
   🔄 RL Round 8/18
2025-08-10 12:40:13,081 - INFO -       🔍 Explore performing better - increasing epsilon to 0.80
2025-08-10 12:40:13,082 - INFO -       🎯 Strategy: technical_precision (explore)
2025-08-10 12:40:18,598 - INFO - [TRELLIS] GPU cache cleared: {'status': 'cache_cleared', 'available_memory_gb': 20.277362688}
2025-08-10 12:40:18,598 - INFO -       🔍 Validating...
2025-08-10 12:40:18,598 - INFO -       📝 Using optimized prompt for generation: 'a slender small chisel with a precision-ground black titanium tip, subtly tapered for optimal striking, fine scratches along the cutting edge, white background...'
2025-08-10 12:40:18,598 - INFO -       🎯 Computing scores against original prompt: 'small chisel with black tip...'
2025-08-10 12:41:36,358 - INFO -       📊 Validation score: 0.9069
2025-08-10 12:41:36,359 - INFO -       🔍 Explore performing better - stricter convergence threshold: 0.005
2025-08-10 12:41:36,359 - INFO -       📉 Score declined: Consider different approach
2025-08-10 12:41:36,359 - INFO - 
   🔄 RL Round 9/18
2025-08-10 12:41:36,359 - INFO -       🔍 Explore performing better - increasing epsilon to 0.80
2025-08-10 12:41:36,359 - INFO -       🎯 Strategy: contextual_scene_building (explore)
2025-08-10 12:41:41,960 - INFO - [TRELLIS] GPU cache cleared: {'status': 'cache_cleared', 'available_memory_gb': 20.277362688}
2025-08-10 12:41:41,963 - INFO -       🔍 Validating...
2025-08-10 12:41:41,963 - INFO -       📝 Using optimized prompt for generation: 'a slender small chisel with a precision-ground black titanium tip, subtly tapered for optimal striking and detailed finish, front view, accurate, complete, white background...'
2025-08-10 12:41:41,965 - INFO -       🎯 Computing scores against original prompt: 'small chisel with black tip...'
2025-08-10 12:43:00,391 - INFO -       📊 Validation score: 0.9184
2025-08-10 12:43:00,392 - INFO -       🔍 Explore performing better - stricter convergence threshold: 0.005
2025-08-10 12:43:00,392 - INFO -       📈 Improvement detected: contextual_scene_building working better
2025-08-10 12:43:00,392 - INFO - 
   🔄 RL Round 10/18
2025-08-10 12:43:00,393 - INFO -       🔍 Explore performing better - increasing epsilon to 0.80
2025-08-10 12:43:00,393 - INFO -       🎯 Strategy: hybrid_approach (explore)
2025-08-10 12:43:05,301 - INFO - [TRELLIS] GPU cache cleared: {'status': 'cache_cleared', 'available_memory_gb': 20.277362688}
2025-08-10 12:43:05,302 - INFO -       🔍 Validating...
2025-08-10 12:43:05,302 - INFO -       📝 Using optimized prompt for generation: 'a slender small chisel with a precision-ground black titanium tip and subtle curvature for optimal striking and detailed finish on a worn wooden workbench, front view, accurate, complete, white background...'
2025-08-10 12:43:05,303 - INFO -       🎯 Computing scores against original prompt: 'small chisel with black tip...'
2025-08-10 12:44:25,874 - INFO -       📊 Validation score: 0.5941
2025-08-10 12:44:25,875 - INFO -       📉 Score declined: Consider different approach
2025-08-10 12:44:25,875 - INFO - 
   🔄 RL Round 11/18
2025-08-10 12:44:25,875 - INFO -       🔍 Explore performing better - increasing epsilon to 0.80
2025-08-10 12:44:25,875 - INFO -       🎯 Strategy: hybrid_approach (explore)
2025-08-10 12:44:31,066 - INFO - [TRELLIS] GPU cache cleared: {'status': 'cache_cleared', 'available_memory_gb': 20.277362688}
2025-08-10 12:44:31,066 - INFO -       🔍 Validating...
2025-08-10 12:44:31,067 - INFO -       📝 Using optimized prompt for generation: 'a slender small chisel with a precision-ground black titanium tip and subtle curvature for optimal striking, detailed finish, front view, accurate, complete, white background...'
2025-08-10 12:44:31,067 - INFO -       🎯 Computing scores against original prompt: 'small chisel with black tip...'
2025-08-10 12:45:47,941 - INFO -       📊 Validation score: 0.9191
2025-08-10 12:45:47,942 - INFO -       📈 Improvement detected: hybrid_approach working better
2025-08-10 12:45:47,942 - INFO - 
   🔄 RL Round 12/18
2025-08-10 12:45:47,943 - INFO -       🔍 Explore performing better - increasing epsilon to 0.80
2025-08-10 12:45:47,943 - INFO -       🎯 Strategy: material_focus (explore)
2025-08-10 12:45:54,234 - INFO - [TRELLIS] GPU cache cleared: {'status': 'cache_cleared', 'available_memory_gb': 20.277362688}
2025-08-10 12:45:54,237 - INFO -       🔍 Validating...
2025-08-10 12:45:54,237 - INFO -       📝 Using optimized prompt for generation: 'a slender small chisel with a precision-ground black titanium tip and an ornate, curved handle for optimal striking, detailed finish, white background, front view, accurate, complete, white background...'
2025-08-10 12:45:54,238 - INFO -       🎯 Computing scores against original prompt: 'small chisel with black tip...'
2025-08-10 12:47:19,313 - INFO -       📊 Validation score: 0.9050
2025-08-10 12:47:19,313 - INFO -       🔍 Explore performing better - stricter convergence threshold: 0.005
2025-08-10 12:47:19,313 - INFO -       📉 Score declined: Consider different approach
2025-08-10 12:47:19,313 - INFO - 
   🔄 RL Round 13/18
2025-08-10 12:47:19,314 - INFO -       🔍 Explore performing better - increasing epsilon to 0.80
2025-08-10 12:47:19,314 - INFO -       🎯 Strategy: artistic_elaboration (explore)
2025-08-10 12:47:26,361 - INFO - [TRELLIS] GPU cache cleared: {'status': 'cache_cleared', 'available_memory_gb': 20.277362688}
2025-08-10 12:47:26,363 - INFO -       🔍 Validating...
2025-08-10 12:47:26,367 - INFO -       📝 Using optimized prompt for generation: 'a slender small chisel with a precision-ground black titanium tip, sharply angled at 20 degrees for optimal striking, adorned with an intricate network of fine lines and subtle shading to reveal its metallic beauty, front view, accurate, complete, white background...'
2025-08-10 12:47:26,367 - INFO -       🎯 Computing scores against original prompt: 'small chisel with black tip...'
2025-08-10 12:48:47,079 - INFO -       📊 Validation score: 0.8701
2025-08-10 12:48:47,079 - INFO -       🔍 Explore performing better - stricter convergence threshold: 0.005
2025-08-10 12:48:47,079 - INFO -       📉 Score declined: Consider different approach
2025-08-10 12:48:47,079 - INFO - 
   🔄 RL Round 14/18
2025-08-10 12:48:47,079 - INFO -       🔍 Explore performing better - increasing epsilon to 0.80
2025-08-10 12:48:47,080 - INFO -       🎯 Strategy: contextual_scene_building (explore)
2025-08-10 12:48:53,649 - INFO - [TRELLIS] GPU cache cleared: {'status': 'cache_cleared', 'available_memory_gb': 20.277362688}
2025-08-10 12:48:53,651 - INFO -       🔍 Validating...
2025-08-10 12:48:53,655 - INFO -       📝 Using optimized prompt for generation: 'a slender small chisel with a precision-ground black titanium tip, subtly tapered for optimal striking and subtle curvature, detailed finish, front view, accurate, complete, white background...'
2025-08-10 12:48:53,655 - INFO -       🎯 Computing scores against original prompt: 'small chisel with black tip...'
2025-08-10 12:50:12,973 - INFO -       📊 Validation score: 0.8659
2025-08-10 12:50:12,975 - INFO -       🔍 Explore performing better - stricter convergence threshold: 0.005
2025-08-10 12:50:12,975 - INFO -       ✅ Convergence achieved: Convergence threshold met (improvement: -0.004)
2025-08-10 12:50:13,048 - INFO - 
🎯 RL LOOP COMPLETE:
2025-08-10 12:50:13,049 - INFO -    Best prompt: a slender small chisel with a precision-ground black titanium tip and subtle curvature for optimal striking, detailed finish, front view, accurate, complete, white background
2025-08-10 12:50:13,050 - INFO -    Best score: 0.9192
2025-08-10 12:50:13,050 - INFO -    Rounds: 14
2025-08-10 12:50:13,051 - INFO -    Convergence: True
2025-08-10 12:50:13,054 - INFO -    Convergence reason: Convergence threshold met (improvement: -0.004)
2025-08-10 12:50:13,054 - INFO -    Exploration ratio: 92.9%
2025-08-10 12:50:13,054 - INFO -    Insights learned: 3
2025-08-10 12:50:13,054 - INFO -    Total time: 1198.23s
2025-08-10 12:50:13,054 - INFO - Prompt optimized in 14 rounds: 0.813 → 0.919 (+0.106)
2025-08-10 12:50:13,055 - INFO - ✅ Target score achieved!
2025-08-10 12:50:13,060 - INFO - 
--- Episode 1, Prompt 13 (Total: 26) ---
2025-08-10 12:50:13,062 - INFO - Optimizing: 'deep navy robot with sophisticated style'
2025-08-10 12:50:13,063 - INFO - 🔍 Checking server availability before optimization...
2025-08-10 12:50:13,076 - INFO - ✅ Server is available (status: completed)
2025-08-10 12:50:13,076 - INFO - 📝 Marked server as used at 1754830213.0769725
2025-08-10 12:50:13,077 - INFO - ✅ Server is available and marked as used
2025-08-10 12:50:16,072 - INFO - 🔄 Reproducibility optimization applied:
2025-08-10 12:50:16,072 - INFO -    Original: deep navy robot with sophisticated style
2025-08-10 12:50:16,072 - INFO -    Optimized: wbgmsst, A sophisticated deep navy robot with precision-crafted angular lines and micro-scaled LED accents is rendered in accurate front view, subtly shifting between warm and cool tones, and displayed on a complete white background.
2025-08-10 12:50:16,072 - INFO -    Similarity: 1.000
2025-08-10 12:50:16,072 - INFO -    Gold score: 0.9202
2025-08-10 12:50:16,072 - INFO -       🔧 Overriding endpoint: generate/baolei/
2025-08-10 12:50:16,072 - INFO -       🔧 Using endpoint: generate/baolei/
2025-08-10 12:50:16,083 - INFO - 
🔄 RL LOOP OPTIMIZATION: 'deep navy robot with sophisticated style'
2025-08-10 12:50:16,083 - INFO -    Session: rl_session_1754830216_8090
2025-08-10 12:50:16,083 - INFO -    Max rounds: 18
2025-08-10 12:50:16,083 - INFO -    Min rounds before convergence: 5
2025-08-10 12:50:16,083 - INFO -    Target score: 0.99
2025-08-10 12:50:16,084 - INFO -       🎯 Found previous best attempt: a deep navy robot with precision-crafted angular lines and micro-scaled LED accents that subtly shift between warm and cool tones to enhance its sophisticated style, front view, accurate, complete, white background (score: 0.9202)
2025-08-10 12:50:16,084 - INFO -       🎯 Strategy used: contextual_scene_building
2025-08-10 12:50:16,084 - INFO -       🎯 Session ID: rl_session_1754814867_5307
2025-08-10 12:50:16,084 - INFO -       🎯 Past final best prompt: a deep navy robot with precision-crafted angular lines and micro-scaled LED accents that subtly shift between warm and cool tones to enhance its sophisticated style, front view, accurate, complete, white background
2025-08-10 12:50:16,084 - INFO -       🎯 Past final best score: 0.920
2025-08-10 12:50:16,084 - INFO -       🎯 Past session ID: rl_session_1754814867_5307
2025-08-10 12:50:16,084 - INFO -       🎯 Past learned insights: Iterative improvement successful: 0.822 → 0.882, Best performing strategy in session: contextual_scene_building, Explored 6 different strategies
2025-08-10 12:50:16,084 - INFO -       🎯 Past strategy performance updates: {'aggressive_transformation': 0.02864622496036806, 'artistic_elaboration': 0.053489780035179235, 'technical_precision': 0.15339876723659363, 'contextual_scene_building': 0.05029318393062987, 'conservative_enhancement': 0.12135300796127424, 'material_focus': 0.15283330181699517}
2025-08-10 12:50:16,084 - INFO -       🎯 Past final best prompt: a deep navy robot with precision-crafted angular lines and micro-scaled LED accents that subtly shift between warm and cool tones to enhance its sophisticated style, front view, accurate, complete, white background
2025-08-10 12:50:16,084 - INFO -       🎯 Past final best score: 0.920
2025-08-10 12:50:16,084 - INFO - 
   🔄 RL Round 1/18
2025-08-10 12:50:16,092 - INFO -       🔍 Explore performing better - increasing epsilon to 0.80
2025-08-10 12:50:16,092 - INFO -       🎯 Strategy: contextual_scene_building (explore)
2025-08-10 12:50:22,635 - INFO - [TRELLIS] GPU cache cleared: {'status': 'cache_cleared', 'available_memory_gb': 20.277362688}
2025-08-10 12:50:22,637 - INFO -       🔍 Validating...
2025-08-10 12:50:22,638 - INFO -       📝 Using optimized prompt for generation: 'a deep navy robot with precision-crafted angular lines, micro-scaled LED accents that subtly shift between warm and cool tones to enhance its sophisticated style, front view, accurate, complete, white background...'
2025-08-10 12:50:22,639 - INFO -       🎯 Computing scores against original prompt: 'deep navy robot with sophisticated style...'
2025-08-10 12:51:45,927 - INFO -       📊 Validation score: 0.8928
2025-08-10 12:51:45,928 - INFO - 
   🔄 RL Round 2/18
2025-08-10 12:51:45,929 - INFO -       🔍 Explore performing better - increasing epsilon to 0.80
2025-08-10 12:51:45,930 - INFO -       🎯 Strategy: contextual_scene_building (explore)
2025-08-10 12:51:51,483 - INFO - [TRELLIS] GPU cache cleared: {'status': 'cache_cleared', 'available_memory_gb': 20.277362688}
2025-08-10 12:51:51,484 - INFO -       🔍 Validating...
2025-08-10 12:51:51,485 - INFO -       📝 Using optimized prompt for generation: 'a deep navy robot with precision-crafted angular lines, micro-scaled LED accents that subtly shift between warm and cool tones to emphasize its refined sophistication and complete, accurate, white background, front view, accurate, complete, white background...'
2025-08-10 12:51:51,486 - INFO -       🎯 Computing scores against original prompt: 'deep navy robot with sophisticated style...'
2025-08-10 12:53:14,520 - INFO -       📊 Validation score: 0.9063
2025-08-10 12:53:14,520 - INFO -       📈 Improvement detected: contextual_scene_building working better
2025-08-10 12:53:14,521 - INFO - 
   🔄 RL Round 3/18
2025-08-10 12:53:14,521 - INFO -       🔍 Explore performing better - increasing epsilon to 0.80
2025-08-10 12:53:14,521 - INFO -       🎯 Strategy: aggressive_transformation (explore)
2025-08-10 12:53:19,721 - INFO - [TRELLIS] GPU cache cleared: {'status': 'cache_cleared', 'available_memory_gb': 20.277362688}
2025-08-10 12:53:19,724 - INFO -       🔍 Validating...
2025-08-10 12:53:19,725 - INFO -       📝 Using optimized prompt for generation: 'a deep navy robot with precision-crafted angular lines and micro-scaled LED accents that subtly shift between warm and cool tones to enhance its sophisticated style, front view, against a backdrop of polished metallic surfaces reflecting soft ambient light in a modern, high-tech laboratory setting, front view, accurate, complete, white background...'
2025-08-10 12:53:19,725 - INFO -       🎯 Computing scores against original prompt: 'deep navy robot with sophisticated style...'
2025-08-10 12:54:51,477 - INFO -       📊 Validation score: 0.8661
2025-08-10 12:54:51,478 - INFO -       📉 Score declined: Consider different approach
2025-08-10 12:54:51,478 - INFO - 
   🔄 RL Round 4/18
2025-08-10 12:54:51,478 - INFO -       🔍 Explore performing better - increasing epsilon to 0.80
2025-08-10 12:54:51,478 - INFO -       🎯 Strategy: material_focus (explore)
2025-08-10 12:54:56,401 - INFO - [TRELLIS] GPU cache cleared: {'status': 'cache_cleared', 'available_memory_gb': 20.277362688}
2025-08-10 12:54:56,401 - INFO -       🔍 Validating...
2025-08-10 12:54:56,401 - INFO -       📝 Using optimized prompt for generation: 'a deep navy robot with precision-crafted angular lines, finely scaled LED accents that subtly shift between warm and cool tones to enhance its sophisticated style from a slightly elevated front view, accurate, complete, white background...'
2025-08-10 12:54:56,401 - INFO -       🎯 Computing scores against original prompt: 'deep navy robot with sophisticated style...'
2025-08-10 12:56:21,146 - INFO -       📊 Validation score: 0.9009
2025-08-10 12:56:21,147 - INFO -       📈 Improvement detected: material_focus working better
2025-08-10 12:56:21,147 - INFO - 
   🔄 RL Round 5/18
2025-08-10 12:56:21,147 - INFO -       🔍 Explore performing better - increasing epsilon to 0.80
2025-08-10 12:56:21,147 - INFO -       🎯 Strategy: contextual_scene_building (exploit)
2025-08-10 12:56:27,934 - INFO - [TRELLIS] GPU cache cleared: {'status': 'cache_cleared', 'available_memory_gb': 20.277362688}
2025-08-10 12:56:27,937 - INFO -       🔍 Validating...
2025-08-10 12:56:27,937 - INFO -       📝 Using optimized prompt for generation: 'a deep navy robot with precision-crafted angular lines and micro-scaled LED accents that subtly shift between warm and cool tones to enhance its sophisticated style, front view...'
2025-08-10 12:56:27,937 - INFO -       🎯 Computing scores against original prompt: 'deep navy robot with sophisticated style...'
2025-08-10 12:58:04,432 - INFO -       📊 Validation score: 0.8575
2025-08-10 12:58:04,433 - INFO -       🔍 Explore performing better - stricter convergence threshold: 0.005
2025-08-10 12:58:04,433 - INFO -       📉 Score declined: Consider different approach
2025-08-10 12:58:04,433 - INFO - 
   🔄 RL Round 6/18
2025-08-10 12:58:04,433 - INFO -       🔍 Explore performing better - increasing epsilon to 0.80
2025-08-10 12:58:04,433 - INFO -       🎯 Strategy: contextual_scene_building (exploit)
2025-08-10 12:58:09,479 - INFO - [TRELLIS] GPU cache cleared: {'status': 'cache_cleared', 'available_memory_gb': 20.277362688}
2025-08-10 12:58:09,479 - INFO -       🔍 Validating...
2025-08-10 12:58:09,480 - INFO -       📝 Using optimized prompt for generation: 'a deep navy robot with precision-crafted angular lines, finely scaled micro-scaled LED accents that subtly shift between warm and cool tones to enhance its sophisticated style, front view, accurate, complete, white background...'
2025-08-10 12:58:09,480 - INFO -       🎯 Computing scores against original prompt: 'deep navy robot with sophisticated style...'
2025-08-10 12:59:37,050 - INFO -       📊 Validation score: 0.9096
2025-08-10 12:59:37,051 - INFO -       🔍 Explore performing better - stricter convergence threshold: 0.005
2025-08-10 12:59:37,051 - INFO -       📈 Improvement detected: contextual_scene_building working better
2025-08-10 12:59:37,051 - INFO - 
   🔄 RL Round 7/18
2025-08-10 12:59:37,051 - INFO -       🔍 Explore performing better - increasing epsilon to 0.80
2025-08-10 12:59:37,051 - INFO -       🎯 Strategy: artistic_elaboration (explore)
2025-08-10 12:59:41,905 - INFO - [TRELLIS] GPU cache cleared: {'status': 'cache_cleared', 'available_memory_gb': 20.277362688}
2025-08-10 12:59:41,906 - INFO -       🔍 Validating...
2025-08-10 12:59:41,906 - INFO -       📝 Using optimized prompt for generation: 'a deep navy robot with precision-crafted angular lines, finely scaled micro-scaled LED accents that subtly shift between warm and cool tones to enhance its sophisticated style from a 45-degree angle view...'
2025-08-10 12:59:41,906 - INFO -       🎯 Computing scores against original prompt: 'deep navy robot with sophisticated style...'
2025-08-10 13:01:09,104 - INFO -       📊 Validation score: 0.8457
2025-08-10 13:01:09,104 - INFO -       🔍 Explore performing better - stricter convergence threshold: 0.005
2025-08-10 13:01:09,104 - INFO -       📉 Score declined: Consider different approach
2025-08-10 13:01:09,104 - INFO - 
   🔄 RL Round 8/18
2025-08-10 13:01:09,105 - INFO -       🔍 Explore performing better - increasing epsilon to 0.80
2025-08-10 13:01:09,105 - INFO -       🎯 Strategy: contextual_scene_building (exploit)
2025-08-10 13:01:15,046 - INFO - [TRELLIS] GPU cache cleared: {'status': 'cache_cleared', 'available_memory_gb': 20.277362688}
2025-08-10 13:01:15,048 - INFO -       🔍 Validating...
2025-08-10 13:01:15,048 - INFO -       📝 Using optimized prompt for generation: 'a deep navy robot with precision-crafted angular lines and micro-scaled LED accents that subtly shift between warm and cool tones to enhance its sophisticated style, front view, accurate, complete, white background...'
2025-08-10 13:01:15,048 - INFO -       🎯 Computing scores against original prompt: 'deep navy robot with sophisticated style...'
2025-08-10 13:02:48,144 - INFO -       📊 Validation score: 0.9213
2025-08-10 13:02:48,145 - INFO -       🎯 New best score: 0.9213
2025-08-10 13:02:48,146 - INFO -       🔍 Explore performing better - stricter convergence threshold: 0.005
2025-08-10 13:02:48,146 - INFO -       📈 Improvement detected: contextual_scene_building working better
2025-08-10 13:02:48,146 - INFO - 
   🔄 RL Round 9/18
2025-08-10 13:02:48,146 - INFO -       🎯 Strategy: artistic_elaboration (explore)
2025-08-10 13:02:53,441 - INFO - [TRELLIS] GPU cache cleared: {'status': 'cache_cleared', 'available_memory_gb': 20.277362688}
2025-08-10 13:02:53,443 - INFO -       🔍 Validating...
2025-08-10 13:02:53,443 - INFO -       📝 Using optimized prompt for generation: 'a deep navy robot with precision-crafted angular lines and micro-scaled LED accents that subtly shift between warm and cool tones to enhance its sophisticated style, front view, accurate, complete, white background...'
2025-08-10 13:02:53,445 - INFO -       🎯 Computing scores against original prompt: 'deep navy robot with sophisticated style...'
2025-08-10 13:04:22,556 - INFO -       📊 Validation score: 0.9205
2025-08-10 13:04:22,557 - INFO -       🔍 Explore performing better - stricter convergence threshold: 0.005
2025-08-10 13:04:22,557 - INFO -       ✅ Convergence achieved: Convergence threshold met (improvement: -0.001)
2025-08-10 13:04:22,617 - INFO - 
🎯 RL LOOP COMPLETE:
2025-08-10 13:04:22,621 - INFO -    Best prompt: a deep navy robot with precision-crafted angular lines and micro-scaled LED accents that subtly shift between warm and cool tones to enhance its sophisticated style, front view, accurate, complete, white background
2025-08-10 13:04:22,622 - INFO -    Best score: 0.9213
2025-08-10 13:04:22,622 - INFO -    Rounds: 9
2025-08-10 13:04:22,623 - INFO -    Convergence: True
2025-08-10 13:04:22,624 - INFO -    Convergence reason: Convergence threshold met (improvement: -0.001)
2025-08-10 13:04:22,624 - INFO -    Exploration ratio: 66.7%
2025-08-10 13:04:22,625 - INFO -    Insights learned: 3
2025-08-10 13:04:22,628 - INFO -    Total time: 846.47s
2025-08-10 13:04:22,628 - INFO - Prompt optimized in 9 rounds: 0.893 → 0.921 (+0.029)
2025-08-10 13:04:22,628 - INFO - ✅ Target score achieved!
2025-08-10 13:04:22,636 - INFO - 
--- Episode 1, Prompt 14 (Total: 26) ---
2025-08-10 13:04:22,636 - INFO - Optimizing: 'glistening yellow citrine prism'
2025-08-10 13:04:22,637 - INFO - 🔍 Checking server availability before optimization...
2025-08-10 13:04:22,651 - INFO - ✅ Server is available (status: completed)
2025-08-10 13:04:22,652 - INFO - 📝 Marked server as used at 1754831062.6518936
2025-08-10 13:04:22,652 - INFO - ✅ Server is available and marked as used
2025-08-10 13:04:25,688 - INFO - 🔄 Reproducibility optimization applied:
2025-08-10 13:04:25,689 - INFO -    Original: glistening yellow citrine prism
2025-08-10 13:04:25,690 - INFO -    Optimized: wbgmsst, The intricately carved citrine prism features a warm, glistening appearance with delicate inclusions and yellow hues, refract light into a kaleidoscope of colors on a white background.
2025-08-10 13:04:25,692 - INFO -    Similarity: 1.000
2025-08-10 13:04:25,692 - INFO -    Gold score: 0.9061
2025-08-10 13:04:25,692 - INFO -       🔧 Overriding endpoint: generate/baolei/
2025-08-10 13:04:25,692 - INFO -       🔧 Using endpoint: generate/baolei/
2025-08-10 13:04:25,698 - INFO - 
🔄 RL LOOP OPTIMIZATION: 'glistening yellow citrine prism'
2025-08-10 13:04:25,699 - INFO -    Session: rl_session_1754831065_5004
2025-08-10 13:04:25,700 - INFO -    Max rounds: 18
2025-08-10 13:04:25,700 - INFO -    Min rounds before convergence: 5
2025-08-10 13:04:25,702 - INFO -    Target score: 0.99
2025-08-10 13:04:25,702 - INFO -       🎯 Found previous best attempt: a slender, intricately carved glistening yellow citrine prism with subtle, warm undertones and delicate inclusions that refract light into a kaleidoscope of colors (score: 0.9061)
2025-08-10 13:04:25,702 - INFO -       🎯 Strategy used: aggressive_transformation
2025-08-10 13:04:25,702 - INFO -       🎯 Session ID: rl_session_1754815901_6689
2025-08-10 13:04:25,702 - INFO -       🎯 Past final best prompt: a slender, intricately carved glistening yellow citrine prism with subtle, warm undertones and delicate inclusions that refract light into a kaleidoscope of colors
2025-08-10 13:04:25,703 - INFO -       🎯 Past final best score: 0.906
2025-08-10 13:04:25,703 - INFO -       🎯 Past session ID: rl_session_1754815901_6689
2025-08-10 13:04:25,704 - INFO -       🎯 Past learned insights: Best performing strategy in session: aggressive_transformation, Explored 5 different strategies
2025-08-10 13:04:25,704 - INFO -       🎯 Past strategy performance updates: {'technical_precision': 0.02480904572275977, 'conservative_enhancement': -0.005913805678854134, 'contextual_scene_building': -0.0634317508870349, 'aggressive_transformation': -0.035653978591730806, 'material_focus': -0.04654759153072663}
2025-08-10 13:04:25,707 - INFO -       🎯 Past final best prompt: a slender, intricately carved glistening yellow citrine prism with subtle, warm undertones and delicate inclusions that refract light into a kaleidoscope of colors
2025-08-10 13:04:25,707 - INFO -       🎯 Past final best score: 0.906
2025-08-10 13:04:25,707 - INFO - 
   🔄 RL Round 1/18
2025-08-10 13:04:25,708 - INFO -       🎯 Strategy: technical_precision (explore)
2025-08-10 13:04:30,336 - INFO - [TRELLIS] GPU cache cleared: {'status': 'cache_cleared', 'available_memory_gb': 20.277362688}
2025-08-10 13:04:30,337 - INFO -       🔍 Validating...
2025-08-10 13:04:30,338 - INFO -       📝 Using optimized prompt for generation: 'a slender, intricately carved glistening yellow citrine prism with subtle, warm undertones and delicate inclusions that refract light into a kaleidoscope of colors...'
2025-08-10 13:04:30,338 - INFO -       🎯 Computing scores against original prompt: 'glistening yellow citrine prism...'
2025-08-10 13:06:04,678 - INFO -       📊 Validation score: 0.9059
2025-08-10 13:06:04,679 - INFO - 
   🔄 RL Round 2/18
2025-08-10 13:06:04,679 - INFO -       🎯 Strategy: hybrid_approach (explore)
2025-08-10 13:06:09,273 - INFO - [TRELLIS] GPU cache cleared: {'status': 'cache_cleared', 'available_memory_gb': 20.277362688}
2025-08-10 13:06:09,275 - INFO -       🔍 Validating...
2025-08-10 13:06:09,275 - INFO -       📝 Using optimized prompt for generation: 'a slender, intricately carved glistening yellow citrine prism with subtle, warm undertones, delicate inclusions that refract light into a kaleidoscope of colors, and an almost imperceptible golden glow emanating from within, front view, accurate, complete, white background...'
2025-08-10 13:06:09,276 - INFO -       🎯 Computing scores against original prompt: 'glistening yellow citrine prism...'
2025-08-10 13:07:38,237 - INFO -       📊 Validation score: 0.8540
2025-08-10 13:07:38,238 - INFO -       📉 Score declined: Consider different approach
2025-08-10 13:07:38,238 - INFO - 
   🔄 RL Round 3/18
2025-08-10 13:07:38,239 - INFO -       🎯 Strategy: conservative_enhancement (explore)
2025-08-10 13:07:44,689 - INFO - [TRELLIS] GPU cache cleared: {'status': 'cache_cleared', 'available_memory_gb': 20.277362688}
2025-08-10 13:07:44,690 - INFO -       🔍 Validating...
2025-08-10 13:07:44,691 - INFO -       📝 Using optimized prompt for generation: 'a slender, intricately carved glistening yellow citrine prism with subtle, warm undertones that evoke the scent of citrus blossoms and the gentle hum of a beekeeper's workshop, its delicate inclusions refracting light into a kaleidoscope of colors that seem to shift and shimmer like the surface of a still pond on a summer morning...'
2025-08-10 13:07:44,692 - INFO -       🎯 Computing scores against original prompt: 'glistening yellow citrine prism...'
2025-08-10 13:09:11,658 - INFO -       📊 Validation score: 0.6569
2025-08-10 13:09:11,660 - INFO -       📉 Score declined: Consider different approach
2025-08-10 13:09:11,660 - INFO - 
   🔄 RL Round 4/18
2025-08-10 13:09:11,660 - INFO -       🎯 Strategy: aggressive_transformation (explore)
2025-08-10 13:09:17,774 - INFO - [TRELLIS] GPU cache cleared: {'status': 'cache_cleared', 'available_memory_gb': 20.277362688}
2025-08-10 13:09:17,775 - INFO -       🔍 Validating...
2025-08-10 13:09:17,778 - INFO -       📝 Using optimized prompt for generation: 'a slender, intricately carved glistening yellow citrine prism that refracts light into a kaleidoscope of colors, revealing subtle inclusions and imperfections that add to its intricate beauty, front view, accurate, complete, white background...'
2025-08-10 13:09:17,778 - INFO -       🎯 Computing scores against original prompt: 'glistening yellow citrine prism...'
2025-08-10 13:10:47,369 - INFO -       📊 Validation score: 0.9162
2025-08-10 13:10:47,369 - INFO -       🎯 New best score: 0.9162
2025-08-10 13:10:47,371 - INFO -       📈 Improvement detected: aggressive_transformation working better
2025-08-10 13:10:47,371 - INFO - 
   🔄 RL Round 5/18
2025-08-10 13:10:47,371 - INFO -       🎯 Strategy: material_focus (explore)
2025-08-10 13:10:51,957 - INFO - [TRELLIS] GPU cache cleared: {'status': 'cache_cleared', 'available_memory_gb': 20.277362688}
2025-08-10 13:10:51,958 - INFO -       🔍 Validating...
2025-08-10 13:10:51,958 - INFO -       📝 Using optimized prompt for generation: 'a slender, intricately carved glistening yellow citrine prism with delicate etchings that refract light into a kaleidoscope of colors, showcasing its unique crystalline structure...'
2025-08-10 13:10:51,959 - INFO -       🎯 Computing scores against original prompt: 'glistening yellow citrine prism...'
2025-08-10 13:12:24,715 - INFO -       📊 Validation score: 0.8731
2025-08-10 13:12:24,715 - INFO -       🔍 Explore performing better - stricter convergence threshold: 0.005
2025-08-10 13:12:24,716 - INFO -       📉 Score declined: Consider different approach
2025-08-10 13:12:24,716 - INFO - 
   🔄 RL Round 6/18
2025-08-10 13:12:24,717 - INFO -       🎯 Strategy: material_focus (explore)
2025-08-10 13:12:30,190 - INFO - [TRELLIS] GPU cache cleared: {'status': 'cache_cleared', 'available_memory_gb': 20.277362688}
2025-08-10 13:12:30,193 - INFO -       🔍 Validating...
2025-08-10 13:12:30,194 - INFO -       📝 Using optimized prompt for generation: 'a slender, intricately carved glistening yellow citrine prism with iridescent facets that refract light into shimmering auroras of color and nuanced imperfections within its crystal lattice, front view, accurate, complete, white background...'
2025-08-10 13:12:30,195 - INFO -       🎯 Computing scores against original prompt: 'glistening yellow citrine prism...'
2025-08-10 13:13:59,523 - INFO -       📊 Validation score: 0.9043
2025-08-10 13:13:59,524 - INFO -       🔍 Explore performing better - stricter convergence threshold: 0.005
2025-08-10 13:13:59,524 - INFO -       📈 Improvement detected: material_focus working better
2025-08-10 13:13:59,525 - INFO - 
   🔄 RL Round 7/18
2025-08-10 13:13:59,525 - INFO -       🎯 Strategy: technical_precision (explore)
2025-08-10 13:14:05,608 - INFO - [TRELLIS] GPU cache cleared: {'status': 'cache_cleared', 'available_memory_gb': 20.277362688}
2025-08-10 13:14:05,612 - INFO -       🔍 Validating...
2025-08-10 13:14:05,612 - INFO -       📝 Using optimized prompt for generation: 'a slender, intricately carved glistening yellow citrine prism with subtle, warm undertones and delicate inclusions that refract light into a kaleidoscope of colors, front view, accurate, complete, white background...'
2025-08-10 13:14:05,612 - INFO -       🎯 Computing scores against original prompt: 'glistening yellow citrine prism...'
2025-08-10 13:15:58,025 - INFO -       📊 Validation score: 0.0252
2025-08-10 13:15:58,026 - INFO -       📉 Score declined: Consider different approach
2025-08-10 13:15:58,026 - INFO -       🔍 Increasing exploration to 0.80
2025-08-10 13:15:58,026 - INFO - 
   🔄 RL Round 8/18
2025-08-10 13:15:58,026 - INFO -       🎯 Strategy: contextual_scene_building (exploit)
2025-08-10 13:16:05,562 - INFO - [TRELLIS] GPU cache cleared: {'status': 'cache_cleared', 'available_memory_gb': 20.277362688}
2025-08-10 13:16:05,565 - INFO -       🔍 Validating...
2025-08-10 13:16:05,565 - INFO -       📝 Using optimized prompt for generation: 'a slender, intricately carved glistening yellow citrine prism with subtle, warm undertones and delicate inclusions that refract light into a kaleidoscope of colors, front view, accurate, complete, white background...'
2025-08-10 13:16:05,565 - INFO -       🎯 Computing scores against original prompt: 'glistening yellow citrine prism...'
2025-08-10 13:17:31,172 - INFO -       📊 Validation score: 0.0225
2025-08-10 13:17:31,173 - INFO -       🔍 Explore performing better - stricter convergence threshold: 0.005
2025-08-10 13:17:31,173 - INFO -       ✅ Convergence achieved: Convergence threshold met (improvement: -0.003)
2025-08-10 13:17:31,251 - INFO - 
🎯 RL LOOP COMPLETE:
2025-08-10 13:17:31,251 - INFO -    Best prompt: a slender, intricately carved glistening yellow citrine prism that refracts light into a kaleidoscope of colors, revealing subtle inclusions and imperfections that add to its intricate beauty, front view, accurate, complete, white background
2025-08-10 13:17:31,251 - INFO -    Best score: 0.9162
2025-08-10 13:17:31,251 - INFO -    Rounds: 8
2025-08-10 13:17:31,251 - INFO -    Convergence: True
2025-08-10 13:17:31,251 - INFO -    Convergence reason: Convergence threshold met (improvement: -0.003)
2025-08-10 13:17:31,251 - INFO -    Exploration ratio: 87.5%
2025-08-10 13:17:31,252 - INFO -    Insights learned: 2
2025-08-10 13:17:31,252 - INFO -    Total time: 785.48s
2025-08-10 13:17:31,255 - INFO - Prompt optimized in 8 rounds: 0.906 → 0.916 (+0.010)
2025-08-10 13:17:31,255 - INFO - ✅ Target score achieved!
2025-08-10 13:17:31,261 - INFO - 
--- Episode 1, Prompt 15 (Total: 26) ---
2025-08-10 13:17:31,265 - INFO - Optimizing: 'large blue crystal with irregular shape and sharp edges'
2025-08-10 13:17:31,265 - INFO - 🔍 Checking server availability before optimization...
2025-08-10 13:17:31,275 - INFO - ✅ Server is available (status: completed)
2025-08-10 13:17:31,276 - INFO - 📝 Marked server as used at 1754831851.2759933
2025-08-10 13:17:31,276 - INFO - ✅ Server is available and marked as used
2025-08-10 13:17:33,960 - INFO - 🔄 Reproducibility optimization applied:
2025-08-10 13:17:33,960 - INFO -    Original: large blue crystal with irregular shape and sharp edges
2025-08-10 13:17:33,961 - INFO -    Optimized: wbgmsst, accurate and complete large blue crystal with an irregular shape and sharp edges, featuring a subtle milky sheen, placed on a white background.
2025-08-10 13:17:33,961 - INFO -    Similarity: 1.000
2025-08-10 13:17:33,961 - INFO -    Gold score: 0.9127
2025-08-10 13:17:33,961 - INFO -       🔧 Overriding endpoint: generate/baolei/
2025-08-10 13:17:33,961 - INFO -       🔧 Using endpoint: generate/baolei/
2025-08-10 13:17:33,968 - INFO - 
🔄 RL LOOP OPTIMIZATION: 'large blue crystal with irregular shape and sharp edges'
2025-08-10 13:17:33,969 - INFO -    Session: rl_session_1754831853_6994
2025-08-10 13:17:33,970 - INFO -    Max rounds: 18
2025-08-10 13:17:33,973 - INFO -    Min rounds before convergence: 5
2025-08-10 13:17:33,973 - INFO -    Target score: 0.99
2025-08-10 13:17:33,973 - INFO -       🎯 Found previous best attempt: a large blue crystal with an irregular shape featuring prominently defined sharp edges and a subtle milky sheen on its surface, front view, front view, accurate, complete, white background (score: 0.9127)
2025-08-10 13:17:33,973 - INFO -       🎯 Strategy used: technical_precision
2025-08-10 13:17:33,974 - INFO -       🎯 Session ID: rl_session_1754817507_9509
2025-08-10 13:17:33,975 - INFO -       🎯 Past final best prompt: a large blue crystal with an irregular shape featuring prominently defined sharp edges and a subtle milky sheen on its surface, front view, front view, accurate, complete, white background
2025-08-10 13:17:33,976 - INFO -       🎯 Past final best score: 0.913
2025-08-10 13:17:33,976 - INFO -       🎯 Past session ID: rl_session_1754817507_9509
2025-08-10 13:17:33,976 - INFO -       🎯 Past learned insights: Iterative improvement successful: 0.837 → 0.882, Best performing strategy in session: technical_precision, Explored 5 different strategies
2025-08-10 13:17:33,977 - INFO -       🎯 Past strategy performance updates: {'material_focus': 0.08696261676167993, 'hybrid_approach': 0.10390109489437127, 'artistic_elaboration': 0.045435420263011506, 'technical_precision': 0.12912001461241795, 'conservative_enhancement': 0.036510942878487995}
2025-08-10 13:17:33,978 - INFO -       🎯 Past final best prompt: a large blue crystal with an irregular shape featuring prominently defined sharp edges and a subtle milky sheen on its surface, front view, front view, accurate, complete, white background
2025-08-10 13:17:33,979 - INFO -       🎯 Past final best score: 0.913
2025-08-10 13:17:33,982 - INFO - 
   🔄 RL Round 1/18
2025-08-10 13:17:33,982 - INFO -       🎯 Strategy: technical_precision (explore)
2025-08-10 13:17:39,128 - INFO - [TRELLIS] GPU cache cleared: {'status': 'cache_cleared', 'available_memory_gb': 20.277362688}
2025-08-10 13:17:39,129 - INFO -       🔍 Validating...
2025-08-10 13:17:39,130 - INFO -       📝 Using optimized prompt for generation: 'a large blue crystal with a highly asymmetrical, angular shape featuring prominently defined sharp edges and a subtle milky sheen on its surface, front view, accurate, complete, white background...'
2025-08-10 13:17:39,130 - INFO -       🎯 Computing scores against original prompt: 'large blue crystal with irregular shape and sharp edges...'
2025-08-10 13:19:08,920 - INFO -       📊 Validation score: 0.9156
2025-08-10 13:19:08,920 - INFO -       🎯 New best score: 0.9156
2025-08-10 13:19:08,921 - INFO - 
   🔄 RL Round 2/18
2025-08-10 13:19:08,921 - INFO -       🎯 Strategy: contextual_scene_building (explore)
2025-08-10 13:19:14,217 - INFO - [TRELLIS] GPU cache cleared: {'status': 'cache_cleared', 'available_memory_gb': 20.277362688}
2025-08-10 13:19:14,218 - INFO -       🔍 Validating...
2025-08-10 13:19:14,221 - INFO -       📝 Using optimized prompt for generation: 'a large blue crystal with an irregular shape featuring prominently defined sharp edges and a subtle milky sheen on its surface, angled view...'
2025-08-10 13:19:14,222 - INFO -       🎯 Computing scores against original prompt: 'large blue crystal with irregular shape and sharp edges...'
2025-08-10 13:20:56,081 - INFO -       📊 Validation score: 0.3701
2025-08-10 13:20:56,081 - INFO -       📉 Score declined: Consider different approach
2025-08-10 13:20:56,082 - INFO -       🔍 Increasing exploration to 0.80
2025-08-10 13:20:56,082 - INFO - 
   🔄 RL Round 3/18
2025-08-10 13:20:56,082 - INFO -       🎯 Strategy: contextual_scene_building (explore)
2025-08-10 13:21:01,382 - INFO - [TRELLIS] GPU cache cleared: {'status': 'cache_cleared', 'available_memory_gb': 20.277362688}
2025-08-10 13:21:01,385 - INFO -       🔍 Validating...
2025-08-10 13:21:01,385 - INFO -       📝 Using optimized prompt for generation: 'a large blue crystal with an intricate, faceted shape featuring prominently defined sharp edges and a subtle milky sheen on its surface, front view, front view, accurate, complete, white background...'
2025-08-10 13:21:01,385 - INFO -       🎯 Computing scores against original prompt: 'large blue crystal with irregular shape and sharp edges...'
2025-08-10 13:22:32,942 - INFO -       📊 Validation score: 0.8979
2025-08-10 13:22:32,943 - INFO -       📈 Improvement detected: contextual_scene_building working better
2025-08-10 13:22:32,943 - INFO - 
   🔄 RL Round 4/18
2025-08-10 13:22:32,943 - INFO -       🎯 Strategy: hybrid_approach (explore)
2025-08-10 13:22:37,891 - INFO - [TRELLIS] GPU cache cleared: {'status': 'cache_cleared', 'available_memory_gb': 20.277362688}
2025-08-10 13:22:37,895 - INFO -       🔍 Validating...
2025-08-10 13:22:37,895 - INFO -       📝 Using optimized prompt for generation: 'a large blue crystal with an irregular, faceted shape featuring prominently defined sharp edges and a subtle milky sheen on its surface, front view, front view, accurate, complete, white background...'
2025-08-10 13:22:37,895 - INFO -       🎯 Computing scores against original prompt: 'large blue crystal with irregular shape and sharp edges...'
2025-08-10 13:24:15,951 - INFO -       📊 Validation score: 0.8885
2025-08-10 13:24:15,951 - INFO -       📉 Score declined: Consider different approach
2025-08-10 13:24:15,952 - INFO - 
   🔄 RL Round 5/18
2025-08-10 13:24:15,952 - INFO -       🎯 Strategy: hybrid_approach (explore)
2025-08-10 13:24:21,741 - INFO - [TRELLIS] GPU cache cleared: {'status': 'cache_cleared', 'available_memory_gb': 20.277362688}
2025-08-10 13:24:21,741 - INFO -       🔍 Validating...
2025-08-10 13:24:21,741 - INFO -       📝 Using optimized prompt for generation: 'a large blue crystal with a highly irregular shape featuring prominently defined sharp edges, complete, accurate...'
2025-08-10 13:24:21,741 - INFO -       🎯 Computing scores against original prompt: 'large blue crystal with irregular shape and sharp edges...'
2025-08-10 13:25:59,919 - INFO -       📊 Validation score: 0.8657
2025-08-10 13:25:59,919 - INFO -       📉 Score declined: Consider different approach
2025-08-10 13:25:59,919 - INFO - 
   🔄 RL Round 6/18
2025-08-10 13:25:59,919 - INFO -       🔍 Explore performing better - increasing epsilon to 0.79
2025-08-10 13:25:59,920 - INFO -       🎯 Strategy: minimalist_refinement (exploit)
2025-08-10 13:26:05,478 - INFO - [TRELLIS] GPU cache cleared: {'status': 'cache_cleared', 'available_memory_gb': 20.277362688}
2025-08-10 13:26:05,479 - INFO -       🔍 Validating...
2025-08-10 13:26:05,480 - INFO -       📝 Using optimized prompt for generation: 'a large blue crystal with an irregular shape featuring prominently defined sharp edges, subtle milky sheen on its surface, accurate, complete, white background, front view, accurate, complete, white background...'
2025-08-10 13:26:05,481 - INFO -       🎯 Computing scores against original prompt: 'large blue crystal with irregular shape and sharp edges...'
2025-08-10 13:27:34,428 - INFO -       📊 Validation score: 0.9002
2025-08-10 13:27:34,461 - INFO -       📈 Improvement detected: minimalist_refinement working better
2025-08-10 13:27:34,461 - INFO - 
   🔄 RL Round 7/18
2025-08-10 13:27:34,461 - INFO -       🔍 Explore performing better - increasing epsilon to 0.80
2025-08-10 13:27:34,461 - INFO -       🎯 Strategy: conservative_enhancement (explore)
2025-08-10 13:27:39,816 - INFO - [TRELLIS] GPU cache cleared: {'status': 'cache_cleared', 'available_memory_gb': 20.277362688}
2025-08-10 13:27:39,817 - INFO -       🔍 Validating...
2025-08-10 13:27:39,818 - INFO -       📝 Using optimized prompt for generation: 'a large blue crystal with a highly irregular, angular shape featuring prominently defined sharp edges and a subtle milky sheen on its surface, front view, front view, accurate, complete, white background...'
2025-08-10 13:27:39,819 - INFO -       🎯 Computing scores against original prompt: 'large blue crystal with irregular shape and sharp edges...'
2025-08-10 13:29:09,541 - INFO -       📊 Validation score: 0.8740
2025-08-10 13:29:09,542 - INFO -       📉 Score declined: Consider different approach
2025-08-10 13:29:09,542 - INFO - 
   🔄 RL Round 8/18
2025-08-10 13:29:09,542 - INFO -       🔍 Explore performing better - increasing epsilon to 0.80
2025-08-10 13:29:09,542 - INFO -       🎯 Strategy: aggressive_transformation (explore)
2025-08-10 13:29:15,347 - INFO - [TRELLIS] GPU cache cleared: {'status': 'cache_cleared', 'available_memory_gb': 20.277362688}
2025-08-10 13:29:15,348 - INFO -       🔍 Validating...
2025-08-10 13:29:15,349 - INFO -       📝 Using optimized prompt for generation: 'a large blue crystal with an intricate, faceted shape featuring prominently defined sharp edges and a subtle milky sheen...'
2025-08-10 13:29:15,349 - INFO -       🎯 Computing scores against original prompt: 'large blue crystal with irregular shape and sharp edges...'
2025-08-10 13:30:56,689 - INFO -       📊 Validation score: 0.1927
2025-08-10 13:30:56,690 - INFO -       📉 Score declined: Consider different approach
2025-08-10 13:30:56,691 - INFO -       🔍 Increasing exploration to 0.80
2025-08-10 13:30:56,692 - INFO - 
   🔄 RL Round 9/18
2025-08-10 13:30:56,693 - INFO -       🎯 Strategy: aggressive_transformation (explore)
2025-08-10 13:31:02,218 - INFO - [TRELLIS] GPU cache cleared: {'status': 'cache_cleared', 'available_memory_gb': 20.277362688}
2025-08-10 13:31:02,221 - INFO -       🔍 Validating...
2025-08-10 13:31:02,225 - INFO -       📝 Using optimized prompt for generation: 'a large blue crystal with an intricate, faceted shape featuring prominently defined sharp edges and a subtle milky sheen on its surface, front view, front view, accurate, complete, white background...'
2025-08-10 13:31:02,225 - INFO -       🎯 Computing scores against original prompt: 'large blue crystal with irregular shape and sharp edges...'
2025-08-10 13:32:28,232 - INFO -       📊 Validation score: 0.8982
2025-08-10 13:32:28,233 - INFO -       📈 Improvement detected: aggressive_transformation working better
2025-08-10 13:32:28,233 - INFO - 
   🔄 RL Round 10/18
2025-08-10 13:32:28,233 - INFO -       🎯 Strategy: aggressive_transformation (explore)
2025-08-10 13:32:32,673 - INFO - [TRELLIS] GPU cache cleared: {'status': 'cache_cleared', 'available_memory_gb': 20.277362688}
2025-08-10 13:32:32,675 - INFO -       🔍 Validating...
2025-08-10 13:32:32,676 - INFO -       📝 Using optimized prompt for generation: 'a large blue crystal with an irregular shape featuring prominently defined sharp edges and a subtle milky sheen, side view, front view, accurate, complete, white background...'
2025-08-10 13:32:32,677 - INFO -       🎯 Computing scores against original prompt: 'large blue crystal with irregular shape and sharp edges...'
2025-08-10 13:34:05,776 - INFO -       📊 Validation score: 0.8037
2025-08-10 13:34:05,776 - INFO -       📉 Score declined: Consider different approach
2025-08-10 13:34:05,776 - INFO - 
   🔄 RL Round 11/18
2025-08-10 13:34:05,776 - INFO -       🎯 Strategy: artistic_elaboration (explore)
2025-08-10 13:34:11,707 - INFO - [TRELLIS] GPU cache cleared: {'status': 'cache_cleared', 'available_memory_gb': 20.277362688}
2025-08-10 13:34:11,711 - INFO -       🔍 Validating...
2025-08-10 13:34:11,711 - INFO -       📝 Using optimized prompt for generation: 'a large blue crystal with an intricate, faceted shape featuring prominently defined sharp edges and a subtle milky sheen on its surface, front view, front view, accurate, complete, white background...'
2025-08-10 13:34:11,712 - INFO -       🎯 Computing scores against original prompt: 'large blue crystal with irregular shape and sharp edges...'
2025-08-10 13:35:42,775 - INFO -       📊 Validation score: 0.8981
2025-08-10 13:35:42,776 - INFO -       📈 Improvement detected: artistic_elaboration working better
2025-08-10 13:35:42,777 - INFO - 
   🔄 RL Round 12/18
2025-08-10 13:35:42,777 - INFO -       🎯 Strategy: conservative_enhancement (explore)
2025-08-10 13:35:46,893 - INFO - [TRELLIS] GPU cache cleared: {'status': 'cache_cleared', 'available_memory_gb': 20.277362688}
2025-08-10 13:35:46,895 - INFO -       🔍 Validating...
2025-08-10 13:35:46,898 - INFO -       📝 Using optimized prompt for generation: 'a large blue crystal with an intricately faceted irregular shape featuring prominently defined sharp edges and a subtle milky sheen on its surface, high-quality front view in optimal lighting...'
2025-08-10 13:35:46,898 - INFO -       🎯 Computing scores against original prompt: 'large blue crystal with irregular shape and sharp edges...'
2025-08-10 13:37:25,630 - INFO -       📊 Validation score: 0.8700
2025-08-10 13:37:25,631 - INFO -       📉 Score declined: Consider different approach
2025-08-10 13:37:25,631 - INFO - 
   🔄 RL Round 13/18
2025-08-10 13:37:25,631 - INFO -       🎯 Strategy: material_focus (explore)
2025-08-10 13:37:31,256 - INFO - [TRELLIS] GPU cache cleared: {'status': 'cache_cleared', 'available_memory_gb': 20.277362688}
2025-08-10 13:37:31,260 - INFO -       🔍 Validating...
2025-08-10 13:37:31,260 - INFO -       📝 Using optimized prompt for generation: 'a large blue crystal with an irregular shape featuring prominently defined sharp edges and a subtle milky sheen, angled view from above...'
2025-08-10 13:37:31,260 - INFO -       🎯 Computing scores against original prompt: 'large blue crystal with irregular shape and sharp edges...'
2025-08-10 13:39:01,726 - INFO -       📊 Validation score: 0.3019
2025-08-10 13:39:01,726 - INFO -       📉 Score declined: Consider different approach
2025-08-10 13:39:01,727 - INFO -       🔍 Increasing exploration to 0.80
2025-08-10 13:39:01,727 - INFO - 
   🔄 RL Round 14/18
2025-08-10 13:39:01,727 - INFO -       🎯 Strategy: material_focus (explore)
2025-08-10 13:39:06,469 - INFO - [TRELLIS] GPU cache cleared: {'status': 'cache_cleared', 'available_memory_gb': 20.277362688}
2025-08-10 13:39:06,470 - INFO -       🔍 Validating...
2025-08-10 13:39:06,471 - INFO -       📝 Using optimized prompt for generation: 'a large blue crystal with a highly irregular shape featuring prominently defined sharp edges and a subtle milky sheen on its surface, front view, accurate, complete, white background...'
2025-08-10 13:39:06,472 - INFO -       🎯 Computing scores against original prompt: 'large blue crystal with irregular shape and sharp edges...'
2025-08-10 13:40:35,943 - INFO -       📊 Validation score: 0.9028
2025-08-10 13:40:35,944 - INFO -       📈 Improvement detected: material_focus working better
2025-08-10 13:40:35,944 - INFO - 
   🔄 RL Round 15/18
2025-08-10 13:40:35,945 - INFO -       🎯 Strategy: material_focus (explore)
2025-08-10 13:40:40,858 - INFO - [TRELLIS] GPU cache cleared: {'status': 'cache_cleared', 'available_memory_gb': 20.277362688}
2025-08-10 13:40:40,858 - INFO -       🔍 Validating...
2025-08-10 13:40:40,858 - INFO -       📝 Using optimized prompt for generation: 'a large blue crystal with a highly irregular shape featuring prominently defined sharp edges and a subtle milky sheen on its surface, detailed view...'
2025-08-10 13:40:40,858 - INFO -       🎯 Computing scores against original prompt: 'large blue crystal with irregular shape and sharp edges...'
2025-08-10 13:42:21,150 - INFO -       📊 Validation score: 0.5684
2025-08-10 13:42:21,151 - INFO -       📉 Score declined: Consider different approach
2025-08-10 13:42:21,151 - INFO - 
   🔄 RL Round 16/18
2025-08-10 13:42:21,151 - INFO -       🎯 Strategy: artistic_elaboration (explore)
2025-08-10 13:42:27,889 - INFO - [TRELLIS] GPU cache cleared: {'status': 'cache_cleared', 'available_memory_gb': 20.277362688}
2025-08-10 13:42:27,890 - INFO -       🔍 Validating...
2025-08-10 13:42:27,890 - INFO -       📝 Using optimized prompt for generation: 'a large blue crystal with an intricately faceted irregular shape featuring prominently defined sharp edges and subtle milky undertones, front view, front view, accurate, complete, white background...'
2025-08-10 13:42:27,890 - INFO -       🎯 Computing scores against original prompt: 'large blue crystal with irregular shape and sharp edges...'
2025-08-10 13:44:02,251 - INFO -       📊 Validation score: 0.8594
2025-08-10 13:44:02,252 - INFO -       📈 Improvement detected: artistic_elaboration working better
2025-08-10 13:44:02,252 - INFO - 
   🔄 RL Round 17/18
2025-08-10 13:44:02,252 - INFO -       🎯 Strategy: artistic_elaboration (explore)
2025-08-10 13:44:07,221 - INFO - [TRELLIS] GPU cache cleared: {'status': 'cache_cleared', 'available_memory_gb': 20.277362688}
2025-08-10 13:44:07,223 - INFO -       🔍 Validating...
2025-08-10 13:44:07,223 - INFO -       📝 Using optimized prompt for generation: 'a large blue crystal with an irregular, faceted shape featuring prominently defined sharp edges and a subtle milky sheen on its surface, front view, accurate, complete, white background...'
2025-08-10 13:44:07,225 - INFO -       🎯 Computing scores against original prompt: 'large blue crystal with irregular shape and sharp edges...'
2025-08-10 13:45:44,754 - INFO -       📊 Validation score: 0.5833
2025-08-10 13:45:44,755 - INFO -       📉 Score declined: Consider different approach
2025-08-10 13:45:44,755 - INFO - 
   🔄 RL Round 18/18
2025-08-10 13:45:44,755 - INFO -       🎯 Strategy: artistic_elaboration (explore)
2025-08-10 13:45:50,875 - INFO - [TRELLIS] GPU cache cleared: {'status': 'cache_cleared', 'available_memory_gb': 20.277362688}
2025-08-10 13:45:50,879 - INFO -       🔍 Validating...
2025-08-10 13:45:50,879 - INFO -       📝 Using optimized prompt for generation: 'a large blue crystal with a highly asymmetrical, angular shape featuring prominently defined sharp edges, a subtle milky sheen on its surface, and an uneven faceting pattern...'
2025-08-10 13:45:50,879 - INFO -       🎯 Computing scores against original prompt: 'large blue crystal with irregular shape and sharp edges...'
2025-08-10 13:47:29,997 - INFO -       📊 Validation score: 0.8537
2025-08-10 13:47:30,069 - INFO - 
🎯 RL LOOP COMPLETE:
2025-08-10 13:47:30,070 - INFO -    Best prompt: a large blue crystal with a highly asymmetrical, angular shape featuring prominently defined sharp edges and a subtle milky sheen on its surface, front view, accurate, complete, white background
2025-08-10 13:47:30,071 - INFO -    Best score: 0.9156
2025-08-10 13:47:30,072 - INFO -    Rounds: 18
2025-08-10 13:47:30,072 - INFO -    Convergence: False
2025-08-10 13:47:30,072 - INFO -    Convergence reason: Not converged
2025-08-10 13:47:30,074 - INFO -    Exploration ratio: 94.4%
2025-08-10 13:47:30,074 - INFO -    Insights learned: 2
2025-08-10 13:47:30,074 - INFO -    Total time: 1796.03s
2025-08-10 13:47:30,074 - INFO - Prompt optimized in 18 rounds: 0.916 → 0.916 (+0.000)
2025-08-10 13:47:30,076 - INFO - ⏰ Max rounds reached
2025-08-10 13:47:30,086 - INFO - 
--- Episode 1, Prompt 16 (Total: 26) ---
2025-08-10 13:47:30,088 - INFO - Optimizing: 'yellow lamp with bent neck'
2025-08-10 13:47:30,088 - INFO - 🔍 Checking server availability before optimization...
2025-08-10 13:47:30,103 - INFO - ✅ Server is available (status: completed)
2025-08-10 13:47:30,104 - INFO - 📝 Marked server as used at 1754833650.1040535
2025-08-10 13:47:30,104 - INFO - ✅ Server is available and marked as used
2025-08-10 13:47:32,972 - INFO - 🔄 Reproducibility optimization applied:
2025-08-10 13:47:32,973 - INFO -    Original: yellow lamp with bent neck
2025-08-10 13:47:32,973 - INFO -    Optimized: wbgmsst, render a slender yellow lamp with accurate and complete details, made from polished brass alloy with a delicate patina and subtly ridged texture that is slightly bent, depicted in front view on a white background.
2025-08-10 13:47:32,974 - INFO -    Similarity: 1.000
2025-08-10 13:47:32,974 - INFO -    Gold score: 0.9305
2025-08-10 13:47:32,975 - INFO -       🔧 Overriding endpoint: generate/baolei/
2025-08-10 13:47:32,976 - INFO -       🔧 Using endpoint: generate/baolei/
2025-08-10 13:47:32,980 - INFO - 
🔄 RL LOOP OPTIMIZATION: 'yellow lamp with bent neck'
2025-08-10 13:47:32,980 - INFO -    Session: rl_session_1754833652_9698
2025-08-10 13:47:32,981 - INFO -    Max rounds: 18
2025-08-10 13:47:32,981 - INFO -    Min rounds before convergence: 5
2025-08-10 13:47:32,982 - INFO -    Target score: 0.99
2025-08-10 13:47:32,983 - INFO -       🎯 Found previous best attempt: a slender yellow lamp with an almost imperceptibly curved neck and subtly ridged texture, featuring a polished brass alloy and a delicate patina on its surface., front view, accurate, complete, white background (score: 0.9305)
2025-08-10 13:47:32,985 - INFO -       🎯 Strategy used: hybrid_approach
2025-08-10 13:47:32,987 - INFO -       🎯 Session ID: rl_session_1754818616_3976
2025-08-10 13:47:32,988 - INFO -       🎯 Past final best prompt: a slender yellow lamp with an almost imperceptibly curved neck and subtly ridged texture, featuring a polished brass alloy and a delicate patina on its surface., front view, accurate, complete, white background
2025-08-10 13:47:32,988 - INFO -       🎯 Past final best score: 0.930
2025-08-10 13:47:32,989 - INFO -       🎯 Past session ID: rl_session_1754818616_3976
2025-08-10 13:47:32,989 - INFO -       🎯 Past learned insights: Best performing strategy in session: hybrid_approach, Explored 6 different strategies
2025-08-10 13:47:32,990 - INFO -       🎯 Past strategy performance updates: {'artistic_elaboration': 0.0043819608876143334, 'technical_precision': 0.07488530755331757, 'contextual_scene_building': 0.07525810963096702, 'hybrid_approach': 0.06165904592552773, 'material_focus': 0.10907100483268439, 'conservative_enhancement': 0.085105918647578}
2025-08-10 13:47:32,990 - INFO -       🎯 Past final best prompt: a slender yellow lamp with an almost imperceptibly curved neck and subtly ridged texture, featuring a polished brass alloy and a delicate patina on its surface., front view, accurate, complete, white background
2025-08-10 13:47:32,990 - INFO -       🎯 Past final best score: 0.930
2025-08-10 13:47:32,991 - INFO - 
   🔄 RL Round 1/18
2025-08-10 13:47:32,991 - INFO -       🎯 Strategy: artistic_elaboration (explore)
2025-08-10 13:47:38,569 - INFO - [TRELLIS] GPU cache cleared: {'status': 'cache_cleared', 'available_memory_gb': 20.277362688}
2025-08-10 13:47:38,570 - INFO -       🔍 Validating...
2025-08-10 13:47:38,571 - INFO -       📝 Using optimized prompt for generation: 'a slender yellow lamp with a delicately bent neck and an almost imperceptibly curved ceramic base, featuring a polished brass alloy with subtle oxidation on its surface, side view, front view, accurate, complete, white background...'
2025-08-10 13:47:38,571 - INFO -       🎯 Computing scores against original prompt: 'yellow lamp with bent neck...'
2025-08-10 13:49:04,443 - INFO -       📊 Validation score: 0.8811
2025-08-10 13:49:04,443 - INFO - 
   🔄 RL Round 2/18
2025-08-10 13:49:04,444 - INFO -       🎯 Strategy: artistic_elaboration (exploit)
2025-08-10 13:49:10,865 - INFO - [TRELLIS] GPU cache cleared: {'status': 'cache_cleared', 'available_memory_gb': 20.277362688}
2025-08-10 13:49:10,866 - INFO -       🔍 Validating...
2025-08-10 13:49:10,867 - INFO -       📝 Using optimized prompt for generation: 'a slender yellow lamp with an almost imperceptibly curved neck and subtly textured, warm-golden patina, featuring polished brass alloy and gentle rounded edges, front view, accurate, complete, white background...'
2025-08-10 13:49:10,868 - INFO -       🎯 Computing scores against original prompt: 'yellow lamp with bent neck...'
2025-08-10 13:50:36,588 - INFO -       📊 Validation score: 0.9217
2025-08-10 13:50:36,588 - INFO -       📈 Improvement detected: artistic_elaboration working better
2025-08-10 13:50:36,589 - INFO - 
   🔄 RL Round 3/18
2025-08-10 13:50:36,589 - INFO -       🎯 Strategy: technical_precision (explore)
2025-08-10 13:50:40,791 - INFO - [TRELLIS] GPU cache cleared: {'status': 'cache_cleared', 'available_memory_gb': 20.277362688}
2025-08-10 13:50:40,793 - INFO -       🔍 Validating...
2025-08-10 13:50:40,793 - INFO -       📝 Using optimized prompt for generation: 'a slender yellow lamp with an almost imperceptibly curved neck and a finely tapered ceramic base featuring a polished brass alloy with a subtle patina, back view, front view, accurate, complete, white background...'
2025-08-10 13:50:40,794 - INFO -       🎯 Computing scores against original prompt: 'yellow lamp with bent neck...'
2025-08-10 13:52:13,216 - INFO -       📊 Validation score: 0.9107
2025-08-10 13:52:13,216 - INFO -       📉 Score declined: Consider different approach
2025-08-10 13:52:13,217 - INFO - 
   🔄 RL Round 4/18
2025-08-10 13:52:13,217 - INFO -       🔍 Explore performing better - increasing epsilon to 0.80
2025-08-10 13:52:13,217 - INFO -       🎯 Strategy: hybrid_approach (explore)
2025-08-10 13:52:19,512 - INFO - [TRELLIS] GPU cache cleared: {'status': 'cache_cleared', 'available_memory_gb': 20.277362688}
2025-08-10 13:52:19,514 - INFO -       🔍 Validating...
2025-08-10 13:52:19,515 - INFO -       📝 Using optimized prompt for generation: 'a slender yellow lamp with almost imperceptibly curved neck, featuring delicate ceramic ridges, polished brass alloy base, subtle wear marks on its patina surface., front view, accurate, complete, white background...'
2025-08-10 13:52:19,517 - INFO -       🎯 Computing scores against original prompt: 'yellow lamp with bent neck...'
2025-08-10 13:53:50,036 - INFO -       📊 Validation score: 0.9271
2025-08-10 13:53:50,037 - INFO -       📈 Improvement detected: hybrid_approach working better
2025-08-10 13:53:50,040 - INFO - 
   🔄 RL Round 5/18
2025-08-10 13:53:50,040 - INFO -       🔍 Explore performing better - increasing epsilon to 0.80
2025-08-10 13:53:50,040 - INFO -       🎯 Strategy: conservative_enhancement (explore)
2025-08-10 13:53:55,224 - INFO - [TRELLIS] GPU cache cleared: {'status': 'cache_cleared', 'available_memory_gb': 20.277362688}
2025-08-10 13:53:55,227 - INFO -       🔍 Validating...
2025-08-10 13:53:55,227 - INFO -       📝 Using optimized prompt for generation: 'a slender yellow lamp with an almost imperceptibly curved neck and subtly ridged texture, featuring a polished brass alloy with a delicate patina on its surface., front view, accurate, complete, white background...'
2025-08-10 13:53:55,227 - INFO -       🎯 Computing scores against original prompt: 'yellow lamp with bent neck...'
2025-08-10 13:55:21,011 - INFO -       📊 Validation score: 0.8778
2025-08-10 13:55:21,012 - INFO -       📉 Score declined: Consider different approach
2025-08-10 13:55:21,012 - INFO - 
   🔄 RL Round 6/18
2025-08-10 13:55:21,012 - INFO -       🔍 Explore performing better - increasing epsilon to 0.80
2025-08-10 13:55:21,012 - INFO -       🎯 Strategy: technical_precision (explore)
2025-08-10 13:55:26,179 - INFO - [TRELLIS] GPU cache cleared: {'status': 'cache_cleared', 'available_memory_gb': 20.277362688}
2025-08-10 13:55:26,180 - INFO -       🔍 Validating...
2025-08-10 13:55:26,181 - INFO -       📝 Using optimized prompt for generation: 'a slender yellow lamp with an almost imperceptibly curved neck and a finely textured, warm-golden patina on its surface, featuring a polished brass alloy and a delicate ceramic base., front view, accurate, complete, white background...'
2025-08-10 13:55:26,181 - INFO -       🎯 Computing scores against original prompt: 'yellow lamp with bent neck...'
2025-08-10 13:57:24,860 - INFO -       📊 Validation score: 0.9056
2025-08-10 13:57:24,860 - INFO -       🔍 Explore performing better - stricter convergence threshold: 0.005
2025-08-10 13:57:24,860 - INFO -       📈 Improvement detected: technical_precision working better
2025-08-10 13:57:24,860 - INFO - 
   🔄 RL Round 7/18
2025-08-10 13:57:24,861 - INFO -       🔍 Explore performing better - increasing epsilon to 0.80
2025-08-10 13:57:24,861 - INFO -       🎯 Strategy: technical_precision (explore)
2025-08-10 13:57:30,875 - INFO - [TRELLIS] GPU cache cleared: {'status': 'cache_cleared', 'available_memory_gb': 20.277362688}
2025-08-10 13:57:30,875 - INFO -       🔍 Validating...
2025-08-10 13:57:30,876 - INFO -       📝 Using optimized prompt for generation: 'a slender yellow lamp with an almost imperceptibly curved neck and a finely tapered ceramic base featuring intricate, swirling patterns of oxidation on its surface, suspended in mid-air amidst wisps of fog, accurate, complete, white background, front view, accurate, complete, white background...'
2025-08-10 13:57:30,876 - INFO -       🎯 Computing scores against original prompt: 'yellow lamp with bent neck...'
2025-08-10 13:58:54,462 - INFO -       📊 Validation score: 0.9105
2025-08-10 13:58:54,465 - INFO -       🔍 Explore performing better - stricter convergence threshold: 0.005
2025-08-10 13:58:54,467 - INFO -       ✅ Convergence achieved: Convergence threshold met (improvement: 0.005)
2025-08-10 13:58:54,528 - INFO - 
🎯 RL LOOP COMPLETE:
2025-08-10 13:58:54,528 - INFO -    Best prompt: a slender yellow lamp with an almost imperceptibly curved neck and subtly ridged texture, featuring a polished brass alloy and a delicate patina on its surface., front view, accurate, complete, white background
2025-08-10 13:58:54,528 - INFO -    Best score: 0.9305
2025-08-10 13:58:54,528 - INFO -    Rounds: 7
2025-08-10 13:58:54,528 - INFO -    Convergence: True
2025-08-10 13:58:54,528 - INFO -    Convergence reason: Convergence threshold met (improvement: 0.005)
2025-08-10 13:58:54,528 - INFO -    Exploration ratio: 85.7%
2025-08-10 13:58:54,528 - INFO -    Insights learned: 3
2025-08-10 13:58:54,528 - INFO -    Total time: 681.49s
2025-08-10 13:58:54,529 - INFO - Prompt optimized in 7 rounds: 0.881 → 0.930 (+0.049)
2025-08-10 13:58:54,529 - INFO - ✅ Target score achieved!
2025-08-10 13:58:54,535 - INFO - 
--- Episode 1, Prompt 17 (Total: 26) ---
2025-08-10 13:58:54,535 - INFO - Optimizing: 'vibrant red vase with elegant swirl'
2025-08-10 13:58:54,535 - INFO - 🔍 Checking server availability before optimization...
2025-08-10 13:58:54,549 - INFO - ✅ Server is available (status: completed)
2025-08-10 13:58:54,549 - INFO - 📝 Marked server as used at 1754834334.5498786
2025-08-10 13:58:54,549 - INFO - ✅ Server is available and marked as used
2025-08-10 13:58:57,302 - INFO - 🔄 Reproducibility optimization applied:
2025-08-10 13:58:57,302 - INFO -    Original: vibrant red vase with elegant swirl
2025-08-10 13:58:57,302 - INFO -    Optimized: wbgmsst, The vibrant red vase has an elegant and accurate design with complete swirls, placed in front view, on a white background.
2025-08-10 13:58:57,302 - INFO -    Similarity: 1.000
2025-08-10 13:58:57,302 - INFO -    Gold score: 0.9402
2025-08-10 13:58:57,302 - INFO -       🔧 Overriding endpoint: generate/baolei/
2025-08-10 13:58:57,302 - INFO -       🔧 Using endpoint: generate/baolei/
2025-08-10 13:58:57,311 - INFO - 
🔄 RL LOOP OPTIMIZATION: 'vibrant red vase with elegant swirl'
2025-08-10 13:58:57,311 - INFO -    Session: rl_session_1754834337_1783
2025-08-10 13:58:57,312 - INFO -    Max rounds: 18
2025-08-10 13:58:57,312 - INFO -    Min rounds before convergence: 5
2025-08-10 13:58:57,313 - INFO -    Target score: 0.99
2025-08-10 13:58:57,314 - INFO -       🎯 Found previous best attempt: a vibrant red vase with elegant swirls that evoke a sense of energy and sophistication, front view, accurate, complete, white background (score: 0.9402)
2025-08-10 13:58:57,315 - INFO -       🎯 Strategy used: artistic_elaboration
2025-08-10 13:58:57,315 - INFO -       🎯 Session ID: rl_session_1754803655_1611
2025-08-10 13:58:57,316 - INFO -       🎯 Past final best prompt: a vibrant red vase with elegant swirls that evoke a sense of energy and sophistication, front view, accurate, complete, white background
2025-08-10 13:58:57,317 - INFO -       🎯 Past final best score: 0.940
2025-08-10 13:58:57,318 - INFO -       🎯 Past session ID: rl_session_1754803655_1611
2025-08-10 13:58:57,318 - INFO -       🎯 Past learned insights: Iterative improvement successful: 0.818 → 0.889, Best performing strategy in session: artistic_elaboration, Explored 4 different strategies
2025-08-10 13:58:57,319 - INFO -       🎯 Past strategy performance updates: {'conservative_enhancement': 0.17513228519757507, 'aggressive_transformation': 0.10056677002399916, 'artistic_elaboration': 0.024401853545902852, 'technical_precision': -0.004106418998326644}
2025-08-10 13:58:57,320 - INFO -       🎯 Past final best prompt: a vibrant red vase with elegant swirls that evoke a sense of energy and sophistication, front view, accurate, complete, white background
2025-08-10 13:58:57,320 - INFO -       🎯 Past final best score: 0.940
2025-08-10 13:58:57,320 - INFO - 
   🔄 RL Round 1/18
2025-08-10 13:58:57,321 - INFO -       🔍 Explore performing better - increasing epsilon to 0.80
2025-08-10 13:58:57,322 - INFO -       🎯 Strategy: technical_precision (explore)
2025-08-10 13:59:04,830 - INFO - [TRELLIS] GPU cache cleared: {'status': 'cache_cleared', 'available_memory_gb': 20.277362688}
2025-08-10 13:59:04,831 - INFO -       🔍 Validating...
2025-08-10 13:59:04,832 - INFO -       📝 Using optimized prompt for generation: 'a vibrant red vase with intricate swirl patterns and delicate etchings, front view, accurate, complete, white background...'
2025-08-10 13:59:04,832 - INFO -       🎯 Computing scores against original prompt: 'vibrant red vase with elegant swirl...'
2025-08-10 14:00:32,583 - INFO -       📊 Validation score: 0.9228
2025-08-10 14:00:32,583 - INFO - 
   🔄 RL Round 2/18
2025-08-10 14:00:32,583 - INFO -       🔍 Explore performing better - increasing epsilon to 0.80
2025-08-10 14:00:32,583 - INFO -       🎯 Strategy: hybrid_approach (explore)
2025-08-10 14:00:38,879 - INFO - [TRELLIS] GPU cache cleared: {'status': 'cache_cleared', 'available_memory_gb': 20.277362688}
2025-08-10 14:00:38,881 - INFO -       🔍 Validating...
2025-08-10 14:00:38,881 - INFO -       📝 Using optimized prompt for generation: 'a vibrant red vase with intricate, organic swirl patterns that evoke a sense of energy and sophistication, front view, accurate, complete, soft white background...'
2025-08-10 14:00:38,882 - INFO -       🎯 Computing scores against original prompt: 'vibrant red vase with elegant swirl...'
2025-08-10 14:02:12,585 - INFO -       📊 Validation score: 0.8564
2025-08-10 14:02:12,586 - INFO -       📉 Score declined: Consider different approach
2025-08-10 14:02:12,586 - INFO - 
   🔄 RL Round 3/18
2025-08-10 14:02:12,586 - INFO -       🔍 Explore performing better - increasing epsilon to 0.80
2025-08-10 14:02:12,586 - INFO -       🎯 Strategy: hybrid_approach (explore)
2025-08-10 14:02:18,561 - INFO - [TRELLIS] GPU cache cleared: {'status': 'cache_cleared', 'available_memory_gb': 20.277362688}
2025-08-10 14:02:18,563 - INFO -       🔍 Validating...
2025-08-10 14:02:18,564 - INFO -       📝 Using optimized prompt for generation: 'a vibrant red vase with swirling organic patterns that evoke a sense of playfulness and whimsy, front view, accurate, complete, front view, accurate, complete, white background...'
2025-08-10 14:02:18,564 - INFO -       🎯 Computing scores against original prompt: 'vibrant red vase with elegant swirl...'
2025-08-10 14:03:44,252 - INFO -       📊 Validation score: 0.9250
2025-08-10 14:03:44,253 - INFO -       📈 Improvement detected: hybrid_approach working better
2025-08-10 14:03:44,253 - INFO - 
   🔄 RL Round 4/18
2025-08-10 14:03:44,253 - INFO -       🔍 Explore performing better - increasing epsilon to 0.80
2025-08-10 14:03:44,253 - INFO -       🎯 Strategy: hybrid_approach (exploit)
2025-08-10 14:03:50,748 - INFO - [TRELLIS] GPU cache cleared: {'status': 'cache_cleared', 'available_memory_gb': 20.277362688}
2025-08-10 14:03:50,749 - INFO -       🔍 Validating...
2025-08-10 14:03:50,752 - INFO -       📝 Using optimized prompt for generation: 'a vibrant red vase with intricate swirl patterns and subtle textures that evoke a sense of elegance and sophistication, front view, accurate, complete, white background...'
2025-08-10 14:03:50,752 - INFO -       🎯 Computing scores against original prompt: 'vibrant red vase with elegant swirl...'
2025-08-10 14:05:23,951 - INFO -       📊 Validation score: 0.8853
2025-08-10 14:05:23,951 - INFO -       📉 Score declined: Consider different approach
2025-08-10 14:05:23,951 - INFO - 
   🔄 RL Round 5/18
2025-08-10 14:05:23,952 - INFO -       🔍 Explore performing better - increasing epsilon to 0.80
2025-08-10 14:05:23,952 - INFO -       🎯 Strategy: conservative_enhancement (explore)
2025-08-10 14:05:30,351 - INFO - [TRELLIS] GPU cache cleared: {'status': 'cache_cleared', 'available_memory_gb': 20.277362688}
2025-08-10 14:05:30,352 - INFO -       🔍 Validating...
2025-08-10 14:05:30,352 - INFO -       📝 Using optimized prompt for generation: 'a vibrant red vase with intricate, swirling patterns that evoke a sense of timeless elegance and refined sophistication, front view, accurate, complete, minimalist background...'
2025-08-10 14:05:30,352 - INFO -       🎯 Computing scores against original prompt: 'vibrant red vase with elegant swirl...'
2025-08-10 14:06:59,437 - INFO -       📊 Validation score: 0.8853
2025-08-10 14:06:59,437 - INFO -       🔍 Explore performing better - stricter convergence threshold: 0.005
2025-08-10 14:06:59,438 - INFO -       ✅ Convergence achieved: Convergence threshold met (improvement: -0.000)
2025-08-10 14:06:59,518 - INFO - 
🎯 RL LOOP COMPLETE:
2025-08-10 14:06:59,518 - INFO -    Best prompt: a vibrant red vase with elegant swirls that evoke a sense of energy and sophistication, front view, accurate, complete, white background
2025-08-10 14:06:59,518 - INFO -    Best score: 0.9402
2025-08-10 14:06:59,518 - INFO -    Rounds: 5
2025-08-10 14:06:59,518 - INFO -    Convergence: True
2025-08-10 14:06:59,518 - INFO -    Convergence reason: Convergence threshold met (improvement: -0.000)
2025-08-10 14:06:59,518 - INFO -    Exploration ratio: 80.0%
2025-08-10 14:06:59,519 - INFO -    Insights learned: 2
2025-08-10 14:06:59,519 - INFO -    Total time: 482.13s
2025-08-10 14:06:59,519 - INFO - Prompt optimized in 5 rounds: 0.923 → 0.940 (+0.017)
2025-08-10 14:06:59,519 - INFO - ✅ Target score achieved!
2025-08-10 14:06:59,526 - INFO - 
--- Episode 1, Prompt 18 (Total: 26) ---
2025-08-10 14:06:59,526 - INFO - Optimizing: 'small purple cylindrical creature with short tail and long legs'
2025-08-10 14:06:59,526 - INFO - 🔍 Checking server availability before optimization...
2025-08-10 14:06:59,536 - INFO - ✅ Server is available (status: completed)
2025-08-10 14:06:59,537 - INFO - 📝 Marked server as used at 1754834819.53714
2025-08-10 14:06:59,537 - INFO - ✅ Server is available and marked as used
2025-08-10 14:07:02,334 - INFO - 🔄 Reproducibility optimization applied:
2025-08-10 14:07:02,334 - INFO -    Original: small purple cylindrical creature with short tail and long legs
2025-08-10 14:07:02,334 - INFO -    Optimized: wbgmsst, a slightly-notched, delicate, small purple cylindrical creature with swirling patterns, white background.
2025-08-10 14:07:02,334 - INFO -    Similarity: 1.000
2025-08-10 14:07:02,334 - INFO -    Gold score: 0.9143
2025-08-10 14:07:02,334 - INFO -       🔧 Overriding endpoint: generate/baolei/
2025-08-10 14:07:02,334 - INFO -       🔧 Using endpoint: generate/baolei/
2025-08-10 14:07:02,340 - INFO - 
🔄 RL LOOP OPTIMIZATION: 'small purple cylindrical creature with short tail and long legs'
2025-08-10 14:07:02,341 - INFO -    Session: rl_session_1754834822_6156
2025-08-10 14:07:02,341 - INFO -    Max rounds: 18
2025-08-10 14:07:02,342 - INFO -    Min rounds before convergence: 5
2025-08-10 14:07:02,342 - INFO -    Target score: 0.99
2025-08-10 14:07:02,346 - INFO -       🎯 Found previous best attempt: a small purple cylindrical creature with a slightly-notched short tail and slender, elongated legs adorned in delicate, swirling patterns (score: 0.9143)
2025-08-10 14:07:02,346 - INFO -       🎯 Strategy used: aggressive_transformation
2025-08-10 14:07:02,346 - INFO -       🎯 Session ID: rl_session_1754804788_4756
2025-08-10 14:07:02,346 - INFO -       🎯 Past final best prompt: a small purple cylindrical creature with a slightly-notched short tail and slender, elongated legs adorned in delicate, swirling patterns
2025-08-10 14:07:02,346 - INFO -       🎯 Past final best score: 0.914
2025-08-10 14:07:02,346 - INFO -       🎯 Past session ID: rl_session_1754804788_4756
2025-08-10 14:07:02,346 - INFO -       🎯 Past learned insights: Iterative improvement successful: 0.871 → 0.913, Best performing strategy in session: aggressive_transformation, Explored 3 different strategies
2025-08-10 14:07:02,346 - INFO -       🎯 Past strategy performance updates: {'conservative_enhancement': 0.13797670564015652, 'aggressive_transformation': 0.07035929028949561, 'material_focus': 0.21701847268007235}
2025-08-10 14:07:02,347 - INFO -       🎯 Past final best prompt: a small purple cylindrical creature with a slightly-notched short tail and slender, elongated legs adorned in delicate, swirling patterns
2025-08-10 14:07:02,347 - INFO -       🎯 Past final best score: 0.914
2025-08-10 14:07:02,347 - INFO - 
   🔄 RL Round 1/18
2025-08-10 14:07:02,347 - INFO -       🔍 Explore performing better - increasing epsilon to 0.80
2025-08-10 14:07:02,347 - INFO -       🎯 Strategy: aggressive_transformation (explore)
2025-08-10 14:07:08,906 - INFO - [TRELLIS] GPU cache cleared: {'status': 'cache_cleared', 'available_memory_gb': 20.277362688}
2025-08-10 14:07:08,907 - INFO -       🔍 Validating...
2025-08-10 14:07:08,907 - INFO -       📝 Using optimized prompt for generation: 'a small purple cylindrical creature with an irregularly-shaped short tail and long, lean legs adorned in intricate, swirling patterns that evoke a sense of gentle movement, front view, accurate, complete, white background...'
2025-08-10 14:07:08,907 - INFO -       🎯 Computing scores against original prompt: 'small purple cylindrical creature with short tail and long legs...'
2025-08-10 14:08:30,411 - INFO -       📊 Validation score: 0.9198
2025-08-10 14:08:30,411 - INFO -       🎯 New best score: 0.9198
2025-08-10 14:08:30,411 - INFO - 
   🔄 RL Round 2/18
2025-08-10 14:08:30,412 - INFO -       🔍 Explore performing better - increasing epsilon to 0.80
2025-08-10 14:08:30,412 - INFO -       🎯 Strategy: conservative_enhancement (explore)
2025-08-10 14:08:35,645 - INFO - [TRELLIS] GPU cache cleared: {'status': 'cache_cleared', 'available_memory_gb': 20.277362688}
2025-08-10 14:08:35,646 - INFO -       🔍 Validating...
2025-08-10 14:08:35,647 - INFO -       📝 Using optimized prompt for generation: 'a small purple cylindrical creature with an intricately-patterned short tail and slender, elongated legs adorned in delicate, swirling patterns that shift subtly as it moves...'
2025-08-10 14:08:35,650 - INFO -       🎯 Computing scores against original prompt: 'small purple cylindrical creature with short tail and long legs...'
2025-08-10 14:10:01,468 - INFO -       📊 Validation score: 0.9173
2025-08-10 14:10:01,469 - INFO -       📉 Score declined: Consider different approach
2025-08-10 14:10:01,469 - INFO - 
   🔄 RL Round 3/18
2025-08-10 14:10:01,469 - INFO -       🔍 Explore performing better - increasing epsilon to 0.80
2025-08-10 14:10:01,470 - INFO -       🎯 Strategy: hybrid_approach (exploit)
2025-08-10 14:10:06,693 - INFO - [TRELLIS] GPU cache cleared: {'status': 'cache_cleared', 'available_memory_gb': 20.277362688}
2025-08-10 14:10:06,693 - INFO -       🔍 Validating...
2025-08-10 14:10:06,693 - INFO -       📝 Using optimized prompt for generation: 'a small purple cylindrical creature with an intricately-patterned short tail and slender, elongated legs adorned with delicate, swirling patterns that seem to shift and shimmer in the light...'
2025-08-10 14:10:06,693 - INFO -       🎯 Computing scores against original prompt: 'small purple cylindrical creature with short tail and long legs...'
2025-08-10 14:12:12,893 - INFO -       📊 Validation score: 0.9165
2025-08-10 14:12:12,894 - INFO -       📉 Score declined: Consider different approach
2025-08-10 14:12:12,894 - INFO - 
   🔄 RL Round 4/18
2025-08-10 14:12:12,894 - INFO -       🔍 Explore performing better - increasing epsilon to 0.80
2025-08-10 14:12:12,894 - INFO -       🎯 Strategy: hybrid_approach (explore)
2025-08-10 14:12:19,310 - INFO - [TRELLIS] GPU cache cleared: {'status': 'cache_cleared', 'available_memory_gb': 20.277362688}
2025-08-10 14:12:19,311 - INFO -       🔍 Validating...
2025-08-10 14:12:19,312 - INFO -       📝 Using optimized prompt for generation: 'a small purple cylindrical creature with an intricately-patterned short tail and slender, elongated legs adorned in delicate, swirling patterns...'
2025-08-10 14:12:19,313 - INFO -       🎯 Computing scores against original prompt: 'small purple cylindrical creature with short tail and long legs...'
2025-08-10 14:13:53,946 - INFO -       📊 Validation score: 0.8975
2025-08-10 14:13:53,946 - INFO -       📉 Score declined: Consider different approach
2025-08-10 14:13:53,946 - INFO - 
   🔄 RL Round 5/18
2025-08-10 14:13:53,946 - INFO -       🔍 Explore performing better - increasing epsilon to 0.80
2025-08-10 14:13:53,946 - INFO -       🎯 Strategy: aggressive_transformation (explore)
2025-08-10 14:13:58,901 - INFO - [TRELLIS] GPU cache cleared: {'status': 'cache_cleared', 'available_memory_gb': 20.277362688}
2025-08-10 14:13:58,902 - INFO -       🔍 Validating...
2025-08-10 14:13:58,902 - INFO -       📝 Using optimized prompt for generation: 'a small purple cylindrical creature with a slightly-notched short tail and slender, elongated legs adorned in intricate, swirling patterns of iridescent blues and greens, front view, accurate, complete, white background...'
2025-08-10 14:13:58,903 - INFO -       🎯 Computing scores against original prompt: 'small purple cylindrical creature with short tail and long legs...'
2025-08-10 14:15:24,807 - INFO -       📊 Validation score: 0.9021
2025-08-10 14:15:24,808 - INFO -       🔍 Explore performing better - stricter convergence threshold: 0.005
2025-08-10 14:15:24,808 - INFO -       ✅ Convergence achieved: Convergence threshold met (improvement: 0.005)
2025-08-10 14:15:24,890 - INFO - 
🎯 RL LOOP COMPLETE:
2025-08-10 14:15:24,890 - INFO -    Best prompt: a small purple cylindrical creature with an irregularly-shaped short tail and long, lean legs adorned in intricate, swirling patterns that evoke a sense of gentle movement, front view, accurate, complete, white background
2025-08-10 14:15:24,890 - INFO -    Best score: 0.9198
2025-08-10 14:15:24,890 - INFO -    Rounds: 5
2025-08-10 14:15:24,890 - INFO -    Convergence: True
2025-08-10 14:15:24,891 - INFO -    Convergence reason: Convergence threshold met (improvement: 0.005)
2025-08-10 14:15:24,891 - INFO -    Exploration ratio: 80.0%
2025-08-10 14:15:24,891 - INFO -    Insights learned: 2
2025-08-10 14:15:24,891 - INFO -    Total time: 502.47s
2025-08-10 14:15:24,891 - INFO - Prompt optimized in 5 rounds: 0.920 → 0.920 (+0.000)
2025-08-10 14:15:24,891 - INFO - ✅ Target score achieved!
2025-08-10 14:15:24,897 - INFO - 
--- Episode 1, Prompt 19 (Total: 26) ---
2025-08-10 14:15:24,898 - INFO - Optimizing: 'silver robot wearing green scarf'
2025-08-10 14:15:24,898 - INFO - 🔍 Checking server availability before optimization...
2025-08-10 14:15:24,907 - INFO - ✅ Server is available (status: completed)
2025-08-10 14:15:24,907 - INFO - 📝 Marked server as used at 1754835324.9078681
2025-08-10 14:15:24,907 - INFO - ✅ Server is available and marked as used
2025-08-10 14:15:28,134 - INFO - 🔄 Reproducibility optimization applied:
2025-08-10 14:15:28,134 - INFO -    Original: silver robot wearing green scarf
2025-08-10 14:15:28,135 - INFO -    Optimized: wbgmsst, A slender silver robot is depicted in a detailed and accurate environment, complete with a vibrant green scarf with micro-polyester threads woven into the fabric. The robot's silver surface is rendered with a high level of detail, while its accessories are shown in a lifelike manner. The scene is set against a white background.
2025-08-10 14:15:28,135 - INFO -    Similarity: 1.000
2025-08-10 14:15:28,135 - INFO -    Gold score: 0.9125
2025-08-10 14:15:28,135 - INFO -       🔧 Overriding endpoint: generate/baolei/
2025-08-10 14:15:28,135 - INFO -       🔧 Using endpoint: generate/baolei/
2025-08-10 14:15:28,146 - INFO - 
🔄 RL LOOP OPTIMIZATION: 'silver robot wearing green scarf'
2025-08-10 14:15:28,146 - INFO -    Session: rl_session_1754835328_8001
2025-08-10 14:15:28,146 - INFO -    Max rounds: 18
2025-08-10 14:15:28,146 - INFO -    Min rounds before convergence: 5
2025-08-10 14:15:28,146 - INFO -    Target score: 0.99
2025-08-10 14:15:28,146 - INFO -       🎯 Found previous best attempt: a slender silver robot wearing a vibrant green scarf with micro-polyester threads woven into the fabric, featuring interlocking hexagons and subtle gradient effects on the hemline, front view, front view, accurate, complete, white background (score: 0.9125)
2025-08-10 14:15:28,146 - INFO -       🎯 Strategy used: material_focus
2025-08-10 14:15:28,146 - INFO -       🎯 Session ID: rl_session_1754805100_3318
2025-08-10 14:15:28,146 - INFO -       🎯 Past final best prompt: a slender silver robot wearing a vibrant green scarf with micro-polyester threads woven into the fabric, featuring interlocking hexagons and subtle gradient effects on the hemline, front view, front view, accurate, complete, white background
2025-08-10 14:15:28,146 - INFO -       🎯 Past final best score: 0.912
2025-08-10 14:15:28,147 - INFO -       🎯 Past session ID: rl_session_1754805100_3318
2025-08-10 14:15:28,147 - INFO -       🎯 Past learned insights: Iterative improvement successful: 0.841 → 0.906, Best performing strategy in session: material_focus, Explored 4 different strategies
2025-08-10 14:15:28,147 - INFO -       🎯 Past strategy performance updates: {'conservative_enhancement': 0.09335240696881564, 'technical_precision': -0.020048126376611908, 'aggressive_transformation': 0.0005408871482730504, 'material_focus': 0.13639960926603967}
2025-08-10 14:15:28,147 - INFO -       🎯 Past final best prompt: a slender silver robot wearing a vibrant green scarf with micro-polyester threads woven into the fabric, featuring interlocking hexagons and subtle gradient effects on the hemline, front view, front view, accurate, complete, white background
2025-08-10 14:15:28,147 - INFO -       🎯 Past final best score: 0.912
2025-08-10 14:15:28,147 - INFO - 
   🔄 RL Round 1/18
2025-08-10 14:15:28,147 - INFO -       🔍 Explore performing better - increasing epsilon to 0.80
2025-08-10 14:15:28,147 - INFO -       🎯 Strategy: hybrid_approach (exploit)
2025-08-10 14:15:33,982 - INFO - [TRELLIS] GPU cache cleared: {'status': 'cache_cleared', 'available_memory_gb': 20.277362688}
2025-08-10 14:15:33,984 - INFO -       🔍 Validating...
2025-08-10 14:15:33,986 - INFO -       📝 Using optimized prompt for generation: 'a slender silver robot wearing a vibrant green scarf with micro-polyester threads woven into the fabric, featuring interlocking hexagons and subtle gradient effects on the hemline, side view with precise lighting and reflection on metal surfaces, accurate, complete, white background, front view, accurate, complete, white background...'
2025-08-10 14:15:33,987 - INFO -       🎯 Computing scores against original prompt: 'silver robot wearing green scarf...'
2025-08-10 14:17:01,668 - INFO -       📊 Validation score: 0.9124
2025-08-10 14:17:01,668 - INFO - 
   🔄 RL Round 2/18
2025-08-10 14:17:01,669 - INFO -       🎯 Strategy: hybrid_approach (exploit)
2025-08-10 14:17:08,896 - INFO - [TRELLIS] GPU cache cleared: {'status': 'cache_cleared', 'available_memory_gb': 20.277362688}
2025-08-10 14:17:08,897 - INFO -       🔍 Validating...
2025-08-10 14:17:08,897 - INFO -       📝 Using optimized prompt for generation: 'a slender silver robot wearing a vibrant green scarf with micro-polyester threads woven into the fabric, featuring interlocking hexagons and subtle gradient effects on the hemline, precise metallic sheen on the torso, accurate, complete, white background, front view, accurate, complete, white background...'
2025-08-10 14:17:08,897 - INFO -       🎯 Computing scores against original prompt: 'silver robot wearing green scarf...'
2025-08-10 14:18:36,582 - INFO -       📊 Validation score: 0.8175
2025-08-10 14:18:36,583 - INFO -       📉 Score declined: Consider different approach
2025-08-10 14:18:36,583 - INFO - 
   🔄 RL Round 3/18
2025-08-10 14:18:36,583 - INFO -       🎯 Strategy: hybrid_approach (explore)
2025-08-10 14:18:41,441 - INFO - [TRELLIS] GPU cache cleared: {'status': 'cache_cleared', 'available_memory_gb': 20.277362688}
2025-08-10 14:18:41,442 - INFO -       🔍 Validating...
2025-08-10 14:18:41,442 - INFO -       📝 Using optimized prompt for generation: 'a slender silver robot wearing a vibrant green scarf with micro-polyester threads woven into the fabric, featuring precision-crafted joints, subtle LED accents, and an ergonomic design for optimal mobility, side view, front view, accurate, complete, white background...'
2025-08-10 14:18:41,442 - INFO -       🎯 Computing scores against original prompt: 'silver robot wearing green scarf...'
2025-08-10 14:20:05,536 - INFO -       📊 Validation score: 0.7947
2025-08-10 14:20:05,536 - INFO -       📉 Score declined: Consider different approach
2025-08-10 14:20:05,536 - INFO - 
   🔄 RL Round 4/18
2025-08-10 14:20:05,537 - INFO -       🎯 Strategy: hybrid_approach (explore)
2025-08-10 14:20:11,318 - INFO - [TRELLIS] GPU cache cleared: {'status': 'cache_cleared', 'available_memory_gb': 20.277362688}
2025-08-10 14:20:11,319 - INFO -       🔍 Validating...
2025-08-10 14:20:11,319 - INFO -       📝 Using optimized prompt for generation: 'a slender silver robot wearing a vibrant green scarf with micro-polyester threads woven into the fabric, featuring delicate silver embroidery along the hemline and precision-cut edges, front view, accurate, complete, white background...'
2025-08-10 14:20:11,319 - INFO -       🎯 Computing scores against original prompt: 'silver robot wearing green scarf...'
2025-08-10 14:21:43,534 - INFO -       📊 Validation score: 0.9123
2025-08-10 14:21:43,535 - INFO -       📈 Improvement detected: hybrid_approach working better
2025-08-10 14:21:43,535 - INFO - 
   🔄 RL Round 5/18
2025-08-10 14:21:43,535 - INFO -       🎯 Strategy: material_focus (explore)
2025-08-10 14:21:48,554 - INFO - [TRELLIS] GPU cache cleared: {'status': 'cache_cleared', 'available_memory_gb': 20.277362688}
2025-08-10 14:21:48,555 - INFO -       🔍 Validating...
2025-08-10 14:21:48,556 - INFO -       📝 Using optimized prompt for generation: 'a slender silver robot wearing a vibrant green scarf with micro-polyester threads woven into the fabric featuring interlocking hexagons and an iridescent sheen on the metallic surface, with a slight gradient effect along the scarf's hemline, front view, accurate, complete, white background...'
2025-08-10 14:21:48,557 - INFO -       🎯 Computing scores against original prompt: 'silver robot wearing green scarf...'
2025-08-10 14:23:19,254 - INFO -       📊 Validation score: 0.9026
2025-08-10 14:23:19,254 - INFO -       🔍 Explore performing better - stricter convergence threshold: 0.005
2025-08-10 14:23:19,255 - INFO -       📉 Score declined: Consider different approach
2025-08-10 14:23:19,255 - INFO - 
   🔄 RL Round 6/18
2025-08-10 14:23:19,255 - INFO -       🎯 Strategy: material_focus (explore)
2025-08-10 14:23:25,510 - INFO - [TRELLIS] GPU cache cleared: {'status': 'cache_cleared', 'available_memory_gb': 20.277362688}
2025-08-10 14:23:25,514 - INFO -       🔍 Validating...
2025-08-10 14:23:25,514 - INFO -       📝 Using optimized prompt for generation: 'a slender silver robot wearing a vibrant green scarf with micro-polyester threads woven into the fabric, featuring interlocking hexagons and subtle gradient effects on the hemline, front view, front view, accurate, complete, white background...'
2025-08-10 14:23:25,514 - INFO -       🎯 Computing scores against original prompt: 'silver robot wearing green scarf...'
2025-08-10 14:24:51,516 - INFO -       📊 Validation score: 0.9106
2025-08-10 14:24:51,516 - INFO -       🔍 Explore performing better - stricter convergence threshold: 0.005
2025-08-10 14:24:51,516 - INFO -       📈 Improvement detected: material_focus working better
2025-08-10 14:24:51,516 - INFO - 
   🔄 RL Round 7/18
2025-08-10 14:24:51,517 - INFO -       🎯 Strategy: conservative_enhancement (explore)
2025-08-10 14:24:56,151 - INFO - [TRELLIS] GPU cache cleared: {'status': 'cache_cleared', 'available_memory_gb': 20.277362688}
2025-08-10 14:24:56,151 - INFO -       🔍 Validating...
2025-08-10 14:24:56,151 - INFO -       📝 Using optimized prompt for generation: 'a slender silver robot wearing a vibrant green scarf with micro-polyester threads woven into the fabric featuring interlocking hexagons and subtle gradient effects on the hemline, precision-crafted from high-quality metallic fibers, textured for added realism, accurate, complete, white background, front view, accurate, complete, white background...'
2025-08-10 14:24:56,152 - INFO -       🎯 Computing scores against original prompt: 'silver robot wearing green scarf...'
2025-08-10 14:26:29,331 - INFO -       📊 Validation score: 0.8680
2025-08-10 14:26:29,332 - INFO -       🔍 Explore performing better - stricter convergence threshold: 0.005
2025-08-10 14:26:29,332 - INFO -       📉 Score declined: Consider different approach
2025-08-10 14:26:29,332 - INFO - 
   🔄 RL Round 8/18
2025-08-10 14:26:29,332 - INFO -       🎯 Strategy: conservative_enhancement (explore)
2025-08-10 14:26:35,886 - INFO - [TRELLIS] GPU cache cleared: {'status': 'cache_cleared', 'available_memory_gb': 20.277362688}
2025-08-10 14:26:35,887 - INFO -       🔍 Validating...
2025-08-10 14:26:35,888 - INFO -       📝 Using optimized prompt for generation: 'a slender silver robot wearing a vibrant green scarf with micro-polyester threads woven into the fabric, featuring interlocking hexagons, subtle gradient effects on the hemline, intricate metallic stitching along the edges, and a textured, slightly frayed finish, front view, accurate, complete, white background...'
2025-08-10 14:26:35,888 - INFO -       🎯 Computing scores against original prompt: 'silver robot wearing green scarf...'
2025-08-10 14:28:07,640 - INFO -       📊 Validation score: 0.7486
2025-08-10 14:28:07,640 - INFO -       🔍 Explore performing better - stricter convergence threshold: 0.005
2025-08-10 14:28:07,640 - INFO -       📉 Score declined: Consider different approach
2025-08-10 14:28:07,641 - INFO - 
   🔄 RL Round 9/18
2025-08-10 14:28:07,641 - INFO -       🎯 Strategy: conservative_enhancement (explore)
2025-08-10 14:28:13,414 - INFO - [TRELLIS] GPU cache cleared: {'status': 'cache_cleared', 'available_memory_gb': 20.277362688}
2025-08-10 14:28:13,416 - INFO -       🔍 Validating...
2025-08-10 14:28:13,417 - INFO -       📝 Using optimized prompt for generation: 'a slender silver robot wearing a vibrant green scarf with micro-polyester threads woven into the fabric, featuring subtle gradient effects and texture patterns along the hemline, accurate, complete, white background...'
2025-08-10 14:28:13,417 - INFO -       🎯 Computing scores against original prompt: 'silver robot wearing green scarf...'
2025-08-10 14:29:37,089 - INFO -       📊 Validation score: 0.8972
2025-08-10 14:29:37,089 - INFO -       🔍 Explore performing better - stricter convergence threshold: 0.005
2025-08-10 14:29:37,090 - INFO -       📈 Improvement detected: conservative_enhancement working better
2025-08-10 14:29:37,090 - INFO - 
   🔄 RL Round 10/18
2025-08-10 14:29:37,090 - INFO -       🎯 Strategy: aggressive_transformation (explore)
2025-08-10 14:29:41,907 - INFO - [TRELLIS] GPU cache cleared: {'status': 'cache_cleared', 'available_memory_gb': 20.277362688}
2025-08-10 14:29:41,908 - INFO -       🔍 Validating...
2025-08-10 14:29:41,909 - INFO -       📝 Using optimized prompt for generation: 'a slender silver robot wearing a vibrant green scarf with micro-polyester threads woven into the fabric featuring intricate circuit patterns and subtle metallic sheen, front view, front view, accurate, complete, white background...'
2025-08-10 14:29:41,910 - INFO -       🎯 Computing scores against original prompt: 'silver robot wearing green scarf...'
2025-08-10 14:31:08,819 - INFO -       📊 Validation score: 0.8851
2025-08-10 14:31:08,820 - INFO -       🔍 Explore performing better - stricter convergence threshold: 0.005
2025-08-10 14:31:08,820 - INFO -       📉 Score declined: Consider different approach
2025-08-10 14:31:08,820 - INFO - 
   🔄 RL Round 11/18
2025-08-10 14:31:08,820 - INFO -       🎯 Strategy: aggressive_transformation (explore)
2025-08-10 14:31:15,120 - INFO - [TRELLIS] GPU cache cleared: {'status': 'cache_cleared', 'available_memory_gb': 20.277362688}
2025-08-10 14:31:15,121 - INFO -       🔍 Validating...
2025-08-10 14:31:15,121 - INFO -       📝 Using optimized prompt for generation: 'a slender silver robot wearing a vibrant green scarf with micro-polyester threads woven into the fabric, featuring intricate floral patterns and soft sheen effects on the metal body, side view...'
2025-08-10 14:31:15,123 - INFO -       🎯 Computing scores against original prompt: 'silver robot wearing green scarf...'
2025-08-10 14:32:46,594 - INFO -       📊 Validation score: 0.9023
2025-08-10 14:32:46,595 - INFO -       🔍 Explore performing better - stricter convergence threshold: 0.005
2025-08-10 14:32:46,595 - INFO -       📈 Improvement detected: aggressive_transformation working better
2025-08-10 14:32:46,595 - INFO - 
   🔄 RL Round 12/18
2025-08-10 14:32:46,595 - INFO -       🎯 Strategy: technical_precision (explore)
2025-08-10 14:32:50,959 - INFO - [TRELLIS] GPU cache cleared: {'status': 'cache_cleared', 'available_memory_gb': 20.277362688}
2025-08-10 14:32:50,959 - INFO -       🔍 Validating...
2025-08-10 14:32:50,959 - INFO -       📝 Using optimized prompt for generation: 'a slender silver robot wearing a vibrant green scarf with micro-polyester threads woven into the fabric, featuring interlocking hexagons, subtle gradient effects on the hemline, and a textured metallic sheen to the collar....'
2025-08-10 14:32:50,959 - INFO -       🎯 Computing scores against original prompt: 'silver robot wearing green scarf...'
2025-08-10 14:34:22,036 - INFO -       📊 Validation score: 0.8671
2025-08-10 14:34:22,038 - INFO -       🔍 Explore performing better - stricter convergence threshold: 0.005
2025-08-10 14:34:22,039 - INFO -       📉 Score declined: Consider different approach
2025-08-10 14:34:22,039 - INFO - 
   🔄 RL Round 13/18
2025-08-10 14:34:22,043 - INFO -       🎯 Strategy: technical_precision (explore)
2025-08-10 14:34:28,710 - INFO - [TRELLIS] GPU cache cleared: {'status': 'cache_cleared', 'available_memory_gb': 20.277362688}
2025-08-10 14:34:28,711 - INFO -       🔍 Validating...
2025-08-10 14:34:28,711 - INFO -       📝 Using optimized prompt for generation: 'a slender silver robot wearing a vibrant green scarf with micro-polyester threads woven into the fabric, featuring interlocking hexagons in a gradient pattern that transitions from emerald to lime green towards the hemline, with subtle sheen and texture effects on the surface, front view, accurate, complete, white background...'
2025-08-10 14:34:28,711 - INFO -       🎯 Computing scores against original prompt: 'silver robot wearing green scarf...'
2025-08-10 14:36:01,011 - INFO -       📊 Validation score: 0.8494
2025-08-10 14:36:01,012 - INFO -       🔍 Explore performing better - stricter convergence threshold: 0.005
2025-08-10 14:36:01,012 - INFO -       📉 Score declined: Consider different approach
2025-08-10 14:36:01,012 - INFO - 
   🔄 RL Round 14/18
2025-08-10 14:36:01,012 - INFO -       🎯 Strategy: technical_precision (explore)
2025-08-10 14:36:06,863 - INFO - [TRELLIS] GPU cache cleared: {'status': 'cache_cleared', 'available_memory_gb': 20.277362688}
2025-08-10 14:36:06,867 - INFO -       🔍 Validating...
2025-08-10 14:36:06,869 - INFO -       📝 Using optimized prompt for generation: 'a slender silver robot wearing a vibrant green scarf with micro-polyester threads woven into the fabric, featuring intricate etchings along the hemline, subtle gradient effects on the body panels, and a precision-crafted metallic alloy for the joints...'
2025-08-10 14:36:06,869 - INFO -       🎯 Computing scores against original prompt: 'silver robot wearing green scarf...'
2025-08-10 14:37:34,569 - INFO -       📊 Validation score: 0.8977
2025-08-10 14:37:34,571 - INFO -       🔍 Explore performing better - stricter convergence threshold: 0.005
2025-08-10 14:37:34,572 - INFO -       📈 Improvement detected: technical_precision working better
2025-08-10 14:37:34,572 - INFO - 
   🔄 RL Round 15/18
2025-08-10 14:37:34,573 - INFO -       🎯 Strategy: material_focus (explore)
2025-08-10 14:37:40,075 - INFO - [TRELLIS] GPU cache cleared: {'status': 'cache_cleared', 'available_memory_gb': 20.277362688}
2025-08-10 14:37:40,078 - INFO -       🔍 Validating...
2025-08-10 14:37:40,082 - INFO -       📝 Using optimized prompt for generation: 'a slender silver robot wearing an intricately woven vibrant green scarf with micro-polyester threads and interlocking hexagons on the hemline, featuring a delicate gradient effect on the fabric's texture, front view, accurate, complete, white background...'
2025-08-10 14:37:40,082 - INFO -       🎯 Computing scores against original prompt: 'silver robot wearing green scarf...'
2025-08-10 14:39:01,744 - INFO -       📊 Validation score: 0.9184
2025-08-10 14:39:01,745 - INFO -       🎯 New best score: 0.9184
2025-08-10 14:39:01,745 - INFO -       🔍 Explore performing better - stricter convergence threshold: 0.005
2025-08-10 14:39:01,746 - INFO -       📈 Improvement detected: material_focus working better
2025-08-10 14:39:01,746 - INFO - 
   🔄 RL Round 16/18
2025-08-10 14:39:01,749 - INFO -       🎯 Strategy: hybrid_approach (exploit)
2025-08-10 14:39:06,251 - INFO - [TRELLIS] GPU cache cleared: {'status': 'cache_cleared', 'available_memory_gb': 20.277362688}
2025-08-10 14:39:06,252 - INFO -       🔍 Validating...
2025-08-10 14:39:06,252 - INFO -       📝 Using optimized prompt for generation: 'a slender silver robot wearing a vibrant green scarf with micro-polyester threads woven into the fabric, featuring interlocking hexagons and subtle gradient effects on the hemline, front view...'
2025-08-10 14:39:06,256 - INFO -       🎯 Computing scores against original prompt: 'silver robot wearing green scarf...'
2025-08-10 14:40:37,891 - INFO -       📊 Validation score: 0.8805
2025-08-10 14:40:37,892 - INFO -       🔍 Explore performing better - stricter convergence threshold: 0.005
2025-08-10 14:40:37,892 - INFO -       📉 Score declined: Consider different approach
2025-08-10 14:40:37,892 - INFO - 
   🔄 RL Round 17/18
2025-08-10 14:40:37,892 - INFO -       🎯 Strategy: hybrid_approach (exploit)
2025-08-10 14:40:43,479 - INFO - [TRELLIS] GPU cache cleared: {'status': 'cache_cleared', 'available_memory_gb': 20.277362688}
2025-08-10 14:40:43,480 - INFO -       🔍 Validating...
2025-08-10 14:40:43,480 - INFO -       📝 Using optimized prompt for generation: 'a slender silver robot wearing a vibrant green scarf with micro-polyester threads woven into the fabric, featuring interlocking hexagons and subtle gradient effects on the hemline, front view, accurate, complete, white background...'
2025-08-10 14:40:43,480 - INFO -       🎯 Computing scores against original prompt: 'silver robot wearing green scarf...'
2025-08-10 14:42:12,802 - INFO -       📊 Validation score: 0.9091
2025-08-10 14:42:12,803 - INFO -       🔍 Explore performing better - stricter convergence threshold: 0.005
2025-08-10 14:42:12,803 - INFO -       📈 Improvement detected: hybrid_approach working better
2025-08-10 14:42:12,803 - INFO - 
   🔄 RL Round 18/18
2025-08-10 14:42:12,803 - INFO -       🎯 Strategy: hybrid_approach (explore)
2025-08-10 14:42:16,873 - INFO - [TRELLIS] GPU cache cleared: {'status': 'cache_cleared', 'available_memory_gb': 20.277362688}
2025-08-10 14:42:16,874 - INFO -       🔍 Validating...
2025-08-10 14:42:16,875 - INFO -       📝 Using optimized prompt for generation: 'a slender silver robot wearing an intricately woven vibrant green scarf with micro-polyester threads and delicate silver filigree along the hemline, featuring subtle gradient effects in the fabric's texture, front view, accurate, complete, white background...'
2025-08-10 14:42:16,876 - INFO -       🎯 Computing scores against original prompt: 'silver robot wearing green scarf...'
2025-08-10 14:43:43,253 - INFO -       📊 Validation score: 0.7301
2025-08-10 14:43:43,335 - INFO - 
🎯 RL LOOP COMPLETE:
2025-08-10 14:43:43,335 - INFO -    Best prompt: a slender silver robot wearing an intricately woven vibrant green scarf with micro-polyester threads and interlocking hexagons on the hemline, featuring a delicate gradient effect on the fabric's texture, front view, accurate, complete, white background
2025-08-10 14:43:43,335 - INFO -    Best score: 0.9184
2025-08-10 14:43:43,335 - INFO -    Rounds: 18
2025-08-10 14:43:43,335 - INFO -    Convergence: False
2025-08-10 14:43:43,336 - INFO -    Convergence reason: Not converged
2025-08-10 14:43:43,339 - INFO -    Exploration ratio: 77.8%
2025-08-10 14:43:43,339 - INFO -    Insights learned: 2
2025-08-10 14:43:43,339 - INFO -    Total time: 1695.11s
2025-08-10 14:43:43,339 - INFO - Prompt optimized in 18 rounds: 0.912 → 0.918 (+0.006)
2025-08-10 14:43:43,339 - INFO - ⏰ Max rounds reached
2025-08-10 14:43:43,346 - INFO - 
--- Episode 1, Prompt 20 (Total: 26) ---
2025-08-10 14:43:43,346 - INFO - Optimizing: 'warm yellow woolen scarf with fringed edges'
2025-08-10 14:43:43,346 - INFO - 🔍 Checking server availability before optimization...
2025-08-10 14:43:43,357 - INFO - ✅ Server is available (status: completed)
2025-08-10 14:43:43,358 - INFO - 📝 Marked server as used at 1754837023.3581333
2025-08-10 14:43:43,358 - INFO - ✅ Server is available and marked as used
2025-08-10 14:43:46,431 - INFO - 🔄 Reproducibility optimization applied:
2025-08-10 14:43:46,431 - INFO -    Original: warm yellow woolen scarf with fringed edges
2025-08-10 14:43:46,432 - INFO -    Optimized: wbgmsst, a delicately woven, hand-tied, warm yellow woolen scarf with varying lengths that subtly sheen to capture the softest light and fringed edges, rendered in accurate front view complete white background.
2025-08-10 14:43:46,434 - INFO -    Similarity: 1.000
2025-08-10 14:43:46,434 - INFO -    Gold score: 0.8676
2025-08-10 14:43:46,434 - INFO -       🔧 Overriding endpoint: generate/baolei/
2025-08-10 14:43:46,434 - INFO -       🔧 Using endpoint: generate/baolei/
2025-08-10 14:43:46,440 - INFO - 
🔄 RL LOOP OPTIMIZATION: 'warm yellow woolen scarf with fringed edges'
2025-08-10 14:43:46,441 - INFO -    Session: rl_session_1754837026_1049
2025-08-10 14:43:46,441 - INFO -    Max rounds: 18
2025-08-10 14:43:46,441 - INFO -    Min rounds before convergence: 5
2025-08-10 14:43:46,441 - INFO -    Target score: 0.99
2025-08-10 14:43:46,441 - INFO -       🎯 Found previous best attempt: a warm golden-hued woolen scarf with delicately woven, hand-tied fringes in varying lengths that subtly sheen to capture the softest light, front view, accurate, complete, white background (score: 0.8679)
2025-08-10 14:43:46,441 - INFO -       🎯 Strategy used: aggressive_transformation
2025-08-10 14:43:46,441 - INFO -       🎯 Session ID: rl_session_1754794464_2537
2025-08-10 14:43:46,441 - INFO -       🎯 Past final best prompt: a warm golden-hued woolen scarf with delicately woven, hand-tied fringes in varying lengths that subtly sheen to capture the softest light, front view, accurate, complete, white background
2025-08-10 14:43:46,441 - INFO -       🎯 Past final best score: 0.868
2025-08-10 14:43:46,441 - INFO -       🎯 Past session ID: rl_session_1754794464_2537
2025-08-10 14:43:46,442 - INFO -       🎯 Past learned insights: Best performing strategy in session: aggressive_transformation, Explored 3 different strategies
2025-08-10 14:43:46,442 - INFO -       🎯 Past strategy performance updates: {'technical_precision': 0.13839150105794273, 'hybrid_approach': 0.06241784132825401, 'aggressive_transformation': 0.11728749519269566}
2025-08-10 14:43:46,442 - INFO -       🎯 Past final best prompt: a warm golden-hued woolen scarf with delicately woven, hand-tied fringes in varying lengths that subtly sheen to capture the softest light, front view, accurate, complete, white background
2025-08-10 14:43:46,442 - INFO -       🎯 Past final best score: 0.868
2025-08-10 14:43:46,442 - INFO - 
   🔄 RL Round 1/18
2025-08-10 14:43:46,442 - INFO -       🎯 Strategy: hybrid_approach (explore)
2025-08-10 14:43:53,463 - INFO - [TRELLIS] GPU cache cleared: {'status': 'cache_cleared', 'available_memory_gb': 20.277362688}
2025-08-10 14:43:53,466 - INFO -       🔍 Validating...
2025-08-10 14:43:53,466 - INFO -       📝 Using optimized prompt for generation: 'a warm, sun-kissed golden-hued woolen scarf with intricately woven, hand-tied fringes in varying lengths that subtly catch the light and shimmer with a soft, ethereal glow, front view, accurate, complete, white background...'
2025-08-10 14:43:53,466 - INFO -       🎯 Computing scores against original prompt: 'warm yellow woolen scarf with fringed edges...'
2025-08-10 14:45:25,674 - INFO -       📊 Validation score: 0.8549
2025-08-10 14:45:25,674 - INFO - 
   🔄 RL Round 2/18
2025-08-10 14:45:25,675 - INFO -       🎯 Strategy: hybrid_approach (explore)
2025-08-10 14:45:32,091 - INFO - [TRELLIS] GPU cache cleared: {'status': 'cache_cleared', 'available_memory_gb': 20.277362688}
2025-08-10 14:45:32,094 - INFO -       🔍 Validating...
2025-08-10 14:45:32,094 - INFO -       📝 Using optimized prompt for generation: 'a warm golden-hued woolen scarf with intricately woven, hand-tied fringes in varying lengths and subtle textures that catch the softest light, front view, accurate, complete, white background...'
2025-08-10 14:45:32,094 - INFO -       🎯 Computing scores against original prompt: 'warm yellow woolen scarf with fringed edges...'
2025-08-10 14:47:02,060 - INFO -       📊 Validation score: 0.8359
2025-08-10 14:47:02,061 - INFO -       📉 Score declined: Consider different approach
2025-08-10 14:47:02,061 - INFO - 
   🔄 RL Round 3/18
2025-08-10 14:47:02,061 - INFO -       🎯 Strategy: artistic_elaboration (explore)
2025-08-10 14:47:07,303 - INFO - [TRELLIS] GPU cache cleared: {'status': 'cache_cleared', 'available_memory_gb': 20.277362688}
2025-08-10 14:47:07,307 - INFO -       🔍 Validating...
2025-08-10 14:47:07,309 - INFO -       📝 Using optimized prompt for generation: 'a warm yellow woolen scarf with intricately woven, hand-tied fringes in varying lengths and subtly textured weaves that evoke a sense of softness and warmth, front view, accurate, complete, white background...'
2025-08-10 14:47:07,309 - INFO -       🎯 Computing scores against original prompt: 'warm yellow woolen scarf with fringed edges...'
2025-08-10 14:48:28,723 - INFO -       📊 Validation score: 0.7919
2025-08-10 14:48:28,729 - INFO -       📉 Score declined: Consider different approach
2025-08-10 14:48:28,732 - INFO - 
   🔄 RL Round 4/18
2025-08-10 14:48:28,732 - INFO -       🎯 Strategy: artistic_elaboration (explore)
2025-08-10 14:48:36,100 - INFO - [TRELLIS] GPU cache cleared: {'status': 'cache_cleared', 'available_memory_gb': 20.277362688}
2025-08-10 14:48:36,101 - INFO -       🔍 Validating...
2025-08-10 14:48:36,102 - INFO -       📝 Using optimized prompt for generation: 'a warm golden-hued woolen scarf with intricately woven, hand-tied fringes in varying lengths that subtly sheen to capture the softest light, front view, accurate, complete, white background...'
2025-08-10 14:48:36,104 - INFO -       🎯 Computing scores against original prompt: 'warm yellow woolen scarf with fringed edges...'
2025-08-10 14:49:57,472 - WARNING -    🔧 Score 0.0 - clearing CUDA cache
2025-08-10 14:49:57,473 - INFO -       📊 Validation score: 0.0000
2025-08-10 14:49:57,473 - INFO - 
   🔄 RL Round 5/18
2025-08-10 14:49:57,474 - INFO -       🎯 Strategy: artistic_elaboration (explore)
2025-08-10 14:50:03,672 - INFO - [TRELLIS] GPU cache cleared: {'status': 'cache_cleared', 'available_memory_gb': 20.277362688}
2025-08-10 14:50:03,672 - INFO -       🔍 Validating...
2025-08-10 14:50:03,673 - INFO -       📝 Using optimized prompt for generation: 'a warm golden-hued woolen scarf with intricately woven, hand-tied fringes in varying lengths that subtly sheen to capture the softest light, front view, front view, accurate, complete, white background...'
2025-08-10 14:50:03,673 - INFO -       🎯 Computing scores against original prompt: 'warm yellow woolen scarf with fringed edges...'
2025-08-10 14:51:34,163 - INFO -       📊 Validation score: 0.7962
2025-08-10 14:51:34,164 - INFO - 
   🔄 RL Round 6/18
2025-08-10 14:51:34,164 - INFO -       🎯 Strategy: contextual_scene_building (explore)
2025-08-10 14:51:40,589 - INFO - [TRELLIS] GPU cache cleared: {'status': 'cache_cleared', 'available_memory_gb': 20.277362688}
2025-08-10 14:51:40,589 - INFO -       🔍 Validating...
2025-08-10 14:51:40,589 - INFO -       📝 Using optimized prompt for generation: 'a warm golden-hued woolen scarf with intricately woven, hand-tied fringes in varying lengths that subtly catch the softest morning light, front view, front view, accurate, complete, white background...'
2025-08-10 14:51:40,589 - INFO -       🎯 Computing scores against original prompt: 'warm yellow woolen scarf with fringed edges...'
2025-08-10 14:53:11,786 - WARNING -    🔧 Score 0.0 - clearing CUDA cache
2025-08-10 14:53:11,786 - INFO -       📊 Validation score: 0.0000
2025-08-10 14:53:11,787 - INFO - 
   🔄 RL Round 7/18
2025-08-10 14:53:11,787 - INFO -       🎯 Strategy: contextual_scene_building (explore)
2025-08-10 14:53:19,572 - INFO - [TRELLIS] GPU cache cleared: {'status': 'cache_cleared', 'available_memory_gb': 20.277362688}
2025-08-10 14:53:19,573 - INFO -       🔍 Validating...
2025-08-10 14:53:19,573 - INFO -       📝 Using optimized prompt for generation: 'a warm golden-hued woolen scarf with intricately woven, hand-tied fringes in varying lengths that subtly catch and reflect light, textured weave visible, front view, accurate, complete, white background...'
2025-08-10 14:53:19,573 - INFO -       🎯 Computing scores against original prompt: 'warm yellow woolen scarf with fringed edges...'
2025-08-10 14:54:48,950 - INFO -       📊 Validation score: 0.7397
2025-08-10 14:54:48,951 - INFO - 
   🔄 RL Round 8/18
2025-08-10 14:54:48,951 - INFO -       🎯 Strategy: contextual_scene_building (explore)
2025-08-10 14:54:54,916 - INFO - [TRELLIS] GPU cache cleared: {'status': 'cache_cleared', 'available_memory_gb': 20.277362688}
2025-08-10 14:54:54,919 - INFO -       🔍 Validating...
2025-08-10 14:54:54,919 - INFO -       📝 Using optimized prompt for generation: 'a warm golden-hued woolen scarf with intricately woven, hand-tied fringes in varying lengths that subtly catch the gentlest morning light, front view, accurate, complete, white background...'
2025-08-10 14:54:54,919 - INFO -       🎯 Computing scores against original prompt: 'warm yellow woolen scarf with fringed edges...'
2025-08-10 14:56:22,935 - INFO -       📊 Validation score: 0.8077
2025-08-10 14:56:22,936 - INFO -       📈 Improvement detected: contextual_scene_building working better
2025-08-10 14:56:22,937 - INFO - 
   🔄 RL Round 9/18
2025-08-10 14:56:22,937 - INFO -       🎯 Strategy: technical_precision (exploit)
2025-08-10 14:56:28,568 - INFO - [TRELLIS] GPU cache cleared: {'status': 'cache_cleared', 'available_memory_gb': 20.277362688}
2025-08-10 14:56:28,572 - INFO -       🔍 Validating...
2025-08-10 14:56:28,572 - INFO -       📝 Using optimized prompt for generation: 'a warm golden-hued woolen scarf with intricately woven, hand-tied fringes in varying lengths that subtly catch and reflect soft, natural light, front view, accurate, complete, white background...'
2025-08-10 14:56:28,572 - INFO -       🎯 Computing scores against original prompt: 'warm yellow woolen scarf with fringed edges...'
2025-08-10 14:57:53,466 - INFO -       📊 Validation score: 0.8124
2025-08-10 14:57:53,467 - INFO -       ✅ Convergence achieved: Convergence threshold met (improvement: 0.005)
2025-08-10 14:57:53,525 - INFO - 
🎯 RL LOOP COMPLETE:
2025-08-10 14:57:53,526 - INFO -    Best prompt: a warm golden-hued woolen scarf with delicately woven, hand-tied fringes in varying lengths that subtly sheen to capture the softest light, front view, accurate, complete, white background
2025-08-10 14:57:53,526 - INFO -    Best score: 0.8679
2025-08-10 14:57:53,527 - INFO -    Rounds: 9
2025-08-10 14:57:53,530 - INFO -    Convergence: True
2025-08-10 14:57:53,530 - INFO -    Convergence reason: Convergence threshold met (improvement: 0.005)
2025-08-10 14:57:53,530 - INFO -    Exploration ratio: 88.9%
2025-08-10 14:57:53,530 - INFO -    Insights learned: 2
2025-08-10 14:57:53,530 - INFO -    Total time: 847.03s
2025-08-10 14:57:53,530 - INFO - Prompt optimized in 9 rounds: 0.855 → 0.868 (+0.013)
2025-08-10 14:57:53,530 - INFO - ✅ Target score achieved!
2025-08-10 14:57:53,536 - INFO - 
--- Episode 1, Prompt 21 (Total: 26) ---
2025-08-10 14:57:53,536 - INFO - Optimizing: 'ruby bracelet adorned with faceted stones'
2025-08-10 14:57:53,537 - INFO - 🔍 Checking server availability before optimization...
2025-08-10 14:57:53,549 - INFO - ✅ Server is available (status: completed)
2025-08-10 14:57:53,549 - INFO - 📝 Marked server as used at 1754837873.549817
2025-08-10 14:57:53,549 - INFO - ✅ Server is available and marked as used
2025-08-10 14:57:56,419 - INFO - 🔄 Reproducibility optimization applied:
2025-08-10 14:57:56,420 - INFO -    Original: ruby bracelet adorned with faceted stones
2025-08-10 14:57:56,421 - INFO -    Optimized: wbgmsst, an antique-inspired ruby bracelet adorned with expertly faceted rubies and delicate chain, exhibits subtle luster in the center of each stone, refract light, features vintage floral motif on slender metalwork, white background.
2025-08-10 14:57:56,422 - INFO -    Similarity: 1.000
2025-08-10 14:57:56,424 - INFO -    Gold score: 0.8813
2025-08-10 14:57:56,425 - INFO -       🔧 Overriding endpoint: generate/baolei/
2025-08-10 14:57:56,426 - INFO -       🔧 Using endpoint: generate/baolei/
2025-08-10 14:57:56,434 - INFO - 
🔄 RL LOOP OPTIMIZATION: 'ruby bracelet adorned with faceted stones'
2025-08-10 14:57:56,436 - INFO -    Session: rl_session_1754837876_2200
2025-08-10 14:57:56,437 - INFO -    Max rounds: 18
2025-08-10 14:57:56,437 - INFO -    Min rounds before convergence: 5
2025-08-10 14:57:56,438 - INFO -    Target score: 0.99
2025-08-10 14:57:56,438 - INFO -       🎯 Found previous best attempt: a slender, antique-inspired ruby bracelet adorned with expertly faceted stones that refract light and exhibit subtle luster in the center of each stone (score: 0.9204)
2025-08-10 14:57:56,439 - INFO -       🎯 Strategy used: artistic_elaboration
2025-08-10 14:57:56,439 - INFO -       🎯 Session ID: rl_session_1754794869_4494
2025-08-10 14:57:56,440 - INFO -       🎯 Past final best prompt: a slender, antique-inspired ruby bracelet adorned with expertly faceted stones that refract light and exhibit subtle luster in the center of each stone
2025-08-10 14:57:56,441 - INFO -       🎯 Past final best score: 0.920
2025-08-10 14:57:56,441 - INFO -       🎯 Past session ID: rl_session_1754794869_4494
2025-08-10 14:57:56,443 - INFO -       🎯 Past learned insights: Best performing strategy in session: artistic_elaboration, Explored 3 different strategies
2025-08-10 14:57:56,443 - INFO -       🎯 Past strategy performance updates: {'hybrid_approach': 0.04054656195517892, 'aggressive_transformation': 0.026361162078735845, 'artistic_elaboration': 0.059245038920863746}
2025-08-10 14:57:56,443 - INFO -       🎯 Past final best prompt: a slender, antique-inspired ruby bracelet adorned with expertly faceted stones that refract light and exhibit subtle luster in the center of each stone
2025-08-10 14:57:56,443 - INFO -       🎯 Past final best score: 0.920
2025-08-10 14:57:56,444 - INFO - 
   🔄 RL Round 1/18
2025-08-10 14:57:56,448 - INFO -       🎯 Strategy: technical_precision (explore)
2025-08-10 14:58:02,954 - INFO - [TRELLIS] GPU cache cleared: {'status': 'cache_cleared', 'available_memory_gb': 20.277362688}
2025-08-10 14:58:02,955 - INFO -       🔍 Validating...
2025-08-10 14:58:02,955 - INFO -       📝 Using optimized prompt for generation: 'a slender, antique-inspired ruby bracelet adorned with expertly faceted stones that refract light and exhibit subtle luster in the center of each stone, front view, accurate, complete, white background...'
2025-08-10 14:58:02,955 - INFO -       🎯 Computing scores against original prompt: 'ruby bracelet adorned with faceted stones...'
2025-08-10 14:59:32,121 - INFO -       📊 Validation score: 0.8496
2025-08-10 14:59:32,121 - INFO - 
   🔄 RL Round 2/18
2025-08-10 14:59:32,121 - INFO -       🎯 Strategy: technical_precision (explore)
2025-08-10 14:59:37,611 - INFO - [TRELLIS] GPU cache cleared: {'status': 'cache_cleared', 'available_memory_gb': 20.277362688}
2025-08-10 14:59:37,611 - INFO -       🔍 Validating...
2025-08-10 14:59:37,615 - INFO -       📝 Using optimized prompt for generation: 'a slender, antique-inspired ruby bracelet adorned with expertly faceted stones that refract light and exhibit subtle luster in the center of each stone, creating a mesmerizing play of colors, front view, accurate, complete, white background...'
2025-08-10 14:59:37,615 - INFO -       🎯 Computing scores against original prompt: 'ruby bracelet adorned with faceted stones...'
2025-08-10 15:01:02,869 - INFO -       📊 Validation score: 0.8234
2025-08-10 15:01:02,869 - INFO -       📉 Score declined: Consider different approach
2025-08-10 15:01:02,870 - INFO - 
   🔄 RL Round 3/18
2025-08-10 15:01:02,870 - INFO -       🎯 Strategy: aggressive_transformation (explore)
2025-08-10 15:01:09,029 - INFO - [TRELLIS] GPU cache cleared: {'status': 'cache_cleared', 'available_memory_gb': 20.277362688}
2025-08-10 15:01:09,030 - INFO -       🔍 Validating...
2025-08-10 15:01:09,030 - INFO -       📝 Using optimized prompt for generation: 'a slender ruby bracelet adorned with intricately faceted stones that refract light and reveal a subtle luster in their center, front view, accurate, complete, white background...'
2025-08-10 15:01:09,031 - INFO -       🎯 Computing scores against original prompt: 'ruby bracelet adorned with faceted stones...'
2025-08-10 15:02:36,510 - INFO -       📊 Validation score: 0.8285
2025-08-10 15:02:36,511 - INFO -       📈 Improvement detected: aggressive_transformation working better
2025-08-10 15:02:36,511 - INFO - 
   🔄 RL Round 4/18
2025-08-10 15:02:36,511 - INFO -       🎯 Strategy: hybrid_approach (exploit)
2025-08-10 15:02:42,140 - INFO - [TRELLIS] GPU cache cleared: {'status': 'cache_cleared', 'available_memory_gb': 20.277362688}
2025-08-10 15:02:42,141 - INFO -       🔍 Validating...
2025-08-10 15:02:42,142 - INFO -       📝 Using optimized prompt for generation: 'a slender, antique-inspired ruby bracelet adorned with expertly faceted stones that refract light and exhibit subtle luster in the center of each stone...'
2025-08-10 15:02:42,143 - INFO -       🎯 Computing scores against original prompt: 'ruby bracelet adorned with faceted stones...'
2025-08-10 15:04:08,509 - INFO -       📊 Validation score: 0.9191
2025-08-10 15:04:08,510 - INFO -       📈 Improvement detected: hybrid_approach working better
2025-08-10 15:04:08,510 - INFO - 
   🔄 RL Round 5/18
2025-08-10 15:04:08,510 - INFO -       🎯 Strategy: hybrid_approach (exploit)
2025-08-10 15:04:15,043 - INFO - [TRELLIS] GPU cache cleared: {'status': 'cache_cleared', 'available_memory_gb': 20.277362688}
2025-08-10 15:04:15,047 - INFO -       🔍 Validating...
2025-08-10 15:04:15,047 - INFO -       📝 Using optimized prompt for generation: 'a slender ruby bracelet adorned with intricately faceted stones that refract light, exhibit subtle luster, and display a delicate balance between opulence and understated elegance, front view, accurate, complete, white background...'
2025-08-10 15:04:15,047 - INFO -       🎯 Computing scores against original prompt: 'ruby bracelet adorned with faceted stones...'
2025-08-10 15:05:38,337 - INFO -       📊 Validation score: 0.7762
2025-08-10 15:05:38,338 - INFO -       📉 Score declined: Consider different approach
2025-08-10 15:05:38,338 - INFO - 
   🔄 RL Round 6/18
2025-08-10 15:05:38,338 - INFO -       🎯 Strategy: aggressive_transformation (explore)
2025-08-10 15:05:44,874 - INFO - [TRELLIS] GPU cache cleared: {'status': 'cache_cleared', 'available_memory_gb': 20.277362688}
2025-08-10 15:05:44,875 - INFO -       🔍 Validating...
2025-08-10 15:05:44,875 - INFO -       📝 Using optimized prompt for generation: 'a slender, antique-inspired ruby bracelet adorned with intricately faceted stones that refract light and exhibit a subtle luster in their facets, front view, accurate, complete, white background...'
2025-08-10 15:05:44,875 - INFO -       🎯 Computing scores against original prompt: 'ruby bracelet adorned with faceted stones...'
2025-08-10 15:07:12,745 - INFO -       📊 Validation score: 0.7591
2025-08-10 15:07:12,745 - INFO -       📉 Score declined: Consider different approach
2025-08-10 15:07:12,746 - INFO - 
   🔄 RL Round 7/18
2025-08-10 15:07:12,746 - INFO -       🎯 Strategy: aggressive_transformation (explore)
2025-08-10 15:07:18,264 - INFO - [TRELLIS] GPU cache cleared: {'status': 'cache_cleared', 'available_memory_gb': 20.277362688}
2025-08-10 15:07:18,264 - INFO -       🔍 Validating...
2025-08-10 15:07:18,265 - INFO -       📝 Using optimized prompt for generation: 'a slender, antique-inspired ruby bracelet adorned with intricately faceted stones that refract light and exhibit subtle luster in the center of each stone, front view, accurate, complete, white background...'
2025-08-10 15:07:18,265 - INFO -       🎯 Computing scores against original prompt: 'ruby bracelet adorned with faceted stones...'
2025-08-10 15:08:46,210 - INFO -       📊 Validation score: 0.6912
2025-08-10 15:08:46,210 - INFO -       📉 Score declined: Consider different approach
2025-08-10 15:08:46,211 - INFO - 
   🔄 RL Round 8/18
2025-08-10 15:08:46,211 - INFO -       🎯 Strategy: technical_precision (exploit)
2025-08-10 15:08:51,763 - INFO - [TRELLIS] GPU cache cleared: {'status': 'cache_cleared', 'available_memory_gb': 20.277362688}
2025-08-10 15:08:51,764 - INFO -       🔍 Validating...
2025-08-10 15:08:51,768 - INFO -       📝 Using optimized prompt for generation: 'a slender, antique-inspired ruby bracelet adorned with expertly faceted stones that refract light and exhibit subtle luster in the center of each stone, front view, accurate, complete, white background...'
2025-08-10 15:08:51,768 - INFO -       🎯 Computing scores against original prompt: 'ruby bracelet adorned with faceted stones...'
2025-08-10 15:10:16,981 - INFO -       📊 Validation score: 0.8517
2025-08-10 15:10:16,983 - INFO -       📈 Improvement detected: technical_precision working better
2025-08-10 15:10:16,985 - INFO - 
   🔄 RL Round 9/18
2025-08-10 15:10:16,985 - INFO -       🎯 Strategy: technical_precision (exploit)
2025-08-10 15:10:21,411 - INFO - [TRELLIS] GPU cache cleared: {'status': 'cache_cleared', 'available_memory_gb': 20.277362688}
2025-08-10 15:10:21,412 - INFO -       🔍 Validating...
2025-08-10 15:10:21,412 - INFO -       📝 Using optimized prompt for generation: 'a slender, antique-inspired ruby bracelet adorned with intricately cut faceted stones that refract light and exhibit a delicate play of colors within each facet...'
2025-08-10 15:10:21,412 - INFO -       🎯 Computing scores against original prompt: 'ruby bracelet adorned with faceted stones...'
2025-08-10 15:11:44,508 - INFO -       📊 Validation score: 0.8884
2025-08-10 15:11:44,509 - INFO -       📈 Improvement detected: technical_precision working better
2025-08-10 15:11:44,509 - INFO - 
   🔄 RL Round 10/18
2025-08-10 15:11:44,509 - INFO -       🎯 Strategy: technical_precision (exploit)
2025-08-10 15:11:49,575 - INFO - [TRELLIS] GPU cache cleared: {'status': 'cache_cleared', 'available_memory_gb': 20.277362688}
2025-08-10 15:11:49,578 - INFO -       🔍 Validating...
2025-08-10 15:11:49,578 - INFO -       📝 Using optimized prompt for generation: 'a slender, antique-inspired ruby bracelet adorned with expertly faceted stones that refract light and exhibit subtle luster in the center of each stone, front view, accurate, complete, white background...'
2025-08-10 15:11:49,578 - INFO -       🎯 Computing scores against original prompt: 'ruby bracelet adorned with faceted stones...'
2025-08-10 15:13:15,172 - INFO -       📊 Validation score: 0.8618
2025-08-10 15:13:15,172 - INFO -       📉 Score declined: Consider different approach
2025-08-10 15:13:15,173 - INFO - 
   🔄 RL Round 11/18
2025-08-10 15:13:15,173 - INFO -       🎯 Strategy: aggressive_transformation (explore)
2025-08-10 15:13:21,792 - INFO - [TRELLIS] GPU cache cleared: {'status': 'cache_cleared', 'available_memory_gb': 20.277362688}
2025-08-10 15:13:21,793 - INFO -       🔍 Validating...
2025-08-10 15:13:21,794 - INFO -       📝 Using optimized prompt for generation: 'a slender, antique-inspired ruby bracelet adorned with expertly faceted stones that refract light and exhibit subtle luster in the center of each stone, accentuated by delicate engravings on the metal band, front view, accurate, complete, white background...'
2025-08-10 15:13:21,795 - INFO -       🎯 Computing scores against original prompt: 'ruby bracelet adorned with faceted stones...'
2025-08-10 15:14:43,728 - INFO -       📊 Validation score: 0.9025
2025-08-10 15:14:43,729 - INFO -       📈 Improvement detected: aggressive_transformation working better
2025-08-10 15:14:43,729 - INFO - 
   🔄 RL Round 12/18
2025-08-10 15:14:43,729 - INFO -       🎯 Strategy: technical_precision (exploit)
2025-08-10 15:14:49,091 - INFO - [TRELLIS] GPU cache cleared: {'status': 'cache_cleared', 'available_memory_gb': 20.277362688}
2025-08-10 15:14:49,093 - INFO -       🔍 Validating...
2025-08-10 15:14:49,094 - INFO -       📝 Using optimized prompt for generation: 'a slender, antique-inspired ruby bracelet adorned with expertly faceted stones that refract light and exhibit subtle luster in the center of each stone...'
2025-08-10 15:14:49,094 - INFO -       🎯 Computing scores against original prompt: 'ruby bracelet adorned with faceted stones...'
2025-08-10 15:16:15,173 - INFO -       📊 Validation score: 0.9208
2025-08-10 15:16:15,174 - INFO -       🎯 New best score: 0.9208
2025-08-10 15:16:15,174 - INFO -       📈 Improvement detected: technical_precision working better
2025-08-10 15:16:15,174 - INFO - 
   🔄 RL Round 13/18
2025-08-10 15:16:15,174 - INFO -       🎯 Strategy: hybrid_approach (explore)
2025-08-10 15:16:22,541 - INFO - [TRELLIS] GPU cache cleared: {'status': 'cache_cleared', 'available_memory_gb': 20.277362688}
2025-08-10 15:16:22,542 - INFO -       🔍 Validating...
2025-08-10 15:16:22,542 - INFO -       📝 Using optimized prompt for generation: 'a slender, antique-inspired ruby bracelet adorned with intricately faceted stones that refract light subtly, creating a warm glow in the center of each stone, front view, accurate, complete, white background...'
2025-08-10 15:16:22,542 - INFO -       🎯 Computing scores against original prompt: 'ruby bracelet adorned with faceted stones...'
2025-08-10 15:17:49,555 - INFO -       📊 Validation score: 0.7813
2025-08-10 15:17:49,556 - INFO -       📉 Score declined: Consider different approach
2025-08-10 15:17:49,556 - INFO - 
   🔄 RL Round 14/18
2025-08-10 15:17:49,556 - INFO -       🎯 Strategy: hybrid_approach (explore)
2025-08-10 15:17:55,039 - INFO - [TRELLIS] GPU cache cleared: {'status': 'cache_cleared', 'available_memory_gb': 20.277362688}
2025-08-10 15:17:55,041 - INFO -       🔍 Validating...
2025-08-10 15:17:55,042 - INFO -       📝 Using optimized prompt for generation: 'a slender, antique-inspired ruby bracelet adorned with intricately faceted stones that refract light and display an almost imperceptible sheen on the surface of each stone, front view, accurate, complete, white background...'
2025-08-10 15:17:55,043 - INFO -       🎯 Computing scores against original prompt: 'ruby bracelet adorned with faceted stones...'
2025-08-10 15:19:20,932 - INFO -       📊 Validation score: 0.7391
2025-08-10 15:19:20,933 - INFO -       📉 Score declined: Consider different approach
2025-08-10 15:19:20,933 - INFO - 
   🔄 RL Round 15/18
2025-08-10 15:19:20,933 - INFO -       🎯 Strategy: technical_precision (exploit)
2025-08-10 15:19:25,506 - INFO - [TRELLIS] GPU cache cleared: {'status': 'cache_cleared', 'available_memory_gb': 20.277362688}
2025-08-10 15:19:25,510 - INFO -       🔍 Validating...
2025-08-10 15:19:25,510 - INFO -       📝 Using optimized prompt for generation: 'a slender, antique-inspired ruby bracelet adorned with expertly faceted stones that refract light and exhibit delicate hints of luster in the center of each stone, front view, accurate, complete, white background...'
2025-08-10 15:19:25,510 - INFO -       🎯 Computing scores against original prompt: 'ruby bracelet adorned with faceted stones...'
2025-08-10 15:21:13,754 - INFO -       📊 Validation score: 0.7511
2025-08-10 15:21:13,754 - INFO -       📈 Improvement detected: technical_precision working better
2025-08-10 15:21:13,754 - INFO - 
   🔄 RL Round 16/18
2025-08-10 15:21:13,755 - INFO -       🎯 Strategy: conservative_enhancement (exploit)
2025-08-10 15:21:19,589 - INFO - [TRELLIS] GPU cache cleared: {'status': 'cache_cleared', 'available_memory_gb': 20.277362688}
2025-08-10 15:21:19,590 - INFO -       🔍 Validating...
2025-08-10 15:21:19,591 - INFO -       📝 Using optimized prompt for generation: 'a slender ruby bracelet adorned with expertly faceted stones that refract light and exhibit subtle luster in the center of each stone...'
2025-08-10 15:21:19,592 - INFO -       🎯 Computing scores against original prompt: 'ruby bracelet adorned with faceted stones...'
2025-08-10 15:22:47,488 - INFO -       📊 Validation score: 0.9243
2025-08-10 15:22:47,488 - INFO -       🎯 New best score: 0.9243
2025-08-10 15:22:47,488 - INFO -       📈 Improvement detected: conservative_enhancement working better
2025-08-10 15:22:47,488 - INFO - 
   🔄 RL Round 17/18
2025-08-10 15:22:47,489 - INFO -       🎯 Strategy: conservative_enhancement (exploit)
2025-08-10 15:22:52,459 - INFO - [TRELLIS] GPU cache cleared: {'status': 'cache_cleared', 'available_memory_gb': 20.277362688}
2025-08-10 15:22:52,460 - INFO -       🔍 Validating...
2025-08-10 15:22:52,462 - INFO -       📝 Using optimized prompt for generation: 'a slender, antique-inspired ruby bracelet adorned with exquisitely faceted stones that refract light and exhibit a rich luster in their centers, front view, accurate, complete, white background...'
2025-08-10 15:22:52,462 - INFO -       🎯 Computing scores against original prompt: 'ruby bracelet adorned with faceted stones...'
2025-08-10 15:24:16,840 - INFO -       📊 Validation score: 0.8170
2025-08-10 15:24:16,841 - INFO -       📉 Score declined: Consider different approach
2025-08-10 15:24:16,841 - INFO - 
   🔄 RL Round 18/18
2025-08-10 15:24:16,841 - INFO -       🎯 Strategy: conservative_enhancement (exploit)
2025-08-10 15:24:22,149 - INFO - [TRELLIS] GPU cache cleared: {'status': 'cache_cleared', 'available_memory_gb': 20.277362688}
2025-08-10 15:24:22,150 - INFO -       🔍 Validating...
2025-08-10 15:24:22,150 - INFO -       📝 Using optimized prompt for generation: 'a slender, antique-inspired ruby bracelet adorned with expertly faceted stones that refract light and exhibit subtle luster in the center of each stone, front view, accurate, complete, white background...'
2025-08-10 15:24:22,150 - INFO -       🎯 Computing scores against original prompt: 'ruby bracelet adorned with faceted stones...'
2025-08-10 15:25:46,137 - INFO -       📊 Validation score: 0.8556
2025-08-10 15:25:46,205 - INFO - 
🎯 RL LOOP COMPLETE:
2025-08-10 15:25:46,205 - INFO -    Best prompt: a slender ruby bracelet adorned with expertly faceted stones that refract light and exhibit subtle luster in the center of each stone
2025-08-10 15:25:46,205 - INFO -    Best score: 0.9243
2025-08-10 15:25:46,205 - INFO -    Rounds: 18
2025-08-10 15:25:46,208 - INFO -    Convergence: False
2025-08-10 15:25:46,208 - INFO -    Convergence reason: Not converged
2025-08-10 15:25:46,208 - INFO -    Exploration ratio: 44.4%
2025-08-10 15:25:46,208 - INFO -    Insights learned: 3
2025-08-10 15:25:46,210 - INFO -    Total time: 1669.70s
2025-08-10 15:25:46,211 - INFO - Prompt optimized in 18 rounds: 0.850 → 0.924 (+0.075)
2025-08-10 15:25:46,211 - INFO - ⏰ Max rounds reached
2025-08-10 15:25:46,218 - INFO - 
--- Episode 1, Prompt 22 (Total: 26) ---
2025-08-10 15:25:46,220 - INFO - Optimizing: 'purple suv high roof off-road tires'
2025-08-10 15:25:46,220 - INFO - 🔍 Checking server availability before optimization...
2025-08-10 15:25:46,230 - INFO - ✅ Server is available (status: completed)
2025-08-10 15:25:46,233 - INFO - 📝 Marked server as used at 1754839546.2331645
2025-08-10 15:25:46,233 - INFO - ✅ Server is available and marked as used
2025-08-10 15:25:49,324 - INFO - 🔄 Reproducibility optimization applied:
2025-08-10 15:25:49,325 - INFO -    Original: purple suv high roof off-road tires
2025-08-10 15:25:49,325 - INFO -    Optimized: wbgmsst, a sleek and luxurious purple SUV with durable construction, high roof, prominent front tires, and off-road tires, features aggressive off-road capability and advanced traction control systems, all set against a white background.
2025-08-10 15:25:49,325 - INFO -    Similarity: 1.000
2025-08-10 15:25:49,325 - INFO -    Gold score: 0.9248
2025-08-10 15:25:49,325 - INFO -       🔧 Overriding endpoint: generate/baolei/
2025-08-10 15:25:49,325 - INFO -       🔧 Using endpoint: generate/baolei/
2025-08-10 15:25:49,333 - INFO - 
🔄 RL LOOP OPTIMIZATION: 'purple suv high roof off-road tires'
2025-08-10 15:25:49,333 - INFO -    Session: rl_session_1754839549_7725
2025-08-10 15:25:49,333 - INFO -    Max rounds: 18
2025-08-10 15:25:49,333 - INFO -    Min rounds before convergence: 5
2025-08-10 15:25:49,333 - INFO -    Target score: 0.99
2025-08-10 15:25:49,334 - INFO -       🎯 Found previous best attempt: a sleek, luxurious purple SUV with an aggressive off-road capability and advanced traction control systems featuring durable construction, high roof, and prominent front tires, accurate, complete, white background, front view, accurate, complete, white background (score: 0.9248)
2025-08-10 15:25:49,334 - INFO -       🎯 Strategy used: material_focus
2025-08-10 15:25:49,334 - INFO -       🎯 Session ID: rl_session_1754807723_3612
2025-08-10 15:25:49,334 - INFO -       🎯 Past final best prompt: a sleek, luxurious purple SUV with an aggressive off-road capability and advanced traction control systems featuring durable construction, high roof, and prominent front tires, accurate, complete, white background, front view, accurate, complete, white background
2025-08-10 15:25:49,334 - INFO -       🎯 Past final best score: 0.925
2025-08-10 15:25:49,334 - INFO -       🎯 Past session ID: rl_session_1754807723_3612
2025-08-10 15:25:49,334 - INFO -       🎯 Past learned insights: Best performing strategy in session: material_focus, Explored 4 different strategies
2025-08-10 15:25:49,334 - INFO -       🎯 Past strategy performance updates: {'artistic_elaboration': -0.018851831711033773, 'material_focus': 0.11745610337159929, 'hybrid_approach': -0.039913818052868755, 'conservative_enhancement': 0.009625390381408527}
2025-08-10 15:25:49,334 - INFO -       🎯 Past final best prompt: a sleek, luxurious purple SUV with an aggressive off-road capability and advanced traction control systems featuring durable construction, high roof, and prominent front tires, accurate, complete, white background, front view, accurate, complete, white background
2025-08-10 15:25:49,335 - INFO -       🎯 Past final best score: 0.925
2025-08-10 15:25:49,337 - INFO - 
   🔄 RL Round 1/18
2025-08-10 15:25:49,337 - INFO -       🎯 Strategy: conservative_enhancement (exploit)
2025-08-10 15:25:54,048 - INFO - [TRELLIS] GPU cache cleared: {'status': 'cache_cleared', 'available_memory_gb': 20.277362688}
2025-08-10 15:25:54,049 - INFO -       🔍 Validating...
2025-08-10 15:25:54,049 - INFO -       📝 Using optimized prompt for generation: 'a sophisticated, premium purple SUV with a high-performance suspension system featuring robust all-terrain tires with large tread patterns, accurate, complete, white background, front view, precise lighting effects...'
2025-08-10 15:25:54,050 - INFO -       🎯 Computing scores against original prompt: 'purple suv high roof off-road tires...'
2025-08-10 15:27:22,165 - INFO -       📊 Validation score: 0.8540
2025-08-10 15:27:22,165 - INFO - 
   🔄 RL Round 2/18
2025-08-10 15:27:22,165 - INFO -       🎯 Strategy: conservative_enhancement (exploit)
2025-08-10 15:27:27,470 - INFO - [TRELLIS] GPU cache cleared: {'status': 'cache_cleared', 'available_memory_gb': 20.277362688}
2025-08-10 15:27:27,471 - INFO -       🔍 Validating...
2025-08-10 15:27:27,471 - INFO -       📝 Using optimized prompt for generation: 'a sleek, luxurious purple SUV with an aggressive off-road capability and advanced traction control systems featuring durable construction, high roof, prominent front tires with aggressive tread patterns and specialized all-terrain rubber, accurate, complete, white background, front view, front view, accurate, complete, white background...'
2025-08-10 15:27:27,471 - INFO -       🎯 Computing scores against original prompt: 'purple suv high roof off-road tires...'
2025-08-10 15:29:08,899 - INFO -       📊 Validation score: 0.8765
2025-08-10 15:29:08,911 - INFO -       📈 Improvement detected: conservative_enhancement working better
2025-08-10 15:29:08,923 - INFO - 
   🔄 RL Round 3/18
2025-08-10 15:29:08,924 - INFO -       🎯 Strategy: technical_precision (explore)
2025-08-10 15:29:14,351 - INFO - [TRELLIS] GPU cache cleared: {'status': 'cache_cleared', 'available_memory_gb': 20.277362688}
2025-08-10 15:29:14,352 - INFO -       🔍 Validating...
2025-08-10 15:29:14,352 - INFO -       📝 Using optimized prompt for generation: 'a sophisticated, premium purple SUV with an aggressive off-road capability featuring a high roof, durable construction, advanced traction control systems, and prominent front tires, accurate, complete, front view, accurate, complete, white background...'
2025-08-10 15:29:14,352 - INFO -       🎯 Computing scores against original prompt: 'purple suv high roof off-road tires...'
2025-08-10 15:30:45,557 - INFO -       📊 Validation score: 0.7623
2025-08-10 15:30:45,557 - INFO -       📉 Score declined: Consider different approach
2025-08-10 15:30:45,558 - INFO - 
   🔄 RL Round 4/18
2025-08-10 15:30:45,558 - INFO -       🎯 Strategy: conservative_enhancement (exploit)
2025-08-10 15:30:50,313 - INFO - [TRELLIS] GPU cache cleared: {'status': 'cache_cleared', 'available_memory_gb': 20.277362688}
2025-08-10 15:30:50,316 - INFO -       🔍 Validating...
2025-08-10 15:30:50,316 - INFO -       📝 Using optimized prompt for generation: 'a refined, high-end purple SUV with an aggressive off-road capability and advanced traction control systems featuring durable construction, aerodynamic design, prominent front tires, metallic finish, and a panoramic roof...'
2025-08-10 15:30:50,317 - INFO -       🎯 Computing scores against original prompt: 'purple suv high roof off-road tires...'
2025-08-10 15:32:18,919 - INFO -       📊 Validation score: 0.7739
2025-08-10 15:32:18,920 - INFO -       📈 Improvement detected: conservative_enhancement working better
2025-08-10 15:32:18,920 - INFO - 
   🔄 RL Round 5/18
2025-08-10 15:32:18,921 - INFO -       🎯 Strategy: conservative_enhancement (exploit)
2025-08-10 15:32:24,902 - INFO - [TRELLIS] GPU cache cleared: {'status': 'cache_cleared', 'available_memory_gb': 20.277362688}
2025-08-10 15:32:24,903 - INFO -       🔍 Validating...
2025-08-10 15:32:24,904 - INFO -       📝 Using optimized prompt for generation: 'a refined, high-end purple SUV with an aggressive off-road capability, advanced traction control systems featuring durable construction and prominent front tires, set against a warm, golden background with subtle ripples on the surface and gentle shadows, front view, accurate, complete, white background...'
2025-08-10 15:32:24,905 - INFO -       🎯 Computing scores against original prompt: 'purple suv high roof off-road tires...'
2025-08-10 15:33:51,783 - INFO -       📊 Validation score: 0.8409
2025-08-10 15:33:51,783 - INFO -       📈 Improvement detected: conservative_enhancement working better
2025-08-10 15:33:51,784 - INFO - 
   🔄 RL Round 6/18
2025-08-10 15:33:51,784 - INFO -       🎯 Strategy: conservative_enhancement (exploit)
2025-08-10 15:33:57,696 - INFO - [TRELLIS] GPU cache cleared: {'status': 'cache_cleared', 'available_memory_gb': 20.277362688}
2025-08-10 15:33:57,696 - INFO -       🔍 Validating...
2025-08-10 15:33:57,697 - INFO -       📝 Using optimized prompt for generation: 'a sleek, luxurious purple SUV with an aggressive off-road capability featuring durable construction, high roof, prominent front tires, advanced suspension system, accurate, complete, white background, front view, front view, accurate, complete, white background...'
2025-08-10 15:33:57,697 - INFO -       🎯 Computing scores against original prompt: 'purple suv high roof off-road tires...'
2025-08-10 15:35:26,873 - INFO -       📊 Validation score: 0.8093
2025-08-10 15:35:26,873 - INFO -       📉 Score declined: Consider different approach
2025-08-10 15:35:26,874 - INFO - 
   🔄 RL Round 7/18
2025-08-10 15:35:26,874 - INFO -       🎯 Strategy: technical_precision (explore)
2025-08-10 15:35:31,402 - INFO - [TRELLIS] GPU cache cleared: {'status': 'cache_cleared', 'available_memory_gb': 20.277362688}
2025-08-10 15:35:31,403 - INFO -       🔍 Validating...
2025-08-10 15:35:31,404 - INFO -       📝 Using optimized prompt for generation: 'a premium purple SUV with an aggressive off-road capability, advanced traction control system, high roof, prominent front tires and robust construction...'
2025-08-10 15:35:31,405 - INFO -       🎯 Computing scores against original prompt: 'purple suv high roof off-road tires...'
2025-08-10 15:37:05,385 - INFO -       📊 Validation score: 0.6236
2025-08-10 15:37:05,386 - INFO -       📉 Score declined: Consider different approach
2025-08-10 15:37:05,386 - INFO - 
   🔄 RL Round 8/18
2025-08-10 15:37:05,386 - INFO -       🎯 Strategy: technical_precision (explore)
2025-08-10 15:37:11,609 - INFO - [TRELLIS] GPU cache cleared: {'status': 'cache_cleared', 'available_memory_gb': 20.277362688}
2025-08-10 15:37:11,609 - INFO -       🔍 Validating...
2025-08-10 15:37:11,609 - INFO -       📝 Using optimized prompt for generation: 'a sleek, luxurious purple SUV with an aggressive off-road capability and advanced traction control systems featuring durable construction, high roof, prominent front tires, and accurate specifications...'
2025-08-10 15:37:11,609 - INFO -       🎯 Computing scores against original prompt: 'purple suv high roof off-road tires...'
2025-08-10 15:38:37,093 - INFO -       📊 Validation score: 0.7661
2025-08-10 15:38:37,094 - INFO -       📈 Improvement detected: technical_precision working better
2025-08-10 15:38:37,094 - INFO - 
   🔄 RL Round 9/18
2025-08-10 15:38:37,094 - INFO -       🎯 Strategy: conservative_enhancement (exploit)
2025-08-10 15:38:42,664 - INFO - [TRELLIS] GPU cache cleared: {'status': 'cache_cleared', 'available_memory_gb': 20.277362688}
2025-08-10 15:38:42,665 - INFO -       🔍 Validating...
2025-08-10 15:38:42,665 - INFO -       📝 Using optimized prompt for generation: 'a refined, luxurious purple SUV with an aggressive off-road capability and advanced traction control systems featuring a sleek, aerodynamic design, high roof, prominent front tires with aggressive tread patterns, accurate, complete, white background, front view, accurate, complete, white background...'
2025-08-10 15:38:42,665 - INFO -       🎯 Computing scores against original prompt: 'purple suv high roof off-road tires...'
2025-08-10 15:40:05,792 - INFO -       📊 Validation score: 0.8479
2025-08-10 15:40:05,793 - INFO -       📈 Improvement detected: conservative_enhancement working better
2025-08-10 15:40:05,793 - INFO - 
   🔄 RL Round 10/18
2025-08-10 15:40:05,793 - INFO -       🎯 Strategy: hybrid_approach (explore)
2025-08-10 15:40:11,335 - INFO - [TRELLIS] GPU cache cleared: {'status': 'cache_cleared', 'available_memory_gb': 20.277362688}
2025-08-10 15:40:11,336 - INFO -       🔍 Validating...
2025-08-10 15:40:11,337 - INFO -       📝 Using optimized prompt for generation: 'a sophisticated, premium purple SUV with an aggressive off-road capability featuring a high roof, advanced traction control systems, durable construction, prominent front tires, and a sleek, aerodynamic design...'
2025-08-10 15:40:11,338 - INFO -       🎯 Computing scores against original prompt: 'purple suv high roof off-road tires...'
2025-08-10 15:41:37,784 - INFO -       📊 Validation score: 0.7645
2025-08-10 15:41:37,787 - INFO -       📉 Score declined: Consider different approach
2025-08-10 15:41:37,788 - INFO - 
   🔄 RL Round 11/18
2025-08-10 15:41:37,790 - INFO -       🎯 Strategy: conservative_enhancement (exploit)
2025-08-10 15:41:42,375 - INFO - [TRELLIS] GPU cache cleared: {'status': 'cache_cleared', 'available_memory_gb': 20.277362688}
2025-08-10 15:41:42,379 - INFO -       🔍 Validating...
2025-08-10 15:41:42,380 - INFO -       📝 Using optimized prompt for generation: 'a sleek, luxurious purple SUV with an aggressive off-road capability featuring a high-performance suspension system, durable construction, prominent front tires, and a spacious interior, front view, accurate, complete, white background...'
2025-08-10 15:41:42,381 - INFO -       🎯 Computing scores against original prompt: 'purple suv high roof off-road tires...'
2025-08-10 15:43:09,368 - INFO -       📊 Validation score: 0.8863
2025-08-10 15:43:09,369 - INFO -       📈 Improvement detected: conservative_enhancement working better
2025-08-10 15:43:09,369 - INFO - 
   🔄 RL Round 12/18
2025-08-10 15:43:09,369 - INFO -       🎯 Strategy: conservative_enhancement (exploit)
2025-08-10 15:43:15,562 - INFO - [TRELLIS] GPU cache cleared: {'status': 'cache_cleared', 'available_memory_gb': 20.277362688}
2025-08-10 15:43:15,565 - INFO -       🔍 Validating...
2025-08-10 15:43:15,566 - INFO -       📝 Using optimized prompt for generation: 'a sleek, luxurious purple SUV with a high-performance suspension system featuring robust all-terrain tires, advanced traction control systems, and durable construction, white background, accurate, complete, front view, front view, accurate, complete, white background...'
2025-08-10 15:43:15,567 - INFO -       🎯 Computing scores against original prompt: 'purple suv high roof off-road tires...'
2025-08-10 15:44:43,803 - INFO -       📊 Validation score: 0.8154
2025-08-10 15:44:43,803 - INFO -       📉 Score declined: Consider different approach
2025-08-10 15:44:43,804 - INFO - 
   🔄 RL Round 13/18
2025-08-10 15:44:43,804 - INFO -       🎯 Strategy: conservative_enhancement (exploit)
2025-08-10 15:44:49,488 - INFO - [TRELLIS] GPU cache cleared: {'status': 'cache_cleared', 'available_memory_gb': 20.277362688}
2025-08-10 15:44:49,488 - INFO -       🔍 Validating...
2025-08-10 15:44:49,489 - INFO -       📝 Using optimized prompt for generation: 'a refined, high-end purple SUV with an aggressive off-road capability and advanced traction control systems featuring durable construction, high roof, and prominent front tires, clear, detailed, white background, front view, front view, accurate, complete, white background...'
2025-08-10 15:44:49,489 - INFO -       🎯 Computing scores against original prompt: 'purple suv high roof off-road tires...'
2025-08-10 15:46:23,142 - INFO -       📊 Validation score: 0.8598
2025-08-10 15:46:23,144 - INFO -       📈 Improvement detected: conservative_enhancement working better
2025-08-10 15:46:23,144 - INFO - 
   🔄 RL Round 14/18
2025-08-10 15:46:23,144 - INFO -       🎯 Strategy: conservative_enhancement (exploit)
2025-08-10 15:46:29,640 - INFO - [TRELLIS] GPU cache cleared: {'status': 'cache_cleared', 'available_memory_gb': 20.277362688}
2025-08-10 15:46:29,647 - INFO -       🔍 Validating...
2025-08-10 15:46:29,648 - INFO -       📝 Using optimized prompt for generation: 'a sleek, luxurious purple SUV with an aggressive off-road capability featuring advanced traction control systems, durable construction, a high roof, prominent front tires, accurate, complete, white background, and a sharp front grille...'
2025-08-10 15:46:29,648 - INFO -       🎯 Computing scores against original prompt: 'purple suv high roof off-road tires...'
2025-08-10 15:48:12,313 - INFO -       📊 Validation score: 0.8186
2025-08-10 15:48:12,313 - INFO -       📉 Score declined: Consider different approach
2025-08-10 15:48:12,313 - INFO - 
   🔄 RL Round 15/18
2025-08-10 15:48:12,314 - INFO -       🎯 Strategy: hybrid_approach (explore)
2025-08-10 15:48:19,071 - INFO - [TRELLIS] GPU cache cleared: {'status': 'cache_cleared', 'available_memory_gb': 20.277362688}
2025-08-10 15:48:19,072 - INFO -       🔍 Validating...
2025-08-10 15:48:19,072 - INFO -       📝 Using optimized prompt for generation: 'a refined, high-end purple SUV with an aggressive off-road capability featuring advanced traction control systems and prominent front tires, accurate, complete, white background, front view, accurate, complete, white background...'
2025-08-10 15:48:19,073 - INFO -       🎯 Computing scores against original prompt: 'purple suv high roof off-road tires...'
2025-08-10 15:49:48,769 - INFO -       📊 Validation score: 0.8054
2025-08-10 15:49:48,770 - INFO -       📉 Score declined: Consider different approach
2025-08-10 15:49:48,770 - INFO - 
   🔄 RL Round 16/18
2025-08-10 15:49:48,771 - INFO -       🎯 Strategy: conservative_enhancement (exploit)
2025-08-10 15:49:54,494 - INFO - [TRELLIS] GPU cache cleared: {'status': 'cache_cleared', 'available_memory_gb': 20.277362688}
2025-08-10 15:49:54,495 - INFO -       🔍 Validating...
2025-08-10 15:49:54,496 - INFO -       📝 Using optimized prompt for generation: 'a refined, high-end purple SUV with an aggressive off-road capability featuring a high-performance suspension system, robust all-terrain tires, and a sleek, aerodynamic design, front view, accurate, complete, white background...'
2025-08-10 15:49:54,496 - INFO -       🎯 Computing scores against original prompt: 'purple suv high roof off-road tires...'
2025-08-10 15:51:30,802 - INFO -       📊 Validation score: 0.7359
2025-08-10 15:51:30,803 - INFO -       📉 Score declined: Consider different approach
2025-08-10 15:51:30,803 - INFO - 
   🔄 RL Round 17/18
2025-08-10 15:51:30,803 - INFO -       🎯 Strategy: minimalist_refinement (exploit)
2025-08-10 15:51:35,761 - INFO - [TRELLIS] GPU cache cleared: {'status': 'cache_cleared', 'available_memory_gb': 20.277362688}
2025-08-10 15:51:35,762 - INFO -       🔍 Validating...
2025-08-10 15:51:35,763 - INFO -       📝 Using optimized prompt for generation: 'a sleek, luxurious purple SUV with high-performance off-road tires and a rugged exterior design featuring a high roof and sporty lines, front view, accurate, complete, white background...'
2025-08-10 15:51:35,763 - INFO -       🎯 Computing scores against original prompt: 'purple suv high roof off-road tires...'
2025-08-10 15:53:07,383 - INFO -       📊 Validation score: 0.9150
2025-08-10 15:53:07,384 - INFO -       📈 Improvement detected: minimalist_refinement working better
2025-08-10 15:53:07,385 - INFO - 
   🔄 RL Round 18/18
2025-08-10 15:53:07,386 - INFO -       🎯 Strategy: minimalist_refinement (exploit)
2025-08-10 15:53:12,508 - INFO - [TRELLIS] GPU cache cleared: {'status': 'cache_cleared', 'available_memory_gb': 20.277362688}
2025-08-10 15:53:12,510 - INFO -       🔍 Validating...
2025-08-10 15:53:12,510 - INFO -       📝 Using optimized prompt for generation: 'a sleek, luxurious purple SUV with an aggressive off-road capability featuring a high-performance suspension system, robust all-terrain tires, and durable construction, accurate, complete, white background, front view, front view, accurate, complete, white background...'
2025-08-10 15:53:12,511 - INFO -       🎯 Computing scores against original prompt: 'purple suv high roof off-road tires...'
2025-08-10 15:54:44,243 - INFO -       📊 Validation score: 0.9048
2025-08-10 15:54:44,282 - INFO - 
🎯 RL LOOP COMPLETE:
2025-08-10 15:54:44,283 - INFO -    Best prompt: a sleek, luxurious purple SUV with an aggressive off-road capability and advanced traction control systems featuring durable construction, high roof, and prominent front tires, accurate, complete, white background, front view, accurate, complete, white background
2025-08-10 15:54:44,284 - INFO -    Best score: 0.9248
2025-08-10 15:54:44,284 - INFO -    Rounds: 18
2025-08-10 15:54:44,285 - INFO -    Convergence: False
2025-08-10 15:54:44,285 - INFO -    Convergence reason: Not converged
2025-08-10 15:54:44,286 - INFO -    Exploration ratio: 27.8%
2025-08-10 15:54:44,286 - INFO -    Insights learned: 3
2025-08-10 15:54:44,287 - INFO -    Total time: 1734.91s
2025-08-10 15:54:44,288 - INFO - Prompt optimized in 18 rounds: 0.854 → 0.925 (+0.071)
2025-08-10 15:54:44,289 - INFO - ⏰ Max rounds reached
2025-08-10 15:54:44,293 - INFO - 
--- Episode 1, Prompt 23 (Total: 26) ---
2025-08-10 15:54:44,294 - INFO - Optimizing: 'sapphire mace with gold-plated head'
2025-08-10 15:54:44,295 - INFO - 🔍 Checking server availability before optimization...
2025-08-10 15:54:44,303 - INFO - ✅ Server is available (status: completed)
2025-08-10 15:54:44,304 - INFO - 📝 Marked server as used at 1754841284.3049443
2025-08-10 15:54:44,305 - INFO - ✅ Server is available and marked as used
2025-08-10 15:54:46,844 - INFO - 🔄 Reproducibility optimization applied:
2025-08-10 15:54:46,845 - INFO -    Original: sapphire mace with gold-plated head
2025-08-10 15:54:46,845 - INFO -    Optimized: wbgmsst, A slender and precise sapphire mace with a gold-plated head featuring detailed engravings and ornate knotwork patterns, white background.
2025-08-10 15:54:46,845 - INFO -    Similarity: 1.000
2025-08-10 15:54:46,845 - INFO -    Gold score: 0.9713
2025-08-10 15:54:46,845 - INFO -       🔧 Overriding endpoint: generate/baolei/
2025-08-10 15:54:46,846 - INFO -       🔧 Using endpoint: generate/baolei/
2025-08-10 15:54:46,852 - INFO - 
🔄 RL LOOP OPTIMIZATION: 'sapphire mace with gold-plated head'
2025-08-10 15:54:46,852 - INFO -    Session: rl_session_1754841286_3476
2025-08-10 15:54:46,853 - INFO -    Max rounds: 18
2025-08-10 15:54:46,853 - INFO -    Min rounds before convergence: 5
2025-08-10 15:54:46,853 - INFO -    Target score: 0.99
2025-08-10 15:54:46,853 - INFO -       🎯 Found previous best attempt: a slender sapphire mace with a gold-plated head featuring detailed engravings and ornate knotwork patterns, precise craftsmanship (score: 0.9713)
2025-08-10 15:54:46,853 - INFO -       🎯 Strategy used: hybrid_approach
2025-08-10 15:54:46,853 - INFO -       🎯 Session ID: rl_session_1754808964_7989
2025-08-10 15:54:46,853 - INFO -       🎯 Past final best prompt: a slender sapphire mace with a gold-plated head featuring detailed engravings and ornate knotwork patterns, precise craftsmanship
2025-08-10 15:54:46,853 - INFO -       🎯 Past final best score: 0.971
2025-08-10 15:54:46,853 - INFO -       🎯 Past session ID: rl_session_1754808964_7989
2025-08-10 15:54:46,853 - INFO -       🎯 Past learned insights: Best performing strategy in session: hybrid_approach, Explored 5 different strategies
2025-08-10 15:54:46,853 - INFO -       🎯 Past strategy performance updates: {'material_focus': 0.08990013587037093, 'conservative_enhancement': 0.04870414469133544, 'hybrid_approach': 0.0690273141197616, 'technical_precision': 0.08873921049630284, 'aggressive_transformation': 0.2542033963866194}
2025-08-10 15:54:46,854 - INFO -       🎯 Past final best prompt: a slender sapphire mace with a gold-plated head featuring detailed engravings and ornate knotwork patterns, precise craftsmanship
2025-08-10 15:54:46,854 - INFO -       🎯 Past final best score: 0.971
2025-08-10 15:54:46,854 - INFO - 
   🔄 RL Round 1/18
2025-08-10 15:54:46,854 - INFO -       🎯 Strategy: minimalist_refinement (exploit)
2025-08-10 15:54:51,841 - INFO - [TRELLIS] GPU cache cleared: {'status': 'cache_cleared', 'available_memory_gb': 20.277362688}
2025-08-10 15:54:51,843 - INFO -       🔍 Validating...
2025-08-10 15:54:51,844 - INFO -       📝 Using optimized prompt for generation: 'a slender sapphire mace with a gold-plated head featuring detailed engravings and ornate knotwork patterns, precise craftsmanship, front view, accurate, complete, white background...'
2025-08-10 15:54:51,845 - INFO -       🎯 Computing scores against original prompt: 'sapphire mace with gold-plated head...'
2025-08-10 15:56:20,858 - INFO -       📊 Validation score: 0.9577
2025-08-10 15:56:20,858 - INFO - 
   🔄 RL Round 2/18
2025-08-10 15:56:20,859 - INFO -       🎯 Strategy: minimalist_refinement (exploit)
2025-08-10 15:56:26,158 - INFO - [TRELLIS] GPU cache cleared: {'status': 'cache_cleared', 'available_memory_gb': 20.277362688}
2025-08-10 15:56:26,159 - INFO -       🔍 Validating...
2025-08-10 15:56:26,159 - INFO -       📝 Using optimized prompt for generation: 'a slender sapphire mace with a gold-plated head featuring intricately etched geometric patterns, precise craftsmanship and subtle nuances in the metalwork, front view, accurate, complete, white background...'
2025-08-10 15:56:26,159 - INFO -       🎯 Computing scores against original prompt: 'sapphire mace with gold-plated head...'
2025-08-10 15:57:53,898 - INFO -       📊 Validation score: 0.9485
2025-08-10 15:57:53,899 - INFO -       📉 Score declined: Consider different approach
2025-08-10 15:57:53,899 - INFO - 
   🔄 RL Round 3/18
2025-08-10 15:57:53,899 - INFO -       🎯 Strategy: conservative_enhancement (explore)
2025-08-10 15:58:00,755 - INFO - [TRELLIS] GPU cache cleared: {'status': 'cache_cleared', 'available_memory_gb': 20.277362688}
2025-08-10 15:58:00,758 - INFO -       🔍 Validating...
2025-08-10 15:58:00,758 - INFO -       📝 Using optimized prompt for generation: 'a slender sapphire mace with intricate gold-plating and ornate engravings showcasing exceptional craftsmanship...'
2025-08-10 15:58:00,758 - INFO -       🎯 Computing scores against original prompt: 'sapphire mace with gold-plated head...'
2025-08-10 15:59:21,161 - INFO -       📊 Validation score: 0.7692
2025-08-10 15:59:21,161 - INFO -       📉 Score declined: Consider different approach
2025-08-10 15:59:21,161 - INFO - 
   🔄 RL Round 4/18
2025-08-10 15:59:21,162 - INFO -       🎯 Strategy: minimalist_refinement (exploit)
2025-08-10 15:59:26,226 - INFO - [TRELLIS] GPU cache cleared: {'status': 'cache_cleared', 'available_memory_gb': 20.277362688}
2025-08-10 15:59:26,227 - INFO -       🔍 Validating...
2025-08-10 15:59:26,227 - INFO -       📝 Using optimized prompt for generation: 'a slender sapphire mace with intricate gold-plating and precision-crafted engravings showcasing exceptional craftsmanship, front view, accurate, complete, white background...'
2025-08-10 15:59:26,227 - INFO -       🎯 Computing scores against original prompt: 'sapphire mace with gold-plated head...'
2025-08-10 16:00:44,783 - INFO -       📊 Validation score: 0.9485
2025-08-10 16:00:44,783 - INFO -       📈 Improvement detected: minimalist_refinement working better
2025-08-10 16:00:44,783 - INFO - 
   🔄 RL Round 5/18
2025-08-10 16:00:44,783 - INFO -       🎯 Strategy: minimalist_refinement (exploit)
2025-08-10 16:00:51,046 - INFO - [TRELLIS] GPU cache cleared: {'status': 'cache_cleared', 'available_memory_gb': 20.277362688}
2025-08-10 16:00:51,049 - INFO -       🔍 Validating...
2025-08-10 16:00:51,050 - INFO -       📝 Using optimized prompt for generation: 'a slender sapphire mace with a gold-plated head featuring intricate, 24-karat gold filigree work, precision-crafted engravings on the metal surface, and subtle, warm undertones to the gold's patina, front view, accurate, complete, white background...'
2025-08-10 16:00:51,050 - INFO -       🎯 Computing scores against original prompt: 'sapphire mace with gold-plated head...'
2025-08-10 16:02:14,497 - INFO -       📊 Validation score: 0.9100
2025-08-10 16:02:14,497 - INFO -       📉 Score declined: Consider different approach
2025-08-10 16:02:14,497 - INFO - 
   🔄 RL Round 6/18
2025-08-10 16:02:14,497 - INFO -       🎯 Strategy: minimalist_refinement (explore)
2025-08-10 16:02:21,475 - INFO - [TRELLIS] GPU cache cleared: {'status': 'cache_cleared', 'available_memory_gb': 20.277362688}
2025-08-10 16:02:21,478 - INFO -       🔍 Validating...
2025-08-10 16:02:21,478 - INFO -       📝 Using optimized prompt for generation: 'a slender sapphire mace with intricately crafted gold-plating and precision-cut engravings showcasing exceptional craftsmanship, front view, accurate, complete, white background...'
2025-08-10 16:02:21,479 - INFO -       🎯 Computing scores against original prompt: 'sapphire mace with gold-plated head...'
2025-08-10 16:03:46,271 - INFO -       📊 Validation score: 0.9391
2025-08-10 16:03:46,272 - INFO -       📈 Improvement detected: minimalist_refinement working better
2025-08-10 16:03:46,272 - INFO - 
   🔄 RL Round 7/18
2025-08-10 16:03:46,273 - INFO -       🎯 Strategy: minimalist_refinement (exploit)
2025-08-10 16:03:52,199 - INFO - [TRELLIS] GPU cache cleared: {'status': 'cache_cleared', 'available_memory_gb': 20.277362688}
2025-08-10 16:03:52,199 - INFO -       🔍 Validating...
2025-08-10 16:03:52,200 - INFO -       📝 Using optimized prompt for generation: 'a slender sapphire mace with intricately crafted gold-plating featuring subtle relief patterns and precise engravings showcasing exceptional craftsmanship...'
2025-08-10 16:03:52,203 - INFO -       🎯 Computing scores against original prompt: 'sapphire mace with gold-plated head...'
2025-08-10 16:05:10,209 - INFO -       📊 Validation score: 0.5309
2025-08-10 16:05:10,209 - INFO -       📉 Score declined: Consider different approach
2025-08-10 16:05:10,209 - INFO - 
   🔄 RL Round 8/18
2025-08-10 16:05:10,209 - INFO -       🎯 Strategy: aggressive_transformation (exploit)
2025-08-10 16:05:15,103 - INFO - [TRELLIS] GPU cache cleared: {'status': 'cache_cleared', 'available_memory_gb': 20.277362688}
2025-08-10 16:05:15,104 - INFO -       🔍 Validating...
2025-08-10 16:05:15,105 - INFO -       📝 Using optimized prompt for generation: 'a slender sapphire mace with a polished gold-plated head featuring intricate engravings showcasing exceptional durability and precise craftsmanship...'
2025-08-10 16:05:15,105 - INFO -       🎯 Computing scores against original prompt: 'sapphire mace with gold-plated head...'
2025-08-10 16:06:37,858 - INFO -       📊 Validation score: 0.9403
2025-08-10 16:06:37,862 - INFO -       📈 Improvement detected: aggressive_transformation working better
2025-08-10 16:06:37,862 - INFO - 
   🔄 RL Round 9/18
2025-08-10 16:06:37,862 - INFO -       🎯 Strategy: aggressive_transformation (exploit)
2025-08-10 16:06:41,991 - INFO - [TRELLIS] GPU cache cleared: {'status': 'cache_cleared', 'available_memory_gb': 20.277362688}
2025-08-10 16:06:41,992 - INFO -       🔍 Validating...
2025-08-10 16:06:41,993 - INFO -       📝 Using optimized prompt for generation: 'a slender sapphire mace with a gold-plated head featuring precision-crafted engravings showcasing intricate patterns, delicate filigree work, and exceptional craftsmanship, front view, accurate, complete, white background...'
2025-08-10 16:06:41,996 - INFO -       🎯 Computing scores against original prompt: 'sapphire mace with gold-plated head...'
2025-08-10 16:08:01,941 - INFO -       📊 Validation score: 0.9357
2025-08-10 16:08:01,942 - INFO -       📉 Score declined: Consider different approach
2025-08-10 16:08:01,942 - INFO - 
   🔄 RL Round 10/18
2025-08-10 16:08:01,943 - INFO -       🎯 Strategy: aggressive_transformation (exploit)
2025-08-10 16:08:06,765 - INFO - [TRELLIS] GPU cache cleared: {'status': 'cache_cleared', 'available_memory_gb': 20.277362688}
2025-08-10 16:08:06,765 - INFO -       🔍 Validating...
2025-08-10 16:08:06,767 - INFO -       📝 Using optimized prompt for generation: 'a slender sapphire mace with a gold-plated head featuring meticulously crafted engravings showcasing exceptional attention to detail and precise metalwork...'
2025-08-10 16:08:06,767 - INFO -       🎯 Computing scores against original prompt: 'sapphire mace with gold-plated head...'
2025-08-10 16:09:24,309 - INFO -       📊 Validation score: 0.9640
2025-08-10 16:09:24,309 - INFO -       📈 Improvement detected: aggressive_transformation working better
2025-08-10 16:09:24,309 - INFO - 
   🔄 RL Round 11/18
2025-08-10 16:09:24,309 - INFO -       🎯 Strategy: minimalist_refinement (explore)
2025-08-10 16:09:28,721 - INFO - [TRELLIS] GPU cache cleared: {'status': 'cache_cleared', 'available_memory_gb': 20.277362688}
2025-08-10 16:09:28,722 - INFO -       🔍 Validating...
2025-08-10 16:09:28,723 - INFO -       📝 Using optimized prompt for generation: 'a slender sapphire mace with intricate gold-plating featuring precise etching and ornate engravings showcasing exceptional craftsmanship, front view, accurate, complete, white background...'
2025-08-10 16:09:28,723 - INFO -       🎯 Computing scores against original prompt: 'sapphire mace with gold-plated head...'
2025-08-10 16:10:46,727 - INFO -       📊 Validation score: 0.9465
2025-08-10 16:10:46,728 - INFO -       📉 Score declined: Consider different approach
2025-08-10 16:10:46,728 - INFO - 
   🔄 RL Round 12/18
2025-08-10 16:10:46,728 - INFO -       🎯 Strategy: conservative_enhancement (explore)
2025-08-10 16:10:52,125 - INFO - [TRELLIS] GPU cache cleared: {'status': 'cache_cleared', 'available_memory_gb': 20.277362688}
2025-08-10 16:10:52,126 - INFO -       🔍 Validating...
2025-08-10 16:10:52,127 - INFO -       📝 Using optimized prompt for generation: 'a slender sapphire mace with intricate gold-plating featuring precision-crafted engravings showcasing exceptional attention to detail and masterful metalwork, front view, accurate, complete, white background...'
2025-08-10 16:10:52,127 - INFO -       🎯 Computing scores against original prompt: 'sapphire mace with gold-plated head...'
2025-08-10 16:12:09,126 - INFO -       📊 Validation score: 0.9398
2025-08-10 16:12:09,127 - INFO -       ✅ Convergence achieved: Convergence threshold met (improvement: -0.007)
2025-08-10 16:12:09,186 - INFO - 
🎯 RL LOOP COMPLETE:
2025-08-10 16:12:09,190 - INFO -    Best prompt: a slender sapphire mace with a gold-plated head featuring detailed engravings and ornate knotwork patterns, precise craftsmanship
2025-08-10 16:12:09,190 - INFO -    Best score: 0.9713
2025-08-10 16:12:09,190 - INFO -    Rounds: 12
2025-08-10 16:12:09,190 - INFO -    Convergence: True
2025-08-10 16:12:09,190 - INFO -    Convergence reason: Convergence threshold met (improvement: -0.007)
2025-08-10 16:12:09,190 - INFO -    Exploration ratio: 33.3%
2025-08-10 16:12:09,190 - INFO -    Insights learned: 2
2025-08-10 16:12:09,190 - INFO -    Total time: 1042.28s
2025-08-10 16:12:09,191 - INFO - Prompt optimized in 12 rounds: 0.958 → 0.971 (+0.014)
2025-08-10 16:12:09,191 - INFO - ✅ Target score achieved!
2025-08-10 16:12:09,198 - INFO - 
--- Episode 1, Prompt 24 (Total: 26) ---
2025-08-10 16:12:09,201 - INFO - Optimizing: 'teal camper van rooftop tent and awning'
2025-08-10 16:12:09,201 - INFO - 🔍 Checking server availability before optimization...
2025-08-10 16:12:09,211 - INFO - ✅ Server is available (status: completed)
2025-08-10 16:12:09,211 - INFO - 📝 Marked server as used at 1754842329.211728
2025-08-10 16:12:09,211 - INFO - ✅ Server is available and marked as used
2025-08-10 16:12:11,822 - INFO - 🔄 Reproducibility optimization applied:
2025-08-10 16:12:11,822 - INFO -    Original: teal camper van rooftop tent and awning
2025-08-10 16:12:11,823 - INFO -    Optimized: wbgmsst, A sleek camper van with a modern rooftop tent featuring retractable awning and gleaming silver accents is placed on a white background.
2025-08-10 16:12:11,823 - INFO -    Similarity: 1.000
2025-08-10 16:12:11,823 - INFO -    Gold score: 0.8626
2025-08-10 16:12:11,823 - INFO -       🔧 Overriding endpoint: generate/baolei/
2025-08-10 16:12:11,824 - INFO -       🔧 Using endpoint: generate/baolei/
2025-08-10 16:12:11,831 - INFO - 
🔄 RL LOOP OPTIMIZATION: 'teal camper van rooftop tent and awning'
2025-08-10 16:12:11,831 - INFO -    Session: rl_session_1754842331_8493
2025-08-10 16:12:11,831 - INFO -    Max rounds: 18
2025-08-10 16:12:11,831 - INFO -    Min rounds before convergence: 5
2025-08-10 16:12:11,831 - INFO -    Target score: 0.99
2025-08-10 16:12:11,832 - INFO -       🎯 Found previous best attempt: teal camper van with sleek, modern rooftop tent featuring retractable awning and gleaming silver accents, streamlined silhouette, precise stitching, front view, accurate, complete, front view, accurate, complete, white background (score: 0.8835)
2025-08-10 16:12:11,832 - INFO -       🎯 Strategy used: material_focus
2025-08-10 16:12:11,833 - INFO -       🎯 Session ID: rl_session_1754797095_8384
2025-08-10 16:12:11,833 - INFO -       🎯 Past final best prompt: teal camper van with sleek, modern rooftop tent featuring retractable awning and gleaming silver accents, streamlined silhouette, precise stitching, front view, accurate, complete, front view, accurate, complete, white background
2025-08-10 16:12:11,834 - INFO -       🎯 Past final best score: 0.884
2025-08-10 16:12:11,834 - INFO -       🎯 Past session ID: rl_session_1754797095_8384
2025-08-10 16:12:11,835 - INFO -       🎯 Past learned insights: Best performing strategy in session: material_focus, Explored 4 different strategies
2025-08-10 16:12:11,835 - INFO -       🎯 Past strategy performance updates: {'aggressive_transformation': 0.015536829102339, 'hybrid_approach': -0.14887611562615832, 'material_focus': 0.00982057996301422, 'artistic_elaboration': -0.08623455418557557}
2025-08-10 16:12:11,836 - INFO -       🎯 Past final best prompt: teal camper van with sleek, modern rooftop tent featuring retractable awning and gleaming silver accents, streamlined silhouette, precise stitching, front view, accurate, complete, front view, accurate, complete, white background
2025-08-10 16:12:11,836 - INFO -       🎯 Past final best score: 0.884
2025-08-10 16:12:11,838 - INFO - 
   🔄 RL Round 1/18
2025-08-10 16:12:11,841 - INFO -       🎯 Strategy: aggressive_transformation (exploit)
2025-08-10 16:12:18,038 - INFO - [TRELLIS] GPU cache cleared: {'status': 'cache_cleared', 'available_memory_gb': 20.277362688}
2025-08-10 16:12:18,039 - INFO -       🔍 Validating...
2025-08-10 16:12:18,040 - INFO -       📝 Using optimized prompt for generation: 'teal camper van with sleek, modern rooftop tent featuring retractable awning, gleaming silver accents, and precision-crafted stitching, showcased in a clean white environment with minimal distractions, front view, accurate, complete, white background...'
2025-08-10 16:12:18,041 - INFO -       🎯 Computing scores against original prompt: 'teal camper van rooftop tent and awning...'
2025-08-10 16:13:42,794 - INFO -       📊 Validation score: 0.8615
2025-08-10 16:13:42,795 - INFO - 
   🔄 RL Round 2/18
2025-08-10 16:13:42,795 - INFO -       🎯 Strategy: aggressive_transformation (exploit)
2025-08-10 16:13:49,096 - INFO - [TRELLIS] GPU cache cleared: {'status': 'cache_cleared', 'available_memory_gb': 20.277362688}
2025-08-10 16:13:49,097 - INFO -       🔍 Validating...
2025-08-10 16:13:49,098 - INFO -       📝 Using optimized prompt for generation: 'teal camper van with sleek, modern rooftop tent featuring retractable awning and gleaming silver accents, streamlined profile, precise stitching, side view, front view, accurate, complete, white background...'
2025-08-10 16:13:49,098 - INFO -       🎯 Computing scores against original prompt: 'teal camper van rooftop tent and awning...'
2025-08-10 16:15:13,355 - INFO -       📊 Validation score: 0.7118
2025-08-10 16:15:13,356 - INFO -       📉 Score declined: Consider different approach
2025-08-10 16:15:13,356 - INFO - 
   🔄 RL Round 3/18
2025-08-10 16:15:13,356 - INFO -       🎯 Strategy: conservative_enhancement (exploit)
2025-08-10 16:15:18,787 - INFO - [TRELLIS] GPU cache cleared: {'status': 'cache_cleared', 'available_memory_gb': 20.277362688}
2025-08-10 16:15:18,790 - INFO -       🔍 Validating...
2025-08-10 16:15:18,790 - INFO -       📝 Using optimized prompt for generation: 'teal camper van with sleek, modern rooftop tent featuring retractable awning and gleaming silver accents, precision-engineered hinges, ergonomic handholds, white background, front view, accurate, complete, white background...'
2025-08-10 16:15:18,790 - INFO -       🎯 Computing scores against original prompt: 'teal camper van rooftop tent and awning...'
2025-08-10 16:16:42,940 - INFO -       📊 Validation score: 0.7916
2025-08-10 16:16:42,941 - INFO -       📈 Improvement detected: conservative_enhancement working better
2025-08-10 16:16:42,941 - INFO - 
   🔄 RL Round 4/18
2025-08-10 16:16:42,941 - INFO -       🎯 Strategy: aggressive_transformation (explore)
2025-08-10 16:16:48,066 - INFO - [TRELLIS] GPU cache cleared: {'status': 'cache_cleared', 'available_memory_gb': 20.277362688}
2025-08-10 16:16:48,069 - INFO -       🔍 Validating...
2025-08-10 16:16:48,070 - INFO -       📝 Using optimized prompt for generation: 'teal camper van with sleek, modern rooftop tent featuring retractable awning and gleaming silver accents, aerodynamic lines, precision-cut stitching, side view, accurate, complete, front view, accurate, complete, white background...'
2025-08-10 16:16:48,073 - INFO -       🎯 Computing scores against original prompt: 'teal camper van rooftop tent and awning...'
2025-08-10 16:18:13,369 - INFO -       📊 Validation score: 0.4187
2025-08-10 16:18:13,371 - INFO -       📉 Score declined: Consider different approach
2025-08-10 16:18:13,373 - INFO -       🔍 Increasing exploration to 0.40
2025-08-10 16:18:13,373 - INFO - 
   🔄 RL Round 5/18
2025-08-10 16:18:13,373 - INFO -       🎯 Strategy: minimalist_refinement (exploit)
2025-08-10 16:18:17,737 - INFO - [TRELLIS] GPU cache cleared: {'status': 'cache_cleared', 'available_memory_gb': 20.277362688}
2025-08-10 16:18:17,739 - INFO -       🔍 Validating...
2025-08-10 16:18:17,741 - INFO -       📝 Using optimized prompt for generation: 'teal camper van with sleek, modern rooftop tent featuring retractable awning, precision-crafted silver accents, ergonomic handle design, and weathered wood grain texture...'
2025-08-10 16:18:17,741 - INFO -       🎯 Computing scores against original prompt: 'teal camper van rooftop tent and awning...'
2025-08-10 16:19:45,936 - INFO -       📊 Validation score: 0.7139
2025-08-10 16:19:45,937 - INFO -       📈 Improvement detected: minimalist_refinement working better
2025-08-10 16:19:45,938 - INFO - 
   🔄 RL Round 6/18
2025-08-10 16:19:45,938 - INFO -       🎯 Strategy: aggressive_transformation (explore)
2025-08-10 16:19:50,906 - INFO - [TRELLIS] GPU cache cleared: {'status': 'cache_cleared', 'available_memory_gb': 20.277362688}
2025-08-10 16:19:50,907 - INFO -       🔍 Validating...
2025-08-10 16:19:50,907 - INFO -       📝 Using optimized prompt for generation: 'teal camper van with sleek, modern rooftop tent featuring retractable awning and gleaming silver accents, streamlined silhouette, precise stitching on the awning fabric, front view, accurate, complete, white background...'
2025-08-10 16:19:50,908 - INFO -       🎯 Computing scores against original prompt: 'teal camper van rooftop tent and awning...'
2025-08-10 16:21:18,367 - INFO -       📊 Validation score: 0.6530
2025-08-10 16:21:18,368 - INFO -       📉 Score declined: Consider different approach
2025-08-10 16:21:18,370 - INFO - 
   🔄 RL Round 7/18
2025-08-10 16:21:18,371 - INFO -       🎯 Strategy: aggressive_transformation (explore)
2025-08-10 16:21:24,434 - INFO - [TRELLIS] GPU cache cleared: {'status': 'cache_cleared', 'available_memory_gb': 20.277362688}
2025-08-10 16:21:24,437 - INFO -       🔍 Validating...
2025-08-10 16:21:24,437 - INFO -       📝 Using optimized prompt for generation: 'teal camper van with sleek, modern rooftop tent featuring retractable awning and gleaming silver accents, streamlined silhouette, precise stitching, front view, accurate, complete, white background...'
2025-08-10 16:21:24,437 - INFO -       🎯 Computing scores against original prompt: 'teal camper van rooftop tent and awning...'
2025-08-10 16:22:52,102 - INFO -       📊 Validation score: 0.8904
2025-08-10 16:22:52,102 - INFO -       🎯 New best score: 0.8904
2025-08-10 16:22:52,103 - INFO -       📈 Improvement detected: aggressive_transformation working better
2025-08-10 16:22:52,103 - INFO - 
   🔄 RL Round 8/18
2025-08-10 16:22:52,103 - INFO -       🎯 Strategy: material_focus (explore)
2025-08-10 16:22:56,878 - INFO - [TRELLIS] GPU cache cleared: {'status': 'cache_cleared', 'available_memory_gb': 20.277362688}
2025-08-10 16:22:56,879 - INFO -       🔍 Validating...
2025-08-10 16:22:56,880 - INFO -       📝 Using optimized prompt for generation: 'teal camper van with sleek, modern rooftop tent featuring retractable awning and gleaming silver accents, streamlined silhouette, precision-crafted stitching, robust hardware, precise hinges, white background, front view, accurate, complete, white background...'
2025-08-10 16:22:56,880 - INFO -       🎯 Computing scores against original prompt: 'teal camper van rooftop tent and awning...'
2025-08-10 16:24:22,730 - INFO -       📊 Validation score: 0.7729
2025-08-10 16:24:22,730 - INFO -       📉 Score declined: Consider different approach
2025-08-10 16:24:22,731 - INFO - 
   🔄 RL Round 9/18
2025-08-10 16:24:22,731 - INFO -       🎯 Strategy: minimalist_refinement (exploit)
2025-08-10 16:24:27,968 - INFO - [TRELLIS] GPU cache cleared: {'status': 'cache_cleared', 'available_memory_gb': 20.277362688}
2025-08-10 16:24:27,969 - INFO -       🔍 Validating...
2025-08-10 16:24:27,970 - INFO -       📝 Using optimized prompt for generation: 'teal camper van with sleek, modern rooftop tent featuring retractable awning and gleaming silver accents, precision-crafted stitching, aerodynamic shape, and a streamlined silhouette, accurate, complete, front view, accurate, complete, white background...'
2025-08-10 16:24:27,973 - INFO -       🎯 Computing scores against original prompt: 'teal camper van rooftop tent and awning...'
2025-08-10 16:25:54,174 - INFO -       📊 Validation score: 0.7394
2025-08-10 16:25:54,175 - INFO -       📉 Score declined: Consider different approach
2025-08-10 16:25:54,175 - INFO - 
   🔄 RL Round 10/18
2025-08-10 16:25:54,175 - INFO -       🎯 Strategy: conservative_enhancement (exploit)
2025-08-10 16:25:59,552 - INFO - [TRELLIS] GPU cache cleared: {'status': 'cache_cleared', 'available_memory_gb': 20.277362688}
2025-08-10 16:25:59,553 - INFO -       🔍 Validating...
2025-08-10 16:25:59,556 - INFO -       📝 Using optimized prompt for generation: 'teal camper van with sleek, modern rooftop tent featuring retractable awning and gleaming silver accents, precision-crafted stitching, streamlined silhouette, weathered wood grain finish, white background, front view, accurate, complete, white background...'
2025-08-10 16:25:59,556 - INFO -       🎯 Computing scores against original prompt: 'teal camper van rooftop tent and awning...'
2025-08-10 16:27:23,978 - INFO -       📊 Validation score: 0.8566
2025-08-10 16:27:23,978 - INFO -       📈 Improvement detected: conservative_enhancement working better
2025-08-10 16:27:23,978 - INFO - 
   🔄 RL Round 11/18
2025-08-10 16:27:23,979 - INFO -       🎯 Strategy: material_focus (explore)
2025-08-10 16:27:30,706 - INFO - [TRELLIS] GPU cache cleared: {'status': 'cache_cleared', 'available_memory_gb': 20.277362688}
2025-08-10 16:27:30,707 - INFO -       🔍 Validating...
2025-08-10 16:27:30,707 - INFO -       📝 Using optimized prompt for generation: 'teal camper van with sleek, modern rooftop tent featuring retractable awning and gleaming silver accents, precision-crafted lines, ergonomic design elements, front view, accurate, complete, white background...'
2025-08-10 16:27:30,707 - INFO -       🎯 Computing scores against original prompt: 'teal camper van rooftop tent and awning...'
2025-08-10 16:28:58,663 - INFO -       📊 Validation score: 0.7109
2025-08-10 16:28:58,664 - INFO -       📉 Score declined: Consider different approach
2025-08-10 16:28:58,664 - INFO - 
   🔄 RL Round 12/18
2025-08-10 16:28:58,664 - INFO -       🎯 Strategy: material_focus (explore)
2025-08-10 16:29:04,414 - INFO - [TRELLIS] GPU cache cleared: {'status': 'cache_cleared', 'available_memory_gb': 20.277362688}
2025-08-10 16:29:04,415 - INFO -       🔍 Validating...
2025-08-10 16:29:04,416 - INFO -       📝 Using optimized prompt for generation: 'teal camper van with sleek, modern rooftop tent featuring retractable awning and gleaming silver accents, precision-crafted stitching, textured fabric, and rust-resistant hardware, front view, front view, accurate, complete, white background...'
2025-08-10 16:29:04,416 - INFO -       🎯 Computing scores against original prompt: 'teal camper van rooftop tent and awning...'
2025-08-10 16:30:51,446 - INFO -       📊 Validation score: 0.7436
2025-08-10 16:30:51,447 - INFO -       📈 Improvement detected: material_focus working better
2025-08-10 16:30:51,447 - INFO - 
   🔄 RL Round 13/18
2025-08-10 16:30:51,447 - INFO -       🎯 Strategy: material_focus (explore)
2025-08-10 16:30:56,997 - INFO - [TRELLIS] GPU cache cleared: {'status': 'cache_cleared', 'available_memory_gb': 20.277362688}
2025-08-10 16:30:56,998 - INFO -       🔍 Validating...
2025-08-10 16:30:56,999 - INFO -       📝 Using optimized prompt for generation: 'teal camper van with sleek, modern rooftop tent featuring retractable awning and gleaming silver accents, streamlined silhouette, precision-crafted stitching, front view, accurate, complete...'
2025-08-10 16:30:56,999 - INFO -       🎯 Computing scores against original prompt: 'teal camper van rooftop tent and awning...'
2025-08-10 16:32:17,182 - INFO -       📊 Validation score: 0.8331
2025-08-10 16:32:17,183 - INFO -       📈 Improvement detected: material_focus working better
2025-08-10 16:32:17,183 - INFO - 
   🔄 RL Round 14/18
2025-08-10 16:32:17,183 - INFO -       🎯 Strategy: conservative_enhancement (exploit)
2025-08-10 16:32:24,151 - INFO - [TRELLIS] GPU cache cleared: {'status': 'cache_cleared', 'available_memory_gb': 20.277362688}
2025-08-10 16:32:24,151 - INFO -       🔍 Validating...
2025-08-10 16:32:24,152 - INFO -       📝 Using optimized prompt for generation: 'teal camper van with sleek, modern rooftop tent featuring retractable awning and gleaming silver accents, precision-crafted details, ergonomic design, front view, front view, accurate, complete, white background...'
2025-08-10 16:32:24,152 - INFO -       🎯 Computing scores against original prompt: 'teal camper van rooftop tent and awning...'
2025-08-10 16:33:47,728 - INFO -       📊 Validation score: 0.6038
2025-08-10 16:33:47,728 - INFO -       📉 Score declined: Consider different approach
2025-08-10 16:33:47,728 - INFO - 
   🔄 RL Round 15/18
2025-08-10 16:33:47,728 - INFO -       🎯 Strategy: hybrid_approach (exploit)
2025-08-10 16:33:52,920 - INFO - [TRELLIS] GPU cache cleared: {'status': 'cache_cleared', 'available_memory_gb': 20.277362688}
2025-08-10 16:33:52,920 - INFO -       🔍 Validating...
2025-08-10 16:33:52,921 - INFO -       📝 Using optimized prompt for generation: 'teal camper van with sleek, modern rooftop tent featuring retractable awning and gleaming silver accents, precision-crafted stitching, ergonomic door handles, matte-finish wheels, white background...'
2025-08-10 16:33:52,922 - INFO -       🎯 Computing scores against original prompt: 'teal camper van rooftop tent and awning...'
2025-08-10 16:35:14,853 - INFO -       📊 Validation score: 0.7547
2025-08-10 16:35:14,853 - INFO -       📈 Improvement detected: hybrid_approach working better
2025-08-10 16:35:14,854 - INFO - 
   🔄 RL Round 16/18
2025-08-10 16:35:14,854 - INFO -       🔍 Explore performing better - increasing epsilon to 0.39
2025-08-10 16:35:14,854 - INFO -       🎯 Strategy: aggressive_transformation (exploit)
2025-08-10 16:35:19,416 - INFO - [TRELLIS] GPU cache cleared: {'status': 'cache_cleared', 'available_memory_gb': 20.277362688}
2025-08-10 16:35:19,418 - INFO -       🔍 Validating...
2025-08-10 16:35:19,419 - INFO -       📝 Using optimized prompt for generation: 'teal camper van with sleek, modern rooftop tent featuring retractable awning and gleaming silver accents, precision-crafted stitching, subtle weathering, front view, accurate, complete, front view, accurate, complete, white background...'
2025-08-10 16:35:19,419 - INFO -       🎯 Computing scores against original prompt: 'teal camper van rooftop tent and awning...'
2025-08-10 16:36:41,730 - INFO -       📊 Validation score: 0.7998
2025-08-10 16:36:41,731 - INFO -       📈 Improvement detected: aggressive_transformation working better
2025-08-10 16:36:41,731 - INFO - 
   🔄 RL Round 17/18
2025-08-10 16:36:41,731 - INFO -       🎯 Strategy: material_focus (exploit)
2025-08-10 16:36:46,969 - INFO - [TRELLIS] GPU cache cleared: {'status': 'cache_cleared', 'available_memory_gb': 20.277362688}
2025-08-10 16:36:46,973 - INFO -       🔍 Validating...
2025-08-10 16:36:46,975 - INFO -       📝 Using optimized prompt for generation: 'teal camper van with sleek, modern rooftop tent featuring retractable awning, precision-crafted gleaming silver accents, streamlined silhouette, perfect proportions, complete details, front view, accurate, complete, white background...'
2025-08-10 16:36:46,975 - INFO -       🎯 Computing scores against original prompt: 'teal camper van rooftop tent and awning...'
2025-08-10 16:38:15,107 - INFO -       📊 Validation score: 0.6207
2025-08-10 16:38:15,108 - INFO -       📉 Score declined: Consider different approach
2025-08-10 16:38:15,108 - INFO - 
   🔄 RL Round 18/18
2025-08-10 16:38:15,108 - INFO -       🔍 Explore performing better - increasing epsilon to 0.44
2025-08-10 16:38:15,108 - INFO -       🎯 Strategy: hybrid_approach (exploit)
2025-08-10 16:38:20,796 - INFO - [TRELLIS] GPU cache cleared: {'status': 'cache_cleared', 'available_memory_gb': 20.277362688}
2025-08-10 16:38:20,800 - INFO -       🔍 Validating...
2025-08-10 16:38:20,800 - INFO -       📝 Using optimized prompt for generation: 'teal camper van with sleek, modern rooftop tent featuring retractable awning and gleaming silver accents, streamlined silhouette, precise stitching, side view, accurate, complete, front view, accurate, complete, white background...'
2025-08-10 16:38:20,800 - INFO -       🎯 Computing scores against original prompt: 'teal camper van rooftop tent and awning...'
2025-08-10 16:39:54,532 - INFO -       📊 Validation score: 0.7482
2025-08-10 16:39:54,533 - INFO -       🔍 Explore performing better - stricter convergence threshold: 0.005
2025-08-10 16:39:54,604 - INFO - 
🎯 RL LOOP COMPLETE:
2025-08-10 16:39:54,605 - INFO -    Best prompt: teal camper van with sleek, modern rooftop tent featuring retractable awning and gleaming silver accents, streamlined silhouette, precise stitching, front view, accurate, complete, white background
2025-08-10 16:39:54,605 - INFO -    Best score: 0.8904
2025-08-10 16:39:54,606 - INFO -    Rounds: 18
2025-08-10 16:39:54,606 - INFO -    Convergence: False
2025-08-10 16:39:54,607 - INFO -    Convergence reason: Not converged
2025-08-10 16:39:54,607 - INFO -    Exploration ratio: 38.9%
2025-08-10 16:39:54,608 - INFO -    Insights learned: 2
2025-08-10 16:39:54,608 - INFO -    Total time: 1662.70s
2025-08-10 16:39:54,609 - INFO - Prompt optimized in 18 rounds: 0.862 → 0.890 (+0.029)
2025-08-10 16:39:54,609 - INFO - ⏰ Max rounds reached
2025-08-10 16:39:54,615 - INFO - 
--- Episode 1, Prompt 25 (Total: 26) ---
2025-08-10 16:39:54,616 - INFO - Optimizing: 'teal suv with'
2025-08-10 16:39:54,616 - INFO - 🔍 Checking server availability before optimization...
2025-08-10 16:39:54,631 - INFO - ✅ Server is available (status: completed)
2025-08-10 16:39:54,631 - INFO - 📝 Marked server as used at 1754843994.6318588
2025-08-10 16:39:54,632 - INFO - ✅ Server is available and marked as used
2025-08-10 16:39:57,229 - INFO - 🔄 Reproducibility optimization applied:
2025-08-10 16:39:57,232 - INFO -    Original: teal suv with
2025-08-10 16:39:57,232 - INFO -    Optimized: wbgmsst, an accurate and complete sleek teal SUV with aerodynamic lines, tinted windows, and a subtle LED light strip, viewed from the front, on a white background.
2025-08-10 16:39:57,232 - INFO -    Similarity: 1.000
2025-08-10 16:39:57,232 - INFO -    Gold score: 0.9009
2025-08-10 16:39:57,232 - INFO -       🔧 Overriding endpoint: generate/baolei/
2025-08-10 16:39:57,232 - INFO -       🔧 Using endpoint: generate/baolei/
2025-08-10 16:39:57,239 - INFO - 
🔄 RL LOOP OPTIMIZATION: 'teal suv with'
2025-08-10 16:39:57,242 - INFO -    Session: rl_session_1754843997_9667
2025-08-10 16:39:57,242 - INFO -    Max rounds: 18
2025-08-10 16:39:57,242 - INFO -    Min rounds before convergence: 5
2025-08-10 16:39:57,242 - INFO -    Target score: 0.99
2025-08-10 16:39:57,242 - INFO -       🎯 Found previous best attempt: a sleek teal SUV with aerodynamic lines, tinted windows that blend seamlessly into the body, and a subtle LED light strip running along the side mirrors, front view, accurate, complete, white background (score: 0.9015)
2025-08-10 16:39:57,242 - INFO -       🎯 Strategy used: conservative_enhancement
2025-08-10 16:39:57,242 - INFO -       🎯 Session ID: rl_session_1754793461_5271
2025-08-10 16:39:57,243 - INFO -       🎯 Past final best prompt: a sleek teal SUV with aerodynamic lines, tinted windows that blend seamlessly into the body, and a subtle LED light strip running along the side mirrors, front view, accurate, complete, white background
2025-08-10 16:39:57,246 - INFO -       🎯 Past final best score: 0.901
2025-08-10 16:39:57,246 - INFO -       🎯 Past session ID: rl_session_1754793461_5271
2025-08-10 16:39:57,246 - INFO -       🎯 Past learned insights: Iterative improvement successful: 0.751 → 0.901, Best performing strategy in session: conservative_enhancement, Explored 4 different strategies
2025-08-10 16:39:57,246 - INFO -       🎯 Past strategy performance updates: {'hybrid_approach': -0.05576789430910967, 'artistic_elaboration': 0.03834170800668546, 'conservative_enhancement': -0.04962978082865466, 'technical_precision': 0.11055864715308461}
2025-08-10 16:39:57,246 - INFO -       🎯 Past final best prompt: a sleek teal SUV with aerodynamic lines, tinted windows that blend seamlessly into the body, and a subtle LED light strip running along the side mirrors, front view, accurate, complete, white background
2025-08-10 16:39:57,246 - INFO -       🎯 Past final best score: 0.901
2025-08-10 16:39:57,246 - INFO - 
   🔄 RL Round 1/18
2025-08-10 16:39:57,246 - INFO -       🔍 Explore performing better - increasing epsilon to 0.48
2025-08-10 16:39:57,246 - INFO -       🎯 Strategy: hybrid_approach (exploit)
2025-08-10 16:40:03,757 - INFO - [TRELLIS] GPU cache cleared: {'status': 'cache_cleared', 'available_memory_gb': 20.277362688}
2025-08-10 16:40:03,757 - INFO -       🔍 Validating...
2025-08-10 16:40:03,758 - INFO -       📝 Using optimized prompt for generation: 'a futuristic teal SUV with aerodynamic lines, metallic accents that mirror the body's curves, and a subtle LED light strip running along the side mirrors, front view, accurate, complete, white background...'
2025-08-10 16:40:03,758 - INFO -       🎯 Computing scores against original prompt: 'teal suv with...'
2025-08-10 16:41:27,239 - INFO -       📊 Validation score: 0.8453
2025-08-10 16:41:27,239 - INFO - 
   🔄 RL Round 2/18
2025-08-10 16:41:27,239 - INFO -       🎯 Strategy: material_focus (explore)
2025-08-10 16:41:34,358 - INFO - [TRELLIS] GPU cache cleared: {'status': 'cache_cleared', 'available_memory_gb': 20.277362688}
2025-08-10 16:41:34,360 - INFO -       🔍 Validating...
2025-08-10 16:41:34,360 - INFO -       📝 Using optimized prompt for generation: 'a futuristic teal SUV with aerodynamic lines, metallic accents that mirror the body's curves, and a dynamic LED light strip running along the side mirrors, giving it an adaptive appearance, front view, accurate, complete, white background...'
2025-08-10 16:41:34,363 - INFO -       🎯 Computing scores against original prompt: 'teal suv with...'
2025-08-10 16:43:05,175 - INFO -       📊 Validation score: 0.8716
2025-08-10 16:43:05,176 - INFO -       📈 Improvement detected: material_focus working better
2025-08-10 16:43:05,176 - INFO - 
   🔄 RL Round 3/18
2025-08-10 16:43:05,176 - INFO -       🎯 Strategy: minimalist_refinement (explore)
2025-08-10 16:43:10,367 - INFO - [TRELLIS] GPU cache cleared: {'status': 'cache_cleared', 'available_memory_gb': 20.277362688}
2025-08-10 16:43:10,370 - INFO -       🔍 Validating...
2025-08-10 16:43:10,370 - INFO -       📝 Using optimized prompt for generation: 'a sleek teal SUV with aerodynamic lines, tinted windows that blend seamlessly into the body, and a subtle LED light strip running along the side mirrors, front view, accurate, complete, white background...'
2025-08-10 16:43:10,370 - INFO -       🎯 Computing scores against original prompt: 'teal suv with...'
2025-08-10 16:45:09,843 - INFO -       📊 Validation score: 0.8999
2025-08-10 16:45:09,844 - INFO -       📈 Improvement detected: minimalist_refinement working better
2025-08-10 16:45:09,844 - INFO - 
   🔄 RL Round 4/18
2025-08-10 16:45:09,844 - INFO -       🔍 Explore performing better - increasing epsilon to 0.53
2025-08-10 16:45:09,844 - INFO -       🎯 Strategy: minimalist_refinement (exploit)
2025-08-10 16:45:14,399 - INFO - [TRELLIS] GPU cache cleared: {'status': 'cache_cleared', 'available_memory_gb': 20.277362688}
2025-08-10 16:45:14,400 - INFO -       🔍 Validating...
2025-08-10 16:45:14,401 - INFO -       📝 Using optimized prompt for generation: 'a sleek teal SUV with aerodynamic lines, tinted windows that blend seamlessly into the body, and a subtle LED light strip running along the side mirrors, rear view...'
2025-08-10 16:45:14,402 - INFO -       🎯 Computing scores against original prompt: 'teal suv with...'
2025-08-10 16:46:40,852 - INFO -       📊 Validation score: 0.8860
2025-08-10 16:46:40,854 - INFO -       📉 Score declined: Consider different approach
2025-08-10 16:46:40,854 - INFO - 
   🔄 RL Round 5/18
2025-08-10 16:46:40,855 - INFO -       🎯 Strategy: conservative_enhancement (explore)
2025-08-10 16:46:46,112 - INFO - [TRELLIS] GPU cache cleared: {'status': 'cache_cleared', 'available_memory_gb': 20.277362688}
2025-08-10 16:46:46,114 - INFO -       🔍 Validating...
2025-08-10 16:46:46,114 - INFO -       📝 Using optimized prompt for generation: 'a futuristic teal SUV with aerodynamic lines, tinted windows that blend seamlessly into the body, and a soft-glow LED light strip running along the side mirrors for enhanced visibility and ambient lighting, front view, accurate, complete, white background...'
2025-08-10 16:46:46,115 - INFO -       🎯 Computing scores against original prompt: 'teal suv with...'
2025-08-10 16:48:13,916 - INFO -       📊 Validation score: 0.8762
2025-08-10 16:48:13,917 - INFO -       ✅ Convergence achieved: Convergence threshold met (improvement: -0.010)
2025-08-10 16:48:13,994 - INFO - 
🎯 RL LOOP COMPLETE:
2025-08-10 16:48:13,996 - INFO -    Best prompt: a sleek teal SUV with aerodynamic lines, tinted windows that blend seamlessly into the body, and a subtle LED light strip running along the side mirrors, front view, accurate, complete, white background
2025-08-10 16:48:13,997 - INFO -    Best score: 0.9015
2025-08-10 16:48:13,997 - INFO -    Rounds: 5
2025-08-10 16:48:13,998 - INFO -    Convergence: True
2025-08-10 16:48:13,998 - INFO -    Convergence reason: Convergence threshold met (improvement: -0.010)
2025-08-10 16:48:13,999 - INFO -    Exploration ratio: 60.0%
2025-08-10 16:48:13,999 - INFO -    Insights learned: 3
2025-08-10 16:48:13,999 - INFO -    Total time: 496.68s
2025-08-10 16:48:14,000 - INFO - Prompt optimized in 5 rounds: 0.845 → 0.901 (+0.056)
2025-08-10 16:48:14,001 - INFO - ✅ Target score achieved!
2025-08-10 16:48:14,010 - INFO - 
--- Episode 1, Prompt 26 (Total: 26) ---
2025-08-10 16:48:14,013 - INFO - Optimizing: 'silver pendant necklace featuring infinity symbol'
2025-08-10 16:48:14,013 - INFO - 🔍 Checking server availability before optimization...
2025-08-10 16:48:14,030 - INFO - ✅ Server is available (status: completed)
2025-08-10 16:48:14,033 - INFO - 📝 Marked server as used at 1754844494.0332308
2025-08-10 16:48:14,033 - INFO - ✅ Server is available and marked as used
2025-08-10 16:48:16,549 - INFO - 🔄 Reproducibility optimization applied:
2025-08-10 16:48:16,550 - INFO -    Original: silver pendant necklace featuring infinity symbol
2025-08-10 16:48:16,550 - INFO -    Optimized: wbgmsst, show a delicate silver pendant necklace with accurate and complete fine filigree details, smooth rounded design, and silver material.
2025-08-10 16:48:16,550 - INFO -    Similarity: 1.000
2025-08-10 16:48:16,550 - INFO -    Gold score: 0.7948
2025-08-10 16:48:16,550 - INFO -       🔧 Overriding endpoint: generate/baolei/
2025-08-10 16:48:16,551 - INFO -       🔧 Using endpoint: generate/baolei/
2025-08-10 16:48:16,555 - INFO - 
🔄 RL LOOP OPTIMIZATION: 'silver pendant necklace featuring infinity symbol'
2025-08-10 16:48:16,555 - INFO -    Session: rl_session_1754844496_4524
2025-08-10 16:48:16,555 - INFO -    Max rounds: 18
2025-08-10 16:48:16,556 - INFO -    Min rounds before convergence: 5
2025-08-10 16:48:16,556 - INFO -    Target score: 0.99
2025-08-10 16:48:16,557 - INFO -       🎯 Found previous best attempt: a delicate silver pendant necklace featuring an ornate infinity symbol with fine filigree details and a smooth, rounded design, front view, accurate, complete, white background (score: 0.7948)
2025-08-10 16:48:16,557 - INFO -       🎯 Strategy used: technical_precision
2025-08-10 16:48:16,557 - INFO -       🎯 Session ID: rl_session_1754811976_5530
2025-08-10 16:48:16,557 - INFO -       🎯 Past final best prompt: a delicate silver pendant necklace featuring an ornate infinity symbol with fine filigree details and a smooth, rounded design, front view, accurate, complete, white background
2025-08-10 16:48:16,557 - INFO -       🎯 Past final best score: 0.795
2025-08-10 16:48:16,558 - INFO -       🎯 Past session ID: rl_session_1754811976_5530
2025-08-10 16:48:16,558 - INFO -       🎯 Past learned insights: Iterative improvement successful: 0.748 → 0.795, Best performing strategy in session: technical_precision, Explored 3 different strategies
2025-08-10 16:48:16,558 - INFO -       🎯 Past strategy performance updates: {'technical_precision': 0.08575527882925904}
2025-08-10 16:48:16,558 - INFO -       🎯 Past final best prompt: a delicate silver pendant necklace featuring an ornate infinity symbol with fine filigree details and a smooth, rounded design, front view, accurate, complete, white background
2025-08-10 16:48:16,558 - INFO -       🎯 Past final best score: 0.795
2025-08-10 16:48:16,559 - INFO - 
   🔄 RL Round 1/18
2025-08-10 16:48:16,559 - INFO -       🔍 Explore performing better - increasing epsilon to 0.57
2025-08-10 16:48:16,560 - INFO -       🎯 Strategy: minimalist_refinement (exploit)
2025-08-10 16:48:23,127 - INFO - [TRELLIS] GPU cache cleared: {'status': 'cache_cleared', 'available_memory_gb': 20.277362688}
2025-08-10 16:48:23,128 - INFO -       🔍 Validating...
2025-08-10 16:48:23,128 - INFO -       📝 Using optimized prompt for generation: 'a slender, delicate silver pendant necklace featuring an ornate infinity symbol with fine filigree details and a smooth, rounded design, front view, accurate, complete, white background...'
2025-08-10 16:48:23,129 - INFO -       🎯 Computing scores against original prompt: 'silver pendant necklace featuring infinity symbol...'
2025-08-10 16:49:39,222 - INFO -       📊 Validation score: 0.7602
2025-08-10 16:49:39,223 - INFO - 
   🔄 RL Round 2/18
2025-08-10 16:49:39,223 - INFO -       🔍 Explore performing better - increasing epsilon to 0.62
2025-08-10 16:49:39,223 - INFO -       🎯 Strategy: minimalist_refinement (exploit)
2025-08-10 16:49:45,433 - INFO - [TRELLIS] GPU cache cleared: {'status': 'cache_cleared', 'available_memory_gb': 20.277362688}
2025-08-10 16:49:45,434 - INFO -       🔍 Validating...
2025-08-10 16:49:45,434 - INFO -       📝 Using optimized prompt for generation: 'a slender, elegant silver pendant necklace featuring an intricate infinity symbol with delicate filigree details and a polished, oval-shaped silhouette...'
2025-08-10 16:49:45,434 - INFO -       🎯 Computing scores against original prompt: 'silver pendant necklace featuring infinity symbol...'
2025-08-10 16:51:03,408 - INFO -       📊 Validation score: 0.8299
2025-08-10 16:51:03,408 - INFO -       🎯 New best score: 0.8299
2025-08-10 16:51:03,408 - INFO -       📈 Improvement detected: minimalist_refinement working better
2025-08-10 16:51:03,408 - INFO - 
   🔄 RL Round 3/18
2025-08-10 16:51:03,409 - INFO -       🎯 Strategy: minimalist_refinement (explore)
2025-08-10 16:51:09,299 - INFO - [TRELLIS] GPU cache cleared: {'status': 'cache_cleared', 'available_memory_gb': 20.277362688}
2025-08-10 16:51:09,299 - INFO -       🔍 Validating...
2025-08-10 16:51:09,300 - INFO -       📝 Using optimized prompt for generation: 'a slender, elegant silver pendant necklace featuring an intricate infinity symbol with delicate filigree details and a smooth, rounded design, front view, accurate, complete, white background...'
2025-08-10 16:51:09,300 - INFO -       🎯 Computing scores against original prompt: 'silver pendant necklace featuring infinity symbol...'
2025-08-10 16:52:30,687 - INFO -       📊 Validation score: 0.7220
2025-08-10 16:52:30,687 - INFO -       📉 Score declined: Consider different approach
2025-08-10 16:52:30,687 - INFO - 
   🔄 RL Round 4/18
2025-08-10 16:52:30,687 - INFO -       🎯 Strategy: minimalist_refinement (explore)
2025-08-10 16:52:36,328 - INFO - [TRELLIS] GPU cache cleared: {'status': 'cache_cleared', 'available_memory_gb': 20.277362688}
2025-08-10 16:52:36,330 - INFO -       🔍 Validating...
2025-08-10 16:52:36,330 - INFO -       📝 Using optimized prompt for generation: 'a slender silver pendant necklace featuring a smooth, rounded infinity symbol with fine details and a subtle sheen, front view, accurate, complete, white background...'
2025-08-10 16:52:36,331 - INFO -       🎯 Computing scores against original prompt: 'silver pendant necklace featuring infinity symbol...'
2025-08-10 16:53:57,629 - WARNING -    🔧 Score 0.0 - clearing CUDA cache
2025-08-10 16:53:57,630 - INFO -       📊 Validation score: 0.0000
2025-08-10 16:53:57,630 - INFO - 
   🔄 RL Round 5/18
2025-08-10 16:53:57,631 - INFO -       🎯 Strategy: hybrid_approach (exploit)
2025-08-10 16:54:04,013 - INFO - [TRELLIS] GPU cache cleared: {'status': 'cache_cleared', 'available_memory_gb': 20.277362688}
2025-08-10 16:54:04,014 - INFO -       🔍 Validating...
2025-08-10 16:54:04,015 - INFO -       📝 Using optimized prompt for generation: 'a delicate silver pendant necklace featuring an ornate infinity symbol with intricate, swirling filigree patterns, fine details, and a smooth, rounded design, front view, accurate, complete, white background...'
2025-08-10 16:54:04,015 - INFO -       🎯 Computing scores against original prompt: 'silver pendant necklace featuring infinity symbol...'
2025-08-10 16:55:25,088 - INFO -       📊 Validation score: 0.8601
2025-08-10 16:55:25,089 - INFO -       🎯 New best score: 0.8601
2025-08-10 16:55:25,089 - INFO - 
   🔄 RL Round 6/18
2025-08-10 16:55:25,090 - INFO -       🎯 Strategy: hybrid_approach (exploit)
2025-08-10 16:55:30,459 - INFO - [TRELLIS] GPU cache cleared: {'status': 'cache_cleared', 'available_memory_gb': 20.277362688}
2025-08-10 16:55:30,460 - INFO -       🔍 Validating...
2025-08-10 16:55:30,461 - INFO -       📝 Using optimized prompt for generation: 'a slender, exquisite silver pendant necklace featuring an ornate infinity symbol with fine filigree details, subtle engravings, and a smooth, rounded design, front view, accurate, complete, white background...'
2025-08-10 16:55:30,464 - INFO -       🎯 Computing scores against original prompt: 'silver pendant necklace featuring infinity symbol...'
2025-08-10 16:56:55,557 - INFO -       📊 Validation score: 0.8155
2025-08-10 16:56:55,558 - INFO -       📉 Score declined: Consider different approach
2025-08-10 16:56:55,558 - INFO - 
   🔄 RL Round 7/18
2025-08-10 16:56:55,558 - INFO -       🎯 Strategy: hybrid_approach (exploit)
2025-08-10 16:57:02,148 - INFO - [TRELLIS] GPU cache cleared: {'status': 'cache_cleared', 'available_memory_gb': 20.277362688}
2025-08-10 16:57:02,149 - INFO -       🔍 Validating...
2025-08-10 16:57:02,149 - INFO -       📝 Using optimized prompt for generation: 'a slender silver pendant necklace featuring an intricately detailed infinity symbol with fine filigree and ornate patterns, front view, front view, accurate, complete, white background...'
2025-08-10 16:57:02,149 - INFO -       🎯 Computing scores against original prompt: 'silver pendant necklace featuring infinity symbol...'
2025-08-10 16:58:26,473 - WARNING -    🔧 Score 0.0 - clearing CUDA cache
2025-08-10 16:58:26,474 - INFO -       📊 Validation score: 0.0000
2025-08-10 16:58:26,474 - INFO - 
   🔄 RL Round 8/18
2025-08-10 16:58:26,474 - INFO -       🎯 Strategy: hybrid_approach (explore)
2025-08-10 16:58:33,071 - INFO - [TRELLIS] GPU cache cleared: {'status': 'cache_cleared', 'available_memory_gb': 20.277362688}
2025-08-10 16:58:33,074 - INFO -       🔍 Validating...
2025-08-10 16:58:33,074 - INFO -       📝 Using optimized prompt for generation: 'a slender, dainty silver pendant necklace featuring an intricately detailed ornate infinity symbol with intricate etching patterns and micro-engraved designs, front view, accurate, complete, white background...'
2025-08-10 16:58:33,074 - INFO -       🎯 Computing scores against original prompt: 'silver pendant necklace featuring infinity symbol...'
2025-08-10 17:00:01,283 - WARNING -    🔧 Score 0.0 - clearing CUDA cache
2025-08-10 17:00:01,284 - INFO -       📊 Validation score: 0.0000
2025-08-10 17:00:01,285 - INFO -       ✅ Convergence achieved: Convergence threshold met (improvement: 0.000)
2025-08-10 17:00:01,374 - INFO - 
🎯 RL LOOP COMPLETE:
2025-08-10 17:00:01,378 - INFO -    Best prompt: a delicate silver pendant necklace featuring an ornate infinity symbol with intricate, swirling filigree patterns, fine details, and a smooth, rounded design, front view, accurate, complete, white background
2025-08-10 17:00:01,378 - INFO -    Best score: 0.8601
2025-08-10 17:00:01,378 - INFO -    Rounds: 8
2025-08-10 17:00:01,378 - INFO -    Convergence: True
2025-08-10 17:00:01,378 - INFO -    Convergence reason: Convergence threshold met (improvement: 0.000)
2025-08-10 17:00:01,378 - INFO -    Exploration ratio: 37.5%
2025-08-10 17:00:01,378 - INFO -    Insights learned: 3
2025-08-10 17:00:01,379 - INFO -    Total time: 704.73s
2025-08-10 17:00:01,379 - INFO - Prompt optimized in 8 rounds: 0.760 → 0.860 (+0.100)
2025-08-10 17:00:01,380 - INFO - ✅ Target score achieved!
2025-08-10 17:00:01,390 - INFO - 
============================================================
2025-08-10 17:00:01,391 - INFO - EPISODE 1 SUMMARY
2025-08-10 17:00:01,391 - INFO - ============================================================
2025-08-10 17:00:01,391 - INFO - Success Rate: 73.1% (19/26)
2025-08-10 17:00:01,391 - INFO - Average Rounds: 10.6
2025-08-10 17:00:01,392 - INFO - Average Score Improvement: +0.085
2025-08-10 17:00:01,392 - INFO - Episode Duration: 24853.1s
2025-08-10 17:00:01,392 - INFO - New Principles Learned: 64
2025-08-10 17:00:03,398 - INFO - 
============================================================
2025-08-10 17:00:03,399 - INFO - STARTING EPISODE 2/2
2025-08-10 17:00:03,399 - INFO - ============================================================
2025-08-10 17:00:03,400 - INFO - 🔍 Checking server health at episode start...
2025-08-10 17:00:03,416 - INFO - ✅ Server health check passed
2025-08-10 17:00:03,425 - INFO - 
--- Episode 2, Prompt 1 (Total: 26) ---
2025-08-10 17:00:03,428 - INFO - Optimizing: 'gray robot with two round eyes'
2025-08-10 17:00:03,428 - INFO - 🔍 Checking server availability before optimization...
2025-08-10 17:00:03,437 - INFO - ✅ Server is available (status: completed)
2025-08-10 17:00:03,438 - INFO - 📝 Marked server as used at 1754845203.4385815
2025-08-10 17:00:03,442 - INFO - ✅ Server is available and marked as used
2025-08-10 17:00:06,923 - INFO - 🔄 Reproducibility optimization applied:
2025-08-10 17:00:06,923 - INFO -    Original: gray robot with two round eyes
2025-08-10 17:00:06,923 - INFO -    Optimized: wbgmsst, a sleek and aerodynamic robot with an accurate and complete metallic sheen, precision-crafted copper accents in gray, round eyes that reflects light in a mesmerizing pattern of swirling silver lines, a futuristic design with round edges, white background.
2025-08-10 17:00:06,924 - INFO -    Similarity: 0.636
2025-08-10 17:00:06,924 - INFO -    Gold score: 0.9444
2025-08-10 17:00:06,924 - INFO -       🔧 Overriding endpoint: generate/baolei/
2025-08-10 17:00:06,925 - INFO -       🔧 Using endpoint: generate/baolei/
2025-08-10 17:00:06,932 - INFO - 
🔄 RL LOOP OPTIMIZATION: 'gray robot with two round eyes'
2025-08-10 17:00:06,933 - INFO -    Session: rl_session_1754845206_2473
2025-08-10 17:00:06,933 - INFO -    Max rounds: 18
2025-08-10 17:00:06,933 - INFO -    Min rounds before convergence: 5
2025-08-10 17:00:06,933 - INFO -    Target score: 0.99
2025-08-10 17:00:06,933 - INFO -       🎯 Found previous best attempt: a gray robot with two round eyes made of durable, high-tech polymers and equipped with precision-crafted tools for delicate assembly tasks, front view, accurate, complete, white background (score: 0.9161)
2025-08-10 17:00:06,934 - INFO -       🎯 Strategy used: technical_precision
2025-08-10 17:00:06,935 - INFO -       🎯 Session ID: rl_session_1754820352_3423
2025-08-10 17:00:06,935 - INFO -       🎯 Past final best prompt: a gray robot with two round eyes made of durable, high-tech polymers and equipped with precision-crafted tools for delicate assembly tasks, front view, accurate, complete, white background
2025-08-10 17:00:06,935 - INFO -       🎯 Past final best score: 0.916
2025-08-10 17:00:06,935 - INFO -       🎯 Past session ID: rl_session_1754820352_3423
2025-08-10 17:00:06,935 - INFO -       🎯 Past learned insights: Best performing strategy in session: technical_precision, Explored 2 different strategies
2025-08-10 17:00:06,935 - INFO -       🎯 Past strategy performance updates: {'technical_precision': 0.025511664099582054, 'artistic_elaboration': -0.00986526822590994}
2025-08-10 17:00:06,935 - INFO -       🎯 Past final best prompt: a gray robot with two round eyes made of durable, high-tech polymers and equipped with precision-crafted tools for delicate assembly tasks, front view, accurate, complete, white background
2025-08-10 17:00:06,935 - INFO -       🎯 Past final best score: 0.916
2025-08-10 17:00:06,935 - INFO - 
   🔄 RL Round 1/18
2025-08-10 17:00:06,937 - INFO -       🎯 Strategy: minimalist_refinement (explore)
2025-08-10 17:00:12,519 - INFO - [TRELLIS] GPU cache cleared: {'status': 'cache_cleared', 'available_memory_gb': 20.277362688}
2025-08-10 17:00:12,522 - INFO -       🔍 Validating...
2025-08-10 17:00:12,522 - INFO -       📝 Using optimized prompt for generation: 'a gray robot with two round eyes made of high-strength, lightweight polymers and equipped with precision-crafted tools for delicate assembly tasks, including a micro-servo system and adjustable torque settings, front view, accurate, complete, white background...'
2025-08-10 17:00:12,523 - INFO -       🎯 Computing scores against original prompt: 'gray robot with two round eyes...'
2025-08-10 17:01:36,289 - INFO -       📊 Validation score: 0.8335
2025-08-10 17:01:36,290 - INFO - 
   🔄 RL Round 2/18
2025-08-10 17:01:36,290 - INFO -       🎯 Strategy: conservative_enhancement (exploit)
2025-08-10 17:01:42,308 - INFO - [TRELLIS] GPU cache cleared: {'status': 'cache_cleared', 'available_memory_gb': 20.277362688}
2025-08-10 17:01:42,312 - INFO -       🔍 Validating...
2025-08-10 17:01:42,312 - INFO -       📝 Using optimized prompt for generation: 'a gray robot with two round eyes made of advanced, high-strength polymers featuring intricate micro-sculptures for enhanced durability and precision-crafted toolsets for delicate assembly tasks, front view, accurate, complete, white background...'
2025-08-10 17:01:42,312 - INFO -       🎯 Computing scores against original prompt: 'gray robot with two round eyes...'
2025-08-10 17:03:12,343 - INFO -       📊 Validation score: 0.8969
2025-08-10 17:03:12,343 - INFO -       📈 Improvement detected: conservative_enhancement working better
2025-08-10 17:03:12,343 - INFO - 
   🔄 RL Round 3/18
2025-08-10 17:03:12,343 - INFO -       🎯 Strategy: conservative_enhancement (exploit)
2025-08-10 17:03:17,564 - INFO - [TRELLIS] GPU cache cleared: {'status': 'cache_cleared', 'available_memory_gb': 20.277362688}
2025-08-10 17:03:17,565 - INFO -       🔍 Validating...
2025-08-10 17:03:17,565 - INFO -       📝 Using optimized prompt for generation: 'a gray robot with two round eyes made of high-strength, lightweight polymers featuring advanced nanotech coatings for enhanced durability and precision-crafted tools for delicate assembly tasks, front view, accurate, complete, white background...'
2025-08-10 17:03:17,565 - INFO -       🎯 Computing scores against original prompt: 'gray robot with two round eyes...'
2025-08-10 17:04:38,321 - INFO -       📊 Validation score: 0.8657
2025-08-10 17:04:38,322 - INFO -       📉 Score declined: Consider different approach
2025-08-10 17:04:38,322 - INFO - 
   🔄 RL Round 4/18
2025-08-10 17:04:38,322 - INFO -       🎯 Strategy: hybrid_approach (explore)
2025-08-10 17:04:43,991 - INFO - [TRELLIS] GPU cache cleared: {'status': 'cache_cleared', 'available_memory_gb': 20.277362688}
2025-08-10 17:04:43,991 - INFO -       🔍 Validating...
2025-08-10 17:04:43,991 - INFO -       📝 Using optimized prompt for generation: 'a gray robot with two round eyes made of high-strength, lightweight polymer composites featuring advanced nanocell structures for enhanced durability, equipped with precision-crafted micro-screwdrivers and nano-manipulators for delicate assembly tasks in a sterile environment, front view, accurate, complete, white background...'
2025-08-10 17:04:43,992 - INFO -       🎯 Computing scores against original prompt: 'gray robot with two round eyes...'
2025-08-10 17:06:04,427 - INFO -       📊 Validation score: 0.9085
2025-08-10 17:06:04,428 - INFO -       📈 Improvement detected: hybrid_approach working better
2025-08-10 17:06:04,428 - INFO - 
   🔄 RL Round 5/18
2025-08-10 17:06:04,428 - INFO -       🎯 Strategy: conservative_enhancement (exploit)
2025-08-10 17:06:11,029 - INFO - [TRELLIS] GPU cache cleared: {'status': 'cache_cleared', 'available_memory_gb': 20.277362688}
2025-08-10 17:06:11,030 - INFO -       🔍 Validating...
2025-08-10 17:06:11,030 - INFO -       📝 Using optimized prompt for generation: 'a gray robot with two round eyes made of advanced, high-strength polymers featuring intricate nanostructures and precision-crafted tools for delicate assembly tasks, front view, accurate, complete, white background...'
2025-08-10 17:06:11,030 - INFO -       🎯 Computing scores against original prompt: 'gray robot with two round eyes...'
2025-08-10 17:07:40,348 - INFO -       📊 Validation score: 0.8946
2025-08-10 17:07:40,348 - INFO -       📉 Score declined: Consider different approach
2025-08-10 17:07:40,348 - INFO - 
   🔄 RL Round 6/18
2025-08-10 17:07:40,348 - INFO -       🎯 Strategy: conservative_enhancement (explore)
2025-08-10 17:07:44,909 - INFO - [TRELLIS] GPU cache cleared: {'status': 'cache_cleared', 'available_memory_gb': 20.277362688}
2025-08-10 17:07:44,913 - INFO -       🔍 Validating...
2025-08-10 17:07:44,913 - INFO -       📝 Using optimized prompt for generation: 'a highly advanced, AI-powered gray robot with two round, high-resolution display eyes featuring advanced nanotechnology and micro-electromechanical systems (MEMS) for enhanced sensory capabilities, equipped with precision-crafted tools for delicate assembly tasks, front view, accurate, complete, white background...'
2025-08-10 17:07:44,913 - INFO -       🎯 Computing scores against original prompt: 'gray robot with two round eyes...'
2025-08-10 17:09:11,411 - INFO -       📊 Validation score: 0.9122
2025-08-10 17:09:11,411 - INFO -       📈 Improvement detected: conservative_enhancement working better
2025-08-10 17:09:11,412 - INFO - 
   🔄 RL Round 7/18
2025-08-10 17:09:11,412 - INFO -       🎯 Strategy: conservative_enhancement (exploit)
2025-08-10 17:09:16,650 - INFO - [TRELLIS] GPU cache cleared: {'status': 'cache_cleared', 'available_memory_gb': 20.277362688}
2025-08-10 17:09:16,655 - INFO -       🔍 Validating...
2025-08-10 17:09:16,655 - INFO -       📝 Using optimized prompt for generation: 'a gray robot with two round eyes made of ultra-durable, high-tech polymers featuring precision-crafted tools for delicate assembly tasks, front view, accurate, complete, white background...'
2025-08-10 17:09:16,657 - INFO -       🎯 Computing scores against original prompt: 'gray robot with two round eyes...'
2025-08-10 17:10:48,995 - INFO -       📊 Validation score: 0.9031
2025-08-10 17:10:48,996 - INFO -       ✅ Convergence achieved: Convergence threshold met (improvement: -0.009)
2025-08-10 17:10:49,043 - INFO - 
🎯 RL LOOP COMPLETE:
2025-08-10 17:10:49,043 - INFO -    Best prompt: a gray robot with two round eyes made of durable, high-tech polymers and equipped with precision-crafted tools for delicate assembly tasks, front view, accurate, complete, white background
2025-08-10 17:10:49,044 - INFO -    Best score: 0.9161
2025-08-10 17:10:49,045 - INFO -    Rounds: 7
2025-08-10 17:10:49,045 - INFO -    Convergence: True
2025-08-10 17:10:49,046 - INFO -    Convergence reason: Convergence threshold met (improvement: -0.009)
2025-08-10 17:10:49,046 - INFO -    Exploration ratio: 42.9%
2025-08-10 17:10:49,048 - INFO -    Insights learned: 3
2025-08-10 17:10:49,049 - INFO -    Total time: 642.06s
2025-08-10 17:10:49,052 - INFO - Prompt optimized in 7 rounds: 0.833 → 0.916 (+0.083)
2025-08-10 17:10:49,052 - INFO - ✅ Target score achieved!
2025-08-10 17:10:49,058 - INFO - 
--- Episode 2, Prompt 2 (Total: 26) ---
2025-08-10 17:10:49,059 - INFO - Optimizing: 'small brass candlestick holder with spiral'
2025-08-10 17:10:49,060 - INFO - 🔍 Checking server availability before optimization...
2025-08-10 17:10:49,069 - INFO - ✅ Server is available (status: completed)
2025-08-10 17:10:49,070 - INFO - 📝 Marked server as used at 1754845849.070349
2025-08-10 17:10:49,070 - INFO - ✅ Server is available and marked as used
2025-08-10 17:10:49,077 - INFO - 🔄 Reproducibility optimization returned no result
2025-08-10 17:10:49,077 - INFO -       🔧 Overriding endpoint: generate/baolei/
2025-08-10 17:10:49,078 - INFO -       🔧 Using endpoint: generate/baolei/
2025-08-10 17:10:49,081 - INFO - 
🔄 RL LOOP OPTIMIZATION: 'small brass candlestick holder with spiral'
2025-08-10 17:10:49,082 - INFO -    Session: rl_session_1754845849_3758
2025-08-10 17:10:49,082 - INFO -    Max rounds: 18
2025-08-10 17:10:49,083 - INFO -    Min rounds before convergence: 5
2025-08-10 17:10:49,083 - INFO -    Target score: 0.99
2025-08-10 17:10:49,084 - INFO -       🎯 Found previous best attempt: a slender small brass candlestick holder with an ornate, twisted spiral pattern that wraps elegantly around its middle, front view, accurate, complete, white background (score: 0.9180)
2025-08-10 17:10:49,085 - INFO -       🎯 Strategy used: conservative_enhancement
2025-08-10 17:10:49,085 - INFO -       🎯 Session ID: rl_session_1754820886_6686
2025-08-10 17:10:49,085 - INFO -       🎯 Past final best prompt: a slender small brass candlestick holder with an ornate, twisted spiral pattern that wraps elegantly around its middle, front view, accurate, complete, white background
2025-08-10 17:10:49,086 - INFO -       🎯 Past final best score: 0.918
2025-08-10 17:10:49,087 - INFO -       🎯 Past session ID: rl_session_1754820886_6686
2025-08-10 17:10:49,087 - INFO -       🎯 Past learned insights: Best performing strategy in session: conservative_enhancement, Explored 3 different strategies
2025-08-10 17:10:49,088 - INFO -       🎯 Past strategy performance updates: {'artistic_elaboration': 0.02479403483435172, 'contextual_scene_building': 0.07995956235076973, 'conservative_enhancement': 0.009793844918001282}
2025-08-10 17:10:49,089 - INFO -       🎯 Past final best prompt: a slender small brass candlestick holder with an ornate, twisted spiral pattern that wraps elegantly around its middle, front view, accurate, complete, white background
2025-08-10 17:10:49,090 - INFO -       🎯 Past final best score: 0.918
2025-08-10 17:10:49,090 - INFO - 
   🔄 RL Round 1/18
2025-08-10 17:10:49,091 - INFO -       🎯 Strategy: conservative_enhancement (exploit)
2025-08-10 17:10:53,720 - INFO - [TRELLIS] GPU cache cleared: {'status': 'cache_cleared', 'available_memory_gb': 20.277362688}
2025-08-10 17:10:53,721 - INFO -       🔍 Validating...
2025-08-10 17:10:53,725 - INFO -       📝 Using optimized prompt for generation: 'a slender small brass candlestick holder with a sinuous, organic spiral pattern that spirals upwards from the base, wrapping elegantly around its middle in a flowing curve, front view...'
2025-08-10 17:10:53,725 - INFO -       🎯 Computing scores against original prompt: 'small brass candlestick holder with spiral...'
2025-08-10 17:12:28,503 - INFO -       📊 Validation score: 0.8968
2025-08-10 17:12:28,504 - INFO - 
   🔄 RL Round 2/18
2025-08-10 17:12:28,504 - INFO -       🎯 Strategy: conservative_enhancement (exploit)
2025-08-10 17:12:39,292 - INFO - [TRELLIS] GPU cache cleared: {'status': 'cache_cleared', 'available_memory_gb': 20.277362688}
2025-08-10 17:12:39,292 - INFO -       🔍 Validating...
2025-08-10 17:12:39,292 - INFO -       📝 Using optimized prompt for generation: 'a slender small brass candlestick holder with an ornate, spiraling curve that wraps elegantly around its central axis, refined details, front view, accurate, complete, white background...'
2025-08-10 17:12:39,293 - INFO -       🎯 Computing scores against original prompt: 'small brass candlestick holder with spiral...'
2025-08-10 17:14:05,517 - INFO -       📊 Validation score: 0.9133
2025-08-10 17:14:05,517 - INFO -       📈 Improvement detected: conservative_enhancement working better
2025-08-10 17:14:05,518 - INFO - 
   🔄 RL Round 3/18
2025-08-10 17:14:05,518 - INFO -       🎯 Strategy: artistic_elaboration (explore)
2025-08-10 17:14:09,684 - INFO - [TRELLIS] GPU cache cleared: {'status': 'cache_cleared', 'available_memory_gb': 20.277362688}
2025-08-10 17:14:09,685 - INFO -       🔍 Validating...
2025-08-10 17:14:09,686 - INFO -       📝 Using optimized prompt for generation: 'a slender small brass candlestick holder with a sinuous, organic spiral pattern that spirals upwards, evoking a sense of gentle elegance and refined craftsmanship, front view, accurate, complete, white background...'
2025-08-10 17:14:09,688 - INFO -       🎯 Computing scores against original prompt: 'small brass candlestick holder with spiral...'
2025-08-10 17:15:38,299 - INFO -       📊 Validation score: 0.8518
2025-08-10 17:15:38,299 - INFO -       📉 Score declined: Consider different approach
2025-08-10 17:15:38,303 - INFO - 
   🔄 RL Round 4/18
2025-08-10 17:15:38,303 - INFO -       🎯 Strategy: conservative_enhancement (exploit)
2025-08-10 17:15:43,490 - INFO - [TRELLIS] GPU cache cleared: {'status': 'cache_cleared', 'available_memory_gb': 20.277362688}
2025-08-10 17:15:43,491 - INFO -       🔍 Validating...
2025-08-10 17:15:43,491 - INFO -       📝 Using optimized prompt for generation: 'a slender small brass candlestick holder with an intricate, hand-crafted spiral pattern that spirals upwards in a gentle, asymmetrical curve, featuring a subtle texture and a smooth, polished finish, front view, accurate, complete, white background...'
2025-08-10 17:15:43,493 - INFO -       🎯 Computing scores against original prompt: 'small brass candlestick holder with spiral...'
2025-08-10 17:17:10,823 - INFO -       📊 Validation score: 0.9097
2025-08-10 17:17:10,823 - INFO -       📈 Improvement detected: conservative_enhancement working better
2025-08-10 17:17:10,823 - INFO - 
   🔄 RL Round 5/18
2025-08-10 17:17:10,824 - INFO -       🎯 Strategy: contextual_scene_building (explore)
2025-08-10 17:17:17,001 - INFO - [TRELLIS] GPU cache cleared: {'status': 'cache_cleared', 'available_memory_gb': 20.277362688}
2025-08-10 17:17:17,002 - INFO -       🔍 Validating...
2025-08-10 17:17:17,002 - INFO -       📝 Using optimized prompt for generation: 'a slender small brass candlestick holder with an intricate, hand-crafted twist that spirals elegantly around its middle in a gentle, curved motion, precise, complete, white background, front view, accurate, complete, white background...'
2025-08-10 17:17:17,002 - INFO -       🎯 Computing scores against original prompt: 'small brass candlestick holder with spiral...'
2025-08-10 17:18:49,947 - INFO -       📊 Validation score: 0.9265
2025-08-10 17:18:49,949 - INFO -       🎯 New best score: 0.9265
2025-08-10 17:18:49,949 - INFO -       📈 Improvement detected: contextual_scene_building working better
2025-08-10 17:18:49,951 - INFO - 
   🔄 RL Round 6/18
2025-08-10 17:18:49,952 - INFO -       🎯 Strategy: artistic_elaboration (explore)
2025-08-10 17:18:57,205 - INFO - [TRELLIS] GPU cache cleared: {'status': 'cache_cleared', 'available_memory_gb': 20.277362688}
2025-08-10 17:18:57,206 - INFO -       🔍 Validating...
2025-08-10 17:18:57,207 - INFO -       📝 Using optimized prompt for generation: 'a slender small brass candlestick holder with an intricate, hand-crafted twisted spiral pattern that wraps elegantly around its middle, with subtle patina and a warm golden glow, front view, accurate, complete, white background...'
2025-08-10 17:18:57,207 - INFO -       🎯 Computing scores against original prompt: 'small brass candlestick holder with spiral...'
2025-08-10 17:20:19,134 - INFO -       📊 Validation score: 0.9147
2025-08-10 17:20:19,134 - INFO -       📉 Score declined: Consider different approach
2025-08-10 17:20:19,134 - INFO - 
   🔄 RL Round 7/18
2025-08-10 17:20:19,135 - INFO -       🎯 Strategy: contextual_scene_building (explore)
2025-08-10 17:20:25,178 - INFO - [TRELLIS] GPU cache cleared: {'status': 'cache_cleared', 'available_memory_gb': 20.277362688}
2025-08-10 17:20:25,182 - INFO -       🔍 Validating...
2025-08-10 17:20:25,182 - INFO -       📝 Using optimized prompt for generation: 'a slender small brass candlestick holder with an ornate, twisted spiral pattern that wraps elegantly around its middle in a gentle, curved motion, front view, accurate, complete, white background...'
2025-08-10 17:20:25,183 - INFO -       🎯 Computing scores against original prompt: 'small brass candlestick holder with spiral...'
2025-08-10 17:21:53,278 - INFO -       📊 Validation score: 0.9247
2025-08-10 17:21:53,279 - INFO -       ✅ Convergence achieved: Convergence threshold met (improvement: 0.010)
2025-08-10 17:21:53,344 - INFO - 
🎯 RL LOOP COMPLETE:
2025-08-10 17:21:53,344 - INFO -    Best prompt: a slender small brass candlestick holder with an intricate, hand-crafted twist that spirals elegantly around its middle in a gentle, curved motion, precise, complete, white background, front view, accurate, complete, white background
2025-08-10 17:21:53,344 - INFO -    Best score: 0.9265
2025-08-10 17:21:53,344 - INFO -    Rounds: 7
2025-08-10 17:21:53,344 - INFO -    Convergence: True
2025-08-10 17:21:53,344 - INFO -    Convergence reason: Convergence threshold met (improvement: 0.010)
2025-08-10 17:21:53,344 - INFO -    Exploration ratio: 57.1%
2025-08-10 17:21:53,344 - INFO -    Insights learned: 3
2025-08-10 17:21:53,345 - INFO -    Total time: 664.20s
2025-08-10 17:21:53,345 - INFO - Prompt optimized in 7 rounds: 0.897 → 0.926 (+0.030)
2025-08-10 17:21:53,345 - INFO - ✅ Target score achieved!
2025-08-10 17:21:53,353 - INFO - 
--- Episode 2, Prompt 3 (Total: 26) ---
2025-08-10 17:21:53,353 - INFO - Optimizing: 'magical potion bottle with starry label'
2025-08-10 17:21:53,353 - INFO - 🔍 Checking server availability before optimization...
2025-08-10 17:21:53,367 - INFO - ✅ Server is available (status: completed)
2025-08-10 17:21:53,367 - INFO - 📝 Marked server as used at 1754846513.3673804
2025-08-10 17:21:53,367 - INFO - ✅ Server is available and marked as used
2025-08-10 17:21:53,374 - INFO - 🔄 Reproducibility optimization returned no result
2025-08-10 17:21:53,374 - INFO -       🔧 Overriding endpoint: generate/baolei/
2025-08-10 17:21:53,374 - INFO -       🔧 Using endpoint: generate/baolei/
2025-08-10 17:21:53,385 - INFO - 
🔄 RL LOOP OPTIMIZATION: 'magical potion bottle with starry label'
2025-08-10 17:21:53,386 - INFO -    Session: rl_session_1754846513_9376
2025-08-10 17:21:53,386 - INFO -    Max rounds: 18
2025-08-10 17:21:53,386 - INFO -    Min rounds before convergence: 5
2025-08-10 17:21:53,386 - INFO -    Target score: 0.99
2025-08-10 17:21:53,388 - INFO -       🎯 Found previous best attempt: a delicate glass potion bottle adorned with a sparkling silver starry label featuring intricate, swirling patterns and subtle shimmering effects in the moonlight, front view, accurate, complete, white background (score: 0.8708)
2025-08-10 17:21:53,388 - INFO -       🎯 Strategy used: hybrid_approach
2025-08-10 17:21:53,388 - INFO -       🎯 Session ID: rl_session_1754821396_1309
2025-08-10 17:21:53,388 - INFO -       🎯 Past final best prompt: a delicate glass potion bottle adorned with a sparkling silver starry label featuring intricate, swirling patterns and subtle shimmering effects in the moonlight, front view, accurate, complete, white background
2025-08-10 17:21:53,389 - INFO -       🎯 Past final best score: 0.871
2025-08-10 17:21:53,389 - INFO -       🎯 Past session ID: rl_session_1754821396_1309
2025-08-10 17:21:53,389 - INFO -       🎯 Past learned insights: Iterative improvement successful: 0.434 → 0.847, Best performing strategy in session: hybrid_approach, Explored 5 different strategies
2025-08-10 17:21:53,389 - INFO -       🎯 Past strategy performance updates: {'artistic_elaboration': -0.16344361730223422, 'technical_precision': -0.23627504253694515, 'hybrid_approach': -0.06873644212855956, 'conservative_enhancement': -0.24556556455792067, 'contextual_scene_building': -0.13088652051219674}
2025-08-10 17:21:53,389 - INFO -       🎯 Past final best prompt: a delicate glass potion bottle adorned with a sparkling silver starry label featuring intricate, swirling patterns and subtle shimmering effects in the moonlight, front view, accurate, complete, white background
2025-08-10 17:21:53,391 - INFO -       🎯 Past final best score: 0.871
2025-08-10 17:21:53,391 - INFO - 
   🔄 RL Round 1/18
2025-08-10 17:21:53,391 - INFO -       🎯 Strategy: artistic_elaboration (explore)
2025-08-10 17:22:00,754 - INFO - [TRELLIS] GPU cache cleared: {'status': 'cache_cleared', 'available_memory_gb': 20.277362688}
2025-08-10 17:22:00,755 - INFO -       🔍 Validating...
2025-08-10 17:22:00,756 - INFO -       📝 Using optimized prompt for generation: 'a slender glass potion bottle adorned with a sparkling silver starry label featuring tiny, swirling constellations in deep blue and gold hues, with subtle shimmering effects and intricate, hand-drawn details on the label, front view, accurate, complete, white background...'
2025-08-10 17:22:00,757 - INFO -       🎯 Computing scores against original prompt: 'magical potion bottle with starry label...'
2025-08-10 17:23:29,897 - INFO -       📊 Validation score: 0.8539
2025-08-10 17:23:29,898 - INFO - 
   🔄 RL Round 2/18
2025-08-10 17:23:29,898 - INFO -       🎯 Strategy: contextual_scene_building (explore)
2025-08-10 17:23:35,360 - INFO - [TRELLIS] GPU cache cleared: {'status': 'cache_cleared', 'available_memory_gb': 20.277362688}
2025-08-10 17:23:35,362 - INFO -       🔍 Validating...
2025-08-10 17:23:35,363 - INFO -       📝 Using optimized prompt for generation: 'a slender glass potion bottle adorned with a delicate, swirling silver starry label featuring intricate patterns and subtle shimmering effects in the moonlight, front view, accurate, complete, white background...'
2025-08-10 17:23:35,364 - INFO -       🎯 Computing scores against original prompt: 'magical potion bottle with starry label...'
2025-08-10 17:25:01,465 - INFO -       📊 Validation score: 0.8749
2025-08-10 17:25:01,465 - INFO -       🎯 New best score: 0.8749
2025-08-10 17:25:01,466 - INFO -       📈 Improvement detected: contextual_scene_building working better
2025-08-10 17:25:01,466 - INFO - 
   🔄 RL Round 3/18
2025-08-10 17:25:01,466 - INFO -       🎯 Strategy: conservative_enhancement (exploit)
2025-08-10 17:25:06,138 - INFO - [TRELLIS] GPU cache cleared: {'status': 'cache_cleared', 'available_memory_gb': 20.277362688}
2025-08-10 17:25:06,138 - INFO -       🔍 Validating...
2025-08-10 17:25:06,140 - INFO -       📝 Using optimized prompt for generation: 'a slender glass potion bottle adorned with an elegant, starry silver label featuring delicate, swirling patterns and a soft, ethereal glow in the moonlight, front view, accurate, complete, white background...'
2025-08-10 17:25:06,142 - INFO -       🎯 Computing scores against original prompt: 'magical potion bottle with starry label...'
2025-08-10 17:26:29,790 - WARNING -    🔧 Score 0.0 - clearing CUDA cache
2025-08-10 17:26:29,790 - INFO -       📊 Validation score: 0.0000
2025-08-10 17:26:29,790 - INFO - 
   🔄 RL Round 4/18
2025-08-10 17:26:29,791 - INFO -       🎯 Strategy: contextual_scene_building (explore)
2025-08-10 17:26:34,637 - INFO - [TRELLIS] GPU cache cleared: {'status': 'cache_cleared', 'available_memory_gb': 20.277362688}
2025-08-10 17:26:34,638 - INFO -       🔍 Validating...
2025-08-10 17:26:34,639 - INFO -       📝 Using optimized prompt for generation: 'a slender glass potion bottle adorned with a sparkling silver starry label featuring delicate, swirling patterns and subtle shimmering effects in the moonlight, front view, accurate, complete, white background...'
2025-08-10 17:26:34,639 - INFO -       🎯 Computing scores against original prompt: 'magical potion bottle with starry label...'
2025-08-10 17:28:38,422 - INFO -       📊 Validation score: 0.7607
2025-08-10 17:28:38,422 - INFO - 
   🔄 RL Round 5/18
2025-08-10 17:28:38,423 - INFO -       🎯 Strategy: contextual_scene_building (explore)
2025-08-10 17:28:44,213 - INFO - [TRELLIS] GPU cache cleared: {'status': 'cache_cleared', 'available_memory_gb': 20.277362688}
2025-08-10 17:28:44,215 - INFO -       🔍 Validating...
2025-08-10 17:28:44,216 - INFO -       📝 Using optimized prompt for generation: 'a slender glass potion bottle adorned with an elegant, starry silver label featuring delicate, swirling patterns and subtle shimmering effects in the moonlight, front view, accurate, complete, white background...'
2025-08-10 17:28:44,217 - INFO -       🎯 Computing scores against original prompt: 'magical potion bottle with starry label...'
2025-08-10 17:30:12,236 - INFO -       📊 Validation score: 0.4124
2025-08-10 17:30:12,236 - INFO -       📉 Score declined: Consider different approach
2025-08-10 17:30:12,236 - INFO -       🔍 Increasing exploration to 0.66
2025-08-10 17:30:12,236 - INFO - 
   🔄 RL Round 6/18
2025-08-10 17:30:12,237 - INFO -       🎯 Strategy: material_focus (exploit)
2025-08-10 17:30:18,524 - INFO - [TRELLIS] GPU cache cleared: {'status': 'cache_cleared', 'available_memory_gb': 20.277362688}
2025-08-10 17:30:18,525 - INFO -       🔍 Validating...
2025-08-10 17:30:18,526 - INFO -       📝 Using optimized prompt for generation: 'a slender glass potion bottle adorned with a sparkling silver starry label featuring delicate, swirling patterns and subtle shimmering effects in soft, diffused moonlight, front view...'
2025-08-10 17:30:18,526 - INFO -       🎯 Computing scores against original prompt: 'magical potion bottle with starry label...'
2025-08-10 17:31:45,321 - INFO -       📊 Validation score: 0.5216
2025-08-10 17:31:45,322 - INFO -       📈 Improvement detected: material_focus working better
2025-08-10 17:31:45,322 - INFO - 
   🔄 RL Round 7/18
2025-08-10 17:31:45,322 - INFO -       🎯 Strategy: technical_precision (exploit)
2025-08-10 17:31:50,377 - INFO - [TRELLIS] GPU cache cleared: {'status': 'cache_cleared', 'available_memory_gb': 20.277362688}
2025-08-10 17:31:50,378 - INFO -       🔍 Validating...
2025-08-10 17:31:50,378 - INFO -       📝 Using optimized prompt for generation: 'a slender glass potion bottle adorned with a sparkling silver starry label featuring intricate, swirling patterns and subtle shimmering effects in the moonlight, front view, accurate, complete, white background...'
2025-08-10 17:31:50,378 - INFO -       🎯 Computing scores against original prompt: 'magical potion bottle with starry label...'
2025-08-10 17:33:08,352 - INFO -       📊 Validation score: 0.8248
2025-08-10 17:33:08,353 - INFO -       📈 Improvement detected: technical_precision working better
2025-08-10 17:33:08,353 - INFO - 
   🔄 RL Round 8/18
2025-08-10 17:33:08,354 - INFO -       🎯 Strategy: technical_precision (exploit)
2025-08-10 17:33:14,907 - INFO - [TRELLIS] GPU cache cleared: {'status': 'cache_cleared', 'available_memory_gb': 20.277362688}
2025-08-10 17:33:14,908 - INFO -       🔍 Validating...
2025-08-10 17:33:14,908 - INFO -       📝 Using optimized prompt for generation: 'a slender glass potion bottle adorned with an elegant, starry silver label featuring precise, swirling patterns and subtle shimmering effects in the moonlight, front view, accurate, complete, white background...'
2025-08-10 17:33:14,908 - INFO -       🎯 Computing scores against original prompt: 'magical potion bottle with starry label...'
2025-08-10 17:34:34,452 - INFO -       📊 Validation score: 0.7896
2025-08-10 17:34:34,453 - INFO -       📉 Score declined: Consider different approach
2025-08-10 17:34:34,453 - INFO - 
   🔄 RL Round 9/18
2025-08-10 17:34:34,453 - INFO -       🎯 Strategy: technical_precision (exploit)
2025-08-10 17:34:38,861 - INFO - [TRELLIS] GPU cache cleared: {'status': 'cache_cleared', 'available_memory_gb': 20.277362688}
2025-08-10 17:34:38,862 - INFO -       🔍 Validating...
2025-08-10 17:34:38,862 - INFO -       📝 Using optimized prompt for generation: 'a slender glass potion bottle adorned with a sparkling silver starry label featuring delicate, swirling patterns and precise, shimmering effects, front view, accurate, complete, white background...'
2025-08-10 17:34:38,862 - INFO -       🎯 Computing scores against original prompt: 'magical potion bottle with starry label...'
2025-08-10 17:36:03,351 - WARNING -    🔧 Score 0.0 - clearing CUDA cache
2025-08-10 17:36:03,351 - INFO -       📊 Validation score: 0.0000
2025-08-10 17:36:03,353 - INFO - 
   🔄 RL Round 10/18
2025-08-10 17:36:03,353 - INFO -       🎯 Strategy: material_focus (explore)
2025-08-10 17:36:08,837 - INFO - [TRELLIS] GPU cache cleared: {'status': 'cache_cleared', 'available_memory_gb': 20.277362688}
2025-08-10 17:36:08,838 - INFO -       🔍 Validating...
2025-08-10 17:36:08,839 - INFO -       📝 Using optimized prompt for generation: 'a slender glass potion bottle adorned with a delicate, starry silver label featuring intricate, swirling patterns that subtly shimmer in the moonlight, front view, accurate, complete, white background...'
2025-08-10 17:36:08,839 - INFO -       🎯 Computing scores against original prompt: 'magical potion bottle with starry label...'
2025-08-10 17:37:41,032 - INFO -       📊 Validation score: 0.5377
2025-08-10 17:37:41,033 - INFO - 
   🔄 RL Round 11/18
2025-08-10 17:37:41,036 - INFO -       🎯 Strategy: contextual_scene_building (explore)
2025-08-10 17:37:49,018 - INFO - [TRELLIS] GPU cache cleared: {'status': 'cache_cleared', 'available_memory_gb': 20.277362688}
2025-08-10 17:37:49,018 - INFO -       🔍 Validating...
2025-08-10 17:37:49,018 - INFO -       📝 Using optimized prompt for generation: 'a slender glass potion bottle adorned with an ornate, starry silver label featuring delicate, swirling patterns that evoke a sense of mystique and wonder in soft, ethereal light, front view, accurate, complete, white background...'
2025-08-10 17:37:49,022 - INFO -       🎯 Computing scores against original prompt: 'magical potion bottle with starry label...'
2025-08-10 17:39:18,306 - INFO -       📊 Validation score: 0.7984
2025-08-10 17:39:18,307 - INFO -       📈 Improvement detected: contextual_scene_building working better
2025-08-10 17:39:18,307 - INFO - 
   🔄 RL Round 12/18
2025-08-10 17:39:18,308 - INFO -       🎯 Strategy: aggressive_transformation (exploit)
2025-08-10 17:39:23,419 - INFO - [TRELLIS] GPU cache cleared: {'status': 'cache_cleared', 'available_memory_gb': 20.277362688}
2025-08-10 17:39:23,420 - INFO -       🔍 Validating...
2025-08-10 17:39:23,420 - INFO -       📝 Using optimized prompt for generation: 'a slender glass potion bottle adorned with an ethereal, starry silver label featuring delicate, swirling patterns and subtle shimmering effects in the moonlight, front view, accurate, complete, white background...'
2025-08-10 17:39:23,422 - INFO -       🎯 Computing scores against original prompt: 'magical potion bottle with starry label...'
2025-08-10 17:40:43,219 - INFO -       📊 Validation score: 0.9057
2025-08-10 17:40:43,219 - INFO -       🎯 New best score: 0.9057
2025-08-10 17:40:43,219 - INFO -       📈 Improvement detected: aggressive_transformation working better
2025-08-10 17:40:43,219 - INFO - 
   🔄 RL Round 13/18
2025-08-10 17:40:43,220 - INFO -       🎯 Strategy: material_focus (explore)
2025-08-10 17:40:48,657 - INFO - [TRELLIS] GPU cache cleared: {'status': 'cache_cleared', 'available_memory_gb': 20.277362688}
2025-08-10 17:40:48,659 - INFO -       🔍 Validating...
2025-08-10 17:40:48,661 - INFO -       📝 Using optimized prompt for generation: 'a slender glass potion bottle adorned with a delicate, starry silver label featuring intricate, swirling patterns in the soft glow of candlelight, front view, accurate, complete, warm background, front view, accurate, complete, white background...'
2025-08-10 17:40:48,661 - INFO -       🎯 Computing scores against original prompt: 'magical potion bottle with starry label...'
2025-08-10 17:42:15,252 - INFO -       📊 Validation score: 0.7090
2025-08-10 17:42:15,253 - INFO -       📉 Score declined: Consider different approach
2025-08-10 17:42:15,253 - INFO - 
   🔄 RL Round 14/18
2025-08-10 17:42:15,253 - INFO -       🎯 Strategy: aggressive_transformation (exploit)
2025-08-10 17:42:21,868 - INFO - [TRELLIS] GPU cache cleared: {'status': 'cache_cleared', 'available_memory_gb': 20.277362688}
2025-08-10 17:42:21,869 - INFO -       🔍 Validating...
2025-08-10 17:42:21,870 - INFO -       📝 Using optimized prompt for generation: 'a slender glass potion bottle adorned with an otherworldly, starry silver label featuring delicate, swirling patterns that seem to shift and shimmer in the moonlight, front view, accurate, complete, white background...'
2025-08-10 17:42:21,870 - INFO -       🎯 Computing scores against original prompt: 'magical potion bottle with starry label...'
2025-08-10 17:44:31,994 - INFO -       📊 Validation score: 0.8731
2025-08-10 17:44:31,995 - INFO -       📈 Improvement detected: aggressive_transformation working better
2025-08-10 17:44:31,995 - INFO - 
   🔄 RL Round 15/18
2025-08-10 17:44:31,995 - INFO -       🎯 Strategy: technical_precision (explore)
2025-08-10 17:44:36,615 - INFO - [TRELLIS] GPU cache cleared: {'status': 'cache_cleared', 'available_memory_gb': 20.277362688}
2025-08-10 17:44:36,617 - INFO -       🔍 Validating...
2025-08-10 17:44:36,618 - INFO -       📝 Using optimized prompt for generation: 'a slender glass potion bottle adorned with an elegant, starry silver label featuring delicate, swirling patterns that shimmer in the moonlight with subtle precision and accuracy...'
2025-08-10 17:44:36,621 - INFO -       🎯 Computing scores against original prompt: 'magical potion bottle with starry label...'
2025-08-10 17:46:02,619 - INFO -       📊 Validation score: 0.4603
2025-08-10 17:46:02,620 - INFO -       📉 Score declined: Consider different approach
2025-08-10 17:46:02,620 - INFO -       🔍 Increasing exploration to 0.62
2025-08-10 17:46:02,620 - INFO - 
   🔄 RL Round 16/18
2025-08-10 17:46:02,620 - INFO -       🎯 Strategy: technical_precision (explore)
2025-08-10 17:46:08,582 - INFO - [TRELLIS] GPU cache cleared: {'status': 'cache_cleared', 'available_memory_gb': 20.277362688}
2025-08-10 17:46:08,584 - INFO -       🔍 Validating...
2025-08-10 17:46:08,589 - INFO -       📝 Using optimized prompt for generation: 'a slender glass potion bottle adorned with an enchanting, starry silver label featuring delicate, swirling patterns and subtle shimmering effects in the moonlight, front view, accurate, complete, white background...'
2025-08-10 17:46:08,589 - INFO -       🎯 Computing scores against original prompt: 'magical potion bottle with starry label...'
2025-08-10 17:47:39,119 - INFO -       📊 Validation score: 0.8441
2025-08-10 17:47:39,120 - INFO -       📈 Improvement detected: technical_precision working better
2025-08-10 17:47:39,120 - INFO - 
   🔄 RL Round 17/18
2025-08-10 17:47:39,120 - INFO -       🎯 Strategy: aggressive_transformation (exploit)
2025-08-10 17:47:46,118 - INFO - [TRELLIS] GPU cache cleared: {'status': 'cache_cleared', 'available_memory_gb': 20.277362688}
2025-08-10 17:47:46,119 - INFO -       🔍 Validating...
2025-08-10 17:47:46,120 - INFO -       📝 Using optimized prompt for generation: 'a slender glass potion bottle adorned with an ethereal, starry silver label featuring delicate, swirling patterns and soft luminescence, front view, accurate, complete, white background...'
2025-08-10 17:47:46,121 - INFO -       🎯 Computing scores against original prompt: 'magical potion bottle with starry label...'
2025-08-10 17:49:10,908 - INFO -       📊 Validation score: -0.1070
2025-08-10 17:49:10,908 - INFO -       📉 Score declined: Consider different approach
2025-08-10 17:49:10,908 - INFO -       🔍 Increasing exploration to 0.68
2025-08-10 17:49:10,908 - INFO - 
   🔄 RL Round 18/18
2025-08-10 17:49:10,909 - INFO -       🎯 Strategy: aggressive_transformation (explore)
2025-08-10 17:49:16,645 - INFO - [TRELLIS] GPU cache cleared: {'status': 'cache_cleared', 'available_memory_gb': 20.277362688}
2025-08-10 17:49:16,647 - INFO -       🔍 Validating...
2025-08-10 17:49:16,647 - INFO -       📝 Using optimized prompt for generation: 'a slender glass potion bottle adorned with a delicate, starry silver label featuring intricate, swirling patterns and subtle shimmering effects in the moonlight, front view, accurate, complete, white background...'
2025-08-10 17:49:16,647 - INFO -       🎯 Computing scores against original prompt: 'magical potion bottle with starry label...'
2025-08-10 17:50:46,816 - INFO -       📊 Validation score: 0.8329
2025-08-10 17:50:46,882 - INFO - 
🎯 RL LOOP COMPLETE:
2025-08-10 17:50:46,885 - INFO -    Best prompt: a slender glass potion bottle adorned with an ethereal, starry silver label featuring delicate, swirling patterns and subtle shimmering effects in the moonlight, front view, accurate, complete, white background
2025-08-10 17:50:46,885 - INFO -    Best score: 0.9057
2025-08-10 17:50:46,885 - INFO -    Rounds: 18
2025-08-10 17:50:46,885 - INFO -    Convergence: False
2025-08-10 17:50:46,885 - INFO -    Convergence reason: Not converged
2025-08-10 17:50:46,885 - INFO -    Exploration ratio: 55.6%
2025-08-10 17:50:46,885 - INFO -    Insights learned: 2
2025-08-10 17:50:46,885 - INFO -    Total time: 1733.43s
2025-08-10 17:50:46,885 - INFO - Prompt optimized in 18 rounds: 0.854 → 0.906 (+0.052)
2025-08-10 17:50:46,886 - INFO - ⏰ Max rounds reached
2025-08-10 17:50:46,893 - INFO - 
--- Episode 2, Prompt 4 (Total: 26) ---
2025-08-10 17:50:46,896 - INFO - Optimizing: 'classic fedora hat in rich brown leather'
2025-08-10 17:50:46,896 - INFO - 🔍 Checking server availability before optimization...
2025-08-10 17:50:46,908 - INFO - ✅ Server is available (status: completed)
2025-08-10 17:50:46,908 - INFO - 📝 Marked server as used at 1754848246.90829
2025-08-10 17:50:46,910 - INFO - ✅ Server is available and marked as used
2025-08-10 17:50:46,921 - INFO - 🔄 Reproducibility optimization returned no result
2025-08-10 17:50:46,921 - INFO -       🔧 Overriding endpoint: generate/baolei/
2025-08-10 17:50:46,921 - INFO -       🔧 Using endpoint: generate/baolei/
2025-08-10 17:50:46,929 - INFO - 
🔄 RL LOOP OPTIMIZATION: 'classic fedora hat in rich brown leather'
2025-08-10 17:50:46,929 - INFO -    Session: rl_session_1754848246_4920
2025-08-10 17:50:46,929 - INFO -    Max rounds: 18
2025-08-10 17:50:46,929 - INFO -    Min rounds before convergence: 5
2025-08-10 17:50:46,929 - INFO -    Target score: 0.99
2025-08-10 17:50:46,930 - INFO -       🎯 Found previous best attempt: a classic fedora hat in a deep, rich chocolate-brown leather, front view, accurate, complete, white background (score: 0.7343)
2025-08-10 17:50:46,930 - INFO -       🎯 Strategy used: hybrid_approach
2025-08-10 17:50:46,930 - INFO -       🎯 Session ID: rl_session_1754822925_9795
2025-08-10 17:50:46,930 - INFO -       🎯 Past final best prompt: a classic fedora hat in a deep, rich chocolate-brown leather, front view, accurate, complete, white background
2025-08-10 17:50:46,930 - INFO -       🎯 Past final best score: 0.734
2025-08-10 17:50:46,930 - INFO -       🎯 Past session ID: rl_session_1754822925_9795
2025-08-10 17:50:46,930 - INFO -       🎯 Past learned insights: Explored 2 different strategies
2025-08-10 17:50:46,930 - INFO -       🎯 Past strategy performance updates: {'hybrid_approach': 0.21308781206779948}
2025-08-10 17:50:46,930 - INFO -       🎯 Past final best prompt: a classic fedora hat in a deep, rich chocolate-brown leather, front view, accurate, complete, white background
2025-08-10 17:50:46,930 - INFO -       🎯 Past final best score: 0.734
2025-08-10 17:50:46,930 - INFO - 
   🔄 RL Round 1/18
2025-08-10 17:50:46,930 - INFO -       🔍 Explore performing better - increasing epsilon to 0.72
2025-08-10 17:50:46,931 - INFO -       🎯 Strategy: aggressive_transformation (explore)
2025-08-10 17:50:51,908 - INFO - [TRELLIS] GPU cache cleared: {'status': 'cache_cleared', 'available_memory_gb': 20.277362688}
2025-08-10 17:50:51,909 - INFO -       🔍 Validating...
2025-08-10 17:50:51,909 - INFO -       📝 Using optimized prompt for generation: 'a classic fedora hat in rich, hand-tooled, and supple chocolate-brown leather with subtle scuffs and wear, front view...'
2025-08-10 17:50:51,910 - INFO -       🎯 Computing scores against original prompt: 'classic fedora hat in rich brown leather...'
2025-08-10 17:52:16,325 - INFO -       📊 Validation score: 0.8065
2025-08-10 17:52:16,326 - INFO -       🎯 New best score: 0.8065
2025-08-10 17:52:16,326 - INFO - 
   🔄 RL Round 2/18
2025-08-10 17:52:16,326 - INFO -       🔍 Explore performing better - increasing epsilon to 0.77
2025-08-10 17:52:16,326 - INFO -       🎯 Strategy: conservative_enhancement (explore)
2025-08-10 17:52:22,025 - INFO - [TRELLIS] GPU cache cleared: {'status': 'cache_cleared', 'available_memory_gb': 20.277362688}
2025-08-10 17:52:22,026 - INFO -       🔍 Validating...
2025-08-10 17:52:22,026 - INFO -       📝 Using optimized prompt for generation: 'a classic fedora hat in rich, velvety chocolate-brown leather with subtle hints of warm undertones, front view, accurate, complete, white background...'
2025-08-10 17:52:22,026 - INFO -       🎯 Computing scores against original prompt: 'classic fedora hat in rich brown leather...'
2025-08-10 17:53:48,471 - WARNING -    🔧 Score 0.0 - clearing CUDA cache
2025-08-10 17:53:48,471 - INFO -       📊 Validation score: 0.0000
2025-08-10 17:53:48,471 - INFO - 
   🔄 RL Round 3/18
2025-08-10 17:53:48,472 - INFO -       🔍 Explore performing better - increasing epsilon to 0.80
2025-08-10 17:53:48,472 - INFO -       🎯 Strategy: conservative_enhancement (explore)
2025-08-10 17:53:54,299 - INFO - [TRELLIS] GPU cache cleared: {'status': 'cache_cleared', 'available_memory_gb': 20.277362688}
2025-08-10 17:53:54,300 - INFO -       🔍 Validating...
2025-08-10 17:53:54,301 - INFO -       📝 Using optimized prompt for generation: 'a classic fedora hat in rich, chocolate-brown leather with intricate stitching and subtle wear on the brim, front view...'
2025-08-10 17:53:54,302 - INFO -       🎯 Computing scores against original prompt: 'classic fedora hat in rich brown leather...'
2025-08-10 17:55:16,793 - WARNING -    🔧 Score 0.0 - clearing CUDA cache
2025-08-10 17:55:16,793 - INFO -       📊 Validation score: 0.0000
2025-08-10 17:55:16,793 - INFO - 
   🔄 RL Round 4/18
2025-08-10 17:55:16,794 - INFO -       🔍 Explore performing better - increasing epsilon to 0.80
2025-08-10 17:55:16,794 - INFO -       🎯 Strategy: artistic_elaboration (explore)
2025-08-10 17:55:22,525 - INFO - [TRELLIS] GPU cache cleared: {'status': 'cache_cleared', 'available_memory_gb': 20.277362688}
2025-08-10 17:55:22,528 - INFO -       🔍 Validating...
2025-08-10 17:55:22,528 - INFO -       📝 Using optimized prompt for generation: 'a classic fedora hat in rich, chocolate-brown leather with subtle hints of warm undertones and delicate, hand-tooled patterns on the crown, front view, accurate, complete, white background...'
2025-08-10 17:55:22,528 - INFO -       🎯 Computing scores against original prompt: 'classic fedora hat in rich brown leather...'
2025-08-10 17:56:45,478 - WARNING -    🔧 Score 0.0 - clearing CUDA cache
2025-08-10 17:56:45,479 - INFO -       📊 Validation score: 0.0000
2025-08-10 17:56:45,479 - INFO - 
   🔄 RL Round 5/18
2025-08-10 17:56:45,480 - INFO -       🔍 Explore performing better - increasing epsilon to 0.80
2025-08-10 17:56:45,480 - INFO -       🎯 Strategy: artistic_elaboration (explore)
2025-08-10 17:56:51,109 - INFO - [TRELLIS] GPU cache cleared: {'status': 'cache_cleared', 'available_memory_gb': 20.277362688}
2025-08-10 17:56:51,113 - INFO -       🔍 Validating...
2025-08-10 17:56:51,113 - INFO -       📝 Using optimized prompt for generation: 'a classic fedora hat in rich, deeply toned chocolate-brown leather with subtle wisps of golden undertones and delicate scratches that hint at years of gentle wear, front view, accurate, complete, white background...'
2025-08-10 17:56:51,113 - INFO -       🎯 Computing scores against original prompt: 'classic fedora hat in rich brown leather...'
2025-08-10 17:58:51,445 - WARNING -    🔧 Score 0.0 - clearing CUDA cache
2025-08-10 17:58:51,446 - INFO -       📊 Validation score: 0.0000
2025-08-10 17:58:51,446 - INFO -       ✅ Convergence achieved: Convergence threshold met (improvement: 0.000)
2025-08-10 17:58:51,503 - INFO - 
🎯 RL LOOP COMPLETE:
2025-08-10 17:58:51,507 - INFO -    Best prompt: a classic fedora hat in rich, hand-tooled, and supple chocolate-brown leather with subtle scuffs and wear, front view
2025-08-10 17:58:51,507 - INFO -    Best score: 0.8065
2025-08-10 17:58:51,507 - INFO -    Rounds: 5
2025-08-10 17:58:51,507 - INFO -    Convergence: True
2025-08-10 17:58:51,507 - INFO -    Convergence reason: Convergence threshold met (improvement: 0.000)
2025-08-10 17:58:51,507 - INFO -    Exploration ratio: 100.0%
2025-08-10 17:58:51,507 - INFO -    Insights learned: 1
2025-08-10 17:58:51,507 - INFO -    Total time: 484.52s
2025-08-10 17:58:51,508 - INFO - Prompt optimized in 5 rounds: 0.807 → 0.807 (+0.000)
2025-08-10 17:58:51,508 - INFO - ✅ Target score achieved!
2025-08-10 17:58:51,514 - INFO - 
--- Episode 2, Prompt 5 (Total: 26) ---
2025-08-10 17:58:51,515 - INFO - Optimizing: 'ruby bracelet with unique twisted band'
2025-08-10 17:58:51,515 - INFO - 🔍 Checking server availability before optimization...
2025-08-10 17:58:51,527 - INFO - ✅ Server is available (status: completed)
2025-08-10 17:58:51,529 - INFO - 📝 Marked server as used at 1754848731.5291553
2025-08-10 17:58:51,529 - INFO - ✅ Server is available and marked as used
2025-08-10 17:58:54,402 - INFO - 🔄 Reproducibility optimization applied:
2025-08-10 17:58:54,402 - INFO -    Original: ruby bracelet with unique twisted band
2025-08-10 17:58:54,402 - INFO -    Optimized: wbgmsst, a slender and delicate antique-inspired ruby bracelet with expertly faceted stones, twisted chain details, vintage floral motif patterns, exhibits subtle luster in the center of each stone, refract light, white background.
2025-08-10 17:58:54,402 - INFO -    Similarity: 0.633
2025-08-10 17:58:54,402 - INFO -    Gold score: 0.8813
2025-08-10 17:58:54,402 - INFO -       🔧 Overriding endpoint: generate/baolei/
2025-08-10 17:58:54,403 - INFO -       🔧 Using endpoint: generate/baolei/
2025-08-10 17:58:54,407 - INFO - 
🔄 RL LOOP OPTIMIZATION: 'ruby bracelet with unique twisted band'
2025-08-10 17:58:54,407 - INFO -    Session: rl_session_1754848734_7545
2025-08-10 17:58:54,408 - INFO -    Max rounds: 18
2025-08-10 17:58:54,408 - INFO -    Min rounds before convergence: 5
2025-08-10 17:58:54,408 - INFO -    Target score: 0.99
2025-08-10 17:58:54,408 - INFO -       🎯 Found previous best attempt: ruby bracelet with unique twisted band featuring an ornate filigree pattern and subtle inclusions of diamonds, front view, accurate, complete, white background (score: 0.9119)
2025-08-10 17:58:54,408 - INFO -       🎯 Strategy used: material_focus
2025-08-10 17:58:54,408 - INFO -       🎯 Session ID: rl_session_1754823331_7252
2025-08-10 17:58:54,408 - INFO -       🎯 Past final best prompt: ruby bracelet with unique twisted band featuring an ornate filigree pattern and subtle inclusions of diamonds, front view, accurate, complete, white background
2025-08-10 17:58:54,408 - INFO -       🎯 Past final best score: 0.912
2025-08-10 17:58:54,408 - INFO -       🎯 Past session ID: rl_session_1754823331_7252
2025-08-10 17:58:54,408 - INFO -       🎯 Past learned insights: Iterative improvement successful: 0.865 → 0.875, Best performing strategy in session: material_focus, Explored 2 different strategies
2025-08-10 17:58:54,409 - INFO -       🎯 Past strategy performance updates: {'aggressive_transformation': 0.15959750334067613, 'material_focus': 0.2236367896104101}
2025-08-10 17:58:54,410 - INFO -       🎯 Past final best prompt: ruby bracelet with unique twisted band featuring an ornate filigree pattern and subtle inclusions of diamonds, front view, accurate, complete, white background
2025-08-10 17:58:54,410 - INFO -       🎯 Past final best score: 0.912
2025-08-10 17:58:54,410 - INFO - 
   🔄 RL Round 1/18
2025-08-10 17:58:54,410 - INFO -       🔍 Explore performing better - increasing epsilon to 0.80
2025-08-10 17:58:54,410 - INFO -       🎯 Strategy: artistic_elaboration (explore)
2025-08-10 17:59:00,794 - INFO - [TRELLIS] GPU cache cleared: {'status': 'cache_cleared', 'available_memory_gb': 20.277362688}
2025-08-10 17:59:00,795 - INFO -       🔍 Validating...
2025-08-10 17:59:00,796 - INFO -       📝 Using optimized prompt for generation: 'ruby bracelet with unique twisted band featuring a delicate, hand-crafted twisted metalwork element with intricate patterns and textures, subtle inclusions of diamonds, front view, accurate, complete, white background...'
2025-08-10 17:59:00,796 - INFO -       🎯 Computing scores against original prompt: 'ruby bracelet with unique twisted band...'
2025-08-10 18:00:26,762 - INFO -       📊 Validation score: 0.8880
2025-08-10 18:00:26,763 - INFO - 
   🔄 RL Round 2/18
2025-08-10 18:00:26,763 - INFO -       🔍 Explore performing better - increasing epsilon to 0.80
2025-08-10 18:00:26,764 - INFO -       🎯 Strategy: artistic_elaboration (explore)
2025-08-10 18:00:31,503 - INFO - [TRELLIS] GPU cache cleared: {'status': 'cache_cleared', 'available_memory_gb': 20.277362688}
2025-08-10 18:00:31,506 - INFO -       🔍 Validating...
2025-08-10 18:00:31,508 - INFO -       📝 Using optimized prompt for generation: 'ruby bracelet with unique twisted band featuring an ornate filigree pattern with micro-pavé diamonds, subtle inclusions of rubies, a delicate twist at the clasp, front view, accurate, complete, white background...'
2025-08-10 18:00:31,508 - INFO -       🎯 Computing scores against original prompt: 'ruby bracelet with unique twisted band...'
2025-08-10 18:01:48,222 - INFO -       📊 Validation score: 0.9281
2025-08-10 18:01:48,222 - INFO -       🎯 New best score: 0.9281
2025-08-10 18:01:48,223 - INFO -       📈 Improvement detected: artistic_elaboration working better
2025-08-10 18:01:48,223 - INFO - 
   🔄 RL Round 3/18
2025-08-10 18:01:48,223 - INFO -       🔍 Explore performing better - increasing epsilon to 0.80
2025-08-10 18:01:48,223 - INFO -       🎯 Strategy: aggressive_transformation (exploit)
2025-08-10 18:01:53,620 - INFO - [TRELLIS] GPU cache cleared: {'status': 'cache_cleared', 'available_memory_gb': 20.277362688}
2025-08-10 18:01:53,622 - INFO -       🔍 Validating...
2025-08-10 18:01:53,625 - INFO -       📝 Using optimized prompt for generation: 'ruby bracelet with unique twisted band featuring an intricate filigree pattern that incorporates subtle diamond inclusions, precision-cut to accentuate light refraction, complete with a polished white metal clasp and secure closure mechanism...'
2025-08-10 18:01:53,625 - INFO -       🎯 Computing scores against original prompt: 'ruby bracelet with unique twisted band...'
2025-08-10 18:03:17,766 - INFO -       📊 Validation score: 0.9220
2025-08-10 18:03:17,767 - INFO -       📉 Score declined: Consider different approach
2025-08-10 18:03:17,768 - INFO - 
   🔄 RL Round 4/18
2025-08-10 18:03:17,768 - INFO -       🔍 Explore performing better - increasing epsilon to 0.80
2025-08-10 18:03:17,769 - INFO -       🎯 Strategy: technical_precision (exploit)
2025-08-10 18:03:23,887 - INFO - [TRELLIS] GPU cache cleared: {'status': 'cache_cleared', 'available_memory_gb': 20.277362688}
2025-08-10 18:03:23,889 - INFO -       🔍 Validating...
2025-08-10 18:03:23,889 - INFO -       📝 Using optimized prompt for generation: 'ruby bracelet with unique twisted band featuring an ornate filigree pattern with micro-pavé diamonds and delicate twists that evoke a sense of organic texture, suspended in mid-air over a soft, white background, front view, accurate, complete, white background...'
2025-08-10 18:03:23,889 - INFO -       🎯 Computing scores against original prompt: 'ruby bracelet with unique twisted band...'
2025-08-10 18:04:49,212 - INFO -       📊 Validation score: 0.8813
2025-08-10 18:04:49,213 - INFO -       📉 Score declined: Consider different approach
2025-08-10 18:04:49,213 - INFO - 
   🔄 RL Round 5/18
2025-08-10 18:04:49,213 - INFO -       🔍 Explore performing better - increasing epsilon to 0.80
2025-08-10 18:04:49,213 - INFO -       🎯 Strategy: contextual_scene_building (explore)
2025-08-10 18:04:54,517 - INFO - [TRELLIS] GPU cache cleared: {'status': 'cache_cleared', 'available_memory_gb': 20.277362688}
2025-08-10 18:04:54,521 - INFO -       🔍 Validating...
2025-08-10 18:04:54,521 - INFO -       📝 Using optimized prompt for generation: 'ruby bracelet with unique twisted band featuring an intricately crafted, hand-engraved filigree pattern and subtle inclusions of diamonds that refract light, showcasing the natural beauty of the gemstones, front view, accurate, complete, white background...'
2025-08-10 18:04:54,521 - INFO -       🎯 Computing scores against original prompt: 'ruby bracelet with unique twisted band...'
2025-08-10 18:06:21,288 - INFO -       📊 Validation score: 0.8618
2025-08-10 18:06:21,290 - INFO -       📉 Score declined: Consider different approach
2025-08-10 18:06:21,290 - INFO - 
   🔄 RL Round 6/18
2025-08-10 18:06:21,290 - INFO -       🔍 Explore performing better - increasing epsilon to 0.80
2025-08-10 18:06:21,291 - INFO -       🎯 Strategy: contextual_scene_building (exploit)
2025-08-10 18:06:25,912 - INFO - [TRELLIS] GPU cache cleared: {'status': 'cache_cleared', 'available_memory_gb': 20.277362688}
2025-08-10 18:06:25,913 - INFO -       🔍 Validating...
2025-08-10 18:06:25,914 - INFO -       📝 Using optimized prompt for generation: 'a slender ruby bracelet with a unique twisted band featuring intricate filigree patterns, subtle inclusions of diamonds, and expertly faceted stones...'
2025-08-10 18:06:25,915 - INFO -       🎯 Computing scores against original prompt: 'ruby bracelet with unique twisted band...'
2025-08-10 18:07:58,175 - INFO -       📊 Validation score: 0.8967
2025-08-10 18:07:58,175 - INFO -       📈 Improvement detected: contextual_scene_building working better
2025-08-10 18:07:58,175 - INFO - 
   🔄 RL Round 7/18
2025-08-10 18:07:58,175 - INFO -       🔍 Explore performing better - increasing epsilon to 0.80
2025-08-10 18:07:58,176 - INFO -       🎯 Strategy: contextual_scene_building (exploit)
2025-08-10 18:08:06,095 - INFO - [TRELLIS] GPU cache cleared: {'status': 'cache_cleared', 'available_memory_gb': 20.277362688}
2025-08-10 18:08:06,096 - INFO -       🔍 Validating...
2025-08-10 18:08:06,096 - INFO -       📝 Using optimized prompt for generation: 'a ruby bracelet with unique twisted band featuring an intricately crafted filigree pattern showcasing subtle inclusions of diamonds, front view, accurate, complete, white background...'
2025-08-10 18:08:06,096 - INFO -       🎯 Computing scores against original prompt: 'ruby bracelet with unique twisted band...'
2025-08-10 18:09:28,109 - INFO -       📊 Validation score: 0.8828
2025-08-10 18:09:28,110 - INFO -       📉 Score declined: Consider different approach
2025-08-10 18:09:28,110 - INFO - 
   🔄 RL Round 8/18
2025-08-10 18:09:28,110 - INFO -       🔍 Explore performing better - increasing epsilon to 0.80
2025-08-10 18:09:28,110 - INFO -       🎯 Strategy: material_focus (explore)
2025-08-10 18:09:34,712 - INFO - [TRELLIS] GPU cache cleared: {'status': 'cache_cleared', 'available_memory_gb': 20.277362688}
2025-08-10 18:09:34,714 - INFO -       🔍 Validating...
2025-08-10 18:09:34,715 - INFO -       📝 Using optimized prompt for generation: 'a slender ruby bracelet with unique twisted band featuring an intricately crafted filigree pattern that subtly incorporates micro-pavé diamonds and a delicate, hand-crafted twisted metalwork element in the center, front view, accurate, complete, white background...'
2025-08-10 18:09:34,715 - INFO -       🎯 Computing scores against original prompt: 'ruby bracelet with unique twisted band...'
2025-08-10 18:11:02,017 - INFO -       📊 Validation score: 0.8859
2025-08-10 18:11:02,017 - INFO -       🔍 Explore performing better - stricter convergence threshold: 0.005
2025-08-10 18:11:02,017 - INFO -       ✅ Convergence achieved: Convergence threshold met (improvement: 0.003)
2025-08-10 18:11:02,080 - INFO - 
🎯 RL LOOP COMPLETE:
2025-08-10 18:11:02,083 - INFO -    Best prompt: ruby bracelet with unique twisted band featuring an ornate filigree pattern with micro-pavé diamonds, subtle inclusions of rubies, a delicate twist at the clasp, front view, accurate, complete, white background
2025-08-10 18:11:02,083 - INFO -    Best score: 0.9281
2025-08-10 18:11:02,083 - INFO -    Rounds: 8
2025-08-10 18:11:02,083 - INFO -    Convergence: True
2025-08-10 18:11:02,083 - INFO -    Convergence reason: Convergence threshold met (improvement: 0.003)
2025-08-10 18:11:02,083 - INFO -    Exploration ratio: 50.0%
2025-08-10 18:11:02,083 - INFO -    Insights learned: 2
2025-08-10 18:11:02,083 - INFO -    Total time: 727.61s
2025-08-10 18:11:02,084 - INFO - Prompt optimized in 8 rounds: 0.888 → 0.928 (+0.040)
2025-08-10 18:11:02,084 - INFO - ✅ Target score achieved!
2025-08-10 18:11:02,091 - INFO - 
--- Episode 2, Prompt 6 (Total: 26) ---
2025-08-10 18:11:02,091 - INFO - Optimizing: 'yellow screwdriver with short handle'
2025-08-10 18:11:02,091 - INFO - 🔍 Checking server availability before optimization...
2025-08-10 18:11:02,103 - INFO - ✅ Server is available (status: completed)
2025-08-10 18:11:02,104 - INFO - 📝 Marked server as used at 1754849462.1042817
2025-08-10 18:11:02,104 - INFO - ✅ Server is available and marked as used
2025-08-10 18:11:04,838 - INFO - 🔄 Reproducibility optimization applied:
2025-08-10 18:11:04,838 - INFO -    Original: yellow screwdriver with short handle
2025-08-10 18:11:04,839 - INFO -    Optimized: wbgmsst, an accurate and complete screwdriver with a polished brass alloy construction featuring a delicate patina and subtly ridged texture, depicted in a front view on a white background.
2025-08-10 18:11:04,839 - INFO -    Similarity: 0.548
2025-08-10 18:11:04,839 - INFO -    Gold score: 0.9305
2025-08-10 18:11:04,839 - INFO -       🔧 Overriding endpoint: generate/baolei/
2025-08-10 18:11:04,841 - INFO -       🔧 Using endpoint: generate/baolei/
2025-08-10 18:11:04,850 - INFO - 
🔄 RL LOOP OPTIMIZATION: 'yellow screwdriver with short handle'
2025-08-10 18:11:04,850 - INFO -    Session: rl_session_1754849464_2848
2025-08-10 18:11:04,850 - INFO -    Max rounds: 18
2025-08-10 18:11:04,852 - INFO -    Min rounds before convergence: 5
2025-08-10 18:11:04,852 - INFO -    Target score: 0.99
2025-08-10 18:11:04,852 - INFO -       🎯 Found previous best attempt: yellow screwdriver with a short, slender, and ergonomic handle made of durable plastic, front view, accurate, complete, white background (score: 0.9256)
2025-08-10 18:11:04,852 - INFO -       🎯 Strategy used: minimalist_refinement
2025-08-10 18:11:04,852 - INFO -       🎯 Session ID: rl_session_1754823764_8832
2025-08-10 18:11:04,852 - INFO -       🎯 Past final best prompt: yellow screwdriver with a short, slender, and ergonomic handle made of durable plastic, front view, accurate, complete, white background
2025-08-10 18:11:04,856 - INFO -       🎯 Past final best score: 0.926
2025-08-10 18:11:04,856 - INFO -       🎯 Past session ID: rl_session_1754823764_8832
2025-08-10 18:11:04,856 - INFO -       🎯 Past learned insights: Best performing strategy in session: minimalist_refinement, Explored 5 different strategies
2025-08-10 18:11:04,856 - INFO -       🎯 Past strategy performance updates: {'minimalist_refinement': 0.16146787244787164, 'material_focus': 0.16581821719044398, 'aggressive_transformation': 0.17028268750225273, 'contextual_scene_building': 0.23404246324913236, 'technical_precision': 0.20747218891533925}
2025-08-10 18:11:04,856 - INFO -       🎯 Past final best prompt: yellow screwdriver with a short, slender, and ergonomic handle made of durable plastic, front view, accurate, complete, white background
2025-08-10 18:11:04,856 - INFO -       🎯 Past final best score: 0.926
2025-08-10 18:11:04,856 - INFO - 
   🔄 RL Round 1/18
2025-08-10 18:11:04,856 - INFO -       🔍 Explore performing better - increasing epsilon to 0.80
2025-08-10 18:11:04,856 - INFO -       🎯 Strategy: artistic_elaboration (explore)
2025-08-10 18:11:10,060 - INFO - [TRELLIS] GPU cache cleared: {'status': 'cache_cleared', 'available_memory_gb': 20.277362688}
2025-08-10 18:11:10,061 - INFO -       🔍 Validating...
2025-08-10 18:11:10,061 - INFO -       📝 Using optimized prompt for generation: 'a yellow screwdriver with an ergonomic handle made from durable plastic, close-up view, highlighting textured grip and subtle wear marks, front view, accurate, complete, white background...'
2025-08-10 18:11:10,061 - INFO -       🎯 Computing scores against original prompt: 'yellow screwdriver with short handle...'
2025-08-10 18:12:33,048 - INFO -       📊 Validation score: 0.9053
2025-08-10 18:12:33,048 - INFO - 
   🔄 RL Round 2/18
2025-08-10 18:12:33,049 - INFO -       🔍 Explore performing better - increasing epsilon to 0.80
2025-08-10 18:12:33,049 - INFO -       🎯 Strategy: material_focus (explore)
2025-08-10 18:12:39,305 - INFO - [TRELLIS] GPU cache cleared: {'status': 'cache_cleared', 'available_memory_gb': 20.277362688}
2025-08-10 18:12:39,306 - INFO -       🔍 Validating...
2025-08-10 18:12:39,306 - INFO -       📝 Using optimized prompt for generation: 'a yellow screwdriver with a short, slender, and ergonomic handle made of durable plastic, front view, detailed texture, white background, front view, accurate, complete, white background...'
2025-08-10 18:12:39,306 - INFO -       🎯 Computing scores against original prompt: 'yellow screwdriver with short handle...'
2025-08-10 18:14:02,724 - INFO -       📊 Validation score: 0.9178
2025-08-10 18:14:02,724 - INFO -       📈 Improvement detected: material_focus working better
2025-08-10 18:14:02,724 - INFO - 
   🔄 RL Round 3/18
2025-08-10 18:14:02,724 - INFO -       🔍 Explore performing better - increasing epsilon to 0.80
2025-08-10 18:14:02,725 - INFO -       🎯 Strategy: artistic_elaboration (explore)
2025-08-10 18:14:08,422 - INFO - [TRELLIS] GPU cache cleared: {'status': 'cache_cleared', 'available_memory_gb': 20.277362688}
2025-08-10 18:14:08,422 - INFO -       🔍 Validating...
2025-08-10 18:14:08,423 - INFO -       📝 Using optimized prompt for generation: 'a yellow screwdriver with a short, slender handle made from durable plastic, front view, precise details of ergonomic design, front view, accurate, complete, white background...'
2025-08-10 18:14:08,423 - INFO -       🎯 Computing scores against original prompt: 'yellow screwdriver with short handle...'
2025-08-10 18:15:31,463 - INFO -       📊 Validation score: 0.9304
2025-08-10 18:15:31,463 - INFO -       🎯 New best score: 0.9304
2025-08-10 18:15:31,464 - INFO -       📈 Improvement detected: artistic_elaboration working better
2025-08-10 18:15:31,464 - INFO - 
   🔄 RL Round 4/18
2025-08-10 18:15:31,464 - INFO -       🔍 Explore performing better - increasing epsilon to 0.80
2025-08-10 18:15:31,464 - INFO -       🎯 Strategy: material_focus (explore)
2025-08-10 18:15:35,937 - INFO - [TRELLIS] GPU cache cleared: {'status': 'cache_cleared', 'available_memory_gb': 20.277362688}
2025-08-10 18:15:35,937 - INFO -       🔍 Validating...
2025-08-10 18:15:35,937 - INFO -       📝 Using optimized prompt for generation: 'a yellow screwdriver with a short handle made of durable plastic featuring subtle texture and minor wear marks...'
2025-08-10 18:15:35,938 - INFO -       🎯 Computing scores against original prompt: 'yellow screwdriver with short handle...'
2025-08-10 18:16:59,898 - INFO -       📊 Validation score: 0.8491
2025-08-10 18:16:59,898 - INFO -       📉 Score declined: Consider different approach
2025-08-10 18:16:59,898 - INFO - 
   🔄 RL Round 5/18
2025-08-10 18:16:59,898 - INFO -       🔍 Explore performing better - increasing epsilon to 0.80
2025-08-10 18:16:59,898 - INFO -       🎯 Strategy: contextual_scene_building (exploit)
2025-08-10 18:17:04,563 - INFO - [TRELLIS] GPU cache cleared: {'status': 'cache_cleared', 'available_memory_gb': 20.277362688}
2025-08-10 18:17:04,564 - INFO -       🔍 Validating...
2025-08-10 18:17:04,564 - INFO -       📝 Using optimized prompt for generation: 'a yellow screwdriver with a short handle made of durable plastic, front view, accurate, complete, white background...'
2025-08-10 18:17:04,564 - INFO -       🎯 Computing scores against original prompt: 'yellow screwdriver with short handle...'
2025-08-10 18:18:24,610 - INFO -       📊 Validation score: 0.7124
2025-08-10 18:18:24,610 - INFO -       🔍 Explore performing better - stricter convergence threshold: 0.005
2025-08-10 18:18:24,610 - INFO -       📉 Score declined: Consider different approach
2025-08-10 18:18:24,610 - INFO - 
   🔄 RL Round 6/18
2025-08-10 18:18:24,611 - INFO -       🎯 Strategy: material_focus (explore)
2025-08-10 18:18:29,019 - INFO - [TRELLIS] GPU cache cleared: {'status': 'cache_cleared', 'available_memory_gb': 20.277362688}
2025-08-10 18:18:29,022 - INFO -       🔍 Validating...
2025-08-10 18:18:29,022 - INFO -       📝 Using optimized prompt for generation: 'a yellow screwdriver with a short handle made from durable plastic featuring a subtle texture and a slight curve to the ergonomic grip, front view, front view, accurate, complete, white background...'
2025-08-10 18:18:29,022 - INFO -       🎯 Computing scores against original prompt: 'yellow screwdriver with short handle...'
2025-08-10 18:19:49,437 - INFO -       📊 Validation score: 0.9038
2025-08-10 18:19:49,438 - INFO -       🔍 Explore performing better - stricter convergence threshold: 0.005
2025-08-10 18:19:49,438 - INFO -       📈 Improvement detected: material_focus working better
2025-08-10 18:19:49,438 - INFO - 
   🔄 RL Round 7/18
2025-08-10 18:19:49,439 - INFO -       🎯 Strategy: contextual_scene_building (explore)
2025-08-10 18:19:54,816 - INFO - [TRELLIS] GPU cache cleared: {'status': 'cache_cleared', 'available_memory_gb': 20.277362688}
2025-08-10 18:19:54,817 - INFO -       🔍 Validating...
2025-08-10 18:19:54,817 - INFO -       📝 Using optimized prompt for generation: 'a bright yellow screwdriver with a short, slender ergonomic handle made from durable plastic, highlighted in detail for precision and completeness, front view, accurate, complete, white background...'
2025-08-10 18:19:54,817 - INFO -       🎯 Computing scores against original prompt: 'yellow screwdriver with short handle...'
2025-08-10 18:21:21,567 - INFO -       📊 Validation score: 0.9101
2025-08-10 18:21:21,567 - INFO -       🔍 Explore performing better - stricter convergence threshold: 0.005
2025-08-10 18:21:21,567 - INFO -       📈 Improvement detected: contextual_scene_building working better
2025-08-10 18:21:21,567 - INFO - 
   🔄 RL Round 8/18
2025-08-10 18:21:21,567 - INFO -       🎯 Strategy: material_focus (explore)
2025-08-10 18:21:25,921 - INFO - [TRELLIS] GPU cache cleared: {'status': 'cache_cleared', 'available_memory_gb': 20.277362688}
2025-08-10 18:21:25,925 - INFO -       🔍 Validating...
2025-08-10 18:21:25,925 - INFO -       📝 Using optimized prompt for generation: 'a bright yellow screwdriver with a short, slender ergonomic handle made of durable plastic featuring a slight chamfer on the edge and a subtle texture, front view, front view, accurate, complete, white background...'
2025-08-10 18:21:25,925 - INFO -       🎯 Computing scores against original prompt: 'yellow screwdriver with short handle...'
2025-08-10 18:22:51,054 - INFO -       📊 Validation score: 0.9195
2025-08-10 18:22:51,055 - INFO -       🔍 Explore performing better - stricter convergence threshold: 0.005
2025-08-10 18:22:51,055 - INFO -       📈 Improvement detected: material_focus working better
2025-08-10 18:22:51,055 - INFO - 
   🔄 RL Round 9/18
2025-08-10 18:22:51,055 - INFO -       🎯 Strategy: material_focus (exploit)
2025-08-10 18:22:56,086 - INFO - [TRELLIS] GPU cache cleared: {'status': 'cache_cleared', 'available_memory_gb': 20.277362688}
2025-08-10 18:22:56,088 - INFO -       🔍 Validating...
2025-08-10 18:22:56,090 - INFO -       📝 Using optimized prompt for generation: 'a bright yellow screwdriver with a short, slender handle made of durable plastic featuring a slight curvature and minor scratches on the surface, front view, front view, accurate, complete, white background...'
2025-08-10 18:22:56,091 - INFO -       🎯 Computing scores against original prompt: 'yellow screwdriver with short handle...'
2025-08-10 18:24:16,051 - INFO -       📊 Validation score: 0.8748
2025-08-10 18:24:16,052 - INFO -       🔍 Explore performing better - stricter convergence threshold: 0.005
2025-08-10 18:24:16,052 - INFO -       📉 Score declined: Consider different approach
2025-08-10 18:24:16,052 - INFO - 
   🔄 RL Round 10/18
2025-08-10 18:24:16,052 - INFO -       🔍 Explore performing better - increasing epsilon to 0.80
2025-08-10 18:24:16,053 - INFO -       🎯 Strategy: material_focus (explore)
2025-08-10 18:24:21,313 - INFO - [TRELLIS] GPU cache cleared: {'status': 'cache_cleared', 'available_memory_gb': 20.277362688}
2025-08-10 18:24:21,314 - INFO -       🔍 Validating...
2025-08-10 18:24:21,315 - INFO -       📝 Using optimized prompt for generation: 'a bright yellow screwdriver with a short, slender ergonomic handle made from durable plastic featuring a subtle texture and a slight curvature along its length, front view, accurate, complete, white background...'
2025-08-10 18:24:21,315 - INFO -       🎯 Computing scores against original prompt: 'yellow screwdriver with short handle...'
2025-08-10 18:25:47,966 - INFO -       📊 Validation score: 0.9102
2025-08-10 18:25:47,966 - INFO -       🔍 Explore performing better - stricter convergence threshold: 0.005
2025-08-10 18:25:47,966 - INFO -       📈 Improvement detected: material_focus working better
2025-08-10 18:25:47,966 - INFO - 
   🔄 RL Round 11/18
2025-08-10 18:25:47,967 - INFO -       🎯 Strategy: material_focus (explore)
2025-08-10 18:26:00,869 - INFO - [TRELLIS] GPU cache cleared: {'status': 'cache_cleared', 'available_memory_gb': 20.277362688}
2025-08-10 18:26:00,869 - INFO -       🔍 Validating...
2025-08-10 18:26:00,869 - INFO -       📝 Using optimized prompt for generation: 'a bright yellow screwdriver with a short, slender ergonomic handle made from durable plastic featuring a subtle textured grip and a slight wear on the tip, front view, front view, accurate, complete, white background...'
2025-08-10 18:26:00,870 - INFO -       🎯 Computing scores against original prompt: 'yellow screwdriver with short handle...'
2025-08-10 18:27:30,371 - INFO -       📊 Validation score: 0.8920
2025-08-10 18:27:30,371 - INFO -       🔍 Explore performing better - stricter convergence threshold: 0.005
2025-08-10 18:27:30,372 - INFO -       📉 Score declined: Consider different approach
2025-08-10 18:27:30,372 - INFO - 
   🔄 RL Round 12/18
2025-08-10 18:27:30,372 - INFO -       🔍 Explore performing better - increasing epsilon to 0.80
2025-08-10 18:27:30,373 - INFO -       🎯 Strategy: artistic_elaboration (explore)
2025-08-10 18:27:35,969 - INFO - [TRELLIS] GPU cache cleared: {'status': 'cache_cleared', 'available_memory_gb': 20.277362688}
2025-08-10 18:27:35,969 - INFO -       🔍 Validating...
2025-08-10 18:27:35,969 - INFO -       📝 Using optimized prompt for generation: 'a bright yellow screwdriver with a short, slender ergonomic handle made from durable plastic featuring a slight taper and a textured grip,
  confidence, front view, accurate, complete, white background...'
2025-08-10 18:27:35,969 - INFO -       🎯 Computing scores against original prompt: 'yellow screwdriver with short handle...'
2025-08-10 18:28:30,621 - WARNING -    ❌ Validation failed (return code 1)
2025-08-10 18:28:30,621 - INFO -       📊 Validation score: 0.0000
2025-08-10 18:28:30,621 - INFO -       🔍 Explore performing better - stricter convergence threshold: 0.005
2025-08-10 18:28:30,621 - INFO - 
   🔄 RL Round 13/18
2025-08-10 18:28:30,622 - INFO -       🔍 Explore performing better - increasing epsilon to 0.80
2025-08-10 18:28:30,622 - INFO -       🎯 Strategy: artistic_elaboration (explore)
2025-08-10 18:28:35,798 - INFO - [TRELLIS] GPU cache cleared: {'status': 'cache_cleared', 'available_memory_gb': 20.277362688}
2025-08-10 18:28:35,799 - INFO -       🔍 Validating...
2025-08-10 18:28:35,800 - INFO -       📝 Using optimized prompt for generation: 'a yellow screwdriver with a short, slender, ergonomic handle made from durable plastic featuring subtle ridges and a slight curvature, front view, front view, accurate, complete, white background...'
2025-08-10 18:28:35,801 - INFO -       🎯 Computing scores against original prompt: 'yellow screwdriver with short handle...'
2025-08-10 18:30:04,275 - INFO -       📊 Validation score: 0.8909
2025-08-10 18:30:04,275 - INFO -       🔍 Explore performing better - stricter convergence threshold: 0.005
2025-08-10 18:30:04,276 - INFO - 
   🔄 RL Round 14/18
2025-08-10 18:30:04,276 - INFO -       🔍 Explore performing better - increasing epsilon to 0.80
2025-08-10 18:30:04,276 - INFO -       🎯 Strategy: material_focus (exploit)
2025-08-10 18:30:09,320 - INFO - [TRELLIS] GPU cache cleared: {'status': 'cache_cleared', 'available_memory_gb': 20.277362688}
2025-08-10 18:30:09,323 - INFO -       🔍 Validating...
2025-08-10 18:30:09,323 - INFO -       📝 Using optimized prompt for generation: 'a bright yellow screwdriver with a short, slender, and ergonomic handle made from durable plastic featuring fine, micro-scaled ridges and a slight matte finish, front view, accurate, complete, white background...'
2025-08-10 18:30:09,323 - INFO -       🎯 Computing scores against original prompt: 'yellow screwdriver with short handle...'
2025-08-10 18:31:34,261 - INFO -       📊 Validation score: 0.9184
2025-08-10 18:31:34,261 - INFO -       🔍 Explore performing better - stricter convergence threshold: 0.005
2025-08-10 18:31:34,261 - INFO -       📈 Improvement detected: material_focus working better
2025-08-10 18:31:34,261 - INFO - 
   🔄 RL Round 15/18
2025-08-10 18:31:34,261 - INFO -       🎯 Strategy: artistic_elaboration (explore)
2025-08-10 18:31:39,559 - INFO - [TRELLIS] GPU cache cleared: {'status': 'cache_cleared', 'available_memory_gb': 20.277362688}
2025-08-10 18:31:39,559 - INFO -       🔍 Validating...
2025-08-10 18:31:39,559 - INFO -       📝 Using optimized prompt for generation: 'a bright yellow screwdriver with a short, slender ergonomic handle made from durable plastic featuring a fine texture and subtle ridges, front view, front view, accurate, complete, white background...'
2025-08-10 18:31:39,564 - INFO -       🎯 Computing scores against original prompt: 'yellow screwdriver with short handle...'
2025-08-10 18:33:01,224 - INFO -       📊 Validation score: 0.8980
2025-08-10 18:33:01,225 - INFO -       🔍 Explore performing better - stricter convergence threshold: 0.005
2025-08-10 18:33:01,225 - INFO -       📉 Score declined: Consider different approach
2025-08-10 18:33:01,225 - INFO - 
   🔄 RL Round 16/18
2025-08-10 18:33:01,225 - INFO -       🎯 Strategy: contextual_scene_building (explore)
2025-08-10 18:33:07,154 - INFO - [TRELLIS] GPU cache cleared: {'status': 'cache_cleared', 'available_memory_gb': 20.277362688}
2025-08-10 18:33:07,158 - INFO -       🔍 Validating...
2025-08-10 18:33:07,158 - INFO -       📝 Using optimized prompt for generation: 'a bright yellow screwdriver with a short, slender, ergonomic handle made from durable plastic featuring a slight curvature and minimal texture, front view, front view, accurate, complete, white background...'
2025-08-10 18:33:07,159 - INFO -       🎯 Computing scores against original prompt: 'yellow screwdriver with short handle...'
2025-08-10 18:34:34,212 - INFO -       📊 Validation score: 0.8892
2025-08-10 18:34:34,213 - INFO -       🔍 Explore performing better - stricter convergence threshold: 0.005
2025-08-10 18:34:34,213 - INFO -       📉 Score declined: Consider different approach
2025-08-10 18:34:34,213 - INFO - 
   🔄 RL Round 17/18
2025-08-10 18:34:34,213 - INFO -       🎯 Strategy: artistic_elaboration (explore)
2025-08-10 18:34:38,896 - INFO - [TRELLIS] GPU cache cleared: {'status': 'cache_cleared', 'available_memory_gb': 20.277362688}
2025-08-10 18:34:38,896 - INFO -       🔍 Validating...
2025-08-10 18:34:38,896 - INFO -       📝 Using optimized prompt for generation: 'a bright yellow screwdriver with a short, slender, and ergonomic handle made from durable plastic featuring a slight curvature on the grip and subtle ridges along the shaft, front view, accurate, complete, white background...'
2025-08-10 18:34:38,896 - INFO -       🎯 Computing scores against original prompt: 'yellow screwdriver with short handle...'
2025-08-10 18:36:07,615 - INFO -       📊 Validation score: 0.8354
2025-08-10 18:36:07,616 - INFO -       🔍 Explore performing better - stricter convergence threshold: 0.005
2025-08-10 18:36:07,616 - INFO -       📉 Score declined: Consider different approach
2025-08-10 18:36:07,620 - INFO - 
   🔄 RL Round 18/18
2025-08-10 18:36:07,620 - INFO -       🎯 Strategy: artistic_elaboration (explore)
2025-08-10 18:36:12,850 - INFO - [TRELLIS] GPU cache cleared: {'status': 'cache_cleared', 'available_memory_gb': 20.277362688}
2025-08-10 18:36:12,852 - INFO -       🔍 Validating...
2025-08-10 18:36:12,852 - INFO -       📝 Using optimized prompt for generation: 'a bright yellow screwdriver with a short, slender, and ergonomic handle made of durable plastic featuring subtle scratches and a gentle sheen, front view, front view, accurate, complete, white background...'
2025-08-10 18:36:12,853 - INFO -       🎯 Computing scores against original prompt: 'yellow screwdriver with short handle...'
2025-08-10 18:37:40,295 - INFO -       📊 Validation score: 0.9113
2025-08-10 18:37:40,296 - INFO -       🔍 Explore performing better - stricter convergence threshold: 0.005
2025-08-10 18:37:40,370 - INFO - 
🎯 RL LOOP COMPLETE:
2025-08-10 18:37:40,370 - INFO -    Best prompt: a yellow screwdriver with a short, slender handle made from durable plastic, front view, precise details of ergonomic design, front view, accurate, complete, white background
2025-08-10 18:37:40,374 - INFO -    Best score: 0.9304
2025-08-10 18:37:40,374 - INFO -    Rounds: 18
2025-08-10 18:37:40,374 - INFO -    Convergence: False
2025-08-10 18:37:40,374 - INFO -    Convergence reason: Not converged
2025-08-10 18:37:40,374 - INFO -    Exploration ratio: 83.3%
2025-08-10 18:37:40,374 - INFO -    Insights learned: 3
2025-08-10 18:37:40,374 - INFO -    Total time: 1595.45s
2025-08-10 18:37:40,374 - INFO - Prompt optimized in 18 rounds: 0.905 → 0.930 (+0.025)
2025-08-10 18:37:40,375 - INFO - ⏰ Max rounds reached
2025-08-10 18:37:40,381 - INFO - 
--- Episode 2, Prompt 7 (Total: 26) ---
2025-08-10 18:37:40,381 - INFO - Optimizing: 'yellow and white checkered robot pose'
2025-08-10 18:37:40,381 - INFO - 🔍 Checking server availability before optimization...
2025-08-10 18:37:40,395 - INFO - ✅ Server is available (status: completed)
2025-08-10 18:37:40,396 - INFO - 📝 Marked server as used at 1754851060.3960335
2025-08-10 18:37:40,396 - INFO - ✅ Server is available and marked as used
2025-08-10 18:37:43,301 - INFO - 🔄 Reproducibility optimization applied:
2025-08-10 18:37:43,301 - INFO -    Original: yellow and white checkered robot pose
2025-08-10 18:37:43,301 - INFO -    Optimized: wbgmsst, a complete and accurate robot with a polished brass alloy body featuring a delicate patina and subtly ridged texture, displayed in front view against a white background.
2025-08-10 18:37:43,301 - INFO -    Similarity: 0.540
2025-08-10 18:37:43,303 - INFO -    Gold score: 0.9305
2025-08-10 18:37:43,303 - INFO -       🔧 Overriding endpoint: generate/baolei/
2025-08-10 18:37:43,303 - INFO -       🔧 Using endpoint: generate/baolei/
2025-08-10 18:37:43,309 - INFO - 
🔄 RL LOOP OPTIMIZATION: 'yellow and white checkered robot pose'
2025-08-10 18:37:43,310 - INFO -    Session: rl_session_1754851063_4752
2025-08-10 18:37:43,310 - INFO -    Max rounds: 18
2025-08-10 18:37:43,312 - INFO -    Min rounds before convergence: 5
2025-08-10 18:37:43,312 - INFO -    Target score: 0.99
2025-08-10 18:37:43,312 - INFO -       🎯 Found previous best attempt: a sleek yellow and white checkered robot pose with a metallic sheen on the gears visible under a slightly worn, translucent plastic casing, front view, accurate, complete, white background (score: 0.9063)
2025-08-10 18:37:43,312 - INFO -       🎯 Strategy used: contextual_scene_building
2025-08-10 18:37:43,312 - INFO -       🎯 Session ID: rl_session_1754824173_1619
2025-08-10 18:37:43,313 - INFO -       🎯 Past final best prompt: a sleek yellow and white checkered robot pose with a metallic sheen on the gears visible under a slightly worn, translucent plastic casing, front view, accurate, complete, white background
2025-08-10 18:37:43,313 - INFO -       🎯 Past final best score: 0.906
2025-08-10 18:37:43,313 - INFO -       🎯 Past session ID: rl_session_1754824173_1619
2025-08-10 18:37:43,313 - INFO -       🎯 Past learned insights: Iterative improvement successful: 0.838 → 0.901, Best performing strategy in session: contextual_scene_building, Explored 5 different strategies
2025-08-10 18:37:43,313 - INFO -       🎯 Past strategy performance updates: {'minimalist_refinement': 0.026887784310783758, 'contextual_scene_building': 0.09930396686358911, 'material_focus': 0.15878887398428865, 'technical_precision': 0.15755618703009844, 'conservative_enhancement': 0.21260977894066901}
2025-08-10 18:37:43,313 - INFO -       🎯 Past final best prompt: a sleek yellow and white checkered robot pose with a metallic sheen on the gears visible under a slightly worn, translucent plastic casing, front view, accurate, complete, white background
2025-08-10 18:37:43,315 - INFO -       🎯 Past final best score: 0.906
2025-08-10 18:37:43,316 - INFO - 
   🔄 RL Round 1/18
2025-08-10 18:37:43,316 - INFO -       🎯 Strategy: contextual_scene_building (explore)
2025-08-10 18:37:48,792 - INFO - [TRELLIS] GPU cache cleared: {'status': 'cache_cleared', 'available_memory_gb': 20.277362688}
2025-08-10 18:37:48,797 - INFO -       🔍 Validating...
2025-08-10 18:37:48,797 - INFO -       📝 Using optimized prompt for generation: 'a sleek yellow and white checkered robot pose with a metallic sheen on the gears visible under a slightly worn, translucent plastic casing, with minute scratches on the surface visible from a 45-degree angle, front view, accurate, complete, white background...'
2025-08-10 18:37:48,797 - INFO -       🎯 Computing scores against original prompt: 'yellow and white checkered robot pose...'
2025-08-10 18:39:12,263 - INFO -       📊 Validation score: 0.8478
2025-08-10 18:39:12,263 - INFO - 
   🔄 RL Round 2/18
2025-08-10 18:39:12,263 - INFO -       🎯 Strategy: contextual_scene_building (explore)
2025-08-10 18:39:17,225 - INFO - [TRELLIS] GPU cache cleared: {'status': 'cache_cleared', 'available_memory_gb': 20.277362688}
2025-08-10 18:39:17,226 - INFO -       🔍 Validating...
2025-08-10 18:39:17,226 - INFO -       📝 Using optimized prompt for generation: 'a sleek yellow and white checkered robot pose with a metallic sheen on the gears visible under a slightly worn, translucent plastic casing, front view, accurate, complete, high-resolution lighting...'
2025-08-10 18:39:17,226 - INFO -       🎯 Computing scores against original prompt: 'yellow and white checkered robot pose...'
2025-08-10 18:40:51,797 - INFO -       📊 Validation score: 0.8254
2025-08-10 18:40:51,797 - INFO -       📉 Score declined: Consider different approach
2025-08-10 18:40:51,797 - INFO - 
   🔄 RL Round 3/18
2025-08-10 18:40:51,797 - INFO -       🎯 Strategy: contextual_scene_building (explore)
2025-08-10 18:40:58,801 - INFO - [TRELLIS] GPU cache cleared: {'status': 'cache_cleared', 'available_memory_gb': 20.277362688}
2025-08-10 18:40:58,803 - INFO -       🔍 Validating...
2025-08-10 18:40:58,803 - INFO -       📝 Using optimized prompt for generation: 'a sleek yellow and white checkered robot pose with intricate mechanical details visible under a worn, translucent plastic casing, front view, accurate, complete, soft focus background, front view, accurate, complete, white background...'
2025-08-10 18:40:58,804 - INFO -       🎯 Computing scores against original prompt: 'yellow and white checkered robot pose...'
2025-08-10 18:42:26,308 - INFO -       📊 Validation score: 0.8608
2025-08-10 18:42:26,309 - INFO -       📈 Improvement detected: contextual_scene_building working better
2025-08-10 18:42:26,309 - INFO - 
   🔄 RL Round 4/18
2025-08-10 18:42:26,309 - INFO -       🎯 Strategy: artistic_elaboration (explore)
2025-08-10 18:42:30,476 - INFO - [TRELLIS] GPU cache cleared: {'status': 'cache_cleared', 'available_memory_gb': 20.277362688}
2025-08-10 18:42:30,479 - INFO -       🔍 Validating...
2025-08-10 18:42:30,479 - INFO -       📝 Using optimized prompt for generation: 'a sleek yellow and white checkered robot pose with a metallic sheen on the gears visible under a slightly worn, translucent plastic casing, front view, accurate, complete, with intricate mechanical details on the arms and legs...'
2025-08-10 18:42:30,480 - INFO -       🎯 Computing scores against original prompt: 'yellow and white checkered robot pose...'
2025-08-10 18:43:55,991 - INFO -       📊 Validation score: 0.6535
2025-08-10 18:43:55,992 - INFO -       📉 Score declined: Consider different approach
2025-08-10 18:43:55,993 - INFO - 
   🔄 RL Round 5/18
2025-08-10 18:43:55,994 - INFO -       🎯 Strategy: artistic_elaboration (explore)
2025-08-10 18:44:01,573 - INFO - [TRELLIS] GPU cache cleared: {'status': 'cache_cleared', 'available_memory_gb': 20.277362688}
2025-08-10 18:44:01,575 - INFO -       🔍 Validating...
2025-08-10 18:44:01,576 - INFO -       📝 Using optimized prompt for generation: 'a sleek yellow and white checkered robot pose with a metallic sheen on the gears visible under a worn, textured translucent plastic casing that hints at a slightly faded or aged finish, front view, accurate, complete, white background...'
2025-08-10 18:44:01,576 - INFO -       🎯 Computing scores against original prompt: 'yellow and white checkered robot pose...'
2025-08-10 18:45:31,240 - INFO -       📊 Validation score: 0.8631
2025-08-10 18:45:31,240 - INFO -       🔍 Explore performing better - stricter convergence threshold: 0.005
2025-08-10 18:45:31,241 - INFO -       📈 Improvement detected: artistic_elaboration working better
2025-08-10 18:45:31,244 - INFO - 
   🔄 RL Round 6/18
2025-08-10 18:45:31,244 - INFO -       🎯 Strategy: artistic_elaboration (explore)
2025-08-10 18:45:36,082 - INFO - [TRELLIS] GPU cache cleared: {'status': 'cache_cleared', 'available_memory_gb': 20.277362688}
2025-08-10 18:45:36,083 - INFO -       🔍 Validating...
2025-08-10 18:45:36,086 - INFO -       📝 Using optimized prompt for generation: 'a sleek yellow and white checkered robot pose with a metallic sheen on the gears visible under a slightly worn, translucent plastic casing, emphasizing the intricate mechanical details within, front view, accurate, complete, white background...'
2025-08-10 18:45:36,086 - INFO -       🎯 Computing scores against original prompt: 'yellow and white checkered robot pose...'
2025-08-10 18:47:01,495 - INFO -       📊 Validation score: 0.8708
2025-08-10 18:47:01,496 - INFO -       🔍 Explore performing better - stricter convergence threshold: 0.005
2025-08-10 18:47:01,498 - INFO -       📈 Improvement detected: artistic_elaboration working better
2025-08-10 18:47:01,498 - INFO - 
   🔄 RL Round 7/18
2025-08-10 18:47:01,498 - INFO -       🎯 Strategy: contextual_scene_building (explore)
2025-08-10 18:47:06,938 - INFO - [TRELLIS] GPU cache cleared: {'status': 'cache_cleared', 'available_memory_gb': 20.277362688}
2025-08-10 18:47:06,941 - INFO -       🔍 Validating...
2025-08-10 18:47:06,942 - INFO -       📝 Using optimized prompt for generation: 'a sleek yellow and white checkered robot pose with a metallic sheen on the gears visible under a slightly worn, translucent plastic casing, front view, accurate, complete, subtle golden accents on the gear teeth, worn edges...'
2025-08-10 18:47:06,943 - INFO -       🎯 Computing scores against original prompt: 'yellow and white checkered robot pose...'
2025-08-10 18:48:36,537 - INFO -       📊 Validation score: 0.8543
2025-08-10 18:48:36,538 - INFO -       🔍 Explore performing better - stricter convergence threshold: 0.005
2025-08-10 18:48:36,538 - INFO -       📉 Score declined: Consider different approach
2025-08-10 18:48:36,538 - INFO - 
   🔄 RL Round 8/18
2025-08-10 18:48:36,538 - INFO -       🎯 Strategy: material_focus (explore)
2025-08-10 18:48:41,817 - INFO - [TRELLIS] GPU cache cleared: {'status': 'cache_cleared', 'available_memory_gb': 20.277362688}
2025-08-10 18:48:41,817 - INFO -       🔍 Validating...
2025-08-10 18:48:41,817 - INFO -       📝 Using optimized prompt for generation: 'a sleek yellow and white checkered robot pose with a metallic sheen on the gears visible under a slightly worn, translucent plastic casing, front view, accurate, complete, subtle mechanical wear on the joints, detailed texture of the checkered pattern, front view, accurate, complete, white background...'
2025-08-10 18:48:41,817 - INFO -       🎯 Computing scores against original prompt: 'yellow and white checkered robot pose...'
2025-08-10 18:50:16,669 - INFO -       📊 Validation score: 0.9015
2025-08-10 18:50:16,670 - INFO -       🔍 Explore performing better - stricter convergence threshold: 0.005
2025-08-10 18:50:16,670 - INFO -       📈 Improvement detected: material_focus working better
2025-08-10 18:50:16,670 - INFO - 
   🔄 RL Round 9/18
2025-08-10 18:50:16,670 - INFO -       🎯 Strategy: material_focus (exploit)
2025-08-10 18:50:23,462 - INFO - [TRELLIS] GPU cache cleared: {'status': 'cache_cleared', 'available_memory_gb': 20.277362688}
2025-08-10 18:50:23,463 - INFO -       🔍 Validating...
2025-08-10 18:50:23,464 - INFO -       📝 Using optimized prompt for generation: 'a sleek yellow and white checkered robot pose with a metallic sheen on the gears visible under a slightly worn, translucent plastic casing, front view, accurate, complete, minimalism, front view, accurate, complete, white background...'
2025-08-10 18:50:23,464 - INFO -       🎯 Computing scores against original prompt: 'yellow and white checkered robot pose...'
2025-08-10 18:51:49,443 - INFO -       📊 Validation score: 0.8336
2025-08-10 18:51:49,444 - INFO -       🔍 Explore performing better - stricter convergence threshold: 0.005
2025-08-10 18:51:49,444 - INFO -       📉 Score declined: Consider different approach
2025-08-10 18:51:49,444 - INFO - 
   🔄 RL Round 10/18
2025-08-10 18:51:49,444 - INFO -       🎯 Strategy: material_focus (explore)
2025-08-10 18:51:55,329 - INFO - [TRELLIS] GPU cache cleared: {'status': 'cache_cleared', 'available_memory_gb': 20.277362688}
2025-08-10 18:51:55,329 - INFO -       🔍 Validating...
2025-08-10 18:51:55,331 - INFO -       📝 Using optimized prompt for generation: 'a sleek yellow and white checkered robot pose with intricate mechanical details visible under a worn, translucent plastic casing, front view, accurate, complete, white background...'
2025-08-10 18:51:55,331 - INFO -       🎯 Computing scores against original prompt: 'yellow and white checkered robot pose...'
2025-08-10 18:53:18,591 - INFO -       📊 Validation score: 0.8990
2025-08-10 18:53:18,592 - INFO -       🔍 Explore performing better - stricter convergence threshold: 0.005
2025-08-10 18:53:18,592 - INFO -       📈 Improvement detected: material_focus working better
2025-08-10 18:53:18,592 - INFO - 
   🔄 RL Round 11/18
2025-08-10 18:53:18,592 - INFO -       🎯 Strategy: material_focus (explore)
2025-08-10 18:53:25,102 - INFO - [TRELLIS] GPU cache cleared: {'status': 'cache_cleared', 'available_memory_gb': 20.277362688}
2025-08-10 18:53:25,104 - INFO -       🔍 Validating...
2025-08-10 18:53:25,104 - INFO -       📝 Using optimized prompt for generation: 'a sleek, high-gloss yellow and white checkered robot pose with an intricate metallic alloy body featuring a delicate patina and subtly ridged texture on the gears visible under a slightly worn, translucent plastic casing, front view, accurate, complete, white background...'
2025-08-10 18:53:25,105 - INFO -       🎯 Computing scores against original prompt: 'yellow and white checkered robot pose...'
2025-08-10 18:54:47,887 - INFO -       📊 Validation score: 0.8064
2025-08-10 18:54:47,888 - INFO -       🔍 Explore performing better - stricter convergence threshold: 0.005
2025-08-10 18:54:47,888 - INFO -       📉 Score declined: Consider different approach
2025-08-10 18:54:47,889 - INFO - 
   🔄 RL Round 12/18
2025-08-10 18:54:47,889 - INFO -       🎯 Strategy: material_focus (explore)
2025-08-10 18:54:52,941 - INFO - [TRELLIS] GPU cache cleared: {'status': 'cache_cleared', 'available_memory_gb': 20.277362688}
2025-08-10 18:54:52,943 - INFO -       🔍 Validating...
2025-08-10 18:54:52,943 - INFO -       📝 Using optimized prompt for generation: 'a sleek yellow and white checkered robot pose with a metallic sheen on the gears visible under a slightly worn, translucent plastic casing, precise mechanical details, accurate, complete, white background...'
2025-08-10 18:54:52,946 - INFO -       🎯 Computing scores against original prompt: 'yellow and white checkered robot pose...'
2025-08-10 18:56:54,639 - INFO -       📊 Validation score: 0.8900
2025-08-10 18:56:54,639 - INFO -       🔍 Explore performing better - stricter convergence threshold: 0.005
2025-08-10 18:56:54,639 - INFO -       📈 Improvement detected: material_focus working better
2025-08-10 18:56:54,639 - INFO - 
   🔄 RL Round 13/18
2025-08-10 18:56:54,640 - INFO -       🎯 Strategy: material_focus (exploit)
2025-08-10 18:57:01,283 - INFO - [TRELLIS] GPU cache cleared: {'status': 'cache_cleared', 'available_memory_gb': 20.277362688}
2025-08-10 18:57:01,284 - INFO -       🔍 Validating...
2025-08-10 18:57:01,284 - INFO -       📝 Using optimized prompt for generation: 'a sleek yellow and white checkered robot pose with intricate mechanical details visible under a slightly worn, translucent plastic casing, front view, accurate, complete, with subtle reflections on the metallic surface, front view, accurate, complete, white background...'
2025-08-10 18:57:01,285 - INFO -       🎯 Computing scores against original prompt: 'yellow and white checkered robot pose...'
2025-08-10 18:58:26,071 - INFO -       📊 Validation score: 0.8713
2025-08-10 18:58:26,075 - INFO -       🔍 Explore performing better - stricter convergence threshold: 0.005
2025-08-10 18:58:26,075 - INFO -       📉 Score declined: Consider different approach
2025-08-10 18:58:26,075 - INFO - 
   🔄 RL Round 14/18
2025-08-10 18:58:26,075 - INFO -       🎯 Strategy: technical_precision (explore)
2025-08-10 18:58:31,304 - INFO - [TRELLIS] GPU cache cleared: {'status': 'cache_cleared', 'available_memory_gb': 20.277362688}
2025-08-10 18:58:31,306 - INFO -       🔍 Validating...
2025-08-10 18:58:31,306 - INFO -       📝 Using optimized prompt for generation: 'a sleek yellow and white checkered robot pose with intricate mechanical details visible under a slightly worn, translucent plastic casing, front view, accurate, complete, white background...'
2025-08-10 18:58:31,308 - INFO -       🎯 Computing scores against original prompt: 'yellow and white checkered robot pose...'
2025-08-10 19:00:00,550 - INFO -       📊 Validation score: 0.8512
2025-08-10 19:00:00,550 - INFO -       🔍 Explore performing better - stricter convergence threshold: 0.005
2025-08-10 19:00:00,550 - INFO -       📉 Score declined: Consider different approach
2025-08-10 19:00:00,551 - INFO - 
   🔄 RL Round 15/18
2025-08-10 19:00:00,551 - INFO -       🎯 Strategy: contextual_scene_building (explore)
2025-08-10 19:00:05,815 - INFO - [TRELLIS] GPU cache cleared: {'status': 'cache_cleared', 'available_memory_gb': 20.277362688}
2025-08-10 19:00:05,815 - INFO -       🔍 Validating...
2025-08-10 19:00:05,815 - INFO -       📝 Using optimized prompt for generation: 'a sleek yellow and white checkered robot pose with intricate mechanical details visible under a slightly worn, translucent plastic casing, front view, accurate, complete, subtle reflections on the gears, front view, accurate, complete, white background...'
2025-08-10 19:00:05,815 - INFO -       🎯 Computing scores against original prompt: 'yellow and white checkered robot pose...'
2025-08-10 19:01:31,809 - INFO -       📊 Validation score: 0.8767
2025-08-10 19:01:31,809 - INFO -       🔍 Explore performing better - stricter convergence threshold: 0.005
2025-08-10 19:01:31,810 - INFO -       📈 Improvement detected: contextual_scene_building working better
2025-08-10 19:01:31,810 - INFO - 
   🔄 RL Round 16/18
2025-08-10 19:01:31,810 - INFO -       🎯 Strategy: aggressive_transformation (explore)
2025-08-10 19:01:37,213 - INFO - [TRELLIS] GPU cache cleared: {'status': 'cache_cleared', 'available_memory_gb': 20.277362688}
2025-08-10 19:01:37,213 - INFO -       🔍 Validating...
2025-08-10 19:01:37,213 - INFO -       📝 Using optimized prompt for generation: 'a sleek yellow and white checkered robot pose with intricate mechanical details visible under a slightly worn, translucent plastic casing, front view, accurate, complete, high-gloss finish, front view, accurate, complete, white background...'
2025-08-10 19:01:37,213 - INFO -       🎯 Computing scores against original prompt: 'yellow and white checkered robot pose...'
2025-08-10 19:03:04,120 - INFO -       📊 Validation score: 0.8462
2025-08-10 19:03:04,121 - INFO -       🔍 Explore performing better - stricter convergence threshold: 0.005
2025-08-10 19:03:04,121 - INFO -       📉 Score declined: Consider different approach
2025-08-10 19:03:04,121 - INFO - 
   🔄 RL Round 17/18
2025-08-10 19:03:04,121 - INFO -       🎯 Strategy: artistic_elaboration (explore)
2025-08-10 19:03:08,788 - INFO - [TRELLIS] GPU cache cleared: {'status': 'cache_cleared', 'available_memory_gb': 20.277362688}
2025-08-10 19:03:08,792 - INFO -       🔍 Validating...
2025-08-10 19:03:08,792 - INFO -       📝 Using optimized prompt for generation: 'a sleek yellow and white checkered robot pose with a metallic sheen on the gears visible under a slightly worn, translucent plastic casing, front view, accurate, complete, slight mechanical imperfections...'
2025-08-10 19:03:08,792 - INFO -       🎯 Computing scores against original prompt: 'yellow and white checkered robot pose...'
2025-08-10 19:04:31,488 - INFO -       📊 Validation score: 0.8797
2025-08-10 19:04:31,489 - INFO -       🔍 Explore performing better - stricter convergence threshold: 0.005
2025-08-10 19:04:31,489 - INFO -       📈 Improvement detected: artistic_elaboration working better
2025-08-10 19:04:31,489 - INFO - 
   🔄 RL Round 18/18
2025-08-10 19:04:31,489 - INFO -       🎯 Strategy: technical_precision (explore)
2025-08-10 19:04:37,900 - INFO - [TRELLIS] GPU cache cleared: {'status': 'cache_cleared', 'available_memory_gb': 20.277362688}
2025-08-10 19:04:37,901 - INFO -       🔍 Validating...
2025-08-10 19:04:37,901 - INFO -       📝 Using optimized prompt for generation: 'a sleek, high-gloss yellow and white checkered robot pose with intricate mechanical details visible under a slightly worn, translucent plastic casing, front view, accurate, complete, minimalist aesthetic, front view, accurate, complete, white background...'
2025-08-10 19:04:37,901 - INFO -       🎯 Computing scores against original prompt: 'yellow and white checkered robot pose...'
2025-08-10 19:06:02,786 - INFO -       📊 Validation score: 0.9036
2025-08-10 19:06:02,787 - INFO -       🔍 Explore performing better - stricter convergence threshold: 0.005
2025-08-10 19:06:02,861 - INFO - 
🎯 RL LOOP COMPLETE:
2025-08-10 19:06:02,864 - INFO -    Best prompt: a sleek yellow and white checkered robot pose with a metallic sheen on the gears visible under a slightly worn, translucent plastic casing, front view, accurate, complete, white background
2025-08-10 19:06:02,864 - INFO -    Best score: 0.9063
2025-08-10 19:06:02,864 - INFO -    Rounds: 18
2025-08-10 19:06:02,864 - INFO -    Convergence: False
2025-08-10 19:06:02,864 - INFO -    Convergence reason: Not converged
2025-08-10 19:06:02,864 - INFO -    Exploration ratio: 88.9%
2025-08-10 19:06:02,864 - INFO -    Insights learned: 3
2025-08-10 19:06:02,864 - INFO -    Total time: 1699.48s
2025-08-10 19:06:02,865 - INFO - Prompt optimized in 18 rounds: 0.848 → 0.906 (+0.059)
2025-08-10 19:06:02,865 - INFO - ⏰ Max rounds reached
2025-08-10 19:06:02,872 - INFO - 
--- Episode 2, Prompt 8 (Total: 26) ---
2025-08-10 19:06:02,875 - INFO - Optimizing: 'shiny silver spherical robot with smooth finish'
2025-08-10 19:06:02,875 - INFO - 🔍 Checking server availability before optimization...
2025-08-10 19:06:02,885 - INFO - ✅ Server is available (status: completed)
2025-08-10 19:06:02,885 - INFO - 📝 Marked server as used at 1754852762.8858476
2025-08-10 19:06:02,885 - INFO - ✅ Server is available and marked as used
2025-08-10 19:06:02,892 - INFO - 🔄 Reproducibility optimization returned no result
2025-08-10 19:06:02,892 - INFO -       🔧 Overriding endpoint: generate/baolei/
2025-08-10 19:06:02,892 - INFO -       🔧 Using endpoint: generate/baolei/
2025-08-10 19:06:02,897 - INFO - 
🔄 RL LOOP OPTIMIZATION: 'shiny silver spherical robot with smooth finish'
2025-08-10 19:06:02,897 - INFO -    Session: rl_session_1754852762_7167
2025-08-10 19:06:02,901 - INFO -    Max rounds: 18
2025-08-10 19:06:02,901 - INFO -    Min rounds before convergence: 5
2025-08-10 19:06:02,901 - INFO -    Target score: 0.99
2025-08-10 19:06:02,901 - INFO -       🎯 Found previous best attempt: a highly polished, mirror-like shiny silver spherical robot with a subtle sheen and a textured, almost matte finish on its surface, emitting a soft, ambient glow (score: 0.8977)
2025-08-10 19:06:02,901 - INFO -       🎯 Strategy used: minimalist_refinement
2025-08-10 19:06:02,901 - INFO -       🎯 Session ID: rl_session_1754825105_9564
2025-08-10 19:06:02,902 - INFO -       🎯 Past final best prompt: a highly polished, mirror-like shiny silver spherical robot with a subtle sheen and a textured, almost matte finish on its surface, emitting a soft, ambient glow
2025-08-10 19:06:02,902 - INFO -       🎯 Past final best score: 0.898
2025-08-10 19:06:02,902 - INFO -       🎯 Past session ID: rl_session_1754825105_9564
2025-08-10 19:06:02,902 - INFO -       🎯 Past learned insights: Iterative improvement successful: 0.794 → 0.817, Best performing strategy in session: minimalist_refinement, Explored 6 different strategies
2025-08-10 19:06:02,902 - INFO -       🎯 Past strategy performance updates: {'material_focus': 0.037770460057002464, 'minimalist_refinement': -0.003893148798239654, 'technical_precision': -0.07043351201875392, 'hybrid_approach': 0.03582888841766729, 'conservative_enhancement': 0.1087862102985313, 'contextual_scene_building': 0.037265989068060446}
2025-08-10 19:06:02,902 - INFO -       🎯 Past final best prompt: a highly polished, mirror-like shiny silver spherical robot with a subtle sheen and a textured, almost matte finish on its surface, emitting a soft, ambient glow
2025-08-10 19:06:02,902 - INFO -       🎯 Past final best score: 0.898
2025-08-10 19:06:02,902 - INFO - 
   🔄 RL Round 1/18
2025-08-10 19:06:02,902 - INFO -       🎯 Strategy: contextual_scene_building (explore)
2025-08-10 19:06:07,693 - INFO - [TRELLIS] GPU cache cleared: {'status': 'cache_cleared', 'available_memory_gb': 20.277362688}
2025-08-10 19:06:07,695 - INFO -       🔍 Validating...
2025-08-10 19:06:07,695 - INFO -       📝 Using optimized prompt for generation: 'a highly polished, mirror-like shiny silver spherical robot with a subtle sheen and a textured, almost matte finish on its surface, emitting a soft, ambient glow from within as if powered by a faint, luminescent core, positioned upon an intricately designed, curved metallic pedestal that subtly shifts in hue depending on the surrounding light conditions, front view, accurate, complete, white background...'
2025-08-10 19:06:07,696 - INFO -       🎯 Computing scores against original prompt: 'shiny silver spherical robot with smooth finish...'
2025-08-10 19:07:38,098 - INFO -       📊 Validation score: 0.8153
2025-08-10 19:07:38,098 - INFO - 
   🔄 RL Round 2/18
2025-08-10 19:07:38,099 - INFO -       🎯 Strategy: contextual_scene_building (explore)
2025-08-10 19:07:42,439 - INFO - [TRELLIS] GPU cache cleared: {'status': 'cache_cleared', 'available_memory_gb': 20.277362688}
2025-08-10 19:07:42,440 - INFO -       🔍 Validating...
2025-08-10 19:07:42,441 - INFO -       📝 Using optimized prompt for generation: 'a highly polished, mirror-like shiny silver spherical robot with a subtle sheen and a micro-scratched finish that catches the light slightly off-center, front view, accurate, complete, white background...'
2025-08-10 19:07:42,442 - INFO -       🎯 Computing scores against original prompt: 'shiny silver spherical robot with smooth finish...'
2025-08-10 19:09:11,187 - INFO -       📊 Validation score: 0.8485
2025-08-10 19:09:11,188 - INFO -       📈 Improvement detected: contextual_scene_building working better
2025-08-10 19:09:11,188 - INFO - 
   🔄 RL Round 3/18
2025-08-10 19:09:11,188 - INFO -       🎯 Strategy: contextual_scene_building (explore)
2025-08-10 19:09:18,181 - INFO - [TRELLIS] GPU cache cleared: {'status': 'cache_cleared', 'available_memory_gb': 20.277362688}
2025-08-10 19:09:18,182 - INFO -       🔍 Validating...
2025-08-10 19:09:18,183 - INFO -       📝 Using optimized prompt for generation: 'a highly polished, mirror-like shiny silver spherical robot with a subtle sheen and a textured, almost matte finish on its surface, emitting a soft, ambient glow...'
2025-08-10 19:09:18,184 - INFO -       🎯 Computing scores against original prompt: 'shiny silver spherical robot with smooth finish...'
2025-08-10 19:11:17,461 - INFO -       📊 Validation score: 0.8984
2025-08-10 19:11:17,461 - INFO -       🎯 New best score: 0.8984
2025-08-10 19:11:17,462 - INFO -       📈 Improvement detected: contextual_scene_building working better
2025-08-10 19:11:17,462 - INFO - 
   🔄 RL Round 4/18
2025-08-10 19:11:17,463 - INFO -       🎯 Strategy: aggressive_transformation (explore)
2025-08-10 19:11:23,468 - INFO - [TRELLIS] GPU cache cleared: {'status': 'cache_cleared', 'available_memory_gb': 20.277362688}
2025-08-10 19:11:23,469 - INFO -       🔍 Validating...
2025-08-10 19:11:23,469 - INFO -       📝 Using optimized prompt for generation: 'a highly polished, mirror-like shiny silver spherical robot with a subtle sheen and a textured, almost matte finish on its surface, emitting a soft, ambient glow, front view, accurate, complete, white background...'
2025-08-10 19:11:23,473 - INFO -       🎯 Computing scores against original prompt: 'shiny silver spherical robot with smooth finish...'
2025-08-10 19:12:53,936 - INFO -       📊 Validation score: 0.7783
2025-08-10 19:12:53,937 - INFO -       📉 Score declined: Consider different approach
2025-08-10 19:12:53,937 - INFO - 
   🔄 RL Round 5/18
2025-08-10 19:12:53,937 - INFO -       🎯 Strategy: aggressive_transformation (explore)
2025-08-10 19:13:00,426 - INFO - [TRELLIS] GPU cache cleared: {'status': 'cache_cleared', 'available_memory_gb': 20.277362688}
2025-08-10 19:13:00,432 - INFO -       🔍 Validating...
2025-08-10 19:13:00,432 - INFO -       📝 Using optimized prompt for generation: 'a highly polished, mirror-like shiny silver spherical robot with a subtle sheen and microscopic scratches on its surface, emitting a soft, ambient glow, front view, accurate, complete, white background...'
2025-08-10 19:13:00,433 - INFO -       🎯 Computing scores against original prompt: 'shiny silver spherical robot with smooth finish...'
2025-08-10 19:14:27,540 - INFO -       📊 Validation score: 0.8819
2025-08-10 19:14:27,542 - INFO -       🔍 Explore performing better - stricter convergence threshold: 0.005
2025-08-10 19:14:27,542 - INFO -       📈 Improvement detected: aggressive_transformation working better
2025-08-10 19:14:27,542 - INFO - 
   🔄 RL Round 6/18
2025-08-10 19:14:27,543 - INFO -       🎯 Strategy: material_focus (exploit)
2025-08-10 19:14:32,887 - INFO - [TRELLIS] GPU cache cleared: {'status': 'cache_cleared', 'available_memory_gb': 20.277362688}
2025-08-10 19:14:32,891 - INFO -       🔍 Validating...
2025-08-10 19:14:32,891 - INFO -       📝 Using optimized prompt for generation: 'a highly polished, mirror-like shiny silver spherical robot with a subtle sheen and microscopic scratches on its surface, emitting a soft, ambient glow, front view, accurate, complete, white background...'
2025-08-10 19:14:32,891 - INFO -       🎯 Computing scores against original prompt: 'shiny silver spherical robot with smooth finish...'
2025-08-10 19:15:59,983 - INFO -       📊 Validation score: 0.8849
2025-08-10 19:15:59,983 - INFO -       ✅ Convergence achieved: Convergence threshold met (improvement: 0.003)
2025-08-10 19:16:00,040 - INFO - 
🎯 RL LOOP COMPLETE:
2025-08-10 19:16:00,044 - INFO -    Best prompt: a highly polished, mirror-like shiny silver spherical robot with a subtle sheen and a textured, almost matte finish on its surface, emitting a soft, ambient glow
2025-08-10 19:16:00,044 - INFO -    Best score: 0.8984
2025-08-10 19:16:00,044 - INFO -    Rounds: 6
2025-08-10 19:16:00,044 - INFO -    Convergence: True
2025-08-10 19:16:00,044 - INFO -    Convergence reason: Convergence threshold met (improvement: 0.003)
2025-08-10 19:16:00,044 - INFO -    Exploration ratio: 83.3%
2025-08-10 19:16:00,044 - INFO -    Insights learned: 3
2025-08-10 19:16:00,044 - INFO -    Total time: 597.09s
2025-08-10 19:16:00,044 - INFO - Prompt optimized in 6 rounds: 0.815 → 0.898 (+0.083)
2025-08-10 19:16:00,045 - INFO - ✅ Target score achieved!
2025-08-10 19:16:00,054 - INFO - 
--- Episode 2, Prompt 9 (Total: 26) ---
2025-08-10 19:16:00,055 - INFO - Optimizing: 'glass statue abstract with flowing shapes'
2025-08-10 19:16:00,058 - INFO - 🔍 Checking server availability before optimization...
2025-08-10 19:16:00,069 - INFO - ✅ Server is available (status: completed)
2025-08-10 19:16:00,069 - INFO - 📝 Marked server as used at 1754853360.069625
2025-08-10 19:16:00,069 - INFO - ✅ Server is available and marked as used
2025-08-10 19:16:00,076 - INFO - 🔄 Reproducibility optimization returned no result
2025-08-10 19:16:00,076 - INFO -       🔧 Overriding endpoint: generate/baolei/
2025-08-10 19:16:00,077 - INFO -       🔧 Using endpoint: generate/baolei/
2025-08-10 19:16:00,082 - INFO - 
🔄 RL LOOP OPTIMIZATION: 'glass statue abstract with flowing shapes'
2025-08-10 19:16:00,082 - INFO -    Session: rl_session_1754853360_8524
2025-08-10 19:16:00,082 - INFO -    Max rounds: 18
2025-08-10 19:16:00,082 - INFO -    Min rounds before convergence: 5
2025-08-10 19:16:00,082 - INFO -    Target score: 0.99
2025-08-10 19:16:00,083 - INFO -       🎯 Found previous best attempt: a slender glass statue featuring a delicate, swirling pattern of translucent shapes with intricate, layered surfaces that seem to shift and ripple in the light, front view, accurate, complete, white background (score: 0.9042)
2025-08-10 19:16:00,083 - INFO -       🎯 Strategy used: minimalist_refinement
2025-08-10 19:16:00,083 - INFO -       🎯 Session ID: rl_session_1754826130_7496
2025-08-10 19:16:00,083 - INFO -       🎯 Past final best prompt: a slender glass statue featuring a delicate, swirling pattern of translucent shapes with intricate, layered surfaces that seem to shift and ripple in the light, front view, accurate, complete, white background
2025-08-10 19:16:00,083 - INFO -       🎯 Past final best score: 0.904
2025-08-10 19:16:00,083 - INFO -       🎯 Past session ID: rl_session_1754826130_7496
2025-08-10 19:16:00,083 - INFO -       🎯 Past learned insights: Iterative improvement successful: 0.873 → 0.904, Best performing strategy in session: minimalist_refinement, Explored 4 different strategies
2025-08-10 19:16:00,083 - INFO -       🎯 Past strategy performance updates: {'minimalist_refinement': 0.016932491443929387, 'contextual_scene_building': 0.0870348714851612, 'hybrid_approach': 0.27109522819629195, 'conservative_enhancement': 0.09015795104026358}
2025-08-10 19:16:00,083 - INFO -       🎯 Past final best prompt: a slender glass statue featuring a delicate, swirling pattern of translucent shapes with intricate, layered surfaces that seem to shift and ripple in the light, front view, accurate, complete, white background
2025-08-10 19:16:00,083 - INFO -       🎯 Past final best score: 0.904
2025-08-10 19:16:00,083 - INFO - 
   🔄 RL Round 1/18
2025-08-10 19:16:00,084 - INFO -       🎯 Strategy: material_focus (explore)
2025-08-10 19:16:06,228 - INFO - [TRELLIS] GPU cache cleared: {'status': 'cache_cleared', 'available_memory_gb': 20.277362688}
2025-08-10 19:16:06,229 - INFO -       🔍 Validating...
2025-08-10 19:16:06,230 - INFO -       📝 Using optimized prompt for generation: 'a slender glass statue featuring a delicate, swirling pattern of translucent shapes with intricate, layered surfaces that seem to shift and ripple in the light, highlighting the subtle gradations of transparency and the gentle curves of the sculpture's body, front view, front view, accurate, complete, white background...'
2025-08-10 19:16:06,231 - INFO -       🎯 Computing scores against original prompt: 'glass statue abstract with flowing shapes...'
2025-08-10 19:17:29,162 - INFO -       📊 Validation score: 0.8949
2025-08-10 19:17:29,162 - INFO - 
   🔄 RL Round 2/18
2025-08-10 19:17:29,163 - INFO -       🎯 Strategy: artistic_elaboration (explore)
2025-08-10 19:17:34,531 - INFO - [TRELLIS] GPU cache cleared: {'status': 'cache_cleared', 'available_memory_gb': 20.277362688}
2025-08-10 19:17:34,535 - INFO -       🔍 Validating...
2025-08-10 19:17:34,535 - INFO -       📝 Using optimized prompt for generation: 'a slender glass statue featuring a delicate, swirling pattern of translucent shapes with intricate, layered surfaces that seem to shift and ripple in the light, front view, accurate, complete, minimalist background, front view, accurate, complete, white background...'
2025-08-10 19:17:34,536 - INFO -       🎯 Computing scores against original prompt: 'glass statue abstract with flowing shapes...'
2025-08-10 19:18:59,416 - INFO -       📊 Validation score: 0.9082
2025-08-10 19:18:59,417 - INFO -       🎯 New best score: 0.9082
2025-08-10 19:18:59,417 - INFO -       📈 Improvement detected: artistic_elaboration working better
2025-08-10 19:18:59,417 - INFO - 
   🔄 RL Round 3/18
2025-08-10 19:18:59,418 - INFO -       🎯 Strategy: technical_precision (explore)
2025-08-10 19:19:05,362 - INFO - [TRELLIS] GPU cache cleared: {'status': 'cache_cleared', 'available_memory_gb': 20.277362688}
2025-08-10 19:19:05,365 - INFO -       🔍 Validating...
2025-08-10 19:19:05,365 - INFO -       📝 Using optimized prompt for generation: 'a slender glass statue featuring an intricate, layered pattern of iridescent, swirling shapes with fluid, wavy edges that seem to shift and ripple in the light, front view, accurate, complete, white background...'
2025-08-10 19:19:05,365 - INFO -       🎯 Computing scores against original prompt: 'glass statue abstract with flowing shapes...'
2025-08-10 19:20:36,791 - INFO -       📊 Validation score: 0.8530
2025-08-10 19:20:36,791 - INFO -       📉 Score declined: Consider different approach
2025-08-10 19:20:36,791 - INFO - 
   🔄 RL Round 4/18
2025-08-10 19:20:36,791 - INFO -       🎯 Strategy: artistic_elaboration (explore)
2025-08-10 19:20:42,390 - INFO - [TRELLIS] GPU cache cleared: {'status': 'cache_cleared', 'available_memory_gb': 20.277362688}
2025-08-10 19:20:42,391 - INFO -       🔍 Validating...
2025-08-10 19:20:42,391 - INFO -       📝 Using optimized prompt for generation: 'a slender glass statue featuring a delicate, swirling pattern of translucent shapes with intricate, layered surfaces that seem to shift and ripple in the light, front view, accurate, complete, white background...'
2025-08-10 19:20:42,394 - INFO -       🎯 Computing scores against original prompt: 'glass statue abstract with flowing shapes...'
2025-08-10 19:22:07,551 - INFO -       📊 Validation score: 0.9049
2025-08-10 19:22:07,551 - INFO -       📈 Improvement detected: artistic_elaboration working better
2025-08-10 19:22:07,551 - INFO - 
   🔄 RL Round 5/18
2025-08-10 19:22:07,551 - INFO -       🎯 Strategy: technical_precision (explore)
2025-08-10 19:22:13,245 - INFO - [TRELLIS] GPU cache cleared: {'status': 'cache_cleared', 'available_memory_gb': 20.277362688}
2025-08-10 19:22:13,248 - INFO -       🔍 Validating...
2025-08-10 19:22:13,248 - INFO -       📝 Using optimized prompt for generation: 'a slender glass statue featuring an intricate, layered pattern of iridescent shapes with delicate, swirling edges that seem to shift and ripple in the light, front view, accurate, complete, white background...'
2025-08-10 19:22:13,248 - INFO -       🎯 Computing scores against original prompt: 'glass statue abstract with flowing shapes...'
2025-08-10 19:23:37,049 - INFO -       📊 Validation score: 0.8864
2025-08-10 19:23:37,050 - INFO -       📉 Score declined: Consider different approach
2025-08-10 19:23:37,050 - INFO - 
   🔄 RL Round 6/18
2025-08-10 19:23:37,050 - INFO -       🎯 Strategy: technical_precision (explore)
2025-08-10 19:23:41,380 - INFO - [TRELLIS] GPU cache cleared: {'status': 'cache_cleared', 'available_memory_gb': 20.277362688}
2025-08-10 19:23:41,384 - INFO -       🔍 Validating...
2025-08-10 19:23:41,384 - INFO -       📝 Using optimized prompt for generation: 'a slender glass statue featuring an intricate, layered pattern of translucent shapes with delicate, swirling curves and subtle reflections on its surface, front view, accurate, complete, white background...'
2025-08-10 19:23:41,384 - INFO -       🎯 Computing scores against original prompt: 'glass statue abstract with flowing shapes...'
2025-08-10 19:25:05,437 - INFO -       📊 Validation score: 0.9114
2025-08-10 19:25:05,438 - INFO -       🎯 New best score: 0.9114
2025-08-10 19:25:05,438 - INFO -       📈 Improvement detected: technical_precision working better
2025-08-10 19:25:05,438 - INFO - 
   🔄 RL Round 7/18
2025-08-10 19:25:05,438 - INFO -       🎯 Strategy: aggressive_transformation (explore)
2025-08-10 19:25:10,770 - INFO - [TRELLIS] GPU cache cleared: {'status': 'cache_cleared', 'available_memory_gb': 20.277362688}
2025-08-10 19:25:10,770 - INFO -       🔍 Validating...
2025-08-10 19:25:10,771 - INFO -       📝 Using optimized prompt for generation: 'a slender glass statue featuring an intricate, swirling pattern of iridescent shapes with delicate, layered surfaces that seem to shift and ripple in the light, front view, accurate, complete, white background...'
2025-08-10 19:25:10,771 - INFO -       🎯 Computing scores against original prompt: 'glass statue abstract with flowing shapes...'
2025-08-10 19:26:33,002 - INFO -       📊 Validation score: 0.8969
2025-08-10 19:26:33,002 - INFO -       📉 Score declined: Consider different approach
2025-08-10 19:26:33,003 - INFO - 
   🔄 RL Round 8/18
2025-08-10 19:26:33,003 - INFO -       🎯 Strategy: artistic_elaboration (explore)
2025-08-10 19:26:39,300 - INFO - [TRELLIS] GPU cache cleared: {'status': 'cache_cleared', 'available_memory_gb': 20.277362688}
2025-08-10 19:26:39,303 - INFO -       🔍 Validating...
2025-08-10 19:26:39,304 - INFO -       📝 Using optimized prompt for generation: 'a slender glass statue featuring a delicate, swirling pattern of translucent shapes that appear to be infused with microscopic, shimmering particles, with intricate, layered surfaces and subtle imperfections, front view...'
2025-08-10 19:26:39,307 - INFO -       🎯 Computing scores against original prompt: 'glass statue abstract with flowing shapes...'
2025-08-10 19:28:10,797 - INFO -       📊 Validation score: 0.8985
2025-08-10 19:28:10,798 - INFO -       ✅ Convergence achieved: Convergence threshold met (improvement: 0.002)
2025-08-10 19:28:10,858 - INFO - 
🎯 RL LOOP COMPLETE:
2025-08-10 19:28:10,859 - INFO -    Best prompt: a slender glass statue featuring an intricate, layered pattern of translucent shapes with delicate, swirling curves and subtle reflections on its surface, front view, accurate, complete, white background
2025-08-10 19:28:10,860 - INFO -    Best score: 0.9114
2025-08-10 19:28:10,860 - INFO -    Rounds: 8
2025-08-10 19:28:10,860 - INFO -    Convergence: True
2025-08-10 19:28:10,860 - INFO -    Convergence reason: Convergence threshold met (improvement: 0.002)
2025-08-10 19:28:10,860 - INFO -    Exploration ratio: 100.0%
2025-08-10 19:28:10,861 - INFO -    Insights learned: 3
2025-08-10 19:28:10,861 - INFO -    Total time: 730.72s
2025-08-10 19:28:10,861 - INFO - Prompt optimized in 8 rounds: 0.895 → 0.911 (+0.017)
2025-08-10 19:28:10,862 - INFO - ✅ Target score achieved!
2025-08-10 19:28:10,870 - INFO - 
--- Episode 2, Prompt 10 (Total: 26) ---
2025-08-10 19:28:10,873 - INFO - Optimizing: 'glossy gold harp luxurious and enchanting'
2025-08-10 19:28:10,873 - INFO - 🔍 Checking server availability before optimization...
2025-08-10 19:28:10,881 - INFO - ✅ Server is available (status: completed)
2025-08-10 19:28:10,882 - INFO - 📝 Marked server as used at 1754854090.8822649
2025-08-10 19:28:10,883 - INFO - ✅ Server is available and marked as used
2025-08-10 19:28:10,892 - INFO - 🔄 Reproducibility optimization returned no result
2025-08-10 19:28:10,892 - INFO -       🔧 Overriding endpoint: generate/baolei/
2025-08-10 19:28:10,892 - INFO -       🔧 Using endpoint: generate/baolei/
2025-08-10 19:28:10,901 - INFO - 
🔄 RL LOOP OPTIMIZATION: 'glossy gold harp luxurious and enchanting'
2025-08-10 19:28:10,901 - INFO -    Session: rl_session_1754854090_3871
2025-08-10 19:28:10,902 - INFO -    Max rounds: 18
2025-08-10 19:28:10,902 - INFO -    Min rounds before convergence: 5
2025-08-10 19:28:10,902 - INFO -    Target score: 0.99
2025-08-10 19:28:10,902 - INFO -       🎯 Found previous best attempt: glossy gold harp with intricately carved inlays of rubies, precision-crafted from the finest woods and adorned with delicate filigree patterns that evoke the intricate details of antique furniture. (score: 0.9249)
2025-08-10 19:28:10,903 - INFO -       🎯 Strategy used: hybrid_approach
2025-08-10 19:28:10,903 - INFO -       🎯 Session ID: rl_session_1754826795_3065
2025-08-10 19:28:10,903 - INFO -       🎯 Past final best prompt: glossy gold harp with intricately carved inlays of rubies, precision-crafted from the finest woods and adorned with delicate filigree patterns that evoke the intricate details of antique furniture.
2025-08-10 19:28:10,903 - INFO -       🎯 Past final best score: 0.925
2025-08-10 19:28:10,903 - INFO -       🎯 Past session ID: rl_session_1754826795_3065
2025-08-10 19:28:10,904 - INFO -       🎯 Past learned insights: Iterative improvement successful: 0.810 → 0.914, Best performing strategy in session: hybrid_approach, Explored 5 different strategies
2025-08-10 19:28:10,904 - INFO -       🎯 Past strategy performance updates: {'minimalist_refinement': -0.016486213645588554, 'hybrid_approach': 0.2615687465676536, 'aggressive_transformation': -0.022008023283752176, 'material_focus': -0.07440271575851853, 'contextual_scene_building': -0.053533354285518864}
2025-08-10 19:28:10,904 - INFO -       🎯 Past final best prompt: glossy gold harp with intricately carved inlays of rubies, precision-crafted from the finest woods and adorned with delicate filigree patterns that evoke the intricate details of antique furniture.
2025-08-10 19:28:10,904 - INFO -       🎯 Past final best score: 0.925
2025-08-10 19:28:10,904 - INFO - 
   🔄 RL Round 1/18
2025-08-10 19:28:10,908 - INFO -       🎯 Strategy: artistic_elaboration (explore)
2025-08-10 19:28:15,122 - INFO - [TRELLIS] GPU cache cleared: {'status': 'cache_cleared', 'available_memory_gb': 20.277362688}
2025-08-10 19:28:15,123 - INFO -       🔍 Validating...
2025-08-10 19:28:15,124 - INFO -       📝 Using optimized prompt for generation: 'a glossy gold harp with intricately carved inlays of rubies, precision-crafted from the finest woods and adorned with delicate filigree patterns that catch the light like a sunbeam on polished silver., front view, accurate, complete, white background...'
2025-08-10 19:28:15,125 - INFO -       🎯 Computing scores against original prompt: 'glossy gold harp luxurious and enchanting...'
2025-08-10 19:29:39,713 - INFO -       📊 Validation score: 0.8341
2025-08-10 19:29:39,714 - INFO - 
   🔄 RL Round 2/18
2025-08-10 19:29:39,714 - INFO -       🎯 Strategy: artistic_elaboration (explore)
2025-08-10 19:29:45,155 - INFO - [TRELLIS] GPU cache cleared: {'status': 'cache_cleared', 'available_memory_gb': 20.277362688}
2025-08-10 19:29:45,158 - INFO -       🔍 Validating...
2025-08-10 19:29:45,158 - INFO -       📝 Using optimized prompt for generation: 'a glossy gold harp with delicate filigree patterns that resemble antique door hardware, precision-crafted from the finest woods and adorned with rubies that seem to glow with an inner light., front view, accurate, complete, white background...'
2025-08-10 19:29:45,159 - INFO -       🎯 Computing scores against original prompt: 'glossy gold harp luxurious and enchanting...'
2025-08-10 19:31:11,639 - INFO -       📊 Validation score: 0.8805
2025-08-10 19:31:11,639 - INFO -       📈 Improvement detected: artistic_elaboration working better
2025-08-10 19:31:11,639 - INFO - 
   🔄 RL Round 3/18
2025-08-10 19:31:11,639 - INFO -       🎯 Strategy: material_focus (exploit)
2025-08-10 19:31:17,974 - INFO - [TRELLIS] GPU cache cleared: {'status': 'cache_cleared', 'available_memory_gb': 20.277362688}
2025-08-10 19:31:17,977 - INFO -       🔍 Validating...
2025-08-10 19:31:17,977 - INFO -       📝 Using optimized prompt for generation: 'a glossy gold harp with intricately carved inlays of rubies, precision-crafted from the finest woods and adorned with delicate filigree patterns that evoke the intricate details of antique furniture. The harp's curves are smoothed by a subtle patina, suggesting a lifetime of gentle handling and devotion., front view, accurate, complete, white background...'
2025-08-10 19:31:17,977 - INFO -       🎯 Computing scores against original prompt: 'glossy gold harp luxurious and enchanting...'
2025-08-10 19:32:45,454 - INFO -       📊 Validation score: 0.7610
2025-08-10 19:32:45,454 - INFO -       📉 Score declined: Consider different approach
2025-08-10 19:32:45,454 - INFO - 
   🔄 RL Round 4/18
2025-08-10 19:32:45,455 - INFO -       🎯 Strategy: contextual_scene_building (exploit)
2025-08-10 19:32:51,358 - INFO - [TRELLIS] GPU cache cleared: {'status': 'cache_cleared', 'available_memory_gb': 20.277362688}
2025-08-10 19:32:51,361 - INFO -       🔍 Validating...
2025-08-10 19:32:51,361 - INFO -       📝 Using optimized prompt for generation: 'a glossy gold harp with intricately carved inlays of rubies, precision-crafted from the finest woods and adorned with delicate filigree patterns that evoke the intricate details of antique furniture, its surface reflecting a subtle warm glow reminiscent of golden sunsets., front view, accurate, complete, white background...'
2025-08-10 19:32:51,362 - INFO -       🎯 Computing scores against original prompt: 'glossy gold harp luxurious and enchanting...'
2025-08-10 19:34:10,419 - INFO -       📊 Validation score: 0.4703
2025-08-10 19:34:10,420 - INFO -       📉 Score declined: Consider different approach
2025-08-10 19:34:10,421 - INFO -       🔍 Increasing exploration to 0.80
2025-08-10 19:34:10,421 - INFO - 
   🔄 RL Round 5/18
2025-08-10 19:34:10,421 - INFO -       🔍 Explore performing better - increasing epsilon to 0.80
2025-08-10 19:34:10,421 - INFO -       🎯 Strategy: contextual_scene_building (explore)
2025-08-10 19:34:15,436 - INFO - [TRELLIS] GPU cache cleared: {'status': 'cache_cleared', 'available_memory_gb': 20.277362688}
2025-08-10 19:34:15,437 - INFO -       🔍 Validating...
2025-08-10 19:34:15,437 - INFO -       📝 Using optimized prompt for generation: 'a glossy gold harp with intricately carved inlays of rubies, precision-crafted from the finest woods and adorned with delicate filigree patterns that evoke the opulence of royal courts, front view, accurate, complete, white background...'
2025-08-10 19:34:15,437 - INFO -       🎯 Computing scores against original prompt: 'glossy gold harp luxurious and enchanting...'
2025-08-10 19:35:37,194 - INFO -       📊 Validation score: 0.8860
2025-08-10 19:35:37,194 - INFO -       🔍 Explore performing better - stricter convergence threshold: 0.005
2025-08-10 19:35:37,195 - INFO -       📈 Improvement detected: contextual_scene_building working better
2025-08-10 19:35:37,195 - INFO - 
   🔄 RL Round 6/18
2025-08-10 19:35:37,195 - INFO -       🔍 Explore performing better - increasing epsilon to 0.80
2025-08-10 19:35:37,195 - INFO -       🎯 Strategy: artistic_elaboration (exploit)
2025-08-10 19:35:42,359 - INFO - [TRELLIS] GPU cache cleared: {'status': 'cache_cleared', 'available_memory_gb': 20.277362688}
2025-08-10 19:35:42,361 - INFO -       🔍 Validating...
2025-08-10 19:35:42,363 - INFO -       📝 Using optimized prompt for generation: 'a glossy gold harp with intricately carved inlays of rubies, precision-crafted from the finest woods and showcasing an ornate floral pattern that echoes the delicate motifs found in Baroque-era music boxes., front view, accurate, complete, white background...'
2025-08-10 19:35:42,365 - INFO -       🎯 Computing scores against original prompt: 'glossy gold harp luxurious and enchanting...'
2025-08-10 19:37:18,383 - INFO -       📊 Validation score: 0.5064
2025-08-10 19:37:18,384 - INFO -       🔍 Explore performing better - stricter convergence threshold: 0.005
2025-08-10 19:37:18,384 - INFO -       📉 Score declined: Consider different approach
2025-08-10 19:37:18,384 - INFO - 
   🔄 RL Round 7/18
2025-08-10 19:37:18,384 - INFO -       🔍 Explore performing better - increasing epsilon to 0.80
2025-08-10 19:37:18,384 - INFO -       🎯 Strategy: contextual_scene_building (explore)
2025-08-10 19:37:30,141 - INFO - [TRELLIS] GPU cache cleared: {'status': 'cache_cleared', 'available_memory_gb': 20.277362688}
2025-08-10 19:37:30,141 - INFO -       🔍 Validating...
2025-08-10 19:37:30,142 - INFO -       📝 Using optimized prompt for generation: 'a glossy gold harp with intricately carved inlays of rubies, precision-crafted from the finest woods, adorned with delicate filigree patterns reminiscent of antique door hardware...'
2025-08-10 19:37:30,142 - INFO -       🎯 Computing scores against original prompt: 'glossy gold harp luxurious and enchanting...'
2025-08-10 19:39:02,106 - INFO -       📊 Validation score: 0.9023
2025-08-10 19:39:02,106 - INFO -       🔍 Explore performing better - stricter convergence threshold: 0.005
2025-08-10 19:39:02,106 - INFO -       📈 Improvement detected: contextual_scene_building working better
2025-08-10 19:39:02,107 - INFO - 
   🔄 RL Round 8/18
2025-08-10 19:39:02,107 - INFO -       🔍 Explore performing better - increasing epsilon to 0.80
2025-08-10 19:39:02,107 - INFO -       🎯 Strategy: artistic_elaboration (explore)
2025-08-10 19:39:06,751 - INFO - [TRELLIS] GPU cache cleared: {'status': 'cache_cleared', 'available_memory_gb': 20.277362688}
2025-08-10 19:39:06,752 - INFO -       🔍 Validating...
2025-08-10 19:39:06,753 - INFO -       📝 Using optimized prompt for generation: 'a glossy gold harp with intricately carved inlays of rubies, precision-crafted from the finest woods and adorned with delicate filigree patterns that resemble antique door hardware, front view, accurate, complete, white background...'
2025-08-10 19:39:06,753 - INFO -       🎯 Computing scores against original prompt: 'glossy gold harp luxurious and enchanting...'
2025-08-10 19:40:31,205 - INFO -       📊 Validation score: 0.8324
2025-08-10 19:40:31,205 - INFO -       🔍 Explore performing better - stricter convergence threshold: 0.005
2025-08-10 19:40:31,206 - INFO -       📉 Score declined: Consider different approach
2025-08-10 19:40:31,206 - INFO - 
   🔄 RL Round 9/18
2025-08-10 19:40:31,207 - INFO -       🔍 Explore performing better - increasing epsilon to 0.80
2025-08-10 19:40:31,207 - INFO -       🎯 Strategy: material_focus (explore)
2025-08-10 19:40:37,854 - INFO - [TRELLIS] GPU cache cleared: {'status': 'cache_cleared', 'available_memory_gb': 20.277362688}
2025-08-10 19:40:37,856 - INFO -       🔍 Validating...
2025-08-10 19:40:37,857 - INFO -       📝 Using optimized prompt for generation: 'a slender golden harp with filigree patterns that resemble the delicate petals of rare orchids, suspended in mid-air amidst a swirling vortex of iridescent colors and luminescent fog...'
2025-08-10 19:40:37,857 - INFO -       🎯 Computing scores against original prompt: 'glossy gold harp luxurious and enchanting...'
2025-08-10 19:42:03,479 - INFO -       📊 Validation score: 0.8585
2025-08-10 19:42:03,479 - INFO -       🔍 Explore performing better - stricter convergence threshold: 0.005
2025-08-10 19:42:03,479 - INFO -       📈 Improvement detected: material_focus working better
2025-08-10 19:42:03,480 - INFO - 
   🔄 RL Round 10/18
2025-08-10 19:42:03,480 - INFO -       🔍 Explore performing better - increasing epsilon to 0.80
2025-08-10 19:42:03,480 - INFO -       🎯 Strategy: artistic_elaboration (explore)
2025-08-10 19:42:07,769 - INFO - [TRELLIS] GPU cache cleared: {'status': 'cache_cleared', 'available_memory_gb': 20.277362688}
2025-08-10 19:42:07,770 - INFO -       🔍 Validating...
2025-08-10 19:42:07,770 - INFO -       📝 Using optimized prompt for generation: 'a glossy gold harp with intricately carved inlays of rubies, precision-crafted from the finest woods and adorned with delicate filigree patterns that evoke the intricate details of antique furniture. Its curves are accentuated by a subtle patina, adding depth to its luxurious sheen., front view, accurate, complete, white background...'
2025-08-10 19:42:07,770 - INFO -       🎯 Computing scores against original prompt: 'glossy gold harp luxurious and enchanting...'
2025-08-10 19:43:28,849 - INFO -       📊 Validation score: 0.8163
2025-08-10 19:43:28,849 - INFO -       🔍 Explore performing better - stricter convergence threshold: 0.005
2025-08-10 19:43:28,849 - INFO -       📉 Score declined: Consider different approach
2025-08-10 19:43:28,849 - INFO - 
   🔄 RL Round 11/18
2025-08-10 19:43:28,850 - INFO -       🔍 Explore performing better - increasing epsilon to 0.80
2025-08-10 19:43:28,850 - INFO -       🎯 Strategy: material_focus (explore)
2025-08-10 19:43:34,434 - INFO - [TRELLIS] GPU cache cleared: {'status': 'cache_cleared', 'available_memory_gb': 20.277362688}
2025-08-10 19:43:34,435 - INFO -       🔍 Validating...
2025-08-10 19:43:34,435 - INFO -       📝 Using optimized prompt for generation: 'a slender gold harp with intricately carved inlays of rubies, precision-crafted from the finest woods and adorned with delicate filigree patterns that evoke the intricate details of antique furniture....'
2025-08-10 19:43:34,435 - INFO -       🎯 Computing scores against original prompt: 'glossy gold harp luxurious and enchanting...'
2025-08-10 19:44:59,728 - INFO -       📊 Validation score: 0.9129
2025-08-10 19:44:59,730 - INFO -       🔍 Explore performing better - stricter convergence threshold: 0.005
2025-08-10 19:44:59,730 - INFO -       📈 Improvement detected: material_focus working better
2025-08-10 19:44:59,731 - INFO - 
   🔄 RL Round 12/18
2025-08-10 19:44:59,732 - INFO -       🔍 Explore performing better - increasing epsilon to 0.80
2025-08-10 19:44:59,733 - INFO -       🎯 Strategy: aggressive_transformation (explore)
2025-08-10 19:45:05,221 - INFO - [TRELLIS] GPU cache cleared: {'status': 'cache_cleared', 'available_memory_gb': 20.277362688}
2025-08-10 19:45:05,224 - INFO -       🔍 Validating...
2025-08-10 19:45:05,226 - INFO -       📝 Using optimized prompt for generation: 'a slender glossy gold harp with intricately carved inlays of rubies that shimmers like polished gemstones, precision-crafted from the finest woods and infused with a soft, ethereal glow that hints at its luxurious provenance...'
2025-08-10 19:45:05,226 - INFO -       🎯 Computing scores against original prompt: 'glossy gold harp luxurious and enchanting...'
2025-08-10 19:46:34,961 - INFO -       📊 Validation score: 0.7479
2025-08-10 19:46:34,962 - INFO -       🔍 Explore performing better - stricter convergence threshold: 0.005
2025-08-10 19:46:34,962 - INFO -       📉 Score declined: Consider different approach
2025-08-10 19:46:34,962 - INFO - 
   🔄 RL Round 13/18
2025-08-10 19:46:34,962 - INFO -       🔍 Explore performing better - increasing epsilon to 0.80
2025-08-10 19:46:34,962 - INFO -       🎯 Strategy: material_focus (exploit)
2025-08-10 19:46:42,774 - INFO - [TRELLIS] GPU cache cleared: {'status': 'cache_cleared', 'available_memory_gb': 20.277362688}
2025-08-10 19:46:42,775 - INFO -       🔍 Validating...
2025-08-10 19:46:42,775 - INFO -       📝 Using optimized prompt for generation: 'a slender glossy gold harp with precision-crafted inlays of rubies that refract light, suspended from a delicate filigree bracket adorned with microscopic etchings of Celtic knots and emitting a soft, ethereal glow....'
2025-08-10 19:46:42,775 - INFO -       🎯 Computing scores against original prompt: 'glossy gold harp luxurious and enchanting...'
2025-08-10 19:48:13,107 - INFO -       📊 Validation score: 0.8331
2025-08-10 19:48:13,107 - INFO -       🔍 Explore performing better - stricter convergence threshold: 0.005
2025-08-10 19:48:13,110 - INFO -       📈 Improvement detected: material_focus working better
2025-08-10 19:48:13,110 - INFO - 
   🔄 RL Round 14/18
2025-08-10 19:48:13,110 - INFO -       🔍 Explore performing better - increasing epsilon to 0.80
2025-08-10 19:48:13,110 - INFO -       🎯 Strategy: aggressive_transformation (explore)
2025-08-10 19:48:18,363 - INFO - [TRELLIS] GPU cache cleared: {'status': 'cache_cleared', 'available_memory_gb': 20.277362688}
2025-08-10 19:48:18,363 - INFO -       🔍 Validating...
2025-08-10 19:48:18,363 - INFO -       📝 Using optimized prompt for generation: 'a slender glossy gold harp with precision-crafted inlays of rubies that refract light and are adorned with delicate filigree patterns reminiscent of antique door hardware, front view, accurate, complete, white background...'
2025-08-10 19:48:18,364 - INFO -       🎯 Computing scores against original prompt: 'glossy gold harp luxurious and enchanting...'
2025-08-10 19:49:45,330 - INFO -       📊 Validation score: 0.7989
2025-08-10 19:49:45,331 - INFO -       🔍 Explore performing better - stricter convergence threshold: 0.005
2025-08-10 19:49:45,331 - INFO -       📉 Score declined: Consider different approach
2025-08-10 19:49:45,331 - INFO - 
   🔄 RL Round 15/18
2025-08-10 19:49:45,331 - INFO -       🔍 Explore performing better - increasing epsilon to 0.80
2025-08-10 19:49:45,331 - INFO -       🎯 Strategy: material_focus (exploit)
2025-08-10 19:49:50,705 - INFO - [TRELLIS] GPU cache cleared: {'status': 'cache_cleared', 'available_memory_gb': 20.277362688}
2025-08-10 19:49:50,709 - INFO -       🔍 Validating...
2025-08-10 19:49:50,709 - INFO -       📝 Using optimized prompt for generation: 'a slender gold harp with intricately carved inlays of rubies that refract light, suspended from a delicate golden chain with an ornate clasp that echoes the intricate details of antique jewelry., front view, accurate, complete, white background...'
2025-08-10 19:49:50,710 - INFO -       🎯 Computing scores against original prompt: 'glossy gold harp luxurious and enchanting...'
2025-08-10 19:51:13,722 - INFO -       📊 Validation score: 0.8543
2025-08-10 19:51:13,722 - INFO -       🔍 Explore performing better - stricter convergence threshold: 0.005
2025-08-10 19:51:13,723 - INFO -       📈 Improvement detected: material_focus working better
2025-08-10 19:51:13,723 - INFO - 
   🔄 RL Round 16/18
2025-08-10 19:51:13,723 - INFO -       🔍 Explore performing better - increasing epsilon to 0.80
2025-08-10 19:51:13,723 - INFO -       🎯 Strategy: aggressive_transformation (explore)
2025-08-10 19:51:19,309 - INFO - [TRELLIS] GPU cache cleared: {'status': 'cache_cleared', 'available_memory_gb': 20.277362688}
2025-08-10 19:51:19,310 - INFO -       🔍 Validating...
2025-08-10 19:51:19,310 - INFO -       📝 Using optimized prompt for generation: 'a slender glossy gold harp with intricately carved inlays of rubies, precision-crafted from the finest woods and adorned with delicate filigree patterns that evoke the intricate details of antique furniture. The harp's neck is adorned with a subtle gemstone-encrusted collar, adding an air of sophistication to its already regal presence., front view, accurate, complete, white background...'
2025-08-10 19:51:19,310 - INFO -       🎯 Computing scores against original prompt: 'glossy gold harp luxurious and enchanting...'
2025-08-10 19:52:45,636 - INFO -       📊 Validation score: 0.6990
2025-08-10 19:52:45,637 - INFO -       🔍 Explore performing better - stricter convergence threshold: 0.005
2025-08-10 19:52:45,638 - INFO -       📉 Score declined: Consider different approach
2025-08-10 19:52:45,640 - INFO - 
   🔄 RL Round 17/18
2025-08-10 19:52:45,640 - INFO -       🔍 Explore performing better - increasing epsilon to 0.80
2025-08-10 19:52:45,640 - INFO -       🎯 Strategy: aggressive_transformation (explore)
2025-08-10 19:52:51,464 - INFO - [TRELLIS] GPU cache cleared: {'status': 'cache_cleared', 'available_memory_gb': 20.277362688}
2025-08-10 19:52:51,464 - INFO -       🔍 Validating...
2025-08-10 19:52:51,466 - INFO -       📝 Using optimized prompt for generation: 'a slender glossy gold harp with precision-crafted inlays of rubies, adorned with delicate filigree patterns that resemble the intricate designs found on antique gilded mirrors., front view, accurate, complete, white background...'
2025-08-10 19:52:51,466 - INFO -       🎯 Computing scores against original prompt: 'glossy gold harp luxurious and enchanting...'
2025-08-10 19:54:20,014 - INFO -       📊 Validation score: 0.6024
2025-08-10 19:54:20,014 - INFO -       📉 Score declined: Consider different approach
2025-08-10 19:54:20,014 - INFO - 
   🔄 RL Round 18/18
2025-08-10 19:54:20,015 - INFO -       🔍 Explore performing better - increasing epsilon to 0.80
2025-08-10 19:54:20,015 - INFO -       🎯 Strategy: material_focus (exploit)
2025-08-10 19:54:25,178 - INFO - [TRELLIS] GPU cache cleared: {'status': 'cache_cleared', 'available_memory_gb': 20.277362688}
2025-08-10 19:54:25,179 - INFO -       🔍 Validating...
2025-08-10 19:54:25,179 - INFO -       📝 Using optimized prompt for generation: 'a slender gold harp with intricately carved inlays of rubies that refract light, precision-crafted from the finest woods and adorned with delicate filigree patterns that evoke the intricate details of antique furniture....'
2025-08-10 19:54:25,179 - INFO -       🎯 Computing scores against original prompt: 'glossy gold harp luxurious and enchanting...'
2025-08-10 19:55:50,199 - INFO -       📊 Validation score: 0.8724
2025-08-10 19:55:50,258 - INFO - 
🎯 RL LOOP COMPLETE:
2025-08-10 19:55:50,258 - INFO -    Best prompt: glossy gold harp with intricately carved inlays of rubies, precision-crafted from the finest woods and adorned with delicate filigree patterns that evoke the intricate details of antique furniture.
2025-08-10 19:55:50,259 - INFO -    Best score: 0.9249
2025-08-10 19:55:50,259 - INFO -    Rounds: 18
2025-08-10 19:55:50,259 - INFO -    Convergence: False
2025-08-10 19:55:50,260 - INFO -    Convergence reason: Not converged
2025-08-10 19:55:50,260 - INFO -    Exploration ratio: 66.7%
2025-08-10 19:55:50,261 - INFO -    Insights learned: 3
2025-08-10 19:55:50,261 - INFO -    Total time: 1659.30s
2025-08-10 19:55:50,262 - INFO - Prompt optimized in 18 rounds: 0.834 → 0.925 (+0.091)
2025-08-10 19:55:50,262 - INFO - ⏰ Max rounds reached
2025-08-10 19:55:50,268 - INFO - 
--- Episode 2, Prompt 11 (Total: 26) ---
2025-08-10 19:55:50,269 - INFO - Optimizing: 'violet succubus with long'
2025-08-10 19:55:50,269 - INFO - 🔍 Checking server availability before optimization...
2025-08-10 19:55:50,277 - INFO - ✅ Server is available (status: completed)
2025-08-10 19:55:50,279 - INFO - 📝 Marked server as used at 1754855750.2791493
2025-08-10 19:55:50,279 - INFO - ✅ Server is available and marked as used
2025-08-10 19:55:52,872 - INFO - 🔄 Reproducibility optimization applied:
2025-08-10 19:55:52,872 - INFO -    Original: violet succubus with long
2025-08-10 19:55:52,872 - INFO -    Optimized: wbgmsst, generate a highly detailed and accurate 3D model of a majestic violet succubus in complete form, with no unnecessary features, rendered against a white background.
2025-08-10 19:55:52,872 - INFO -    Similarity: 1.000
2025-08-10 19:55:52,872 - INFO -    Gold score: 0.9261
2025-08-10 19:55:52,873 - INFO -       🔧 Overriding endpoint: generate/baolei/
2025-08-10 19:55:52,873 - INFO -       🔧 Using endpoint: generate/baolei/
2025-08-10 19:55:52,879 - INFO - 
🔄 RL LOOP OPTIMIZATION: 'violet succubus with long'
2025-08-10 19:55:52,881 - INFO -    Session: rl_session_1754855752_6465
2025-08-10 19:55:52,881 - INFO -    Max rounds: 18
2025-08-10 19:55:52,881 - INFO -    Min rounds before convergence: 5
2025-08-10 19:55:52,881 - INFO -    Target score: 0.99
2025-08-10 19:55:52,881 - INFO -       🎯 Found previous best attempt: violet succubus with long, intricately patterned wings and a slender neck, adorned with delicate filigree, front view, accurate, complete, white background (score: 0.9264)
2025-08-10 19:55:52,881 - INFO -       🎯 Strategy used: artistic_elaboration
2025-08-10 19:55:52,881 - INFO -       🎯 Session ID: rl_session_1754799254_5721
2025-08-10 19:55:52,881 - INFO -       🎯 Past final best prompt: violet succubus with long, intricately patterned wings and a slender neck, adorned with delicate filigree, front view, accurate, complete, white background
2025-08-10 19:55:52,881 - INFO -       🎯 Past final best score: 0.926
2025-08-10 19:55:52,882 - INFO -       🎯 Past session ID: rl_session_1754799254_5721
2025-08-10 19:55:52,882 - INFO -       🎯 Past learned insights: Best performing strategy in session: artistic_elaboration, Explored 3 different strategies
2025-08-10 19:55:52,882 - INFO -       🎯 Past strategy performance updates: {'artistic_elaboration': 0.07554460246946793, 'aggressive_transformation': 0.02436041535049227, 'material_focus': 0.029733961497794947}
2025-08-10 19:55:52,882 - INFO -       🎯 Past final best prompt: violet succubus with long, intricately patterned wings and a slender neck, adorned with delicate filigree, front view, accurate, complete, white background
2025-08-10 19:55:52,882 - INFO -       🎯 Past final best score: 0.926
2025-08-10 19:55:52,882 - INFO - 
   🔄 RL Round 1/18
2025-08-10 19:55:52,886 - INFO -       🎯 Strategy: aggressive_transformation (explore)
2025-08-10 19:55:58,926 - INFO - [TRELLIS] GPU cache cleared: {'status': 'cache_cleared', 'available_memory_gb': 20.277362688}
2025-08-10 19:55:58,927 - INFO -       🔍 Validating...
2025-08-10 19:55:58,927 - INFO -       📝 Using optimized prompt for generation: 'violet succubus with long, intricately patterned wings and a slender neck adorned with delicate filigree and an ornate collar, front view, accurate, complete, white background...'
2025-08-10 19:55:58,928 - INFO -       🎯 Computing scores against original prompt: 'violet succubus with long...'
2025-08-10 19:57:25,742 - INFO -       📊 Validation score: 0.8999
2025-08-10 19:57:25,742 - INFO - 
   🔄 RL Round 2/18
2025-08-10 19:57:25,742 - INFO -       🎯 Strategy: material_focus (exploit)
2025-08-10 19:57:30,633 - INFO - [TRELLIS] GPU cache cleared: {'status': 'cache_cleared', 'available_memory_gb': 20.277362688}
2025-08-10 19:57:30,636 - INFO -       🔍 Validating...
2025-08-10 19:57:30,636 - INFO -       📝 Using optimized prompt for generation: 'violet succubus with long, intricately patterned wings and a slender neck adorned with delicate filigree, focusing on detailed scales on her skin, front view, accurate, complete, white background...'
2025-08-10 19:57:30,636 - INFO -       🎯 Computing scores against original prompt: 'violet succubus with long...'
2025-08-10 19:58:55,178 - INFO -       📊 Validation score: 0.9019
2025-08-10 19:58:55,178 - INFO -       📈 Improvement detected: material_focus working better
2025-08-10 19:58:55,178 - INFO - 
   🔄 RL Round 3/18
2025-08-10 19:58:55,179 - INFO -       🎯 Strategy: technical_precision (explore)
2025-08-10 19:59:00,217 - INFO - [TRELLIS] GPU cache cleared: {'status': 'cache_cleared', 'available_memory_gb': 20.277362688}
2025-08-10 19:59:00,218 - INFO -       🔍 Validating...
2025-08-10 19:59:00,219 - INFO -       📝 Using optimized prompt for generation: 'a majestic violet succubus with long, intricately patterned wings and a slender neck adorned with delicate filigree made of fine silver and gold, front view, accurate, complete, white background...'
2025-08-10 19:59:00,220 - INFO -       🎯 Computing scores against original prompt: 'violet succubus with long...'
2025-08-10 20:00:32,719 - INFO -       📊 Validation score: 0.8889
2025-08-10 20:00:32,720 - INFO -       📉 Score declined: Consider different approach
2025-08-10 20:00:32,720 - INFO - 
   🔄 RL Round 4/18
2025-08-10 20:00:32,720 - INFO -       🎯 Strategy: minimalist_refinement (explore)
2025-08-10 20:00:38,093 - INFO - [TRELLIS] GPU cache cleared: {'status': 'cache_cleared', 'available_memory_gb': 20.277362688}
2025-08-10 20:00:38,095 - INFO -       🔍 Validating...
2025-08-10 20:00:38,095 - INFO -       📝 Using optimized prompt for generation: 'a majestic violet succubus with long, intricately patterned wings and a slender neck adorned with delicate filigree in mid-air, front view, accurate, complete, white background...'
2025-08-10 20:00:38,096 - INFO -       🎯 Computing scores against original prompt: 'violet succubus with long...'
2025-08-10 20:02:00,333 - INFO -       📊 Validation score: 0.9123
2025-08-10 20:02:00,334 - INFO -       📈 Improvement detected: minimalist_refinement working better
2025-08-10 20:02:00,334 - INFO - 
   🔄 RL Round 5/18
2025-08-10 20:02:00,334 - INFO -       🎯 Strategy: hybrid_approach (explore)
2025-08-10 20:02:04,723 - INFO - [TRELLIS] GPU cache cleared: {'status': 'cache_cleared', 'available_memory_gb': 20.277362688}
2025-08-10 20:02:04,724 - INFO -       🔍 Validating...
2025-08-10 20:02:04,724 - INFO -       📝 Using optimized prompt for generation: 'a majestic violet succubus with long, intricately patterned wings and a slender neck adorned with delicate filigree, rendered in precise detail against a crisp white background, front view, accurate, complete, white background...'
2025-08-10 20:02:04,724 - INFO -       🎯 Computing scores against original prompt: 'violet succubus with long...'
2025-08-10 20:03:29,375 - INFO -       📊 Validation score: 0.9197
2025-08-10 20:03:29,376 - INFO -       ✅ Convergence achieved: Convergence threshold met (improvement: 0.007)
2025-08-10 20:03:29,441 - INFO - 
🎯 RL LOOP COMPLETE:
2025-08-10 20:03:29,442 - INFO -    Best prompt: violet succubus with long, intricately patterned wings and a slender neck, adorned with delicate filigree, front view, accurate, complete, white background
2025-08-10 20:03:29,442 - INFO -    Best score: 0.9264
2025-08-10 20:03:29,443 - INFO -    Rounds: 5
2025-08-10 20:03:29,443 - INFO -    Convergence: True
2025-08-10 20:03:29,443 - INFO -    Convergence reason: Convergence threshold met (improvement: 0.007)
2025-08-10 20:03:29,444 - INFO -    Exploration ratio: 80.0%
2025-08-10 20:03:29,444 - INFO -    Insights learned: 3
2025-08-10 20:03:29,445 - INFO -    Total time: 456.50s
2025-08-10 20:03:29,447 - INFO - Prompt optimized in 5 rounds: 0.900 → 0.926 (+0.027)
2025-08-10 20:03:29,451 - INFO - ✅ Target score achieved!
2025-08-10 20:03:29,454 - INFO - 
--- Episode 2, Prompt 12 (Total: 26) ---
2025-08-10 20:03:29,457 - INFO - Optimizing: 'small chisel with black tip'
2025-08-10 20:03:29,457 - INFO - 🔍 Checking server availability before optimization...
2025-08-10 20:03:29,468 - INFO - ✅ Server is available (status: completed)
2025-08-10 20:03:29,469 - INFO - 📝 Marked server as used at 1754856209.469028
2025-08-10 20:03:29,472 - INFO - ✅ Server is available and marked as used
2025-08-10 20:03:31,508 - INFO - 🔄 Reproducibility optimization applied:
2025-08-10 20:03:31,509 - INFO -    Original: small chisel with black tip
2025-08-10 20:03:31,509 - INFO -    Optimized: wbgmsst, a detailed black titanium chisel with an angled slightly design and black tip, white background.
2025-08-10 20:03:31,509 - INFO -    Similarity: 1.000
2025-08-10 20:03:31,509 - INFO -    Gold score: 0.9183
2025-08-10 20:03:31,509 - INFO -       🔧 Overriding endpoint: generate/baolei/
2025-08-10 20:03:31,510 - INFO -       🔧 Using endpoint: generate/baolei/
2025-08-10 20:03:31,516 - INFO - 
🔄 RL LOOP OPTIMIZATION: 'small chisel with black tip'
2025-08-10 20:03:31,516 - INFO -    Session: rl_session_1754856211_6526
2025-08-10 20:03:31,516 - INFO -    Max rounds: 18
2025-08-10 20:03:31,516 - INFO -    Min rounds before convergence: 5
2025-08-10 20:03:31,517 - INFO -    Target score: 0.99
2025-08-10 20:03:31,517 - INFO -       🎯 Found previous best attempt: a slender small chisel with a precision-ground black titanium tip and subtle curvature for optimal striking, detailed finish, front view, accurate, complete, white background (score: 0.9192)
2025-08-10 20:03:31,519 - INFO -       🎯 Strategy used: minimalist_refinement
2025-08-10 20:03:31,519 - INFO -       🎯 Session ID: rl_session_1754829014_5137
2025-08-10 20:03:31,519 - INFO -       🎯 Past final best prompt: a slender small chisel with a precision-ground black titanium tip and subtle curvature for optimal striking, detailed finish, front view, accurate, complete, white background
2025-08-10 20:03:31,519 - INFO -       🎯 Past final best score: 0.919
2025-08-10 20:03:31,519 - INFO -       🎯 Past session ID: rl_session_1754829014_5137
2025-08-10 20:03:31,519 - INFO -       🎯 Past learned insights: Iterative improvement successful: 0.813 → 0.866, Best performing strategy in session: minimalist_refinement, Explored 7 different strategies
2025-08-10 20:03:31,519 - INFO -       🎯 Past strategy performance updates: {'conservative_enhancement': -0.033057327052386065, 'material_focus': 0.09198947684222136, 'artistic_elaboration': 0.12866295590206445, 'technical_precision': 0.08872248876924782, 'minimalist_refinement': 0.09454024248679382, 'contextual_scene_building': 0.08208144179461119, 'hybrid_approach': -0.014713634640595719}
2025-08-10 20:03:31,519 - INFO -       🎯 Past final best prompt: a slender small chisel with a precision-ground black titanium tip and subtle curvature for optimal striking, detailed finish, front view, accurate, complete, white background
2025-08-10 20:03:31,519 - INFO -       🎯 Past final best score: 0.919
2025-08-10 20:03:31,520 - INFO - 
   🔄 RL Round 1/18
2025-08-10 20:03:31,520 - INFO -       🔍 Explore performing better - increasing epsilon to 0.80
2025-08-10 20:03:31,520 - INFO -       🎯 Strategy: technical_precision (explore)
2025-08-10 20:03:35,665 - INFO - [TRELLIS] GPU cache cleared: {'status': 'cache_cleared', 'available_memory_gb': 20.277362688}
2025-08-10 20:03:35,666 - INFO -       🔍 Validating...
2025-08-10 20:03:35,666 - INFO -       📝 Using optimized prompt for generation: 'a slender small chisel with a precision-ground black titanium tip and microscopic texture, subtle curvature for optimal striking, detailed finish, front view, accurate, complete, white background...'
2025-08-10 20:03:35,666 - INFO -       🎯 Computing scores against original prompt: 'small chisel with black tip...'
2025-08-10 20:05:03,626 - INFO -       📊 Validation score: 0.9005
2025-08-10 20:05:03,627 - INFO - 
   🔄 RL Round 2/18
2025-08-10 20:05:03,627 - INFO -       🔍 Explore performing better - increasing epsilon to 0.80
2025-08-10 20:05:03,629 - INFO -       🎯 Strategy: technical_precision (explore)
2025-08-10 20:05:19,427 - WARNING - [TRELLIS] Exception clearing GPU cache: HTTPConnectionPool(host='localhost', port=8096): Read timed out. (read timeout=10)
2025-08-10 20:05:19,428 - INFO -       🔍 Validating...
2025-08-10 20:05:19,431 - INFO -       📝 Using optimized prompt for generation: 'a slender small chisel with a precision-ground black titanium tip and slightly increased curvature for enhanced striking stability, detailed finish with micro-scratches, front view, accurate, complete, white background...'
2025-08-10 20:05:19,431 - INFO -       🎯 Computing scores against original prompt: 'small chisel with black tip...'
2025-08-10 20:06:54,555 - INFO -       📊 Validation score: 0.8802
2025-08-10 20:06:54,556 - INFO -       📉 Score declined: Consider different approach
2025-08-10 20:06:54,557 - INFO - 
   🔄 RL Round 3/18
2025-08-10 20:06:54,557 - INFO -       🔍 Explore performing better - increasing epsilon to 0.80
2025-08-10 20:06:54,557 - INFO -       🎯 Strategy: technical_precision (explore)
2025-08-10 20:07:00,331 - INFO - [TRELLIS] GPU cache cleared: {'status': 'cache_cleared', 'available_memory_gb': 20.277362688}
2025-08-10 20:07:00,332 - INFO -       🔍 Validating...
2025-08-10 20:07:00,332 - INFO -       📝 Using optimized prompt for generation: 'a small, precision-ground chisel with a high-carbon black titanium tip featuring subtle texture and microscopic ridges for optimal striking, detailed finish, front view, accurate, complete, white background...'
2025-08-10 20:07:00,332 - INFO -       🎯 Computing scores against original prompt: 'small chisel with black tip...'
2025-08-10 20:08:26,319 - INFO -       📊 Validation score: 0.8845
2025-08-10 20:08:26,319 - INFO -       📈 Improvement detected: technical_precision working better
2025-08-10 20:08:26,320 - INFO - 
   🔄 RL Round 4/18
2025-08-10 20:08:26,320 - INFO -       🔍 Explore performing better - increasing epsilon to 0.80
2025-08-10 20:08:26,320 - INFO -       🎯 Strategy: technical_precision (explore)
2025-08-10 20:08:31,949 - INFO - [TRELLIS] GPU cache cleared: {'status': 'cache_cleared', 'available_memory_gb': 20.277362688}
2025-08-10 20:08:31,950 - INFO -       🔍 Validating...
2025-08-10 20:08:31,951 - INFO -       📝 Using optimized prompt for generation: 'a slender small chisel with a precision-ground black titanium tip and enhanced microscopic texture for optimal striking, detailed finish, front view, accurate, complete, white background...'
2025-08-10 20:08:31,951 - INFO -       🎯 Computing scores against original prompt: 'small chisel with black tip...'
2025-08-10 20:09:55,376 - INFO -       📊 Validation score: 0.8940
2025-08-10 20:09:55,376 - INFO -       📈 Improvement detected: technical_precision working better
2025-08-10 20:09:55,377 - INFO - 
   🔄 RL Round 5/18
2025-08-10 20:09:55,377 - INFO -       🔍 Explore performing better - increasing epsilon to 0.80
2025-08-10 20:09:55,377 - INFO -       🎯 Strategy: material_focus (exploit)
2025-08-10 20:10:01,775 - INFO - [TRELLIS] GPU cache cleared: {'status': 'cache_cleared', 'available_memory_gb': 20.277362688}
2025-08-10 20:10:01,775 - INFO -       🔍 Validating...
2025-08-10 20:10:01,775 - INFO -       📝 Using optimized prompt for generation: 'a slender small chisel with a precision-ground black titanium tip and subtly tapered, hexagonal edges for enhanced striking surface area, detailed finish, front view, accurate, complete, white background...'
2025-08-10 20:10:01,775 - INFO -       🎯 Computing scores against original prompt: 'small chisel with black tip...'
2025-08-10 20:11:24,706 - INFO -       📊 Validation score: 0.9214
2025-08-10 20:11:24,706 - INFO -       🎯 New best score: 0.9214
2025-08-10 20:11:24,707 - INFO -       🔍 Explore performing better - stricter convergence threshold: 0.005
2025-08-10 20:11:24,707 - INFO -       📈 Improvement detected: material_focus working better
2025-08-10 20:11:24,707 - INFO - 
   🔄 RL Round 6/18
2025-08-10 20:11:24,707 - INFO -       🎯 Strategy: minimalist_refinement (explore)
2025-08-10 20:11:30,430 - INFO - [TRELLIS] GPU cache cleared: {'status': 'cache_cleared', 'available_memory_gb': 20.277362688}
2025-08-10 20:11:30,433 - INFO -       🔍 Validating...
2025-08-10 20:11:30,434 - INFO -       📝 Using optimized prompt for generation: 'a slender small chisel with a high-carbon black titanium tip featuring subtle curvature, enhanced microscopic texture, and precision-ground edges, front view, accurate, complete, white background...'
2025-08-10 20:11:30,435 - INFO -       🎯 Computing scores against original prompt: 'small chisel with black tip...'
2025-08-10 20:12:52,747 - INFO -       📊 Validation score: 0.9215
2025-08-10 20:12:52,747 - INFO -       🎯 New best score: 0.9215
2025-08-10 20:12:52,747 - INFO -       🔍 Explore performing better - stricter convergence threshold: 0.005
2025-08-10 20:12:52,747 - INFO -       ✅ Convergence achieved: Convergence threshold met (improvement: 0.000)
2025-08-10 20:12:52,805 - INFO - 
🎯 RL LOOP COMPLETE:
2025-08-10 20:12:52,808 - INFO -    Best prompt: a slender small chisel with a high-carbon black titanium tip featuring subtle curvature, enhanced microscopic texture, and precision-ground edges, front view, accurate, complete, white background
2025-08-10 20:12:52,808 - INFO -    Best score: 0.9215
2025-08-10 20:12:52,808 - INFO -    Rounds: 6
2025-08-10 20:12:52,808 - INFO -    Convergence: True
2025-08-10 20:12:52,808 - INFO -    Convergence reason: Convergence threshold met (improvement: 0.000)
2025-08-10 20:12:52,808 - INFO -    Exploration ratio: 83.3%
2025-08-10 20:12:52,808 - INFO -    Insights learned: 3
2025-08-10 20:12:52,808 - INFO -    Total time: 561.23s
2025-08-10 20:12:52,809 - INFO - Prompt optimized in 6 rounds: 0.900 → 0.922 (+0.021)
2025-08-10 20:12:52,809 - INFO - ✅ Target score achieved!
2025-08-10 20:12:52,820 - INFO - 
--- Episode 2, Prompt 13 (Total: 26) ---
2025-08-10 20:12:52,820 - INFO - Optimizing: 'deep navy robot with sophisticated style'
2025-08-10 20:12:52,820 - INFO - 🔍 Checking server availability before optimization...
2025-08-10 20:12:52,830 - INFO - ✅ Server is available (status: completed)
2025-08-10 20:12:52,831 - INFO - 📝 Marked server as used at 1754856772.8310673
2025-08-10 20:12:52,831 - INFO - ✅ Server is available and marked as used
2025-08-10 20:12:55,866 - INFO - 🔄 Reproducibility optimization applied:
2025-08-10 20:12:55,867 - INFO -    Original: deep navy robot with sophisticated style
2025-08-10 20:12:55,867 - INFO -    Optimized: wbgmsst, A sophisticated deep navy robot with precision-crafted angular lines and micro-scaled LED accents is rendered in accurate front view, subtly shifting between warm and cool tones, and displayed on a complete white background.
2025-08-10 20:12:55,867 - INFO -    Similarity: 1.000
2025-08-10 20:12:55,867 - INFO -    Gold score: 0.9202
2025-08-10 20:12:55,867 - INFO -       🔧 Overriding endpoint: generate/baolei/
2025-08-10 20:12:55,867 - INFO -       🔧 Using endpoint: generate/baolei/
2025-08-10 20:12:55,879 - INFO - 
🔄 RL LOOP OPTIMIZATION: 'deep navy robot with sophisticated style'
2025-08-10 20:12:55,879 - INFO -    Session: rl_session_1754856775_3615
2025-08-10 20:12:55,879 - INFO -    Max rounds: 18
2025-08-10 20:12:55,879 - INFO -    Min rounds before convergence: 5
2025-08-10 20:12:55,879 - INFO -    Target score: 0.99
2025-08-10 20:12:55,880 - INFO -       🎯 Found previous best attempt: a deep navy robot with precision-crafted angular lines and micro-scaled LED accents that subtly shift between warm and cool tones to enhance its sophisticated style, front view, accurate, complete, white background (score: 0.9213)
2025-08-10 20:12:55,880 - INFO -       🎯 Strategy used: contextual_scene_building
2025-08-10 20:12:55,880 - INFO -       🎯 Session ID: rl_session_1754830216_8090
2025-08-10 20:12:55,880 - INFO -       🎯 Past final best prompt: a deep navy robot with precision-crafted angular lines and micro-scaled LED accents that subtly shift between warm and cool tones to enhance its sophisticated style, front view, accurate, complete, white background
2025-08-10 20:12:55,880 - INFO -       🎯 Past final best score: 0.921
2025-08-10 20:12:55,880 - INFO -       🎯 Past session ID: rl_session_1754830216_8090
2025-08-10 20:12:55,880 - INFO -       🎯 Past learned insights: Iterative improvement successful: 0.893 → 0.921, Best performing strategy in session: contextual_scene_building, Explored 4 different strategies
2025-08-10 20:12:55,880 - INFO -       🎯 Past strategy performance updates: {'contextual_scene_building': 0.02654480214053201, 'aggressive_transformation': 0.1038696866850074, 'material_focus': 0.10016237844032982, 'artistic_elaboration': 0.08466459450215935}
2025-08-10 20:12:55,880 - INFO -       🎯 Past final best prompt: a deep navy robot with precision-crafted angular lines and micro-scaled LED accents that subtly shift between warm and cool tones to enhance its sophisticated style, front view, accurate, complete, white background
2025-08-10 20:12:55,880 - INFO -       🎯 Past final best score: 0.921
2025-08-10 20:12:55,880 - INFO - 
   🔄 RL Round 1/18
2025-08-10 20:12:55,881 - INFO -       🎯 Strategy: hybrid_approach (explore)
2025-08-10 20:13:01,147 - INFO - [TRELLIS] GPU cache cleared: {'status': 'cache_cleared', 'available_memory_gb': 20.277362688}
2025-08-10 20:13:01,147 - INFO -       🔍 Validating...
2025-08-10 20:13:01,147 - INFO -       📝 Using optimized prompt for generation: 'a deep navy robot with precision-crafted angular lines and micro-scaled LED accents that subtly shift between rich charcoal and soft silver tones to enhance its refined style, front view, accurate, complete, white background...'
2025-08-10 20:13:01,148 - INFO -       🎯 Computing scores against original prompt: 'deep navy robot with sophisticated style...'
2025-08-10 20:14:30,011 - INFO -       📊 Validation score: 0.9200
2025-08-10 20:14:30,011 - INFO - 
   🔄 RL Round 2/18
2025-08-10 20:14:30,012 - INFO -       🎯 Strategy: material_focus (exploit)
2025-08-10 20:14:35,873 - INFO - [TRELLIS] GPU cache cleared: {'status': 'cache_cleared', 'available_memory_gb': 20.277362688}
2025-08-10 20:14:35,876 - INFO -       🔍 Validating...
2025-08-10 20:14:35,879 - INFO -       📝 Using optimized prompt for generation: 'a deep navy robot with precision-crafted angular lines that subtly transition from sharp edges to gentle curves, micro-scaled LED accents that shimmer with an iridescent glow across its surface, front view, accurate, complete, white background...'
2025-08-10 20:14:35,879 - INFO -       🎯 Computing scores against original prompt: 'deep navy robot with sophisticated style...'
2025-08-10 20:16:05,207 - INFO -       📊 Validation score: 0.8378
2025-08-10 20:16:05,208 - INFO -       📉 Score declined: Consider different approach
2025-08-10 20:16:05,208 - INFO - 
   🔄 RL Round 3/18
2025-08-10 20:16:05,208 - INFO -       🎯 Strategy: material_focus (explore)
2025-08-10 20:16:11,664 - INFO - [TRELLIS] GPU cache cleared: {'status': 'cache_cleared', 'available_memory_gb': 20.277362688}
2025-08-10 20:16:11,664 - INFO -       🔍 Validating...
2025-08-10 20:16:11,668 - INFO -       📝 Using optimized prompt for generation: 'a deep navy robot with precision-crafted angular lines and micro-scaled LED accents that subtly shift between warm and cool tones to enhance its sophisticated style, front view, accurate, complete, dark grey background with subtle reflections of city lights, front view, accurate, complete, white background...'
2025-08-10 20:16:11,668 - INFO -       🎯 Computing scores against original prompt: 'deep navy robot with sophisticated style...'
2025-08-10 20:17:41,799 - INFO -       📊 Validation score: 0.7074
2025-08-10 20:17:41,799 - INFO -       📉 Score declined: Consider different approach
2025-08-10 20:17:41,799 - INFO - 
   🔄 RL Round 4/18
2025-08-10 20:17:41,800 - INFO -       🎯 Strategy: material_focus (explore)
2025-08-10 20:17:48,669 - INFO - [TRELLIS] GPU cache cleared: {'status': 'cache_cleared', 'available_memory_gb': 20.277362688}
2025-08-10 20:17:48,669 - INFO -       🔍 Validating...
2025-08-10 20:17:48,670 - INFO -       📝 Using optimized prompt for generation: 'a deep navy robot with precision-crafted angular lines and micro-scaled LED accents that subtly shift between warm and cool tones to enhance its sophisticated style, front view, accurate, complete, white background...'
2025-08-10 20:17:48,670 - INFO -       🎯 Computing scores against original prompt: 'deep navy robot with sophisticated style...'
2025-08-10 20:19:14,747 - INFO -       📊 Validation score: 0.9208
2025-08-10 20:19:14,748 - INFO -       📈 Improvement detected: material_focus working better
2025-08-10 20:19:14,748 - INFO - 
   🔄 RL Round 5/18
2025-08-10 20:19:14,748 - INFO -       🎯 Strategy: technical_precision (exploit)
2025-08-10 20:19:19,697 - INFO - [TRELLIS] GPU cache cleared: {'status': 'cache_cleared', 'available_memory_gb': 20.277362688}
2025-08-10 20:19:19,698 - INFO -       🔍 Validating...
2025-08-10 20:19:19,699 - INFO -       📝 Using optimized prompt for generation: 'a deep navy robot with precision-crafted angular lines and micro-scaled LED accents that subtly shift between warm and cool tones to enhance its sophisticated style, front view, accurate, complete, metallic background, front view, accurate, complete, white background...'
2025-08-10 20:19:19,701 - INFO -       🎯 Computing scores against original prompt: 'deep navy robot with sophisticated style...'
2025-08-10 20:20:51,681 - INFO -       📊 Validation score: 0.8685
2025-08-10 20:20:51,681 - INFO -       🔍 Explore performing better - stricter convergence threshold: 0.005
2025-08-10 20:20:51,681 - INFO -       📉 Score declined: Consider different approach
2025-08-10 20:20:51,681 - INFO - 
   🔄 RL Round 6/18
2025-08-10 20:20:51,681 - INFO -       🎯 Strategy: technical_precision (explore)
2025-08-10 20:20:56,981 - INFO - [TRELLIS] GPU cache cleared: {'status': 'cache_cleared', 'available_memory_gb': 20.277362688}
2025-08-10 20:20:56,981 - INFO -       🔍 Validating...
2025-08-10 20:20:56,982 - INFO -       📝 Using optimized prompt for generation: 'a deep navy robot with precision-crafted angular lines and micro-scaled LED accents that subtly shift between warm and cool tones to enhance its sophisticated metallic finish and subtle gradient effects along the body's curvature, front view, accurate, complete, white background...'
2025-08-10 20:20:56,983 - INFO -       🎯 Computing scores against original prompt: 'deep navy robot with sophisticated style...'
2025-08-10 20:22:22,941 - INFO -       📊 Validation score: 0.8965
2025-08-10 20:22:22,942 - INFO -       🔍 Explore performing better - stricter convergence threshold: 0.005
2025-08-10 20:22:22,942 - INFO -       📈 Improvement detected: technical_precision working better
2025-08-10 20:22:22,942 - INFO - 
   🔄 RL Round 7/18
2025-08-10 20:22:22,942 - INFO -       🎯 Strategy: technical_precision (exploit)
2025-08-10 20:22:29,479 - INFO - [TRELLIS] GPU cache cleared: {'status': 'cache_cleared', 'available_memory_gb': 20.277362688}
2025-08-10 20:22:29,482 - INFO -       🔍 Validating...
2025-08-10 20:22:29,483 - INFO -       📝 Using optimized prompt for generation: 'a deep navy robot with precision-crafted angular lines that subtly transition from sharp, geometric edges to smooth, curved surfaces, featuring micro-scaled LED accents that emit a soft, ambient glow in a warm tone, front view, accurate, complete, white background...'
2025-08-10 20:22:29,484 - INFO -       🎯 Computing scores against original prompt: 'deep navy robot with sophisticated style...'
2025-08-10 20:23:55,492 - INFO -       📊 Validation score: 0.8768
2025-08-10 20:23:55,493 - INFO -       🔍 Explore performing better - stricter convergence threshold: 0.005
2025-08-10 20:23:55,493 - INFO -       📉 Score declined: Consider different approach
2025-08-10 20:23:55,493 - INFO - 
   🔄 RL Round 8/18
2025-08-10 20:23:55,494 - INFO -       🎯 Strategy: contextual_scene_building (explore)
2025-08-10 20:24:00,852 - INFO - [TRELLIS] GPU cache cleared: {'status': 'cache_cleared', 'available_memory_gb': 20.277362688}
2025-08-10 20:24:00,853 - INFO -       🔍 Validating...
2025-08-10 20:24:00,855 - INFO -       📝 Using optimized prompt for generation: 'a deep navy robot with precision-crafted angular lines that subtly transition into sharp, geometric shadows to enhance its sophisticated style, front view, accurate, complete, white background...'
2025-08-10 20:24:00,855 - INFO -       🎯 Computing scores against original prompt: 'deep navy robot with sophisticated style...'
2025-08-10 20:25:28,375 - INFO -       📊 Validation score: 0.8499
2025-08-10 20:25:28,376 - INFO -       🔍 Explore performing better - stricter convergence threshold: 0.005
2025-08-10 20:25:28,376 - INFO -       📉 Score declined: Consider different approach
2025-08-10 20:25:28,376 - INFO - 
   🔄 RL Round 9/18
2025-08-10 20:25:28,376 - INFO -       🎯 Strategy: technical_precision (exploit)
2025-08-10 20:25:32,303 - INFO - [TRELLIS] GPU cache cleared: {'status': 'cache_cleared', 'available_memory_gb': 20.277362688}
2025-08-10 20:25:32,304 - INFO -       🔍 Validating...
2025-08-10 20:25:32,305 - INFO -       📝 Using optimized prompt for generation: 'a deep navy robot with precision-crafted angular lines and micro-scaled LED accents that subtly shift between warm and cool tones to enhance its sophisticated style, front view, accurate, complete, metallic surface...'
2025-08-10 20:25:32,305 - INFO -       🎯 Computing scores against original prompt: 'deep navy robot with sophisticated style...'
2025-08-10 20:27:04,002 - INFO -       📊 Validation score: 0.8733
2025-08-10 20:27:04,003 - INFO -       📈 Improvement detected: technical_precision working better
2025-08-10 20:27:04,004 - INFO - 
   🔄 RL Round 10/18
2025-08-10 20:27:04,004 - INFO -       🎯 Strategy: contextual_scene_building (explore)
2025-08-10 20:27:10,986 - INFO - [TRELLIS] GPU cache cleared: {'status': 'cache_cleared', 'available_memory_gb': 20.277362688}
2025-08-10 20:27:10,988 - INFO -       🔍 Validating...
2025-08-10 20:27:10,989 - INFO -       📝 Using optimized prompt for generation: ':, front view, accurate, complete, white background...'
2025-08-10 20:27:10,992 - INFO -       🎯 Computing scores against original prompt: 'deep navy robot with sophisticated style...'
2025-08-10 20:28:43,556 - WARNING -    🔧 Score 0.0 - clearing CUDA cache
2025-08-10 20:28:43,557 - INFO -       📊 Validation score: 0.0000
2025-08-10 20:28:43,557 - INFO - 
   🔄 RL Round 11/18
2025-08-10 20:28:43,558 - INFO -       🎯 Strategy: contextual_scene_building (explore)
2025-08-10 20:28:49,454 - INFO - [TRELLIS] GPU cache cleared: {'status': 'cache_cleared', 'available_memory_gb': 20.277362688}
2025-08-10 20:28:49,456 - INFO -       🔍 Validating...
2025-08-10 20:28:49,459 - INFO -       📝 Using optimized prompt for generation: 'a deep navy robot with precision-crafted angular lines that subtly transition from sharp edges to smooth, high-gloss surfaces, front view, accurate, complete, white background...'
2025-08-10 20:28:49,459 - INFO -       🎯 Computing scores against original prompt: 'deep navy robot with sophisticated style...'
2025-08-10 20:30:13,795 - INFO -       📊 Validation score: 0.8744
2025-08-10 20:30:13,796 - INFO - 
   🔄 RL Round 12/18
2025-08-10 20:30:13,797 - INFO -       🎯 Strategy: technical_precision (exploit)
2025-08-10 20:30:18,647 - INFO - [TRELLIS] GPU cache cleared: {'status': 'cache_cleared', 'available_memory_gb': 20.277362688}
2025-08-10 20:30:18,648 - INFO -       🔍 Validating...
2025-08-10 20:30:18,648 - INFO -       📝 Using optimized prompt for generation: 'a deep navy robot with precision-crafted angular lines and micro-scaled LED accents that subtly shift between warm and cool tones to enhance its sophisticated style, front view, accurate, complete, white background, with a hint of industrial texture, front view, accurate, complete, white background...'
2025-08-10 20:30:18,648 - INFO -       🎯 Computing scores against original prompt: 'deep navy robot with sophisticated style...'
2025-08-10 20:31:44,325 - INFO -       📊 Validation score: 0.8696
2025-08-10 20:31:44,325 - INFO -       ✅ Convergence achieved: Convergence threshold met (improvement: -0.005)
2025-08-10 20:31:44,397 - INFO - 
🎯 RL LOOP COMPLETE:
2025-08-10 20:31:44,398 - INFO -    Best prompt: a deep navy robot with precision-crafted angular lines and micro-scaled LED accents that subtly shift between warm and cool tones to enhance its sophisticated style, front view, accurate, complete, white background
2025-08-10 20:31:44,401 - INFO -    Best score: 0.9213
2025-08-10 20:31:44,401 - INFO -    Rounds: 12
2025-08-10 20:31:44,402 - INFO -    Convergence: True
2025-08-10 20:31:44,402 - INFO -    Convergence reason: Convergence threshold met (improvement: -0.005)
2025-08-10 20:31:44,402 - INFO -    Exploration ratio: 58.3%
2025-08-10 20:31:44,403 - INFO -    Insights learned: 2
2025-08-10 20:31:44,403 - INFO -    Total time: 1128.45s
2025-08-10 20:31:44,405 - INFO - Prompt optimized in 12 rounds: 0.920 → 0.921 (+0.001)
2025-08-10 20:31:44,406 - INFO - ✅ Target score achieved!
2025-08-10 20:31:44,417 - INFO - 
--- Episode 2, Prompt 14 (Total: 26) ---
2025-08-10 20:31:44,417 - INFO - Optimizing: 'glistening yellow citrine prism'
2025-08-10 20:31:44,417 - INFO - 🔍 Checking server availability before optimization...
2025-08-10 20:31:44,424 - INFO - ✅ Server is available (status: completed)
2025-08-10 20:31:44,425 - INFO - 📝 Marked server as used at 1754857904.4251103
2025-08-10 20:31:44,426 - INFO - ✅ Server is available and marked as used
2025-08-10 20:31:47,009 - INFO - 🔄 Reproducibility optimization applied:
2025-08-10 20:31:47,009 - INFO -    Original: glistening yellow citrine prism
2025-08-10 20:31:47,011 - INFO -    Optimized: wbgmsst, The intricately carved citrine prism features a warm, glistening appearance with delicate inclusions and yellow hues, refract light into a kaleidoscope of colors on a white background.
2025-08-10 20:31:47,011 - INFO -    Similarity: 1.000
2025-08-10 20:31:47,011 - INFO -    Gold score: 0.9061
2025-08-10 20:31:47,011 - INFO -       🔧 Overriding endpoint: generate/baolei/
2025-08-10 20:31:47,011 - INFO -       🔧 Using endpoint: generate/baolei/
2025-08-10 20:31:47,016 - INFO - 
🔄 RL LOOP OPTIMIZATION: 'glistening yellow citrine prism'
2025-08-10 20:31:47,020 - INFO -    Session: rl_session_1754857907_4523
2025-08-10 20:31:47,020 - INFO -    Max rounds: 18
2025-08-10 20:31:47,020 - INFO -    Min rounds before convergence: 5
2025-08-10 20:31:47,020 - INFO -    Target score: 0.99
2025-08-10 20:31:47,020 - INFO -       🎯 Found previous best attempt: a slender, intricately carved glistening yellow citrine prism that refracts light into a kaleidoscope of colors, revealing subtle inclusions and imperfections that add to its intricate beauty, front view, accurate, complete, white background (score: 0.9162)
2025-08-10 20:31:47,021 - INFO -       🎯 Strategy used: aggressive_transformation
2025-08-10 20:31:47,021 - INFO -       🎯 Session ID: rl_session_1754831065_5004
2025-08-10 20:31:47,021 - INFO -       🎯 Past final best prompt: a slender, intricately carved glistening yellow citrine prism that refracts light into a kaleidoscope of colors, revealing subtle inclusions and imperfections that add to its intricate beauty, front view, accurate, complete, white background
2025-08-10 20:31:47,021 - INFO -       🎯 Past final best score: 0.916
2025-08-10 20:31:47,021 - INFO -       🎯 Past session ID: rl_session_1754831065_5004
2025-08-10 20:31:47,022 - INFO -       🎯 Past learned insights: Best performing strategy in session: aggressive_transformation, Explored 6 different strategies
2025-08-10 20:31:47,022 - INFO -       🎯 Past strategy performance updates: {'technical_precision': -0.18654002935683045, 'hybrid_approach': 0.06614440314720349, 'conservative_enhancement': -0.1022244572483949, 'aggressive_transformation': 0.12318669173081842, 'material_focus': 0.05561865384739506, 'contextual_scene_building': -0.6787495280294912}
2025-08-10 20:31:47,022 - INFO -       🎯 Past final best prompt: a slender, intricately carved glistening yellow citrine prism that refracts light into a kaleidoscope of colors, revealing subtle inclusions and imperfections that add to its intricate beauty, front view, accurate, complete, white background
2025-08-10 20:31:47,022 - INFO -       🎯 Past final best score: 0.916
2025-08-10 20:31:47,022 - INFO - 
   🔄 RL Round 1/18
2025-08-10 20:31:47,022 - INFO -       🎯 Strategy: technical_precision (explore)
2025-08-10 20:31:53,739 - INFO - [TRELLIS] GPU cache cleared: {'status': 'cache_cleared', 'available_memory_gb': 20.277362688}
2025-08-10 20:31:53,741 - INFO -       🔍 Validating...
2025-08-10 20:31:53,741 - INFO -       📝 Using optimized prompt for generation: 'a slender, intricately carved radiant yellow citrine prism that refracts light into a kaleidoscope of colors, subtly casting shadows and highlights on the adjacent polished silver pedestal, revealing subtle inclusions and imperfections that add to its intricate beauty, front view, accurate, complete, white background...'
2025-08-10 20:31:53,742 - INFO -       🎯 Computing scores against original prompt: 'glistening yellow citrine prism...'
2025-08-10 20:33:25,956 - INFO -       📊 Validation score: 0.7806
2025-08-10 20:33:25,956 - INFO - 
   🔄 RL Round 2/18
2025-08-10 20:33:25,956 - INFO -       🎯 Strategy: material_focus (exploit)
2025-08-10 20:33:33,183 - INFO - [TRELLIS] GPU cache cleared: {'status': 'cache_cleared', 'available_memory_gb': 20.277362688}
2025-08-10 20:33:33,184 - INFO -       🔍 Validating...
2025-08-10 20:33:33,184 - INFO -       📝 Using optimized prompt for generation: 'a slender, intricately carved glistening yellow citrine prism featuring a unique arrangement of delicate inclusions that refract light into a kaleidoscope of colors with subtle imperfections adding to its intricate beauty, front view, accurate, complete, white background...'
2025-08-10 20:33:33,187 - INFO -       🎯 Computing scores against original prompt: 'glistening yellow citrine prism...'
2025-08-10 20:34:58,835 - INFO -       📊 Validation score: 0.7881
2025-08-10 20:34:58,835 - INFO -       📈 Improvement detected: material_focus working better
2025-08-10 20:34:58,835 - INFO - 
   🔄 RL Round 3/18
2025-08-10 20:34:58,835 - INFO -       🎯 Strategy: technical_precision (exploit)
2025-08-10 20:35:03,800 - INFO - [TRELLIS] GPU cache cleared: {'status': 'cache_cleared', 'available_memory_gb': 20.277362688}
2025-08-10 20:35:03,802 - INFO -       🔍 Validating...
2025-08-10 20:35:03,804 - INFO -       📝 Using optimized prompt for generation: 'a slender, intricately carved glistening yellow citrine prism with subtle inclusions and imperfections that enhance its natural beauty, refracting light into a kaleidoscope of colors with precise geometric patterns, front view., front view, accurate, complete, white background...'
2025-08-10 20:35:03,804 - INFO -       🎯 Computing scores against original prompt: 'glistening yellow citrine prism...'
2025-08-10 20:36:27,967 - INFO -       📊 Validation score: 0.6810
2025-08-10 20:36:27,967 - INFO -       📉 Score declined: Consider different approach
2025-08-10 20:36:27,967 - INFO - 
   🔄 RL Round 4/18
2025-08-10 20:36:27,967 - INFO -       🎯 Strategy: material_focus (exploit)
2025-08-10 20:36:33,241 - INFO - [TRELLIS] GPU cache cleared: {'status': 'cache_cleared', 'available_memory_gb': 20.277362688}
2025-08-10 20:36:33,246 - INFO -       🔍 Validating...
2025-08-10 20:36:33,246 - INFO -       📝 Using optimized prompt for generation: 'a slender, intricately carved glistening yellow citrine prism with delicate inclusions and a warm glow that refracts light into a kaleidoscope of colors, front view, accurate, complete, white background...'
2025-08-10 20:36:33,246 - INFO -       🎯 Computing scores against original prompt: 'glistening yellow citrine prism...'
2025-08-10 20:37:59,362 - INFO -       📊 Validation score: 0.7265
2025-08-10 20:37:59,362 - INFO -       📈 Improvement detected: material_focus working better
2025-08-10 20:37:59,362 - INFO - 
   🔄 RL Round 5/18
2025-08-10 20:37:59,363 - INFO -       🔍 Explore performing better - increasing epsilon to 0.80
2025-08-10 20:37:59,363 - INFO -       🎯 Strategy: technical_precision (explore)
2025-08-10 20:38:04,367 - INFO - [TRELLIS] GPU cache cleared: {'status': 'cache_cleared', 'available_memory_gb': 20.277362688}
2025-08-10 20:38:04,368 - INFO -       🔍 Validating...
2025-08-10 20:38:04,368 - INFO -       📝 Using optimized prompt for generation: 'a slender, intricately carved glistening yellow citrine prism with delicate inclusions and a warm glow, refracting light into a kaleidoscope of colors on a white background, front view, accurate, complete, white background...'
2025-08-10 20:38:04,372 - INFO -       🎯 Computing scores against original prompt: 'glistening yellow citrine prism...'
2025-08-10 20:39:30,787 - INFO -       📊 Validation score: 0.9151
2025-08-10 20:39:30,787 - INFO -       📈 Improvement detected: technical_precision working better
2025-08-10 20:39:30,787 - INFO - 
   🔄 RL Round 6/18
2025-08-10 20:39:30,787 - INFO -       🔍 Explore performing better - increasing epsilon to 0.80
2025-08-10 20:39:30,787 - INFO -       🎯 Strategy: material_focus (explore)
2025-08-10 20:39:35,166 - INFO - [TRELLIS] GPU cache cleared: {'status': 'cache_cleared', 'available_memory_gb': 20.277362688}
2025-08-10 20:39:35,167 - INFO -       🔍 Validating...
2025-08-10 20:39:35,167 - INFO -       📝 Using optimized prompt for generation: 'a slender, intricately carved glistening yellow citrine prism that refracts light into a kaleidoscope of colors, revealing delicate inclusions and subtle wear marks that add to its intricate beauty, front view, accurate, complete, white background...'
2025-08-10 20:39:35,169 - INFO -       🎯 Computing scores against original prompt: 'glistening yellow citrine prism...'
2025-08-10 20:40:56,100 - INFO -       📊 Validation score: 0.9194
2025-08-10 20:40:56,101 - INFO -       🎯 New best score: 0.9194
2025-08-10 20:40:56,101 - INFO -       ✅ Convergence achieved: Convergence threshold met (improvement: 0.004)
2025-08-10 20:40:56,173 - INFO - 
🎯 RL LOOP COMPLETE:
2025-08-10 20:40:56,173 - INFO -    Best prompt: a slender, intricately carved glistening yellow citrine prism that refracts light into a kaleidoscope of colors, revealing delicate inclusions and subtle wear marks that add to its intricate beauty, front view, accurate, complete, white background
2025-08-10 20:40:56,174 - INFO -    Best score: 0.9194
2025-08-10 20:40:56,174 - INFO -    Rounds: 6
2025-08-10 20:40:56,174 - INFO -    Convergence: True
2025-08-10 20:40:56,174 - INFO -    Convergence reason: Convergence threshold met (improvement: 0.004)
2025-08-10 20:40:56,174 - INFO -    Exploration ratio: 50.0%
2025-08-10 20:40:56,175 - INFO -    Insights learned: 3
2025-08-10 20:40:56,175 - INFO -    Total time: 549.09s
2025-08-10 20:40:56,179 - INFO - Prompt optimized in 6 rounds: 0.781 → 0.919 (+0.139)
2025-08-10 20:40:56,179 - INFO - ✅ Target score achieved!
2025-08-10 20:40:56,185 - INFO - 
--- Episode 2, Prompt 15 (Total: 26) ---
2025-08-10 20:40:56,188 - INFO - Optimizing: 'large blue crystal with irregular shape and sharp edges'
2025-08-10 20:40:56,188 - INFO - 🔍 Checking server availability before optimization...
2025-08-10 20:40:56,200 - INFO - ✅ Server is available (status: completed)
2025-08-10 20:40:56,202 - INFO - 📝 Marked server as used at 1754858456.2021728
2025-08-10 20:40:56,202 - INFO - ✅ Server is available and marked as used
2025-08-10 20:40:59,075 - INFO - 🔄 Reproducibility optimization applied:
2025-08-10 20:40:59,076 - INFO -    Original: large blue crystal with irregular shape and sharp edges
2025-08-10 20:40:59,076 - INFO -    Optimized: wbgmsst, accurate and complete large blue crystal with an irregular shape and sharp edges, featuring a subtle milky sheen, placed on a white background.
2025-08-10 20:40:59,077 - INFO -    Similarity: 1.000
2025-08-10 20:40:59,080 - INFO -    Gold score: 0.9127
2025-08-10 20:40:59,080 - INFO -       🔧 Overriding endpoint: generate/baolei/
2025-08-10 20:40:59,080 - INFO -       🔧 Using endpoint: generate/baolei/
2025-08-10 20:40:59,087 - INFO - 
🔄 RL LOOP OPTIMIZATION: 'large blue crystal with irregular shape and sharp edges'
2025-08-10 20:40:59,087 - INFO -    Session: rl_session_1754858459_6938
2025-08-10 20:40:59,087 - INFO -    Max rounds: 18
2025-08-10 20:40:59,087 - INFO -    Min rounds before convergence: 5
2025-08-10 20:40:59,087 - INFO -    Target score: 0.99
2025-08-10 20:40:59,087 - INFO -       🎯 Found previous best attempt: a large blue crystal with a highly asymmetrical, angular shape featuring prominently defined sharp edges and a subtle milky sheen on its surface, front view, accurate, complete, white background (score: 0.9156)
2025-08-10 20:40:59,088 - INFO -       🎯 Strategy used: technical_precision
2025-08-10 20:40:59,088 - INFO -       🎯 Session ID: rl_session_1754831853_6994
2025-08-10 20:40:59,088 - INFO -       🎯 Past final best prompt: a large blue crystal with a highly asymmetrical, angular shape featuring prominently defined sharp edges and a subtle milky sheen on its surface, front view, accurate, complete, white background
2025-08-10 20:40:59,088 - INFO -       🎯 Past final best score: 0.916
2025-08-10 20:40:59,089 - INFO -       🎯 Past session ID: rl_session_1754831853_6994
2025-08-10 20:40:59,090 - INFO -       🎯 Past learned insights: Best performing strategy in session: technical_precision, Explored 8 different strategies
2025-08-10 20:40:59,090 - INFO -       🎯 Past strategy performance updates: {'technical_precision': 0.21077046515746667, 'contextual_scene_building': -0.05359433487983045, 'hybrid_approach': 0.057589064885776975, 'minimalist_refinement': 0.06043496460405906, 'conservative_enhancement': 0.07233437109988827, 'aggressive_transformation': -0.10362410990957849, 'artistic_elaboration': 0.005555349351489491, 'material_focus': -0.1322620409343117}
2025-08-10 20:40:59,090 - INFO -       🎯 Past final best prompt: a large blue crystal with a highly asymmetrical, angular shape featuring prominently defined sharp edges and a subtle milky sheen on its surface, front view, accurate, complete, white background
2025-08-10 20:40:59,091 - INFO -       🎯 Past final best score: 0.916
2025-08-10 20:40:59,091 - INFO - 
   🔄 RL Round 1/18
2025-08-10 20:40:59,092 - INFO -       🔍 Explore performing better - increasing epsilon to 0.80
2025-08-10 20:40:59,095 - INFO -       🎯 Strategy: technical_precision (exploit)
2025-08-10 20:41:03,941 - INFO - [TRELLIS] GPU cache cleared: {'status': 'cache_cleared', 'available_memory_gb': 20.277362688}
2025-08-10 20:41:03,944 - INFO -       🔍 Validating...
2025-08-10 20:41:03,945 - INFO -       📝 Using optimized prompt for generation: 'a large blue crystal with an irregularly shaped, angular silhouette featuring prominently defined sharp edges and a delicate milky sheen on its surface, front view, front view, accurate, complete, white background...'
2025-08-10 20:41:03,946 - INFO -       🎯 Computing scores against original prompt: 'large blue crystal with irregular shape and sharp edges...'
2025-08-10 20:42:33,155 - INFO -       📊 Validation score: 0.9230
2025-08-10 20:42:33,155 - INFO -       🎯 New best score: 0.9230
2025-08-10 20:42:33,155 - INFO - 
   🔄 RL Round 2/18
2025-08-10 20:42:33,155 - INFO -       🔍 Explore performing better - increasing epsilon to 0.80
2025-08-10 20:42:33,156 - INFO -       🎯 Strategy: minimalist_refinement (explore)
2025-08-10 20:42:37,582 - INFO - [TRELLIS] GPU cache cleared: {'status': 'cache_cleared', 'available_memory_gb': 20.277362688}
2025-08-10 20:42:37,583 - INFO -       🔍 Validating...
2025-08-10 20:42:37,583 - INFO -       📝 Using optimized prompt for generation: 'a large blue crystal with an irregularly shaped, angular silhouette featuring prominently defined sharp edges, suspended in mid-air over a serene lake with lotus flowers and gentle ripples on the surface, front view, accurate, complete, white background...'
2025-08-10 20:42:37,583 - INFO -       🎯 Computing scores against original prompt: 'large blue crystal with irregular shape and sharp edges...'
2025-08-10 20:44:08,417 - INFO -       📊 Validation score: 0.8813
2025-08-10 20:44:08,418 - INFO -       📉 Score declined: Consider different approach
2025-08-10 20:44:08,418 - INFO - 
   🔄 RL Round 3/18
2025-08-10 20:44:08,418 - INFO -       🔍 Explore performing better - increasing epsilon to 0.80
2025-08-10 20:44:08,418 - INFO -       🎯 Strategy: minimalist_refinement (explore)
2025-08-10 20:44:14,211 - INFO - [TRELLIS] GPU cache cleared: {'status': 'cache_cleared', 'available_memory_gb': 20.277362688}
2025-08-10 20:44:14,215 - INFO -       🔍 Validating...
2025-08-10 20:44:14,215 - INFO -       📝 Using optimized prompt for generation: 'a large blue crystal with an intricately fractured, angular silhouette featuring prominently defined sharp edges and a subtle milky sheen on its surface, precise, complete, front view, accurate, complete, white background...'
2025-08-10 20:44:14,215 - INFO -       🎯 Computing scores against original prompt: 'large blue crystal with irregular shape and sharp edges...'
2025-08-10 20:45:45,344 - INFO -       📊 Validation score: 0.8218
2025-08-10 20:45:45,345 - INFO -       📉 Score declined: Consider different approach
2025-08-10 20:45:45,345 - INFO - 
   🔄 RL Round 4/18
2025-08-10 20:45:45,345 - INFO -       🔍 Explore performing better - increasing epsilon to 0.80
2025-08-10 20:45:45,345 - INFO -       🎯 Strategy: minimalist_refinement (explore)
2025-08-10 20:45:50,557 - INFO - [TRELLIS] GPU cache cleared: {'status': 'cache_cleared', 'available_memory_gb': 20.277362688}
2025-08-10 20:45:50,560 - INFO -       🔍 Validating...
2025-08-10 20:45:50,560 - INFO -       📝 Using optimized prompt for generation: 'a large blue crystal with an intricately fractured, angular silhouette featuring prominently defined sharp edges and a subtle milky sheen on its surface, front view, front view, accurate, complete, white background...'
2025-08-10 20:45:50,560 - INFO -       🎯 Computing scores against original prompt: 'large blue crystal with irregular shape and sharp edges...'
2025-08-10 20:47:20,563 - INFO -       📊 Validation score: 0.8761
2025-08-10 20:47:20,564 - INFO -       📈 Improvement detected: minimalist_refinement working better
2025-08-10 20:47:20,564 - INFO - 
   🔄 RL Round 5/18
2025-08-10 20:47:20,564 - INFO -       🔍 Explore performing better - increasing epsilon to 0.80
2025-08-10 20:47:20,564 - INFO -       🎯 Strategy: minimalist_refinement (explore)
2025-08-10 20:47:25,780 - INFO - [TRELLIS] GPU cache cleared: {'status': 'cache_cleared', 'available_memory_gb': 20.277362688}
2025-08-10 20:47:25,780 - INFO -       🔍 Validating...
2025-08-10 20:47:25,781 - INFO -       📝 Using optimized prompt for generation: 'a large blue crystal with a highly asymmetrical, angular shape featuring prominently defined sharp edges and a subtle milky sheen on its surface, side view, accurate, complete, white background, front view, accurate, complete, white background...'
2025-08-10 20:47:25,781 - INFO -       🎯 Computing scores against original prompt: 'large blue crystal with irregular shape and sharp edges...'
2025-08-10 20:48:51,713 - INFO -       📊 Validation score: 0.7580
2025-08-10 20:48:51,714 - INFO -       📉 Score declined: Consider different approach
2025-08-10 20:48:51,714 - INFO - 
   🔄 RL Round 6/18
2025-08-10 20:48:51,715 - INFO -       🔍 Explore performing better - increasing epsilon to 0.80
2025-08-10 20:48:51,715 - INFO -       🎯 Strategy: minimalist_refinement (explore)
2025-08-10 20:48:58,106 - INFO - [TRELLIS] GPU cache cleared: {'status': 'cache_cleared', 'available_memory_gb': 20.277362688}
2025-08-10 20:48:58,108 - INFO -       🔍 Validating...
2025-08-10 20:48:58,109 - INFO -       📝 Using optimized prompt for generation: 'a large blue crystal with an angular shape featuring prominently defined sharp edges and a subtle milky sheen on its surface, front view, front view, accurate, complete, white background...'
2025-08-10 20:48:58,109 - INFO -       🎯 Computing scores against original prompt: 'large blue crystal with irregular shape and sharp edges...'
2025-08-10 20:50:31,957 - INFO -       📊 Validation score: 0.6805
2025-08-10 20:50:31,957 - INFO -       📉 Score declined: Consider different approach
2025-08-10 20:50:31,958 - INFO - 
   🔄 RL Round 7/18
2025-08-10 20:50:31,958 - INFO -       🎯 Strategy: minimalist_refinement (explore)
2025-08-10 20:50:36,830 - INFO - [TRELLIS] GPU cache cleared: {'status': 'cache_cleared', 'available_memory_gb': 20.277362688}
2025-08-10 20:50:36,831 - INFO -       🔍 Validating...
2025-08-10 20:50:36,831 - INFO -       📝 Using optimized prompt for generation: 'a large blue crystal with an intricately fractured, angular silhouette featuring prominently defined sharp edges and a subtle milky sheen on its surface...'
2025-08-10 20:50:36,831 - INFO -       🎯 Computing scores against original prompt: 'large blue crystal with irregular shape and sharp edges...'
2025-08-10 20:52:07,621 - INFO -       📊 Validation score: 0.8836
2025-08-10 20:52:07,622 - INFO -       📈 Improvement detected: minimalist_refinement working better
2025-08-10 20:52:07,622 - INFO - 
   🔄 RL Round 8/18
2025-08-10 20:52:07,622 - INFO -       🎯 Strategy: hybrid_approach (explore)
2025-08-10 20:52:13,501 - INFO - [TRELLIS] GPU cache cleared: {'status': 'cache_cleared', 'available_memory_gb': 20.277362688}
2025-08-10 20:52:13,502 - INFO -       🔍 Validating...
2025-08-10 20:52:13,505 - INFO -       📝 Using optimized prompt for generation: 'a large blue crystal with an intricately fractured, angular shape featuring prominently defined sharp edges and a subtle milky sheen on its surface, precise details...'
2025-08-10 20:52:13,505 - INFO -       🎯 Computing scores against original prompt: 'large blue crystal with irregular shape and sharp edges...'
2025-08-10 20:53:48,102 - INFO -       📊 Validation score: 0.8448
2025-08-10 20:53:48,103 - INFO -       📉 Score declined: Consider different approach
2025-08-10 20:53:48,103 - INFO - 
   🔄 RL Round 9/18
2025-08-10 20:53:48,103 - INFO -       🎯 Strategy: hybrid_approach (explore)
2025-08-10 20:53:54,006 - INFO - [TRELLIS] GPU cache cleared: {'status': 'cache_cleared', 'available_memory_gb': 20.277362688}
2025-08-10 20:53:54,007 - INFO -       🔍 Validating...
2025-08-10 20:53:54,009 - INFO -       📝 Using optimized prompt for generation: 'a highly irregular large blue crystal with sharply defined angular facets featuring a subtle milky sheen on its surface, front view, accurate, complete, white background...'
2025-08-10 20:53:54,009 - INFO -       🎯 Computing scores against original prompt: 'large blue crystal with irregular shape and sharp edges...'
2025-08-10 20:55:27,912 - INFO -       📊 Validation score: 0.8745
2025-08-10 20:55:27,913 - INFO -       📈 Improvement detected: hybrid_approach working better
2025-08-10 20:55:27,913 - INFO - 
   🔄 RL Round 10/18
2025-08-10 20:55:27,914 - INFO -       🎯 Strategy: hybrid_approach (explore)
2025-08-10 20:55:33,312 - INFO - [TRELLIS] GPU cache cleared: {'status': 'cache_cleared', 'available_memory_gb': 20.277362688}
2025-08-10 20:55:33,313 - INFO -       🔍 Validating...
2025-08-10 20:55:33,314 - INFO -       📝 Using optimized prompt for generation: 'a highly irregular large blue crystal with sharply defined angular facets featuring prominently defined sharp edges and a subtle milky sheen on its surface, front view, accurate, complete, front view, accurate, complete, white background...'
2025-08-10 20:55:33,315 - INFO -       🎯 Computing scores against original prompt: 'large blue crystal with irregular shape and sharp edges...'
2025-08-10 20:57:06,673 - INFO -       📊 Validation score: 0.9052
2025-08-10 20:57:06,673 - INFO -       📈 Improvement detected: hybrid_approach working better
2025-08-10 20:57:06,673 - INFO - 
   🔄 RL Round 11/18
2025-08-10 20:57:06,673 - INFO -       🎯 Strategy: technical_precision (exploit)
2025-08-10 20:57:12,091 - INFO - [TRELLIS] GPU cache cleared: {'status': 'cache_cleared', 'available_memory_gb': 20.277362688}
2025-08-10 20:57:12,094 - INFO -       🔍 Validating...
2025-08-10 20:57:12,095 - INFO -       📝 Using optimized prompt for generation: 'a large blue crystal with a highly asymmetrical, angular shape featuring prominently defined sharp edges and a subtle milky sheen on its surface, front view, accurate, complete, white background...'
2025-08-10 20:57:12,095 - INFO -       🎯 Computing scores against original prompt: 'large blue crystal with irregular shape and sharp edges...'
2025-08-10 20:58:45,932 - INFO -       📊 Validation score: 0.9155
2025-08-10 20:58:45,932 - INFO -       📈 Improvement detected: technical_precision working better
2025-08-10 20:58:45,935 - INFO - 
   🔄 RL Round 12/18
2025-08-10 20:58:45,935 - INFO -       🎯 Strategy: aggressive_transformation (explore)
2025-08-10 20:58:50,328 - INFO - [TRELLIS] GPU cache cleared: {'status': 'cache_cleared', 'available_memory_gb': 20.277362688}
2025-08-10 20:58:50,329 - INFO -       🔍 Validating...
2025-08-10 20:58:50,331 - INFO -       📝 Using optimized prompt for generation: 'a large blue crystal with a highly asymmetrical, angular shape featuring prominently defined sharp edges and a subtle milky sheen on its surface, partially rotated for optimal viewing, accurate, complete, white background, front view, accurate, complete, white background...'
2025-08-10 20:58:50,331 - INFO -       🎯 Computing scores against original prompt: 'large blue crystal with irregular shape and sharp edges...'
2025-08-10 21:00:23,652 - INFO -       📊 Validation score: 0.6348
2025-08-10 21:00:23,653 - INFO -       📉 Score declined: Consider different approach
2025-08-10 21:00:23,653 - INFO - 
   🔄 RL Round 13/18
2025-08-10 21:00:23,653 - INFO -       🎯 Strategy: artistic_elaboration (explore)
2025-08-10 21:00:28,691 - INFO - [TRELLIS] GPU cache cleared: {'status': 'cache_cleared', 'available_memory_gb': 20.277362688}
2025-08-10 21:00:28,692 - INFO -       🔍 Validating...
2025-08-10 21:00:28,692 - INFO -       📝 Using optimized prompt for generation: 'a large blue crystal with a highly asymmetrical, angular shape featuring prominently defined sharp edges and a subtle milky sheen on its surface, illuminated by soft, diffused studio lighting that accentuates its unique facets, front view, accurate, complete, white background...'
2025-08-10 21:00:28,692 - INFO -       🎯 Computing scores against original prompt: 'large blue crystal with irregular shape and sharp edges...'
2025-08-10 21:02:08,809 - INFO -       📊 Validation score: 0.9075
2025-08-10 21:02:08,809 - INFO -       📈 Improvement detected: artistic_elaboration working better
2025-08-10 21:02:08,809 - INFO - 
   🔄 RL Round 14/18
2025-08-10 21:02:08,809 - INFO -       🎯 Strategy: contextual_scene_building (explore)
2025-08-10 21:02:14,788 - INFO - [TRELLIS] GPU cache cleared: {'status': 'cache_cleared', 'available_memory_gb': 20.277362688}
2025-08-10 21:02:14,788 - INFO -       🔍 Validating...
2025-08-10 21:02:14,788 - INFO -       📝 Using optimized prompt for generation: 'a highly symmetrical large blue crystal with sharply defined angular facets featuring prominently defined sharp edges and a subtle milky sheen on its surface, front view...'
2025-08-10 21:02:14,788 - INFO -       🎯 Computing scores against original prompt: 'large blue crystal with irregular shape and sharp edges...'
2025-08-10 21:03:50,290 - INFO -       📊 Validation score: 0.2566
2025-08-10 21:03:50,291 - INFO -       📉 Score declined: Consider different approach
2025-08-10 21:03:50,291 - INFO -       🔍 Increasing exploration to 0.80
2025-08-10 21:03:50,291 - INFO - 
   🔄 RL Round 15/18
2025-08-10 21:03:50,291 - INFO -       🎯 Strategy: hybrid_approach (explore)
2025-08-10 21:03:56,852 - INFO - [TRELLIS] GPU cache cleared: {'status': 'cache_cleared', 'available_memory_gb': 20.277362688}
2025-08-10 21:03:56,853 - INFO -       🔍 Validating...
2025-08-10 21:03:56,854 - INFO -       📝 Using optimized prompt for generation: 'a highly irregular large blue crystal with sharply defined angular facets featuring prominently defined sharp edges and a subtle milky sheen on its surface, front view, accurate, complete, white background...'
2025-08-10 21:03:56,854 - INFO -       🎯 Computing scores against original prompt: 'large blue crystal with irregular shape and sharp edges...'
2025-08-10 21:05:28,164 - INFO -       📊 Validation score: 0.9018
2025-08-10 21:05:28,164 - INFO -       📈 Improvement detected: hybrid_approach working better
2025-08-10 21:05:28,164 - INFO - 
   🔄 RL Round 16/18
2025-08-10 21:05:28,164 - INFO -       🎯 Strategy: aggressive_transformation (explore)
2025-08-10 21:05:33,899 - INFO - [TRELLIS] GPU cache cleared: {'status': 'cache_cleared', 'available_memory_gb': 20.277362688}
2025-08-10 21:05:33,903 - INFO -       🔍 Validating...
2025-08-10 21:05:33,905 - INFO -       📝 Using optimized prompt for generation: 'a large blue crystal with an intricately fractured, angular shape featuring prominently defined sharp edges and a subtle milky sheen on its surface, front view, accurate, complete, white background...'
2025-08-10 21:05:33,905 - INFO -       🎯 Computing scores against original prompt: 'large blue crystal with irregular shape and sharp edges...'
2025-08-10 21:07:06,046 - INFO -       📊 Validation score: 0.8535
2025-08-10 21:07:06,046 - INFO -       📉 Score declined: Consider different approach
2025-08-10 21:07:06,047 - INFO - 
   🔄 RL Round 17/18
2025-08-10 21:07:06,047 - INFO -       🎯 Strategy: technical_precision (exploit)
2025-08-10 21:07:12,359 - INFO - [TRELLIS] GPU cache cleared: {'status': 'cache_cleared', 'available_memory_gb': 20.277362688}
2025-08-10 21:07:12,360 - INFO -       🔍 Validating...
2025-08-10 21:07:12,362 - INFO -       📝 Using optimized prompt for generation: 'a large blue crystal with a highly irregularly shaped, angular silhouette featuring prominently defined sharp edges and a subtle milky sheen on its surface, front view, accurate, complete, white background...'
2025-08-10 21:07:12,362 - INFO -       🎯 Computing scores against original prompt: 'large blue crystal with irregular shape and sharp edges...'
2025-08-10 21:08:46,302 - INFO -       📊 Validation score: 0.7921
2025-08-10 21:08:46,303 - INFO -       📉 Score declined: Consider different approach
2025-08-10 21:08:46,303 - INFO - 
   🔄 RL Round 18/18
2025-08-10 21:08:46,303 - INFO -       🎯 Strategy: material_focus (exploit)
2025-08-10 21:08:53,026 - INFO - [TRELLIS] GPU cache cleared: {'status': 'cache_cleared', 'available_memory_gb': 20.277362688}
2025-08-10 21:08:53,027 - INFO -       🔍 Validating...
2025-08-10 21:08:53,027 - INFO -       📝 Using optimized prompt for generation: 'a large blue crystal with an intricately fractured, angular shape featuring prominently defined sharp edges and micro-scratches on its surface, front view, accurate, complete, white background...'
2025-08-10 21:08:53,028 - INFO -       🎯 Computing scores against original prompt: 'large blue crystal with irregular shape and sharp edges...'
2025-08-10 21:10:30,136 - INFO -       📊 Validation score: 0.8970
2025-08-10 21:10:30,183 - INFO - 
🎯 RL LOOP COMPLETE:
2025-08-10 21:10:30,184 - INFO -    Best prompt: a large blue crystal with an irregularly shaped, angular silhouette featuring prominently defined sharp edges and a delicate milky sheen on its surface, front view, front view, accurate, complete, white background
2025-08-10 21:10:30,184 - INFO -    Best score: 0.9230
2025-08-10 21:10:30,184 - INFO -    Rounds: 18
2025-08-10 21:10:30,184 - INFO -    Convergence: False
2025-08-10 21:10:30,184 - INFO -    Convergence reason: Not converged
2025-08-10 21:10:30,184 - INFO -    Exploration ratio: 77.8%
2025-08-10 21:10:30,184 - INFO -    Insights learned: 2
2025-08-10 21:10:30,184 - INFO -    Total time: 1771.05s
2025-08-10 21:10:30,184 - INFO - Prompt optimized in 18 rounds: 0.923 → 0.923 (+0.000)
2025-08-10 21:10:30,185 - INFO - ⏰ Max rounds reached
2025-08-10 21:10:30,194 - INFO - 
--- Episode 2, Prompt 16 (Total: 26) ---
2025-08-10 21:10:30,194 - INFO - Optimizing: 'yellow lamp with bent neck'
2025-08-10 21:10:30,195 - INFO - 🔍 Checking server availability before optimization...
2025-08-10 21:10:30,209 - INFO - ✅ Server is available (status: completed)
2025-08-10 21:10:30,209 - INFO - 📝 Marked server as used at 1754860230.2098243
2025-08-10 21:10:30,209 - INFO - ✅ Server is available and marked as used
2025-08-10 21:10:32,821 - INFO - 🔄 Reproducibility optimization applied:
2025-08-10 21:10:32,821 - INFO -    Original: yellow lamp with bent neck
2025-08-10 21:10:32,821 - INFO -    Optimized: wbgmsst, render a slender yellow lamp with accurate and complete details, made from polished brass alloy with a delicate patina and subtly ridged texture that is slightly bent, depicted in front view on a white background.
2025-08-10 21:10:32,821 - INFO -    Similarity: 1.000
2025-08-10 21:10:32,822 - INFO -    Gold score: 0.9305
2025-08-10 21:10:32,822 - INFO -       🔧 Overriding endpoint: generate/baolei/
2025-08-10 21:10:32,822 - INFO -       🔧 Using endpoint: generate/baolei/
2025-08-10 21:10:32,827 - INFO - 
🔄 RL LOOP OPTIMIZATION: 'yellow lamp with bent neck'
2025-08-10 21:10:32,827 - INFO -    Session: rl_session_1754860232_9431
2025-08-10 21:10:32,827 - INFO -    Max rounds: 18
2025-08-10 21:10:32,827 - INFO -    Min rounds before convergence: 5
2025-08-10 21:10:32,827 - INFO -    Target score: 0.99
2025-08-10 21:10:32,828 - INFO -       🎯 Found previous best attempt: a slender yellow lamp with an almost imperceptibly curved neck and subtly ridged texture, featuring a polished brass alloy and a delicate patina on its surface., front view, accurate, complete, white background (score: 0.9305)
2025-08-10 21:10:32,828 - INFO -       🎯 Strategy used: hybrid_approach
2025-08-10 21:10:32,828 - INFO -       🎯 Session ID: rl_session_1754818616_3976
2025-08-10 21:10:32,828 - INFO -       🎯 Past final best prompt: a slender yellow lamp with an almost imperceptibly curved neck and subtly ridged texture, featuring a polished brass alloy and a delicate patina on its surface., front view, accurate, complete, white background
2025-08-10 21:10:32,828 - INFO -       🎯 Past final best score: 0.930
2025-08-10 21:10:32,828 - INFO -       🎯 Past session ID: rl_session_1754818616_3976
2025-08-10 21:10:32,828 - INFO -       🎯 Past learned insights: Best performing strategy in session: hybrid_approach, Explored 6 different strategies
2025-08-10 21:10:32,828 - INFO -       🎯 Past strategy performance updates: {'artistic_elaboration': 0.0043819608876143334, 'technical_precision': 0.07488530755331757, 'contextual_scene_building': 0.07525810963096702, 'hybrid_approach': 0.06165904592552773, 'material_focus': 0.10907100483268439, 'conservative_enhancement': 0.085105918647578}
2025-08-10 21:10:32,828 - INFO -       🎯 Past final best prompt: a slender yellow lamp with an almost imperceptibly curved neck and subtly ridged texture, featuring a polished brass alloy and a delicate patina on its surface., front view, accurate, complete, white background
2025-08-10 21:10:32,828 - INFO -       🎯 Past final best score: 0.930
2025-08-10 21:10:32,829 - INFO - 
   🔄 RL Round 1/18
2025-08-10 21:10:32,829 - INFO -       🎯 Strategy: material_focus (exploit)
2025-08-10 21:10:38,463 - INFO - [TRELLIS] GPU cache cleared: {'status': 'cache_cleared', 'available_memory_gb': 20.277362688}
2025-08-10 21:10:38,464 - INFO -       🔍 Validating...
2025-08-10 21:10:38,465 - INFO -       📝 Using optimized prompt for generation: 'a slender yellow lamp with almost imperceptibly curved neck and subtle ridges on its surface, crafted from polished brass alloy featuring delicate patina accents, standing upright on a minimalist pedestal against a stark white background....'
2025-08-10 21:10:38,466 - INFO -       🎯 Computing scores against original prompt: 'yellow lamp with bent neck...'
2025-08-10 21:12:04,665 - INFO -       📊 Validation score: 0.9045
2025-08-10 21:12:04,666 - INFO - 
   🔄 RL Round 2/18
2025-08-10 21:12:04,666 - INFO -       🎯 Strategy: material_focus (exploit)
2025-08-10 21:12:11,021 - INFO - [TRELLIS] GPU cache cleared: {'status': 'cache_cleared', 'available_memory_gb': 20.277362688}
2025-08-10 21:12:11,022 - INFO -       🔍 Validating...
2025-08-10 21:12:11,023 - INFO -       📝 Using optimized prompt for generation: 'a slender yellow lamp with almost imperceptibly curved neck and subtly ridged texture, crafted from polished brass alloy with a delicate patina, featuring intricate filigree patterns and a soft, warm glow emanating from its base....'
2025-08-10 21:12:11,024 - INFO -       🎯 Computing scores against original prompt: 'yellow lamp with bent neck...'
2025-08-10 21:13:39,575 - INFO -       📊 Validation score: 0.9216
2025-08-10 21:13:39,575 - INFO -       📈 Improvement detected: material_focus working better
2025-08-10 21:13:39,575 - INFO - 
   🔄 RL Round 3/18
2025-08-10 21:13:39,575 - INFO -       🎯 Strategy: aggressive_transformation (explore)
2025-08-10 21:13:44,372 - INFO - [TRELLIS] GPU cache cleared: {'status': 'cache_cleared', 'available_memory_gb': 20.277362688}
2025-08-10 21:13:44,373 - INFO -       🔍 Validating...
2025-08-10 21:13:44,374 - INFO -       📝 Using optimized prompt for generation: 'a slender yellow lamp with an almost imperceptibly curved neck and subtly ridged texture, featuring a polished brass alloy with a delicate patina that hints at its rich history, rendered in front view against a warm white background., front view, accurate, complete, white background...'
2025-08-10 21:13:44,376 - INFO -       🎯 Computing scores against original prompt: 'yellow lamp with bent neck...'
2025-08-10 21:15:10,841 - INFO -       📊 Validation score: 0.8341
2025-08-10 21:15:10,842 - INFO -       📉 Score declined: Consider different approach
2025-08-10 21:15:10,842 - INFO - 
   🔄 RL Round 4/18
2025-08-10 21:15:10,842 - INFO -       🎯 Strategy: material_focus (exploit)
2025-08-10 21:15:16,788 - INFO - [TRELLIS] GPU cache cleared: {'status': 'cache_cleared', 'available_memory_gb': 20.277362688}
2025-08-10 21:15:16,790 - INFO -       🔍 Validating...
2025-08-10 21:15:16,790 - INFO -       📝 Using optimized prompt for generation: 'a slender yellow lamp with an almost imperceptibly curved neck and subtly ridged texture featuring a polished brass alloy with a delicate patina, front view, accurate, complete...'
2025-08-10 21:15:16,791 - INFO -       🎯 Computing scores against original prompt: 'yellow lamp with bent neck...'
2025-08-10 21:16:44,940 - INFO -       📊 Validation score: 0.8041
2025-08-10 21:16:44,941 - INFO -       📉 Score declined: Consider different approach
2025-08-10 21:16:44,941 - INFO - 
   🔄 RL Round 5/18
2025-08-10 21:16:44,941 - INFO -       🎯 Strategy: material_focus (exploit)
2025-08-10 21:16:51,268 - INFO - [TRELLIS] GPU cache cleared: {'status': 'cache_cleared', 'available_memory_gb': 20.277362688}
2025-08-10 21:16:51,269 - INFO -       🔍 Validating...
2025-08-10 21:16:51,270 - INFO -       📝 Using optimized prompt for generation: 'a weathered, vintage-inspired slender yellow lamp with an almost imperceptibly curved neck and a subtle, textured patina that hints at its age, crafted from polished brass alloy with delicate ridges and a soft, warm glow., front view, accurate, complete, white background...'
2025-08-10 21:16:51,273 - INFO -       🎯 Computing scores against original prompt: 'yellow lamp with bent neck...'
2025-08-10 21:18:43,420 - INFO -       📊 Validation score: 0.7284
2025-08-10 21:18:43,421 - INFO -       📉 Score declined: Consider different approach
2025-08-10 21:18:43,421 - INFO - 
   🔄 RL Round 6/18
2025-08-10 21:18:43,421 - INFO -       🎯 Strategy: technical_precision (explore)
2025-08-10 21:18:48,611 - INFO - [TRELLIS] GPU cache cleared: {'status': 'cache_cleared', 'available_memory_gb': 20.277362688}
2025-08-10 21:18:48,612 - INFO -       🔍 Validating...
2025-08-10 21:18:48,613 - INFO -       📝 Using optimized prompt for generation: 'a slender yellow lamp with a nearly imperceptible curvature in its neck, exhibiting subtle ridges on its surface and a polished brass alloy base featuring a delicate patina, rendered in precise detail....'
2025-08-10 21:18:48,613 - INFO -       🎯 Computing scores against original prompt: 'yellow lamp with bent neck...'
2025-08-10 21:20:16,079 - INFO -       📊 Validation score: 0.8164
2025-08-10 21:20:16,079 - INFO -       📈 Improvement detected: technical_precision working better
2025-08-10 21:20:16,079 - INFO - 
   🔄 RL Round 7/18
2025-08-10 21:20:16,079 - INFO -       🎯 Strategy: technical_precision (explore)
2025-08-10 21:20:20,341 - INFO - [TRELLIS] GPU cache cleared: {'status': 'cache_cleared', 'available_memory_gb': 20.277362688}
2025-08-10 21:20:20,342 - INFO -       🔍 Validating...
2025-08-10 21:20:20,342 - INFO -       📝 Using optimized prompt for generation: 'a slender yellow lamp with an almost imperceptibly curved neck, its surface adorned with a richly detailed patina that adds depth to the metal's finish, crafted from polished brass alloy....'
2025-08-10 21:20:20,343 - INFO -       🎯 Computing scores against original prompt: 'yellow lamp with bent neck...'
2025-08-10 21:21:46,308 - INFO -       📊 Validation score: 0.8360
2025-08-10 21:21:46,308 - INFO -       📈 Improvement detected: technical_precision working better
2025-08-10 21:21:46,309 - INFO - 
   🔄 RL Round 8/18
2025-08-10 21:21:46,309 - INFO -       🎯 Strategy: technical_precision (exploit)
2025-08-10 21:21:52,204 - INFO - [TRELLIS] GPU cache cleared: {'status': 'cache_cleared', 'available_memory_gb': 20.277362688}
2025-08-10 21:21:52,207 - INFO -       🔍 Validating...
2025-08-10 21:21:52,207 - INFO -       📝 Using optimized prompt for generation: 'a slender yellow lamp with an almost imperceptibly curved neck and a subtly ridged texture that is slightly more pronounced near the top, featuring a polished brass alloy and a delicate patina on its surface., front view, accurate, complete, white background...'
2025-08-10 21:21:52,208 - INFO -       🎯 Computing scores against original prompt: 'yellow lamp with bent neck...'
2025-08-10 21:23:14,128 - INFO -       📊 Validation score: 0.8676
2025-08-10 21:23:14,129 - INFO -       📈 Improvement detected: technical_precision working better
2025-08-10 21:23:14,129 - INFO - 
   🔄 RL Round 9/18
2025-08-10 21:23:14,129 - INFO -       🎯 Strategy: technical_precision (exploit)
2025-08-10 21:23:19,815 - INFO - [TRELLIS] GPU cache cleared: {'status': 'cache_cleared', 'available_memory_gb': 20.277362688}
2025-08-10 21:23:19,819 - INFO -       🔍 Validating...
2025-08-10 21:23:19,820 - INFO -       📝 Using optimized prompt for generation: 'a slender yellow lamp with an almost imperceptibly curved neck and subtly ridged texture, featuring a polished brass alloy with a delicate patina that gradually deepens towards the base, depicted in front view on a soft, warm white background with gentle highlights on the surface...'
2025-08-10 21:23:19,820 - INFO -       🎯 Computing scores against original prompt: 'yellow lamp with bent neck...'
2025-08-10 21:24:51,072 - INFO -       📊 Validation score: 0.7639
2025-08-10 21:24:51,073 - INFO -       📉 Score declined: Consider different approach
2025-08-10 21:24:51,073 - INFO - 
   🔄 RL Round 10/18
2025-08-10 21:24:51,073 - INFO -       🎯 Strategy: technical_precision (explore)
2025-08-10 21:24:57,269 - INFO - [TRELLIS] GPU cache cleared: {'status': 'cache_cleared', 'available_memory_gb': 20.277362688}
2025-08-10 21:24:57,270 - INFO -       🔍 Validating...
2025-08-10 21:24:57,270 - INFO -       📝 Using optimized prompt for generation: 'a slender yellow lamp with an almost imperceptibly curved neck and subtly ridged texture, featuring a polished brass alloy with a delicate patina on its surface, adorned with intricate etchings and minute scratches, depicted in front view on a crisp white background....'
2025-08-10 21:24:57,271 - INFO -       🎯 Computing scores against original prompt: 'yellow lamp with bent neck...'
2025-08-10 21:26:21,366 - INFO -       📊 Validation score: 0.8774
2025-08-10 21:26:21,367 - INFO -       📈 Improvement detected: technical_precision working better
2025-08-10 21:26:21,367 - INFO - 
   🔄 RL Round 11/18
2025-08-10 21:26:21,368 - INFO -       🎯 Strategy: technical_precision (exploit)
2025-08-10 21:26:27,060 - INFO - [TRELLIS] GPU cache cleared: {'status': 'cache_cleared', 'available_memory_gb': 20.277362688}
2025-08-10 21:26:27,060 - INFO -       🔍 Validating...
2025-08-10 21:26:27,061 - INFO -       📝 Using optimized prompt for generation: 'a slender yellow lamp with an almost imperceptibly curved neck and subtly ridged texture featuring a polished brass alloy with a delicate patina on its surface, meticulously crafted to highlight the intricate details of the metalwork, rendered in front view on a pristine white background, front view, accurate, complete, white background...'
2025-08-10 21:26:27,061 - INFO -       🎯 Computing scores against original prompt: 'yellow lamp with bent neck...'
2025-08-10 21:28:01,532 - INFO -       📊 Validation score: 0.8536
2025-08-10 21:28:01,532 - INFO -       📉 Score declined: Consider different approach
2025-08-10 21:28:01,532 - INFO - 
   🔄 RL Round 12/18
2025-08-10 21:28:01,533 - INFO -       🎯 Strategy: material_focus (explore)
2025-08-10 21:28:09,894 - INFO - [TRELLIS] GPU cache cleared: {'status': 'cache_cleared', 'available_memory_gb': 20.277362688}
2025-08-10 21:28:09,895 - INFO -       🔍 Validating...
2025-08-10 21:28:09,896 - INFO -       📝 Using optimized prompt for generation: 'a slender yellow lamp with an almost imperceptibly curved neck and subtly ridged texture featuring a polished brass alloy with a delicate patina on its surface, its body slightly tapered towards the base, measuring approximately 10 inches in height, and crafted from a richly warm golden wood., front view, accurate, complete, white background...'
2025-08-10 21:28:09,896 - INFO -       🎯 Computing scores against original prompt: 'yellow lamp with bent neck...'
2025-08-10 21:29:37,104 - INFO -       📊 Validation score: 0.9168
2025-08-10 21:29:37,105 - INFO -       📈 Improvement detected: material_focus working better
2025-08-10 21:29:37,105 - INFO - 
   🔄 RL Round 13/18
2025-08-10 21:29:37,105 - INFO -       🔍 Explore performing better - increasing epsilon to 0.62
2025-08-10 21:29:37,105 - INFO -       🎯 Strategy: artistic_elaboration (explore)
2025-08-10 21:29:41,286 - INFO - [TRELLIS] GPU cache cleared: {'status': 'cache_cleared', 'available_memory_gb': 20.277362688}
2025-08-10 21:29:41,286 - INFO -       🔍 Validating...
2025-08-10 21:29:41,287 - INFO -       📝 Using optimized prompt for generation: 'a slender yellow lamp with an almost imperceptibly curved neck and subtly ridged texture, crafted from polished brass alloy featuring a delicate patina on its surface, and bearing faint scratches on the neck, front view, accurate, complete, white background...'
2025-08-10 21:29:41,287 - INFO -       🎯 Computing scores against original prompt: 'yellow lamp with bent neck...'
2025-08-10 21:31:03,338 - INFO -       📊 Validation score: 0.9133
2025-08-10 21:31:03,339 - INFO -       ✅ Convergence achieved: Convergence threshold met (improvement: -0.003)
2025-08-10 21:31:03,409 - INFO - 
🎯 RL LOOP COMPLETE:
2025-08-10 21:31:03,409 - INFO -    Best prompt: a slender yellow lamp with an almost imperceptibly curved neck and subtly ridged texture, featuring a polished brass alloy and a delicate patina on its surface., front view, accurate, complete, white background
2025-08-10 21:31:03,409 - INFO -    Best score: 0.9305
2025-08-10 21:31:03,409 - INFO -    Rounds: 13
2025-08-10 21:31:03,409 - INFO -    Convergence: True
2025-08-10 21:31:03,409 - INFO -    Convergence reason: Convergence threshold met (improvement: -0.003)
2025-08-10 21:31:03,409 - INFO -    Exploration ratio: 46.2%
2025-08-10 21:31:03,410 - INFO -    Insights learned: 3
2025-08-10 21:31:03,410 - INFO -    Total time: 1230.51s
2025-08-10 21:31:03,410 - INFO - Prompt optimized in 13 rounds: 0.905 → 0.930 (+0.026)
2025-08-10 21:31:03,411 - INFO - ✅ Target score achieved!
2025-08-10 21:31:03,422 - INFO - 
--- Episode 2, Prompt 17 (Total: 26) ---
2025-08-10 21:31:03,422 - INFO - Optimizing: 'vibrant red vase with elegant swirl'
2025-08-10 21:31:03,422 - INFO - 🔍 Checking server availability before optimization...
2025-08-10 21:31:03,435 - INFO - ✅ Server is available (status: completed)
2025-08-10 21:31:03,436 - INFO - 📝 Marked server as used at 1754861463.4360795
2025-08-10 21:31:03,436 - INFO - ✅ Server is available and marked as used
2025-08-10 21:31:06,173 - INFO - 🔄 Reproducibility optimization applied:
2025-08-10 21:31:06,173 - INFO -    Original: vibrant red vase with elegant swirl
2025-08-10 21:31:06,174 - INFO -    Optimized: wbgmsst, The vibrant red vase has an elegant and accurate design with complete swirls, placed in front view, on a white background.
2025-08-10 21:31:06,174 - INFO -    Similarity: 1.000
2025-08-10 21:31:06,175 - INFO -    Gold score: 0.9402
2025-08-10 21:31:06,175 - INFO -       🔧 Overriding endpoint: generate/baolei/
2025-08-10 21:31:06,175 - INFO -       🔧 Using endpoint: generate/baolei/
2025-08-10 21:31:06,182 - INFO - 
🔄 RL LOOP OPTIMIZATION: 'vibrant red vase with elegant swirl'
2025-08-10 21:31:06,184 - INFO -    Session: rl_session_1754861466_9711
2025-08-10 21:31:06,184 - INFO -    Max rounds: 18
2025-08-10 21:31:06,185 - INFO -    Min rounds before convergence: 5
2025-08-10 21:31:06,185 - INFO -    Target score: 0.99
2025-08-10 21:31:06,188 - INFO -       🎯 Found previous best attempt: a vibrant red vase with elegant swirls that evoke a sense of energy and sophistication, front view, accurate, complete, white background (score: 0.9402)
2025-08-10 21:31:06,188 - INFO -       🎯 Strategy used: artistic_elaboration
2025-08-10 21:31:06,188 - INFO -       🎯 Session ID: rl_session_1754803655_1611
2025-08-10 21:31:06,188 - INFO -       🎯 Past final best prompt: a vibrant red vase with elegant swirls that evoke a sense of energy and sophistication, front view, accurate, complete, white background
2025-08-10 21:31:06,189 - INFO -       🎯 Past final best score: 0.940
2025-08-10 21:31:06,189 - INFO -       🎯 Past session ID: rl_session_1754803655_1611
2025-08-10 21:31:06,189 - INFO -       🎯 Past learned insights: Iterative improvement successful: 0.818 → 0.889, Best performing strategy in session: artistic_elaboration, Explored 4 different strategies
2025-08-10 21:31:06,189 - INFO -       🎯 Past strategy performance updates: {'conservative_enhancement': 0.17513228519757507, 'aggressive_transformation': 0.10056677002399916, 'artistic_elaboration': 0.024401853545902852, 'technical_precision': -0.004106418998326644}
2025-08-10 21:31:06,189 - INFO -       🎯 Past final best prompt: a vibrant red vase with elegant swirls that evoke a sense of energy and sophistication, front view, accurate, complete, white background
2025-08-10 21:31:06,189 - INFO -       🎯 Past final best score: 0.940
2025-08-10 21:31:06,189 - INFO - 
   🔄 RL Round 1/18
2025-08-10 21:31:06,190 - INFO -       🔍 Explore performing better - increasing epsilon to 0.65
2025-08-10 21:31:06,191 - INFO -       🎯 Strategy: contextual_scene_building (explore)
2025-08-10 21:31:10,724 - INFO - [TRELLIS] GPU cache cleared: {'status': 'cache_cleared', 'available_memory_gb': 20.277362688}
2025-08-10 21:31:10,725 - INFO -       🔍 Validating...
2025-08-10 21:31:10,726 - INFO -       📝 Using optimized prompt for generation: 'a vibrant red vase with elegant swirls that evoke a sense of energy and sophistication, front view, accurate, front view, accurate, complete, white background...'
2025-08-10 21:31:10,726 - INFO -       🎯 Computing scores against original prompt: 'vibrant red vase with elegant swirl...'
2025-08-10 21:32:35,304 - INFO -       📊 Validation score: 0.7811
2025-08-10 21:32:35,305 - INFO - 
   🔄 RL Round 2/18
2025-08-10 21:32:35,305 - INFO -       🔍 Explore performing better - increasing epsilon to 0.70
2025-08-10 21:32:35,306 - INFO -       🎯 Strategy: contextual_scene_building (explore)
2025-08-10 21:32:39,534 - INFO - [TRELLIS] GPU cache cleared: {'status': 'cache_cleared', 'available_memory_gb': 20.277362688}
2025-08-10 21:32:39,535 - INFO -       🔍 Validating...
2025-08-10 21:32:39,535 - INFO -       📝 Using optimized prompt for generation: 'a vibrant red vase with elegant swirls that evoke a sense of energy and sophistication, front view, detailed, precise, white background, front view, accurate, complete, white background...'
2025-08-10 21:32:39,535 - INFO -       🎯 Computing scores against original prompt: 'vibrant red vase with elegant swirl...'
2025-08-10 21:34:06,199 - INFO -       📊 Validation score: 0.8994
2025-08-10 21:34:06,199 - INFO -       📈 Improvement detected: contextual_scene_building working better
2025-08-10 21:34:06,200 - INFO - 
   🔄 RL Round 3/18
2025-08-10 21:34:06,200 - INFO -       🔍 Explore performing better - increasing epsilon to 0.75
2025-08-10 21:34:06,201 - INFO -       🎯 Strategy: hybrid_approach (explore)
2025-08-10 21:34:10,865 - INFO - [TRELLIS] GPU cache cleared: {'status': 'cache_cleared', 'available_memory_gb': 20.277362688}
2025-08-10 21:34:10,867 - INFO -       🔍 Validating...
2025-08-10 21:34:10,867 - INFO -       📝 Using optimized prompt for generation: 'a slender, vibrant red vase with elegant swirls that evoke a sense of energy and sophistication, front view, detailed texture, subtle metallic sheen, front view, accurate, complete, white background...'
2025-08-10 21:34:10,867 - INFO -       🎯 Computing scores against original prompt: 'vibrant red vase with elegant swirl...'
2025-08-10 21:35:31,521 - INFO -       📊 Validation score: 0.8491
2025-08-10 21:35:31,521 - INFO -       📉 Score declined: Consider different approach
2025-08-10 21:35:31,522 - INFO - 
   🔄 RL Round 4/18
2025-08-10 21:35:31,522 - INFO -       🔍 Explore performing better - increasing epsilon to 0.80
2025-08-10 21:35:31,522 - INFO -       🎯 Strategy: hybrid_approach (explore)
2025-08-10 21:35:37,620 - INFO - [TRELLIS] GPU cache cleared: {'status': 'cache_cleared', 'available_memory_gb': 20.277362688}
2025-08-10 21:35:37,621 - INFO -       🔍 Validating...
2025-08-10 21:35:37,624 - INFO -       📝 Using optimized prompt for generation: 'a slender, vibrant red vase with elegant swirls that evoke a sense of energy and sophistication, with an intricate design featuring subtle curves and textured patterns, placed front view on a crisp white background...'
2025-08-10 21:35:37,624 - INFO -       🎯 Computing scores against original prompt: 'vibrant red vase with elegant swirl...'
2025-08-10 21:36:57,374 - INFO -       📊 Validation score: 0.8124
2025-08-10 21:36:57,375 - INFO -       📉 Score declined: Consider different approach
2025-08-10 21:36:57,375 - INFO - 
   🔄 RL Round 5/18
2025-08-10 21:36:57,375 - INFO -       🎯 Strategy: hybrid_approach (explore)
2025-08-10 21:37:02,659 - INFO - [TRELLIS] GPU cache cleared: {'status': 'cache_cleared', 'available_memory_gb': 20.277362688}
2025-08-10 21:37:02,662 - INFO -       🔍 Validating...
2025-08-10 21:37:02,662 - INFO -       📝 Using optimized prompt for generation: 'a slender, vibrant red vase with elegant swirls that evoke a sense of energy and sophistication in its curves and proportions, front view, accurate, complete, white background...'
2025-08-10 21:37:02,662 - INFO -       🎯 Computing scores against original prompt: 'vibrant red vase with elegant swirl...'
2025-08-10 21:38:27,991 - INFO -       📊 Validation score: 0.9122
2025-08-10 21:38:27,992 - INFO -       📈 Improvement detected: hybrid_approach working better
2025-08-10 21:38:27,992 - INFO - 
   🔄 RL Round 6/18
2025-08-10 21:38:27,992 - INFO -       🎯 Strategy: artistic_elaboration (explore)
2025-08-10 21:38:31,834 - INFO - [TRELLIS] GPU cache cleared: {'status': 'cache_cleared', 'available_memory_gb': 20.277362688}
2025-08-10 21:38:31,836 - INFO -       🔍 Validating...
2025-08-10 21:38:31,838 - INFO -       📝 Using optimized prompt for generation: 'a slender, vibrant red vase with elegant swirls that evoke a sense of energy and sophistication, detailed, minimalist, front view, accurate, complete, white background...'
2025-08-10 21:38:31,838 - INFO -       🎯 Computing scores against original prompt: 'vibrant red vase with elegant swirl...'
2025-08-10 21:39:51,819 - INFO -       📊 Validation score: 0.8740
2025-08-10 21:39:51,819 - INFO -       📉 Score declined: Consider different approach
2025-08-10 21:39:51,819 - INFO - 
   🔄 RL Round 7/18
2025-08-10 21:39:51,820 - INFO -       🔍 Explore performing better - increasing epsilon to 0.80
2025-08-10 21:39:51,820 - INFO -       🎯 Strategy: artistic_elaboration (explore)
2025-08-10 21:39:57,903 - INFO - [TRELLIS] GPU cache cleared: {'status': 'cache_cleared', 'available_memory_gb': 20.277362688}
2025-08-10 21:39:57,903 - INFO -       🔍 Validating...
2025-08-10 21:39:57,906 - INFO -       📝 Using optimized prompt for generation: 'a vibrant red vase with dynamic swirls that evoke a sense of energy and sophistication, front view, elegant lines, front view, accurate, complete, white background...'
2025-08-10 21:39:57,906 - INFO -       🎯 Computing scores against original prompt: 'vibrant red vase with elegant swirl...'
2025-08-10 21:41:20,172 - INFO -       📊 Validation score: 0.8186
2025-08-10 21:41:20,173 - INFO -       📉 Score declined: Consider different approach
2025-08-10 21:41:20,173 - INFO - 
   🔄 RL Round 8/18
2025-08-10 21:41:20,173 - INFO -       🎯 Strategy: artistic_elaboration (explore)
2025-08-10 21:41:25,783 - INFO - [TRELLIS] GPU cache cleared: {'status': 'cache_cleared', 'available_memory_gb': 20.277362688}
2025-08-10 21:41:25,784 - INFO -       🔍 Validating...
2025-08-10 21:41:25,784 - INFO -       📝 Using optimized prompt for generation: 'a slender vibrant red vase with elegant swirls that evoke a sense of energy and refinement, front view, accurate, front view, accurate, complete, white background...'
2025-08-10 21:41:25,784 - INFO -       🎯 Computing scores against original prompt: 'vibrant red vase with elegant swirl...'
2025-08-10 21:42:54,320 - INFO -       📊 Validation score: 0.9363
2025-08-10 21:42:54,321 - INFO -       📈 Improvement detected: artistic_elaboration working better
2025-08-10 21:42:54,323 - INFO - 
   🔄 RL Round 9/18
2025-08-10 21:42:54,323 - INFO -       🔍 Explore performing better - increasing epsilon to 0.80
2025-08-10 21:42:54,324 - INFO -       🎯 Strategy: aggressive_transformation (explore)
2025-08-10 21:42:58,079 - INFO - [TRELLIS] GPU cache cleared: {'status': 'cache_cleared', 'available_memory_gb': 20.277362688}
2025-08-10 21:42:58,081 - INFO -       🔍 Validating...
2025-08-10 21:42:58,081 - INFO -       📝 Using optimized prompt for generation: 'a slender vibrant red vase with elegant swirls that evoke a sense of energy and sophistication in a refined, modern setting, front view, accurate, complete, white background...'
2025-08-10 21:42:58,082 - INFO -       🎯 Computing scores against original prompt: 'vibrant red vase with elegant swirl...'
2025-08-10 21:44:22,264 - INFO -       📊 Validation score: 0.8895
2025-08-10 21:44:22,265 - INFO -       📉 Score declined: Consider different approach
2025-08-10 21:44:22,265 - INFO - 
   🔄 RL Round 10/18
2025-08-10 21:44:22,265 - INFO -       🔍 Explore performing better - increasing epsilon to 0.80
2025-08-10 21:44:22,266 - INFO -       🎯 Strategy: contextual_scene_building (explore)
2025-08-10 21:44:27,186 - INFO - [TRELLIS] GPU cache cleared: {'status': 'cache_cleared', 'available_memory_gb': 20.277362688}
2025-08-10 21:44:27,187 - INFO -       🔍 Validating...
2025-08-10 21:44:27,187 - INFO -       📝 Using optimized prompt for generation: 'a slender glass of layered lemonade suspended in mid-air over a serene lake with lotus flowers and gentle ripples on the surface...'
2025-08-10 21:44:27,188 - INFO -       🎯 Computing scores against original prompt: 'vibrant red vase with elegant swirl...'
2025-08-10 21:45:50,633 - WARNING -    🔧 Score 0.0 - clearing CUDA cache
2025-08-10 21:45:50,633 - INFO -       📊 Validation score: 0.0000
2025-08-10 21:45:50,633 - INFO - 
   🔄 RL Round 11/18
2025-08-10 21:45:50,634 - INFO -       🔍 Explore performing better - increasing epsilon to 0.80
2025-08-10 21:45:50,634 - INFO -       🎯 Strategy: artistic_elaboration (exploit)
2025-08-10 21:45:54,710 - INFO - [TRELLIS] GPU cache cleared: {'status': 'cache_cleared', 'available_memory_gb': 20.277362688}
2025-08-10 21:45:54,710 - INFO -       🔍 Validating...
2025-08-10 21:45:54,711 - INFO -       📝 Using optimized prompt for generation: 'a slender vibrant red vase with dynamic swirls that evoke a sense of energy and refinement, front view, accurate, complete, white background...'
2025-08-10 21:45:54,711 - INFO -       🎯 Computing scores against original prompt: 'vibrant red vase with elegant swirl...'
2025-08-10 21:47:52,687 - INFO -       📊 Validation score: 0.9279
2025-08-10 21:47:52,687 - INFO - 
   🔄 RL Round 12/18
2025-08-10 21:47:52,688 - INFO -       🔍 Explore performing better - increasing epsilon to 0.80
2025-08-10 21:47:52,688 - INFO -       🎯 Strategy: contextual_scene_building (explore)
2025-08-10 21:47:59,175 - INFO - [TRELLIS] GPU cache cleared: {'status': 'cache_cleared', 'available_memory_gb': 20.277362688}
2025-08-10 21:47:59,178 - INFO -       🔍 Validating...
2025-08-10 21:47:59,181 - INFO -       📝 Using optimized prompt for generation: 'a slender, vibrant red vase with a delicate and elegant swirl design that evokes a sense of energy and sophistication, front view, front view, accurate, complete, white background...'
2025-08-10 21:47:59,181 - INFO -       🎯 Computing scores against original prompt: 'vibrant red vase with elegant swirl...'
2025-08-10 21:49:26,762 - INFO -       📊 Validation score: 0.9352
2025-08-10 21:49:26,762 - INFO -       ✅ Convergence achieved: Convergence threshold met (improvement: 0.007)
2025-08-10 21:49:26,835 - INFO - 
🎯 RL LOOP COMPLETE:
2025-08-10 21:49:26,835 - INFO -    Best prompt: a vibrant red vase with elegant swirls that evoke a sense of energy and sophistication, front view, accurate, complete, white background
2025-08-10 21:49:26,835 - INFO -    Best score: 0.9402
2025-08-10 21:49:26,836 - INFO -    Rounds: 12
2025-08-10 21:49:26,839 - INFO -    Convergence: True
2025-08-10 21:49:26,839 - INFO -    Convergence reason: Convergence threshold met (improvement: 0.007)
2025-08-10 21:49:26,839 - INFO -    Exploration ratio: 91.7%
2025-08-10 21:49:26,839 - INFO -    Insights learned: 3
2025-08-10 21:49:26,839 - INFO -    Total time: 1100.58s
2025-08-10 21:49:26,839 - INFO - Prompt optimized in 12 rounds: 0.781 → 0.940 (+0.159)
2025-08-10 21:49:26,839 - INFO - ✅ Target score achieved!
2025-08-10 21:49:26,847 - INFO - 
--- Episode 2, Prompt 18 (Total: 26) ---
2025-08-10 21:49:26,848 - INFO - Optimizing: 'small purple cylindrical creature with short tail and long legs'
2025-08-10 21:49:26,848 - INFO - 🔍 Checking server availability before optimization...
2025-08-10 21:49:26,858 - INFO - ✅ Server is available (status: completed)
2025-08-10 21:49:26,860 - INFO - 📝 Marked server as used at 1754862566.860442
2025-08-10 21:49:26,860 - INFO - ✅ Server is available and marked as used
2025-08-10 21:49:29,312 - INFO - 🔄 Reproducibility optimization applied:
2025-08-10 21:49:29,312 - INFO -    Original: small purple cylindrical creature with short tail and long legs
2025-08-10 21:49:29,312 - INFO -    Optimized: wbgmsst, a slightly-notched, delicate, small purple cylindrical creature with swirling patterns, white background.
2025-08-10 21:49:29,315 - INFO -    Similarity: 1.000
2025-08-10 21:49:29,315 - INFO -    Gold score: 0.9143
2025-08-10 21:49:29,315 - INFO -       🔧 Overriding endpoint: generate/baolei/
2025-08-10 21:49:29,315 - INFO -       🔧 Using endpoint: generate/baolei/
2025-08-10 21:49:29,320 - INFO - 
🔄 RL LOOP OPTIMIZATION: 'small purple cylindrical creature with short tail and long legs'
2025-08-10 21:49:29,320 - INFO -    Session: rl_session_1754862569_4512
2025-08-10 21:49:29,320 - INFO -    Max rounds: 18
2025-08-10 21:49:29,321 - INFO -    Min rounds before convergence: 5
2025-08-10 21:49:29,325 - INFO -    Target score: 0.99
2025-08-10 21:49:29,325 - INFO -       🎯 Found previous best attempt: a small purple cylindrical creature with an irregularly-shaped short tail and long, lean legs adorned in intricate, swirling patterns that evoke a sense of gentle movement, front view, accurate, complete, white background (score: 0.9198)
2025-08-10 21:49:29,325 - INFO -       🎯 Strategy used: aggressive_transformation
2025-08-10 21:49:29,325 - INFO -       🎯 Session ID: rl_session_1754834822_6156
2025-08-10 21:49:29,326 - INFO -       🎯 Past final best prompt: a small purple cylindrical creature with an irregularly-shaped short tail and long, lean legs adorned in intricate, swirling patterns that evoke a sense of gentle movement, front view, accurate, complete, white background
2025-08-10 21:49:29,326 - INFO -       🎯 Past final best score: 0.920
2025-08-10 21:49:29,326 - INFO -       🎯 Past session ID: rl_session_1754834822_6156
2025-08-10 21:49:29,326 - INFO -       🎯 Past learned insights: Best performing strategy in session: aggressive_transformation, Explored 3 different strategies
2025-08-10 21:49:29,326 - INFO -       🎯 Past strategy performance updates: {'aggressive_transformation': 0.11284786257067081, 'conservative_enhancement': 0.07038517549642875, 'hybrid_approach': 0.027084341398872835}
2025-08-10 21:49:29,327 - INFO -       🎯 Past final best prompt: a small purple cylindrical creature with an irregularly-shaped short tail and long, lean legs adorned in intricate, swirling patterns that evoke a sense of gentle movement, front view, accurate, complete, white background
2025-08-10 21:49:29,327 - INFO -       🎯 Past final best score: 0.920
2025-08-10 21:49:29,327 - INFO - 
   🔄 RL Round 1/18
2025-08-10 21:49:29,328 - INFO -       🔍 Explore performing better - increasing epsilon to 0.80
2025-08-10 21:49:29,328 - INFO -       🎯 Strategy: artistic_elaboration (exploit)
2025-08-10 21:49:34,704 - INFO - [TRELLIS] GPU cache cleared: {'status': 'cache_cleared', 'available_memory_gb': 20.277362688}
2025-08-10 21:49:34,707 - INFO -       🔍 Validating...
2025-08-10 21:49:34,707 - INFO -       📝 Using optimized prompt for generation: 'a small purple cylindrical creature with an intricately-patterned short tail and lean legs adorned in gentle, flowing swirls that evoke movement, front view, white background, front view, accurate, complete, white background...'
2025-08-10 21:49:34,707 - INFO -       🎯 Computing scores against original prompt: 'small purple cylindrical creature with short tail and long legs...'
2025-08-10 21:51:01,935 - INFO -       📊 Validation score: 0.8965
2025-08-10 21:51:01,936 - INFO - 
   🔄 RL Round 2/18
2025-08-10 21:51:01,937 - INFO -       🎯 Strategy: artistic_elaboration (explore)
2025-08-10 21:51:06,870 - INFO - [TRELLIS] GPU cache cleared: {'status': 'cache_cleared', 'available_memory_gb': 20.277362688}
2025-08-10 21:51:06,871 - INFO -       🔍 Validating...
2025-08-10 21:51:06,871 - INFO -       📝 Using optimized prompt for generation: 'a small purple cylindrical creature with an elongated, tapered short tail and long, lean legs adorned in intricate, swirling patterns that evoke a sense of gentle movement, front view, accurate, complete, white background...'
2025-08-10 21:51:06,871 - INFO -       🎯 Computing scores against original prompt: 'small purple cylindrical creature with short tail and long legs...'
2025-08-10 21:52:35,210 - INFO -       📊 Validation score: 0.9183
2025-08-10 21:52:35,211 - INFO -       📈 Improvement detected: artistic_elaboration working better
2025-08-10 21:52:35,211 - INFO - 
   🔄 RL Round 3/18
2025-08-10 21:52:35,212 - INFO -       🎯 Strategy: artistic_elaboration (explore)
2025-08-10 21:52:40,835 - INFO - [TRELLIS] GPU cache cleared: {'status': 'cache_cleared', 'available_memory_gb': 20.277362688}
2025-08-10 21:52:40,838 - INFO -       🔍 Validating...
2025-08-10 21:52:40,838 - INFO -       📝 Using optimized prompt for generation: 'a small purple cylindrical creature with an irregularly-shaped short tail and long, lean legs adorned in intricate, swirling patterns that evoke a sense of gentle movement and subtle texture variations along its slender body, front view, accurate, complete, white background...'
2025-08-10 21:52:40,839 - INFO -       🎯 Computing scores against original prompt: 'small purple cylindrical creature with short tail and long legs...'
2025-08-10 21:54:08,410 - INFO -       📊 Validation score: 0.9091
2025-08-10 21:54:08,411 - INFO -       📉 Score declined: Consider different approach
2025-08-10 21:54:08,411 - INFO - 
   🔄 RL Round 4/18
2025-08-10 21:54:08,411 - INFO -       🔍 Explore performing better - increasing epsilon to 0.80
2025-08-10 21:54:08,411 - INFO -       🎯 Strategy: minimalist_refinement (explore)
2025-08-10 21:54:13,989 - INFO - [TRELLIS] GPU cache cleared: {'status': 'cache_cleared', 'available_memory_gb': 20.277362688}
2025-08-10 21:54:13,989 - INFO -       🔍 Validating...
2025-08-10 21:54:13,990 - INFO -       📝 Using optimized prompt for generation: 'a small purple cylindrical creature with a tapering short tail and long, slender legs adorned in delicate, swirling patterns that evoke a sense of gentle movement, front view, accurate, complete, white background...'
2025-08-10 21:54:13,990 - INFO -       🎯 Computing scores against original prompt: 'small purple cylindrical creature with short tail and long legs...'
2025-08-10 21:55:44,724 - INFO -       📊 Validation score: 0.9134
2025-08-10 21:55:44,725 - INFO -       📈 Improvement detected: minimalist_refinement working better
2025-08-10 21:55:44,725 - INFO - 
   🔄 RL Round 5/18
2025-08-10 21:55:44,725 - INFO -       🔍 Explore performing better - increasing epsilon to 0.80
2025-08-10 21:55:44,726 - INFO -       🎯 Strategy: conservative_enhancement (explore)
2025-08-10 21:55:50,256 - INFO - [TRELLIS] GPU cache cleared: {'status': 'cache_cleared', 'available_memory_gb': 20.277362688}
2025-08-10 21:55:50,257 - INFO -       🔍 Validating...
2025-08-10 21:55:50,257 - INFO -       📝 Using optimized prompt for generation: 'a small purple cylindrical creature with a slightly tapered short tail and long, lean legs adorned in intricate, swirling patterns that evoke a sense of gentle movement, front view, accurate, complete, white background...'
2025-08-10 21:55:50,257 - INFO -       🎯 Computing scores against original prompt: 'small purple cylindrical creature with short tail and long legs...'
2025-08-10 21:57:21,919 - INFO -       📊 Validation score: 0.8464
2025-08-10 21:57:21,919 - INFO -       📉 Score declined: Consider different approach
2025-08-10 21:57:21,919 - INFO - 
   🔄 RL Round 6/18
2025-08-10 21:57:21,920 - INFO -       🎯 Strategy: artistic_elaboration (exploit)
2025-08-10 21:57:27,127 - INFO - [TRELLIS] GPU cache cleared: {'status': 'cache_cleared', 'available_memory_gb': 20.277362688}
2025-08-10 21:57:27,130 - INFO -       🔍 Validating...
2025-08-10 21:57:27,130 - INFO -       📝 Using optimized prompt for generation: 'a small purple cylindrical creature with an irregularly-shaped short tail and long, lean legs adorned in intricate, swirling patterns that evoke a sense of gentle movement, focus on texture and shape for optimal clarity, front view, accurate, complete, white background...'
2025-08-10 21:57:27,130 - INFO -       🎯 Computing scores against original prompt: 'small purple cylindrical creature with short tail and long legs...'
2025-08-10 21:58:53,460 - INFO -       📊 Validation score: 0.9156
2025-08-10 21:58:53,461 - INFO -       📈 Improvement detected: artistic_elaboration working better
2025-08-10 21:58:53,461 - INFO - 
   🔄 RL Round 7/18
2025-08-10 21:58:53,461 - INFO -       🎯 Strategy: artistic_elaboration (exploit)
2025-08-10 21:58:58,177 - INFO - [TRELLIS] GPU cache cleared: {'status': 'cache_cleared', 'available_memory_gb': 20.277362688}
2025-08-10 21:58:58,178 - INFO -       🔍 Validating...
2025-08-10 21:58:58,180 - INFO -       📝 Using optimized prompt for generation: 'a small, slender, and intricately-patterned purple cylindrical creature with an irregularly-shaped short tail and long, lean legs adorned in delicate, swirling patterns that evoke a sense of gentle movement, front view, accurate, complete, white background...'
2025-08-10 21:58:58,181 - INFO -       🎯 Computing scores against original prompt: 'small purple cylindrical creature with short tail and long legs...'
2025-08-10 22:00:25,098 - INFO -       📊 Validation score: 0.8954
2025-08-10 22:00:25,099 - INFO -       📉 Score declined: Consider different approach
2025-08-10 22:00:25,099 - INFO - 
   🔄 RL Round 8/18
2025-08-10 22:00:25,099 - INFO -       🎯 Strategy: artistic_elaboration (explore)
2025-08-10 22:00:30,264 - INFO - [TRELLIS] GPU cache cleared: {'status': 'cache_cleared', 'available_memory_gb': 20.277362688}
2025-08-10 22:00:30,267 - INFO -       🔍 Validating...
2025-08-10 22:00:30,268 - INFO -       📝 Using optimized prompt for generation: 'a small purple cylindrical creature with an irregularly-shaped short tail and long, lean legs adorned in subtle, swirling patterns that evoke a sense of gentle movement, front view, accurate, complete, white background...'
2025-08-10 22:00:30,268 - INFO -       🎯 Computing scores against original prompt: 'small purple cylindrical creature with short tail and long legs...'
2025-08-10 22:01:59,522 - INFO -       📊 Validation score: 0.8741
2025-08-10 22:01:59,523 - INFO -       📉 Score declined: Consider different approach
2025-08-10 22:01:59,523 - INFO - 
   🔄 RL Round 9/18
2025-08-10 22:01:59,523 - INFO -       🎯 Strategy: artistic_elaboration (exploit)
2025-08-10 22:02:04,191 - INFO - [TRELLIS] GPU cache cleared: {'status': 'cache_cleared', 'available_memory_gb': 20.277362688}
2025-08-10 22:02:04,193 - INFO -       🔍 Validating...
2025-08-10 22:02:04,194 - INFO -       📝 Using optimized prompt for generation: 'a small purple cylindrical creature with an elongated, tapered short tail and long, lean legs adorned in intricate, swirling patterns that evoke a sense of gentle movement, front view, accurate, complete, white background...'
2025-08-10 22:02:04,195 - INFO -       🎯 Computing scores against original prompt: 'small purple cylindrical creature with short tail and long legs...'
2025-08-10 22:03:30,968 - INFO -       📊 Validation score: 0.9174
2025-08-10 22:03:30,969 - INFO -       📈 Improvement detected: artistic_elaboration working better
2025-08-10 22:03:30,969 - INFO - 
   🔄 RL Round 10/18
2025-08-10 22:03:30,969 - INFO -       🎯 Strategy: aggressive_transformation (explore)
2025-08-10 22:03:37,046 - INFO - [TRELLIS] GPU cache cleared: {'status': 'cache_cleared', 'available_memory_gb': 20.277362688}
2025-08-10 22:03:37,047 - INFO -       🔍 Validating...
2025-08-10 22:03:37,048 - INFO -       📝 Using optimized prompt for generation: 'a small purple cylindrical creature with a tapering short tail and long, lean legs adorned in intricate, swirling patterns that evoke a sense of gentle movement, front view, accurate, complete, white background...'
2025-08-10 22:03:37,048 - INFO -       🎯 Computing scores against original prompt: 'small purple cylindrical creature with short tail and long legs...'
2025-08-10 22:05:06,550 - INFO -       📊 Validation score: 0.8751
2025-08-10 22:05:06,550 - INFO -       📉 Score declined: Consider different approach
2025-08-10 22:05:06,550 - INFO - 
   🔄 RL Round 11/18
2025-08-10 22:05:06,551 - INFO -       🎯 Strategy: minimalist_refinement (explore)
2025-08-10 22:05:12,265 - INFO - [TRELLIS] GPU cache cleared: {'status': 'cache_cleared', 'available_memory_gb': 20.277362688}
2025-08-10 22:05:12,266 - INFO -       🔍 Validating...
2025-08-10 22:05:12,267 - INFO -       📝 Using optimized prompt for generation: 'a small purple cylindrical creature with an irregularly-shaped short tail and long, lean legs adorned in delicate, swirling patterns that evoke a sense of gentle movement, front view, accurate, complete, white background...'
2025-08-10 22:05:12,267 - INFO -       🎯 Computing scores against original prompt: 'small purple cylindrical creature with short tail and long legs...'
2025-08-10 22:06:38,540 - INFO -       📊 Validation score: 0.8905
2025-08-10 22:06:38,541 - INFO -       📈 Improvement detected: minimalist_refinement working better
2025-08-10 22:06:38,541 - INFO - 
   🔄 RL Round 12/18
2025-08-10 22:06:38,541 - INFO -       🎯 Strategy: hybrid_approach (explore)
2025-08-10 22:06:44,025 - INFO - [TRELLIS] GPU cache cleared: {'status': 'cache_cleared', 'available_memory_gb': 20.277362688}
2025-08-10 22:06:44,026 - INFO -       🔍 Validating...
2025-08-10 22:06:44,027 - INFO -       📝 Using optimized prompt for generation: 'a small purple cylindrical creature with an irregularly-shaped short tail and long, lean legs adorned in delicate, swirling patterns that evoke a sense of gentle motion, side view, detailed texture, front view, accurate, complete, white background...'
2025-08-10 22:06:44,030 - INFO -       🎯 Computing scores against original prompt: 'small purple cylindrical creature with short tail and long legs...'
2025-08-10 22:08:15,814 - INFO -       📊 Validation score: 0.7937
2025-08-10 22:08:15,814 - INFO -       📉 Score declined: Consider different approach
2025-08-10 22:08:15,814 - INFO - 
   🔄 RL Round 13/18
2025-08-10 22:08:15,815 - INFO -       🎯 Strategy: artistic_elaboration (exploit)
2025-08-10 22:08:21,833 - INFO - [TRELLIS] GPU cache cleared: {'status': 'cache_cleared', 'available_memory_gb': 20.277362688}
2025-08-10 22:08:21,834 - INFO -       🔍 Validating...
2025-08-10 22:08:21,834 - INFO -       📝 Using optimized prompt for generation: 'a small purple cylindrical creature with a tapering short tail and long, slender legs adorned in delicate, swirling patterns evoking a sense of gentle movement, front view, accurate, complete, white background...'
2025-08-10 22:08:21,835 - INFO -       🎯 Computing scores against original prompt: 'small purple cylindrical creature with short tail and long legs...'
2025-08-10 22:09:47,753 - INFO -       📊 Validation score: 0.9261
2025-08-10 22:09:47,753 - INFO -       🎯 New best score: 0.9261
2025-08-10 22:09:47,753 - INFO -       📈 Improvement detected: artistic_elaboration working better
2025-08-10 22:09:47,753 - INFO - 
   🔄 RL Round 14/18
2025-08-10 22:09:47,754 - INFO -       🎯 Strategy: artistic_elaboration (exploit)
2025-08-10 22:09:52,835 - INFO - [TRELLIS] GPU cache cleared: {'status': 'cache_cleared', 'available_memory_gb': 20.277362688}
2025-08-10 22:09:52,837 - INFO -       🔍 Validating...
2025-08-10 22:09:52,837 - INFO -       📝 Using optimized prompt for generation: 'a small purple cylindrical creature with an irregularly-shaped short tail and long, lean legs adorned in intricate, swirling patterns that evoke a sense of gentle movement, front view, accurate, complete, white background...'
2025-08-10 22:09:52,838 - INFO -       🎯 Computing scores against original prompt: 'small purple cylindrical creature with short tail and long legs...'
2025-08-10 22:11:20,466 - INFO -       📊 Validation score: 0.9176
2025-08-10 22:11:20,467 - INFO -       ✅ Convergence achieved: Convergence threshold met (improvement: -0.008)
2025-08-10 22:11:20,528 - INFO - 
🎯 RL LOOP COMPLETE:
2025-08-10 22:11:20,528 - INFO -    Best prompt: a small purple cylindrical creature with a tapering short tail and long, slender legs adorned in delicate, swirling patterns evoking a sense of gentle movement, front view, accurate, complete, white background
2025-08-10 22:11:20,530 - INFO -    Best score: 0.9261
2025-08-10 22:11:20,530 - INFO -    Rounds: 14
2025-08-10 22:11:20,531 - INFO -    Convergence: True
2025-08-10 22:11:20,532 - INFO -    Convergence reason: Convergence threshold met (improvement: -0.008)
2025-08-10 22:11:20,532 - INFO -    Exploration ratio: 57.1%
2025-08-10 22:11:20,533 - INFO -    Insights learned: 3
2025-08-10 22:11:20,535 - INFO -    Total time: 1311.15s
2025-08-10 22:11:20,537 - INFO - Prompt optimized in 14 rounds: 0.897 → 0.926 (+0.030)
2025-08-10 22:11:20,538 - INFO - ✅ Target score achieved!
2025-08-10 22:11:20,545 - INFO - 
--- Episode 2, Prompt 19 (Total: 26) ---
2025-08-10 22:11:20,546 - INFO - Optimizing: 'silver robot wearing green scarf'
2025-08-10 22:11:20,548 - INFO - 🔍 Checking server availability before optimization...
2025-08-10 22:11:20,566 - INFO - ✅ Server is available (status: completed)
2025-08-10 22:11:20,569 - INFO - 📝 Marked server as used at 1754863880.5691316
2025-08-10 22:11:20,569 - INFO - ✅ Server is available and marked as used
2025-08-10 22:11:23,555 - INFO - 🔄 Reproducibility optimization applied:
2025-08-10 22:11:23,556 - INFO -    Original: silver robot wearing green scarf
2025-08-10 22:11:23,556 - INFO -    Optimized: wbgmsst, A slender silver robot is depicted in a detailed and accurate environment, complete with a vibrant green scarf with micro-polyester threads woven into the fabric. The robot's silver surface is rendered with a high level of detail, while its accessories are shown in a lifelike manner. The scene is set against a white background.
2025-08-10 22:11:23,557 - INFO -    Similarity: 1.000
2025-08-10 22:11:23,557 - INFO -    Gold score: 0.9125
2025-08-10 22:11:23,557 - INFO -       🔧 Overriding endpoint: generate/baolei/
2025-08-10 22:11:23,558 - INFO -       🔧 Using endpoint: generate/baolei/
2025-08-10 22:11:23,563 - INFO - 
🔄 RL LOOP OPTIMIZATION: 'silver robot wearing green scarf'
2025-08-10 22:11:23,564 - INFO -    Session: rl_session_1754863883_2411
2025-08-10 22:11:23,565 - INFO -    Max rounds: 18
2025-08-10 22:11:23,565 - INFO -    Min rounds before convergence: 5
2025-08-10 22:11:23,567 - INFO -    Target score: 0.99
2025-08-10 22:11:23,567 - INFO -       🎯 Found previous best attempt: a slender silver robot wearing an intricately woven vibrant green scarf with micro-polyester threads and interlocking hexagons on the hemline, featuring a delicate gradient effect on the fabric's texture, front view, accurate, complete, white background (score: 0.9184)
2025-08-10 22:11:23,567 - INFO -       🎯 Strategy used: material_focus
2025-08-10 22:11:23,567 - INFO -       🎯 Session ID: rl_session_1754835328_8001
2025-08-10 22:11:23,567 - INFO -       🎯 Past final best prompt: a slender silver robot wearing an intricately woven vibrant green scarf with micro-polyester threads and interlocking hexagons on the hemline, featuring a delicate gradient effect on the fabric's texture, front view, accurate, complete, white background
2025-08-10 22:11:23,567 - INFO -       🎯 Past final best score: 0.918
2025-08-10 22:11:23,567 - INFO -       🎯 Past session ID: rl_session_1754835328_8001
2025-08-10 22:11:23,568 - INFO -       🎯 Past learned insights: Best performing strategy in session: material_focus, Explored 5 different strategies
2025-08-10 22:11:23,569 - INFO -       🎯 Past strategy performance updates: {'hybrid_approach': 0.0022935970342090606, 'material_focus': 0.09529822329897697, 'conservative_enhancement': -0.0059998672548474685, 'aggressive_transformation': 0.060841723556001925, 'technical_precision': 0.020982859517998276}
2025-08-10 22:11:23,570 - INFO -       🎯 Past final best prompt: a slender silver robot wearing an intricately woven vibrant green scarf with micro-polyester threads and interlocking hexagons on the hemline, featuring a delicate gradient effect on the fabric's texture, front view, accurate, complete, white background
2025-08-10 22:11:23,570 - INFO -       🎯 Past final best score: 0.918
2025-08-10 22:11:23,570 - INFO - 
   🔄 RL Round 1/18
2025-08-10 22:11:23,571 - INFO -       🎯 Strategy: hybrid_approach (explore)
2025-08-10 22:11:29,062 - INFO - [TRELLIS] GPU cache cleared: {'status': 'cache_cleared', 'available_memory_gb': 20.277362688}
2025-08-10 22:11:29,062 - INFO -       🔍 Validating...
2025-08-10 22:11:29,063 - INFO -       📝 Using optimized prompt for generation: 'a slender silver robot wearing an intricately woven vibrant green scarf with micro-polyester threads and interlocking hexagons on the hemline, featuring a delicate gradient effect on the fabric's texture, standing in front of a sleek, metallic wall covered in a mosaic of circuit boards and glowing blue wires, complete with a subtle sheen to suggest advanced nanotechnology, front view, accurate, complete, white background...'
2025-08-10 22:11:29,063 - INFO -       🎯 Computing scores against original prompt: 'silver robot wearing green scarf...'
2025-08-10 22:13:00,606 - INFO -       📊 Validation score: 0.8592
2025-08-10 22:13:00,606 - INFO - 
   🔄 RL Round 2/18
2025-08-10 22:13:00,607 - INFO -       🎯 Strategy: hybrid_approach (explore)
2025-08-10 22:13:04,858 - INFO - [TRELLIS] GPU cache cleared: {'status': 'cache_cleared', 'available_memory_gb': 20.277362688}
2025-08-10 22:13:04,859 - INFO -       🔍 Validating...
2025-08-10 22:13:04,859 - INFO -       📝 Using optimized prompt for generation: 'a slender silver robot wearing an intricately woven vibrant green scarf with micro-polyester threads, featuring an accentuated gradient effect that shifts from light mint to deep emerald along the hemline, front view, accurate, complete, white background...'
2025-08-10 22:13:04,860 - INFO -       🎯 Computing scores against original prompt: 'silver robot wearing green scarf...'
2025-08-10 22:14:30,088 - INFO -       📊 Validation score: 0.8629
2025-08-10 22:14:30,089 - INFO -       📈 Improvement detected: hybrid_approach working better
2025-08-10 22:14:30,089 - INFO - 
   🔄 RL Round 3/18
2025-08-10 22:14:30,089 - INFO -       🎯 Strategy: conservative_enhancement (explore)
2025-08-10 22:14:37,976 - INFO - [TRELLIS] GPU cache cleared: {'status': 'cache_cleared', 'available_memory_gb': 20.277362688}
2025-08-10 22:14:37,978 - INFO -       🔍 Validating...
2025-08-10 22:14:37,979 - INFO -       📝 Using optimized prompt for generation: 'a slender silver robot wearing an intricately woven vibrant green scarf with micro-polyester threads, subtle metallic sheen on the fabric's surface, interlocking hexagons on the hemline, featuring a delicate gradient effect on the fabric's texture, front view, accurate, complete, white background...'
2025-08-10 22:14:37,979 - INFO -       🎯 Computing scores against original prompt: 'silver robot wearing green scarf...'
2025-08-10 22:16:27,185 - INFO -       📊 Validation score: 0.8174
2025-08-10 22:16:27,186 - INFO -       📉 Score declined: Consider different approach
2025-08-10 22:16:27,186 - INFO - 
   🔄 RL Round 4/18
2025-08-10 22:16:27,186 - INFO -       🎯 Strategy: aggressive_transformation (explore)
2025-08-10 22:16:34,141 - INFO - [TRELLIS] GPU cache cleared: {'status': 'cache_cleared', 'available_memory_gb': 20.277362688}
2025-08-10 22:16:34,142 - INFO -       🔍 Validating...
2025-08-10 22:16:34,142 - INFO -       📝 Using optimized prompt for generation: 'a slender silver robot wearing an intricately woven vibrant green scarf with micro-polyester threads, featuring a subtle sheen on the fabric's surface and delicate wisps of polyester fibers escaping from the hemline, front view, accurate, complete, white background...'
2025-08-10 22:16:34,142 - INFO -       🎯 Computing scores against original prompt: 'silver robot wearing green scarf...'
2025-08-10 22:18:01,160 - INFO -       📊 Validation score: 0.8765
2025-08-10 22:18:01,161 - INFO -       📈 Improvement detected: aggressive_transformation working better
2025-08-10 22:18:01,161 - INFO - 
   🔄 RL Round 5/18
2025-08-10 22:18:01,161 - INFO -       🎯 Strategy: aggressive_transformation (explore)
2025-08-10 22:18:07,011 - INFO - [TRELLIS] GPU cache cleared: {'status': 'cache_cleared', 'available_memory_gb': 20.277362688}
2025-08-10 22:18:07,011 - INFO -       🔍 Validating...
2025-08-10 22:18:07,014 - INFO -       📝 Using optimized prompt for generation: 'a slender silver robot wearing an intricately woven vibrant green scarf with micro-polyester threads and precision-crafted silver accents featuring a subtle gradient effect on its metallic surface, front view, accurate, complete, white background...'
2025-08-10 22:18:07,015 - INFO -       🎯 Computing scores against original prompt: 'silver robot wearing green scarf...'
2025-08-10 22:19:34,177 - INFO -       📊 Validation score: 0.5622
2025-08-10 22:19:34,178 - INFO -       📉 Score declined: Consider different approach
2025-08-10 22:19:34,178 - INFO - 
   🔄 RL Round 6/18
2025-08-10 22:19:34,178 - INFO -       🎯 Strategy: aggressive_transformation (explore)
2025-08-10 22:19:39,455 - INFO - [TRELLIS] GPU cache cleared: {'status': 'cache_cleared', 'available_memory_gb': 20.277362688}
2025-08-10 22:19:39,456 - INFO -       🔍 Validating...
2025-08-10 22:19:39,456 - INFO -       📝 Using optimized prompt for generation: 'a slender silver robot wearing an intricately woven vibrant green scarf with micro-polyester threads and interlocking hexagons on the hemline, featuring a delicate gradient effect on the fabric's texture, close-up view, accurate, complete, white background, front view, accurate, complete, white background...'
2025-08-10 22:19:39,456 - INFO -       🎯 Computing scores against original prompt: 'silver robot wearing green scarf...'
2025-08-10 22:21:04,246 - INFO -       📊 Validation score: 0.8742
2025-08-10 22:21:04,246 - INFO -       📈 Improvement detected: aggressive_transformation working better
2025-08-10 22:21:04,246 - INFO - 
   🔄 RL Round 7/18
2025-08-10 22:21:04,246 - INFO -       🎯 Strategy: aggressive_transformation (explore)
2025-08-10 22:21:10,809 - INFO - [TRELLIS] GPU cache cleared: {'status': 'cache_cleared', 'available_memory_gb': 20.277362688}
2025-08-10 22:21:10,812 - INFO -       🔍 Validating...
2025-08-10 22:21:10,813 - INFO -       📝 Using optimized prompt for generation: 'a slender silver robot wearing an intricately woven vibrant green scarf with micro-polyester threads and interlocking hexagons on the hemline, featuring a delicate gradient effect on the fabric's texture that subtly shifts from matte to metallic sheen, front view, accurate, complete, white background...'
2025-08-10 22:21:10,814 - INFO -       🎯 Computing scores against original prompt: 'silver robot wearing green scarf...'
2025-08-10 22:22:34,641 - INFO -       📊 Validation score: 0.8133
2025-08-10 22:22:34,642 - INFO -       📉 Score declined: Consider different approach
2025-08-10 22:22:34,642 - INFO - 
   🔄 RL Round 8/18
2025-08-10 22:22:34,642 - INFO -       🎯 Strategy: artistic_elaboration (exploit)
2025-08-10 22:22:41,243 - INFO - [TRELLIS] GPU cache cleared: {'status': 'cache_cleared', 'available_memory_gb': 20.277362688}
2025-08-10 22:22:41,246 - INFO -       🔍 Validating...
2025-08-10 22:22:41,246 - INFO -       📝 Using optimized prompt for generation: 'a slender silver robot wearing an intricately woven vibrant green scarf with micro-polyester threads, featuring a subtle gradient effect on the fabric's texture and a delicate sheen on the metal surface, front view, accurate, complete, white background...'
2025-08-10 22:22:41,247 - INFO -       🎯 Computing scores against original prompt: 'silver robot wearing green scarf...'
2025-08-10 22:24:06,865 - INFO -       📊 Validation score: 0.7428
2025-08-10 22:24:06,865 - INFO -       📉 Score declined: Consider different approach
2025-08-10 22:24:06,865 - INFO - 
   🔄 RL Round 9/18
2025-08-10 22:24:06,866 - INFO -       🎯 Strategy: artistic_elaboration (explore)
2025-08-10 22:24:12,200 - INFO - [TRELLIS] GPU cache cleared: {'status': 'cache_cleared', 'available_memory_gb': 20.277362688}
2025-08-10 22:24:12,204 - INFO -       🔍 Validating...
2025-08-10 22:24:12,204 - INFO -       📝 Using optimized prompt for generation: 'a slender silver robot wearing a vibrant green scarf with micro-polyester threads and subtle metallic sheen, featuring intricate patterns on the fabric's texture, front view, accurate, complete, white background...'
2025-08-10 22:24:12,204 - INFO -       🎯 Computing scores against original prompt: 'silver robot wearing green scarf...'
2025-08-10 22:25:41,163 - INFO -       📊 Validation score: 0.8720
2025-08-10 22:25:41,164 - INFO -       📈 Improvement detected: artistic_elaboration working better
2025-08-10 22:25:41,164 - INFO - 
   🔄 RL Round 10/18
2025-08-10 22:25:41,165 - INFO -       🎯 Strategy: artistic_elaboration (exploit)
2025-08-10 22:25:46,530 - INFO - [TRELLIS] GPU cache cleared: {'status': 'cache_cleared', 'available_memory_gb': 20.277362688}
2025-08-10 22:25:46,542 - INFO -       🔍 Validating...
2025-08-10 22:25:46,542 - INFO -       📝 Using optimized prompt for generation: 'a slender silver robot wearing an intricately woven vibrant green scarf with micro-polyester threads and a subtle brushed metal sheen on its surface, featuring interlocking hexagons on the hemline, precise rendering of metallic details, accurate, complete, white background...'
2025-08-10 22:25:46,542 - INFO -       🎯 Computing scores against original prompt: 'silver robot wearing green scarf...'
2025-08-10 22:27:15,759 - INFO -       📊 Validation score: 0.9010
2025-08-10 22:27:15,760 - INFO -       📈 Improvement detected: artistic_elaboration working better
2025-08-10 22:27:15,760 - INFO - 
   🔄 RL Round 11/18
2025-08-10 22:27:15,761 - INFO -       🎯 Strategy: artistic_elaboration (exploit)
2025-08-10 22:27:21,641 - INFO - [TRELLIS] GPU cache cleared: {'status': 'cache_cleared', 'available_memory_gb': 20.277362688}
2025-08-10 22:27:21,642 - INFO -       🔍 Validating...
2025-08-10 22:27:21,643 - INFO -       📝 Using optimized prompt for generation: 'a slender silver robot wearing an intricately woven vibrant green scarf with micro-polyester threads, interlocking hexagons on the hemline, and subtle metallic sheen on its surface, featuring a delicate gradient effect on the fabric's texture, front view, accurate, complete, white background...'
2025-08-10 22:27:21,644 - INFO -       🎯 Computing scores against original prompt: 'silver robot wearing green scarf...'
2025-08-10 22:28:46,602 - INFO -       📊 Validation score: 0.8490
2025-08-10 22:28:46,603 - INFO -       📉 Score declined: Consider different approach
2025-08-10 22:28:46,603 - INFO - 
   🔄 RL Round 12/18
2025-08-10 22:28:46,603 - INFO -       🎯 Strategy: artistic_elaboration (explore)
2025-08-10 22:28:52,784 - INFO - [TRELLIS] GPU cache cleared: {'status': 'cache_cleared', 'available_memory_gb': 20.277362688}
2025-08-10 22:28:52,784 - INFO -       🔍 Validating...
2025-08-10 22:28:52,785 - INFO -       📝 Using optimized prompt for generation: 'a slender silver robot wearing a vibrant green scarf with micro-polyester threads and a subtle metallic sheen on its surface, featuring intricate engravings along the robot's arm and leg joints, front view, accurate, complete, white background...'
2025-08-10 22:28:52,785 - INFO -       🎯 Computing scores against original prompt: 'silver robot wearing green scarf...'
2025-08-10 22:30:28,585 - INFO -       📊 Validation score: 0.8049
2025-08-10 22:30:28,586 - INFO -       📉 Score declined: Consider different approach
2025-08-10 22:30:28,586 - INFO - 
   🔄 RL Round 13/18
2025-08-10 22:30:28,586 - INFO -       🎯 Strategy: artistic_elaboration (explore)
2025-08-10 22:30:35,346 - INFO - [TRELLIS] GPU cache cleared: {'status': 'cache_cleared', 'available_memory_gb': 20.277362688}
2025-08-10 22:30:35,348 - INFO -       🔍 Validating...
2025-08-10 22:30:35,348 - INFO -       📝 Using optimized prompt for generation: 'a slender silver robot wearing a vibrant green scarf with micro-polyester threads and subtle metallic accents, front view, front view, accurate, complete, white background...'
2025-08-10 22:30:35,348 - INFO -       🎯 Computing scores against original prompt: 'silver robot wearing green scarf...'
2025-08-10 22:32:05,223 - INFO -       📊 Validation score: 0.8720
2025-08-10 22:32:05,224 - INFO -       📈 Improvement detected: artistic_elaboration working better
2025-08-10 22:32:05,224 - INFO - 
   🔄 RL Round 14/18
2025-08-10 22:32:05,225 - INFO -       🎯 Strategy: contextual_scene_building (explore)
2025-08-10 22:32:11,519 - INFO - [TRELLIS] GPU cache cleared: {'status': 'cache_cleared', 'available_memory_gb': 20.277362688}
2025-08-10 22:32:11,520 - INFO -       🔍 Validating...
2025-08-10 22:32:11,520 - INFO -       📝 Using optimized prompt for generation: 'a slender silver robot wearing a intricately woven vibrant green scarf with micro-polyester threads and subtle, raised patterns resembling constellations on the hemline, featuring a delicate gradient effect on the fabric's texture, front view, accurate, complete, white background...'
2025-08-10 22:32:11,521 - INFO -       🎯 Computing scores against original prompt: 'silver robot wearing green scarf...'
2025-08-10 22:33:42,376 - INFO -       📊 Validation score: 0.8101
2025-08-10 22:33:42,377 - INFO -       📉 Score declined: Consider different approach
2025-08-10 22:33:42,377 - INFO - 
   🔄 RL Round 15/18
2025-08-10 22:33:42,377 - INFO -       🎯 Strategy: artistic_elaboration (exploit)
2025-08-10 22:33:48,226 - INFO - [TRELLIS] GPU cache cleared: {'status': 'cache_cleared', 'available_memory_gb': 20.277362688}
2025-08-10 22:33:48,227 - INFO -       🔍 Validating...
2025-08-10 22:33:48,228 - INFO -       📝 Using optimized prompt for generation: 'a slender silver robot wearing an intricately woven vibrant green scarf with micro-polyester threads, featuring a subtle metallic sheen on its surface and intricate engravings along its length...'
2025-08-10 22:33:48,228 - INFO -       🎯 Computing scores against original prompt: 'silver robot wearing green scarf...'
2025-08-10 22:35:16,051 - INFO -       📊 Validation score: 0.8772
2025-08-10 22:35:16,052 - INFO -       📈 Improvement detected: artistic_elaboration working better
2025-08-10 22:35:16,052 - INFO - 
   🔄 RL Round 16/18
2025-08-10 22:35:16,053 - INFO -       🎯 Strategy: artistic_elaboration (exploit)
2025-08-10 22:35:21,671 - INFO - [TRELLIS] GPU cache cleared: {'status': 'cache_cleared', 'available_memory_gb': 20.277362688}
2025-08-10 22:35:21,674 - INFO -       🔍 Validating...
2025-08-10 22:35:21,675 - INFO -       📝 Using optimized prompt for generation: 'a slender silver robot wearing an intricately woven vibrant green scarf with micro-polyester threads and interlocking hexagons on the hemline, featuring a delicate gradient effect on the fabric's texture that subtly shifts from light to dark, front view, accurate, complete, white background...'
2025-08-10 22:35:21,676 - INFO -       🎯 Computing scores against original prompt: 'silver robot wearing green scarf...'
2025-08-10 22:36:49,565 - INFO -       📊 Validation score: 0.8958
2025-08-10 22:36:49,565 - INFO -       📈 Improvement detected: artistic_elaboration working better
2025-08-10 22:36:49,566 - INFO - 
   🔄 RL Round 17/18
2025-08-10 22:36:49,566 - INFO -       🎯 Strategy: minimalist_refinement (explore)
2025-08-10 22:36:56,429 - INFO - [TRELLIS] GPU cache cleared: {'status': 'cache_cleared', 'available_memory_gb': 20.277362688}
2025-08-10 22:36:56,430 - INFO -       🔍 Validating...
2025-08-10 22:36:56,431 - INFO -       📝 Using optimized prompt for generation: 'a slender silver robot with mirror-like reflections on its metal limbs and torso, wearing an intricately woven vibrant green scarf with micro-polyester threads and subtle metallic sheen, front view, accurate, complete, front view, accurate, complete, white background...'
2025-08-10 22:36:56,432 - INFO -       🎯 Computing scores against original prompt: 'silver robot wearing green scarf...'
2025-08-10 22:38:22,678 - INFO -       📊 Validation score: 0.8939
2025-08-10 22:38:22,679 - INFO -       ✅ Convergence achieved: Convergence threshold met (improvement: -0.002)
2025-08-10 22:38:22,747 - INFO - 
🎯 RL LOOP COMPLETE:
2025-08-10 22:38:22,748 - INFO -    Best prompt: a slender silver robot wearing an intricately woven vibrant green scarf with micro-polyester threads and interlocking hexagons on the hemline, featuring a delicate gradient effect on the fabric's texture, front view, accurate, complete, white background
2025-08-10 22:38:22,749 - INFO -    Best score: 0.9184
2025-08-10 22:38:22,749 - INFO -    Rounds: 17
2025-08-10 22:38:22,750 - INFO -    Convergence: True
2025-08-10 22:38:22,750 - INFO -    Convergence reason: Convergence threshold met (improvement: -0.002)
2025-08-10 22:38:22,751 - INFO -    Exploration ratio: 70.6%
2025-08-10 22:38:22,751 - INFO -    Insights learned: 3
2025-08-10 22:38:22,752 - INFO -    Total time: 1619.12s
2025-08-10 22:38:22,752 - INFO - Prompt optimized in 17 rounds: 0.859 → 0.918 (+0.059)
2025-08-10 22:38:22,756 - INFO - ✅ Target score achieved!
2025-08-10 22:38:22,763 - INFO - 
--- Episode 2, Prompt 20 (Total: 26) ---
2025-08-10 22:38:22,763 - INFO - Optimizing: 'warm yellow woolen scarf with fringed edges'
2025-08-10 22:38:22,763 - INFO - 🔍 Checking server availability before optimization...
2025-08-10 22:38:22,774 - INFO - ✅ Server is available (status: completed)
2025-08-10 22:38:22,774 - INFO - 📝 Marked server as used at 1754865502.7745507
2025-08-10 22:38:22,774 - INFO - ✅ Server is available and marked as used
2025-08-10 22:38:25,541 - INFO - 🔄 Reproducibility optimization applied:
2025-08-10 22:38:25,542 - INFO -    Original: warm yellow woolen scarf with fringed edges
2025-08-10 22:38:25,545 - INFO -    Optimized: wbgmsst, a delicately woven, hand-tied, warm yellow woolen scarf with varying lengths that subtly sheen to capture the softest light and fringed edges, rendered in accurate front view complete white background.
2025-08-10 22:38:25,545 - INFO -    Similarity: 1.000
2025-08-10 22:38:25,545 - INFO -    Gold score: 0.8676
2025-08-10 22:38:25,545 - INFO -       🔧 Overriding endpoint: generate/baolei/
2025-08-10 22:38:25,545 - INFO -       🔧 Using endpoint: generate/baolei/
2025-08-10 22:38:25,549 - INFO - 
🔄 RL LOOP OPTIMIZATION: 'warm yellow woolen scarf with fringed edges'
2025-08-10 22:38:25,550 - INFO -    Session: rl_session_1754865505_4934
2025-08-10 22:38:25,550 - INFO -    Max rounds: 18
2025-08-10 22:38:25,553 - INFO -    Min rounds before convergence: 5
2025-08-10 22:38:25,553 - INFO -    Target score: 0.99
2025-08-10 22:38:25,553 - INFO -       🎯 Found previous best attempt: a warm golden-hued woolen scarf with delicately woven, hand-tied fringes in varying lengths that subtly sheen to capture the softest light, front view, accurate, complete, white background (score: 0.8679)
2025-08-10 22:38:25,553 - INFO -       🎯 Strategy used: aggressive_transformation
2025-08-10 22:38:25,553 - INFO -       🎯 Session ID: rl_session_1754794464_2537
2025-08-10 22:38:25,554 - INFO -       🎯 Past final best prompt: a warm golden-hued woolen scarf with delicately woven, hand-tied fringes in varying lengths that subtly sheen to capture the softest light, front view, accurate, complete, white background
2025-08-10 22:38:25,554 - INFO -       🎯 Past final best score: 0.868
2025-08-10 22:38:25,554 - INFO -       🎯 Past session ID: rl_session_1754794464_2537
2025-08-10 22:38:25,554 - INFO -       🎯 Past learned insights: Best performing strategy in session: aggressive_transformation, Explored 3 different strategies
2025-08-10 22:38:25,555 - INFO -       🎯 Past strategy performance updates: {'technical_precision': 0.13839150105794273, 'hybrid_approach': 0.06241784132825401, 'aggressive_transformation': 0.11728749519269566}
2025-08-10 22:38:25,555 - INFO -       🎯 Past final best prompt: a warm golden-hued woolen scarf with delicately woven, hand-tied fringes in varying lengths that subtly sheen to capture the softest light, front view, accurate, complete, white background
2025-08-10 22:38:25,555 - INFO -       🎯 Past final best score: 0.868
2025-08-10 22:38:25,555 - INFO - 
   🔄 RL Round 1/18
2025-08-10 22:38:25,556 - INFO -       🎯 Strategy: minimalist_refinement (explore)
2025-08-10 22:38:32,093 - INFO - [TRELLIS] GPU cache cleared: {'status': 'cache_cleared', 'available_memory_gb': 20.277362688}
2025-08-10 22:38:32,096 - INFO -       🔍 Validating...
2025-08-10 22:38:32,098 - INFO -       📝 Using optimized prompt for generation: 'a warm golden-hued woolen scarf with delicately woven, hand-tied fringes in varying lengths that subtly sheen to capture the softest light, wrapped gently around a neck, evoking feelings of warmth and comfort on a chilly winter morning....'
2025-08-10 22:38:32,098 - INFO -       🎯 Computing scores against original prompt: 'warm yellow woolen scarf with fringed edges...'
2025-08-10 22:40:14,034 - WARNING -    🔧 Score 0.0 - clearing CUDA cache
2025-08-10 22:40:14,035 - INFO -       📊 Validation score: 0.0000
2025-08-10 22:40:14,035 - INFO - 
   🔄 RL Round 2/18
2025-08-10 22:40:14,035 - INFO -       🎯 Strategy: minimalist_refinement (explore)
2025-08-10 22:40:21,573 - INFO - [TRELLIS] GPU cache cleared: {'status': 'cache_cleared', 'available_memory_gb': 20.277362688}
2025-08-10 22:40:21,575 - INFO -       🔍 Validating...
2025-08-10 22:40:21,575 - INFO -       📝 Using optimized prompt for generation: 'a warm, honey-hued woolen scarf with intricately woven, hand-tied fringes in varying lengths that softly sheen to capture the gentlest light, front view, accurate, complete, white background...'
2025-08-10 22:40:21,576 - INFO -       🎯 Computing scores against original prompt: 'warm yellow woolen scarf with fringed edges...'
2025-08-10 22:41:46,845 - INFO -       📊 Validation score: 0.8458
2025-08-10 22:41:46,845 - INFO - 
   🔄 RL Round 3/18
2025-08-10 22:41:46,846 - INFO -       🎯 Strategy: artistic_elaboration (exploit)
2025-08-10 22:41:51,319 - INFO - [TRELLIS] GPU cache cleared: {'status': 'cache_cleared', 'available_memory_gb': 20.277362688}
2025-08-10 22:41:51,320 - INFO -       🔍 Validating...
2025-08-10 22:41:51,320 - INFO -       📝 Using optimized prompt for generation: 'a warm golden-hued woolen scarf with delicately woven, hand-tied fringes in varying lengths that subtly sheen to capture the softest light, front view, accurate, complete, white background. The fringed edges are carefully trimmed and tapered for a soft, relaxed look., front view, accurate, complete, white background...'
2025-08-10 22:41:51,320 - INFO -       🎯 Computing scores against original prompt: 'warm yellow woolen scarf with fringed edges...'
2025-08-10 22:43:24,063 - INFO -       📊 Validation score: 0.8264
2025-08-10 22:43:24,063 - INFO -       📉 Score declined: Consider different approach
2025-08-10 22:43:24,063 - INFO - 
   🔄 RL Round 4/18
2025-08-10 22:43:24,064 - INFO -       🎯 Strategy: artistic_elaboration (exploit)
2025-08-10 22:43:28,369 - INFO - [TRELLIS] GPU cache cleared: {'status': 'cache_cleared', 'available_memory_gb': 20.277362688}
2025-08-10 22:43:28,371 - INFO -       🔍 Validating...
2025-08-10 22:43:28,371 - INFO -       📝 Using optimized prompt for generation: 'a warm golden-hued woolen scarf with subtly scalloped, hand-tied fringes that gently curve outward and sublimate into delicate, woven edges...'
2025-08-10 22:43:28,372 - INFO -       🎯 Computing scores against original prompt: 'warm yellow woolen scarf with fringed edges...'
2025-08-10 22:44:54,058 - INFO -       📊 Validation score: 0.8408
2025-08-10 22:44:54,059 - INFO -       📈 Improvement detected: artistic_elaboration working better
2025-08-10 22:44:54,059 - INFO - 
   🔄 RL Round 5/18
2025-08-10 22:44:54,059 - INFO -       🎯 Strategy: artistic_elaboration (exploit)
2025-08-10 22:45:00,281 - INFO - [TRELLIS] GPU cache cleared: {'status': 'cache_cleared', 'available_memory_gb': 20.277362688}
2025-08-10 22:45:00,281 - INFO -       🔍 Validating...
2025-08-10 22:45:00,282 - INFO -       📝 Using optimized prompt for generation: 'a warm golden-hued woolen scarf with intricately woven, hand-tied fringes in varying lengths that subtly sheen to capture the softest light and feature delicate texture variations, front view, accurate, complete, white background...'
2025-08-10 22:45:00,282 - INFO -       🎯 Computing scores against original prompt: 'warm yellow woolen scarf with fringed edges...'
2025-08-10 22:46:24,296 - WARNING -    🔧 Score 0.0 - clearing CUDA cache
2025-08-10 22:46:24,300 - INFO -       📊 Validation score: 0.0000
2025-08-10 22:46:24,300 - INFO - 
   🔄 RL Round 6/18
2025-08-10 22:46:24,303 - INFO -       🎯 Strategy: material_focus (exploit)
2025-08-10 22:46:29,519 - INFO - [TRELLIS] GPU cache cleared: {'status': 'cache_cleared', 'available_memory_gb': 20.277362688}
2025-08-10 22:46:29,520 - INFO -       🔍 Validating...
2025-08-10 22:46:29,520 - INFO -       📝 Using optimized prompt for generation: 'a warm golden-hued woolen scarf with intricately woven, hand-tied fringes in varying lengths that catch the light with subtle, nuanced sheens, front view, accurate, complete, white background...'
2025-08-10 22:46:29,520 - INFO -       🎯 Computing scores against original prompt: 'warm yellow woolen scarf with fringed edges...'
2025-08-10 22:47:51,020 - INFO -       📊 Validation score: 0.8204
2025-08-10 22:47:51,020 - INFO - 
   🔄 RL Round 7/18
2025-08-10 22:47:51,020 - INFO -       🎯 Strategy: minimalist_refinement (explore)
2025-08-10 22:47:56,544 - INFO - [TRELLIS] GPU cache cleared: {'status': 'cache_cleared', 'available_memory_gb': 20.277362688}
2025-08-10 22:47:56,545 - INFO -       🔍 Validating...
2025-08-10 22:47:56,545 - INFO -       📝 Using optimized prompt for generation: 'a warm golden-hued woolen scarf with intricately woven fringes in varying lengths that create a subtle gradient effect along its edges, front view, accurate, complete, white background...'
2025-08-10 22:47:56,545 - INFO -       🎯 Computing scores against original prompt: 'warm yellow woolen scarf with fringed edges...'
2025-08-10 22:49:30,921 - WARNING -    🔧 Score 0.0 - clearing CUDA cache
2025-08-10 22:49:30,922 - INFO -       📊 Validation score: 0.0000
2025-08-10 22:49:30,924 - INFO - 
   🔄 RL Round 8/18
2025-08-10 22:49:30,924 - INFO -       🎯 Strategy: technical_precision (exploit)
2025-08-10 22:49:36,569 - INFO - [TRELLIS] GPU cache cleared: {'status': 'cache_cleared', 'available_memory_gb': 20.277362688}
2025-08-10 22:49:36,570 - INFO -       🔍 Validating...
2025-08-10 22:49:36,570 - INFO -       📝 Using optimized prompt for generation: 'a warm yellow woolen scarf with intricately woven fringes in varying lengths that subtly capture the softest light, front view, accurate, complete, white background...'
2025-08-10 22:49:36,570 - INFO -       🎯 Computing scores against original prompt: 'warm yellow woolen scarf with fringed edges...'
2025-08-10 22:51:00,995 - INFO -       📊 Validation score: 0.7949
2025-08-10 22:51:00,996 - INFO - 
   🔄 RL Round 9/18
2025-08-10 22:51:00,996 - INFO -       🎯 Strategy: technical_precision (explore)
2025-08-10 22:51:07,155 - INFO - [TRELLIS] GPU cache cleared: {'status': 'cache_cleared', 'available_memory_gb': 20.277362688}
2025-08-10 22:51:07,156 - INFO -       🔍 Validating...
2025-08-10 22:51:07,157 - INFO -       📝 Using optimized prompt for generation: 'a warm golden-hued woolen scarf with intricately woven, hand-tied fringes in varying lengths that gently refract soft light, front view, accurate, complete, white background...'
2025-08-10 22:51:07,157 - INFO -       🎯 Computing scores against original prompt: 'warm yellow woolen scarf with fringed edges...'
2025-08-10 22:52:33,980 - INFO -       📊 Validation score: 0.8561
2025-08-10 22:52:33,989 - INFO -       📈 Improvement detected: technical_precision working better
2025-08-10 22:52:33,995 - INFO - 
   🔄 RL Round 10/18
2025-08-10 22:52:33,995 - INFO -       🎯 Strategy: artistic_elaboration (explore)
2025-08-10 22:52:40,263 - INFO - [TRELLIS] GPU cache cleared: {'status': 'cache_cleared', 'available_memory_gb': 20.277362688}
2025-08-10 22:52:40,264 - INFO -       🔍 Validating...
2025-08-10 22:52:40,264 - INFO -       📝 Using optimized prompt for generation: 'a warm golden-hued woolen scarf with intricately woven, hand-tied fringes in varying lengths that subtly capture the softest light, front view, accurate, complete, white background...'
2025-08-10 22:52:40,267 - INFO -       🎯 Computing scores against original prompt: 'warm yellow woolen scarf with fringed edges...'
2025-08-10 22:54:07,662 - WARNING -    🔧 Score 0.0 - clearing CUDA cache
2025-08-10 22:54:07,663 - INFO -       📊 Validation score: 0.0000
2025-08-10 22:54:07,663 - INFO - 
   🔄 RL Round 11/18
2025-08-10 22:54:07,666 - INFO -       🎯 Strategy: artistic_elaboration (explore)
2025-08-10 22:54:12,390 - INFO - [TRELLIS] GPU cache cleared: {'status': 'cache_cleared', 'available_memory_gb': 20.277362688}
2025-08-10 22:54:12,390 - INFO -       🔍 Validating...
2025-08-10 22:54:12,390 - INFO -       📝 Using optimized prompt for generation: 'a warm golden-hued woolen scarf with intricately woven, hand-tied fringes in varying lengths that subtly sheen to capture the softest light, with a delicate lace trim at the neckline and subtle texture variation along the edges...'
2025-08-10 22:54:12,391 - INFO -       🎯 Computing scores against original prompt: 'warm yellow woolen scarf with fringed edges...'
2025-08-10 22:55:35,622 - INFO -       📊 Validation score: 0.8576
2025-08-10 22:55:35,623 - INFO - 
   🔄 RL Round 12/18
2025-08-10 22:55:35,623 - INFO -       🎯 Strategy: conservative_enhancement (explore)
2025-08-10 22:55:42,385 - INFO - [TRELLIS] GPU cache cleared: {'status': 'cache_cleared', 'available_memory_gb': 20.277362688}
2025-08-10 22:55:42,389 - INFO -       🔍 Validating...
2025-08-10 22:55:42,389 - INFO -       📝 Using optimized prompt for generation: 'a warm golden-hued woolen scarf with silken-twisted fringes in varying lengths that subtly sheen to capture the softest light, front view, accurate, complete, white background...'
2025-08-10 22:55:42,389 - INFO -       🎯 Computing scores against original prompt: 'warm yellow woolen scarf with fringed edges...'
2025-08-10 22:57:03,000 - INFO -       📊 Validation score: 0.7858
2025-08-10 22:57:03,001 - INFO -       📉 Score declined: Consider different approach
2025-08-10 22:57:03,001 - INFO - 
   🔄 RL Round 13/18
2025-08-10 22:57:03,001 - INFO -       🎯 Strategy: hybrid_approach (exploit)
2025-08-10 22:57:09,071 - INFO - [TRELLIS] GPU cache cleared: {'status': 'cache_cleared', 'available_memory_gb': 20.277362688}
2025-08-10 22:57:09,072 - INFO -       🔍 Validating...
2025-08-10 22:57:09,073 - INFO -       📝 Using optimized prompt for generation: 'a warm golden-hued woolen scarf with intricately woven, hand-tied fringes in varying lengths that gently curve outward and capture the softest light, front view, accurate, complete, white background...'
2025-08-10 22:57:09,074 - INFO -       🎯 Computing scores against original prompt: 'warm yellow woolen scarf with fringed edges...'
2025-08-10 22:58:41,795 - INFO -       📊 Validation score: 0.8568
2025-08-10 22:58:41,796 - INFO -       📈 Improvement detected: hybrid_approach working better
2025-08-10 22:58:41,796 - INFO - 
   🔄 RL Round 14/18
2025-08-10 22:58:41,796 - INFO -       🎯 Strategy: conservative_enhancement (explore)
2025-08-10 22:58:56,031 - WARNING - [TRELLIS] Exception clearing GPU cache: HTTPConnectionPool(host='localhost', port=8096): Read timed out. (read timeout=10)
2025-08-10 22:58:56,032 - INFO -       🔍 Validating...
2025-08-10 22:58:56,035 - INFO -       📝 Using optimized prompt for generation: 'a warm golden-hued woolen scarf with intricately woven fringes in varying lengths that capture the subtle nuances of soft light, front view, accurate, complete, white background...'
2025-08-10 22:58:56,035 - INFO -       🎯 Computing scores against original prompt: 'warm yellow woolen scarf with fringed edges...'
2025-08-10 23:00:23,210 - INFO -       📊 Validation score: 0.8294
2025-08-10 23:00:23,210 - INFO -       📉 Score declined: Consider different approach
2025-08-10 23:00:23,210 - INFO - 
   🔄 RL Round 15/18
2025-08-10 23:00:23,210 - INFO -       🎯 Strategy: hybrid_approach (explore)
2025-08-10 23:00:29,662 - INFO - [TRELLIS] GPU cache cleared: {'status': 'cache_cleared', 'available_memory_gb': 20.277362688}
2025-08-10 23:00:29,663 - INFO -       🔍 Validating...
2025-08-10 23:00:29,663 - INFO -       📝 Using optimized prompt for generation: 'a warm golden-hued woolen scarf with intricately woven, hand-tied fringes in varying lengths that subtly sheen to capture the softest light, adorned with delicate, interlocking patterns resembling leaves and vines, gentle fraying at the edges, front view, accurate, complete, white background...'
2025-08-10 23:00:29,663 - INFO -       🎯 Computing scores against original prompt: 'warm yellow woolen scarf with fringed edges...'
2025-08-10 23:01:56,093 - WARNING -    🔧 Score 0.0 - clearing CUDA cache
2025-08-10 23:01:56,094 - INFO -       📊 Validation score: 0.0000
2025-08-10 23:01:56,094 - INFO - 
   🔄 RL Round 16/18
2025-08-10 23:01:56,094 - INFO -       🎯 Strategy: hybrid_approach (explore)
2025-08-10 23:02:01,911 - INFO - [TRELLIS] GPU cache cleared: {'status': 'cache_cleared', 'available_memory_gb': 20.277362688}
2025-08-10 23:02:01,913 - INFO -       🔍 Validating...
2025-08-10 23:02:01,914 - INFO -       📝 Using optimized prompt for generation: 'a warm golden-hued woolen scarf with subtly sheened fringes that capture the softest, most delicate light in a way that enhances its intricate texture and subtle color variations, front view, accurate, complete, white background...'
2025-08-10 23:02:01,915 - INFO -       🎯 Computing scores against original prompt: 'warm yellow woolen scarf with fringed edges...'
2025-08-10 23:03:31,774 - INFO -       📊 Validation score: 0.8209
2025-08-10 23:03:31,776 - INFO - 
   🔄 RL Round 17/18
2025-08-10 23:03:31,777 - INFO -       🎯 Strategy: material_focus (exploit)
2025-08-10 23:03:38,472 - INFO - [TRELLIS] GPU cache cleared: {'status': 'cache_cleared', 'available_memory_gb': 20.277362688}
2025-08-10 23:03:38,475 - INFO -       🔍 Validating...
2025-08-10 23:03:38,476 - INFO -       📝 Using optimized prompt for generation: 'a warm golden-hued woolen scarf with intricately woven fringes in varying lengths that capture the softest light, exuding subtle sheen in the gentlest illumination, front view, accurate, complete, white background...'
2025-08-10 23:03:38,479 - INFO -       🎯 Computing scores against original prompt: 'warm yellow woolen scarf with fringed edges...'
2025-08-10 23:05:09,851 - INFO -       📊 Validation score: 0.8310
2025-08-10 23:05:09,851 - INFO -       📈 Improvement detected: material_focus working better
2025-08-10 23:05:09,852 - INFO - 
   🔄 RL Round 18/18
2025-08-10 23:05:09,852 - INFO -       🎯 Strategy: technical_precision (exploit)
2025-08-10 23:05:17,458 - INFO - [TRELLIS] GPU cache cleared: {'status': 'cache_cleared', 'available_memory_gb': 20.277362688}
2025-08-10 23:05:17,459 - INFO -       🔍 Validating...
2025-08-10 23:05:17,459 - INFO -       📝 Using optimized prompt for generation: ':, front view, accurate, complete, white background...'
2025-08-10 23:05:17,460 - INFO -       🎯 Computing scores against original prompt: 'warm yellow woolen scarf with fringed edges...'
2025-08-10 23:06:41,716 - WARNING -    🔧 Score 0.0 - clearing CUDA cache
2025-08-10 23:06:41,718 - INFO -       📊 Validation score: 0.0000
2025-08-10 23:06:41,777 - INFO - 
🎯 RL LOOP COMPLETE:
2025-08-10 23:06:41,781 - INFO -    Best prompt: a warm golden-hued woolen scarf with delicately woven, hand-tied fringes in varying lengths that subtly sheen to capture the softest light, front view, accurate, complete, white background
2025-08-10 23:06:41,781 - INFO -    Best score: 0.8679
2025-08-10 23:06:41,782 - INFO -    Rounds: 18
2025-08-10 23:06:41,782 - INFO -    Convergence: False
2025-08-10 23:06:41,782 - INFO -    Convergence reason: Not converged
2025-08-10 23:06:41,782 - INFO -    Exploration ratio: 55.6%
2025-08-10 23:06:41,782 - INFO -    Insights learned: 2
2025-08-10 23:06:41,783 - INFO -    Total time: 1696.17s
2025-08-10 23:06:41,783 - INFO - Prompt optimized in 18 rounds: 0.000 → 0.868 (+0.868)
2025-08-10 23:06:41,783 - INFO - ⏰ Max rounds reached
2025-08-10 23:06:41,795 - INFO - 
--- Episode 2, Prompt 21 (Total: 26) ---
2025-08-10 23:06:41,797 - INFO - Optimizing: 'ruby bracelet adorned with faceted stones'
2025-08-10 23:06:41,797 - INFO - 🔍 Checking server availability before optimization...
2025-08-10 23:06:41,810 - INFO - ✅ Server is available (status: completed)
2025-08-10 23:06:41,811 - INFO - 📝 Marked server as used at 1754867201.811174
2025-08-10 23:06:41,811 - INFO - ✅ Server is available and marked as used
2025-08-10 23:06:44,825 - INFO - 🔄 Reproducibility optimization applied:
2025-08-10 23:06:44,826 - INFO -    Original: ruby bracelet adorned with faceted stones
2025-08-10 23:06:44,827 - INFO -    Optimized: wbgmsst, an antique-inspired ruby bracelet adorned with expertly faceted rubies and delicate chain, exhibits subtle luster in the center of each stone, refract light, features vintage floral motif on slender metalwork, white background.
2025-08-10 23:06:44,827 - INFO -    Similarity: 1.000
2025-08-10 23:06:44,828 - INFO -    Gold score: 0.8813
2025-08-10 23:06:44,828 - INFO -       🔧 Overriding endpoint: generate/baolei/
2025-08-10 23:06:44,829 - INFO -       🔧 Using endpoint: generate/baolei/
2025-08-10 23:06:44,833 - INFO - 
🔄 RL LOOP OPTIMIZATION: 'ruby bracelet adorned with faceted stones'
2025-08-10 23:06:44,836 - INFO -    Session: rl_session_1754867204_5369
2025-08-10 23:06:44,836 - INFO -    Max rounds: 18
2025-08-10 23:06:44,836 - INFO -    Min rounds before convergence: 5
2025-08-10 23:06:44,836 - INFO -    Target score: 0.99
2025-08-10 23:06:44,837 - INFO -       🎯 Found previous best attempt: a slender ruby bracelet adorned with expertly faceted stones that refract light and exhibit subtle luster in the center of each stone (score: 0.9243)
2025-08-10 23:06:44,838 - INFO -       🎯 Strategy used: conservative_enhancement
2025-08-10 23:06:44,838 - INFO -       🎯 Session ID: rl_session_1754837876_2200
2025-08-10 23:06:44,838 - INFO -       🎯 Past final best prompt: a slender ruby bracelet adorned with expertly faceted stones that refract light and exhibit subtle luster in the center of each stone
2025-08-10 23:06:44,839 - INFO -       🎯 Past final best score: 0.924
2025-08-10 23:06:44,840 - INFO -       🎯 Past session ID: rl_session_1754837876_2200
2025-08-10 23:06:44,841 - INFO -       🎯 Past learned insights: Iterative improvement successful: 0.850 → 0.856, Best performing strategy in session: conservative_enhancement, Explored 4 different strategies
2025-08-10 23:06:44,841 - INFO -       🎯 Past strategy performance updates: {'technical_precision': 0.0056801711541863975, 'aggressive_transformation': -0.01890466810175906, 'hybrid_approach': -0.009345628183234922, 'conservative_enhancement': 0.013385324282656597}
2025-08-10 23:06:44,842 - INFO -       🎯 Past final best prompt: a slender ruby bracelet adorned with expertly faceted stones that refract light and exhibit subtle luster in the center of each stone
2025-08-10 23:06:44,845 - INFO -       🎯 Past final best score: 0.924
2025-08-10 23:06:44,845 - INFO - 
   🔄 RL Round 1/18
2025-08-10 23:06:44,845 - INFO -       🎯 Strategy: hybrid_approach (explore)
2025-08-10 23:06:48,921 - INFO - [TRELLIS] GPU cache cleared: {'status': 'cache_cleared', 'available_memory_gb': 20.277362688}
2025-08-10 23:06:48,923 - INFO -       🔍 Validating...
2025-08-10 23:06:48,923 - INFO -       📝 Using optimized prompt for generation: 'a slender ruby bracelet adorned with expertly faceted stones that exhibit a high level of precision and craftsmanship, front view, accurate, complete, white background...'
2025-08-10 23:06:48,924 - INFO -       🎯 Computing scores against original prompt: 'ruby bracelet adorned with faceted stones...'
2025-08-10 23:08:11,622 - INFO -       📊 Validation score: 0.8286
2025-08-10 23:08:11,622 - INFO - 
   🔄 RL Round 2/18
2025-08-10 23:08:11,622 - INFO -       🎯 Strategy: material_focus (exploit)
2025-08-10 23:08:17,058 - INFO - [TRELLIS] GPU cache cleared: {'status': 'cache_cleared', 'available_memory_gb': 20.277362688}
2025-08-10 23:08:17,058 - INFO -       🔍 Validating...
2025-08-10 23:08:17,058 - INFO -       📝 Using optimized prompt for generation: 'a slender ruby bracelet adorned with expertly faceted stones that refract and bend light to display subtle luster in the center of each stone, front view, accurate, complete, white background...'
2025-08-10 23:08:17,058 - INFO -       🎯 Computing scores against original prompt: 'ruby bracelet adorned with faceted stones...'
2025-08-10 23:09:44,216 - INFO -       📊 Validation score: 0.7929
2025-08-10 23:09:44,217 - INFO -       📉 Score declined: Consider different approach
2025-08-10 23:09:44,217 - INFO - 
   🔄 RL Round 3/18
2025-08-10 23:09:44,217 - INFO -       🎯 Strategy: material_focus (exploit)
2025-08-10 23:09:50,265 - INFO - [TRELLIS] GPU cache cleared: {'status': 'cache_cleared', 'available_memory_gb': 20.277362688}
2025-08-10 23:09:50,266 - INFO -       🔍 Validating...
2025-08-10 23:09:50,266 - INFO -       📝 Using optimized prompt for generation: 'a slender ruby bracelet adorned with expertly faceted stones that refract light and exhibit a subtle, intricate luster in the center of each stone...'
2025-08-10 23:09:50,266 - INFO -       🎯 Computing scores against original prompt: 'ruby bracelet adorned with faceted stones...'
2025-08-10 23:11:16,761 - INFO -       📊 Validation score: 0.9171
2025-08-10 23:11:16,762 - INFO -       📈 Improvement detected: material_focus working better
2025-08-10 23:11:16,762 - INFO - 
   🔄 RL Round 4/18
2025-08-10 23:11:16,762 - INFO -       🎯 Strategy: material_focus (exploit)
2025-08-10 23:11:21,951 - INFO - [TRELLIS] GPU cache cleared: {'status': 'cache_cleared', 'available_memory_gb': 20.277362688}
2025-08-10 23:11:21,952 - INFO -       🔍 Validating...
2025-08-10 23:11:21,953 - INFO -       📝 Using optimized prompt for generation: 'a slender ruby bracelet adorned with expertly faceted rubies that exhibit a high level of precision and showcase an inner glow within each stone, front view, accurate, complete, white background...'
2025-08-10 23:11:21,953 - INFO -       🎯 Computing scores against original prompt: 'ruby bracelet adorned with faceted stones...'
2025-08-10 23:12:47,107 - INFO -       📊 Validation score: 0.8679
2025-08-10 23:12:47,107 - INFO -       📉 Score declined: Consider different approach
2025-08-10 23:12:47,107 - INFO - 
   🔄 RL Round 5/18
2025-08-10 23:12:47,108 - INFO -       🎯 Strategy: technical_precision (explore)
2025-08-10 23:12:54,341 - INFO - [TRELLIS] GPU cache cleared: {'status': 'cache_cleared', 'available_memory_gb': 20.277362688}
2025-08-10 23:12:54,342 - INFO -       🔍 Validating...
2025-08-10 23:12:54,342 - INFO -       📝 Using optimized prompt for generation: 'a slender ruby bracelet adorned with expertly faceted rubies, featuring subtle luster in the center of each stone, with delicate chain details and ornate metalwork...'
2025-08-10 23:12:54,342 - INFO -       🎯 Computing scores against original prompt: 'ruby bracelet adorned with faceted stones...'
2025-08-10 23:14:20,143 - INFO -       📊 Validation score: 0.9063
2025-08-10 23:14:20,143 - INFO -       📈 Improvement detected: technical_precision working better
2025-08-10 23:14:20,144 - INFO - 
   🔄 RL Round 6/18
2025-08-10 23:14:20,144 - INFO -       🎯 Strategy: contextual_scene_building (explore)
2025-08-10 23:14:24,596 - INFO - [TRELLIS] GPU cache cleared: {'status': 'cache_cleared', 'available_memory_gb': 20.277362688}
2025-08-10 23:14:24,597 - INFO -       🔍 Validating...
2025-08-10 23:14:24,598 - INFO -       📝 Using optimized prompt for generation: 'a slender ruby bracelet adorned with expertly faceted stones that refract light and exhibit subtle luster in the center of each stone, its intricate facets revealing a soft, warm glow, front view, accurate, complete, white background...'
2025-08-10 23:14:24,600 - INFO -       🎯 Computing scores against original prompt: 'ruby bracelet adorned with faceted stones...'
2025-08-10 23:15:48,846 - INFO -       📊 Validation score: 0.7720
2025-08-10 23:15:48,847 - INFO -       📉 Score declined: Consider different approach
2025-08-10 23:15:48,847 - INFO - 
   🔄 RL Round 7/18
2025-08-10 23:15:48,847 - INFO -       🎯 Strategy: contextual_scene_building (explore)
2025-08-10 23:15:55,193 - INFO - [TRELLIS] GPU cache cleared: {'status': 'cache_cleared', 'available_memory_gb': 20.277362688}
2025-08-10 23:15:55,194 - INFO -       🔍 Validating...
2025-08-10 23:15:55,194 - INFO -       📝 Using optimized prompt for generation: 'a slender ruby bracelet adorned with expertly faceted rubies, featuring intricate cut details and a subtle warm glow in the center of each stone, front view, accurate, complete, white background...'
2025-08-10 23:15:55,194 - INFO -       🎯 Computing scores against original prompt: 'ruby bracelet adorned with faceted stones...'
2025-08-10 23:17:16,335 - INFO -       📊 Validation score: 0.6629
2025-08-10 23:17:16,336 - INFO -       📉 Score declined: Consider different approach
2025-08-10 23:17:16,336 - INFO - 
   🔄 RL Round 8/18
2025-08-10 23:17:16,336 - INFO -       🎯 Strategy: contextual_scene_building (explore)
2025-08-10 23:17:21,924 - INFO - [TRELLIS] GPU cache cleared: {'status': 'cache_cleared', 'available_memory_gb': 20.277362688}
2025-08-10 23:17:21,926 - INFO -       🔍 Validating...
2025-08-10 23:17:21,926 - INFO -       📝 Using optimized prompt for generation: 'a slender ruby bracelet adorned with expertly faceted rubies that exhibit a high level of precision and intricate cut details, subtly refracting light to create an aura of luxury...'
2025-08-10 23:17:21,926 - INFO -       🎯 Computing scores against original prompt: 'ruby bracelet adorned with faceted stones...'
2025-08-10 23:18:45,685 - INFO -       📊 Validation score: 0.8331
2025-08-10 23:18:45,685 - INFO -       📈 Improvement detected: contextual_scene_building working better
2025-08-10 23:18:45,686 - INFO - 
   🔄 RL Round 9/18
2025-08-10 23:18:45,686 - INFO -       🎯 Strategy: material_focus (exploit)
2025-08-10 23:18:50,673 - INFO - [TRELLIS] GPU cache cleared: {'status': 'cache_cleared', 'available_memory_gb': 20.277362688}
2025-08-10 23:18:50,675 - INFO -       🔍 Validating...
2025-08-10 23:18:50,676 - INFO -       📝 Using optimized prompt for generation: 'a slender ruby bracelet adorned with expertly faceted stones that exhibit precise angles and subtle nuances in their refractive properties...'
2025-08-10 23:18:50,676 - INFO -       🎯 Computing scores against original prompt: 'ruby bracelet adorned with faceted stones...'
2025-08-10 23:20:19,459 - INFO -       📊 Validation score: 0.8810
2025-08-10 23:20:19,460 - INFO -       📈 Improvement detected: material_focus working better
2025-08-10 23:20:19,460 - INFO - 
   🔄 RL Round 10/18
2025-08-10 23:20:19,460 - INFO -       🎯 Strategy: material_focus (explore)
2025-08-10 23:20:25,423 - INFO - [TRELLIS] GPU cache cleared: {'status': 'cache_cleared', 'available_memory_gb': 20.277362688}
2025-08-10 23:20:25,424 - INFO -       🔍 Validating...
2025-08-10 23:20:25,425 - INFO -       📝 Using optimized prompt for generation: 'a slender ruby bracelet adorned with expertly faceted stones that refract light and exhibit an intricate web of subtle facets across each stone's surface...'
2025-08-10 23:20:25,425 - INFO -       🎯 Computing scores against original prompt: 'ruby bracelet adorned with faceted stones...'
2025-08-10 23:21:53,979 - INFO -       📊 Validation score: 0.8885
2025-08-10 23:21:53,979 - INFO -       ✅ Convergence achieved: Convergence threshold met (improvement: 0.008)
2025-08-10 23:21:54,044 - INFO - 
🎯 RL LOOP COMPLETE:
2025-08-10 23:21:54,045 - INFO -    Best prompt: a slender ruby bracelet adorned with expertly faceted stones that refract light and exhibit subtle luster in the center of each stone
2025-08-10 23:21:54,048 - INFO -    Best score: 0.9243
2025-08-10 23:21:54,048 - INFO -    Rounds: 10
2025-08-10 23:21:54,048 - INFO -    Convergence: True
2025-08-10 23:21:54,048 - INFO -    Convergence reason: Convergence threshold met (improvement: 0.008)
2025-08-10 23:21:54,048 - INFO -    Exploration ratio: 60.0%
2025-08-10 23:21:54,049 - INFO -    Insights learned: 3
2025-08-10 23:21:54,050 - INFO -    Total time: 909.15s
2025-08-10 23:21:54,051 - INFO - Prompt optimized in 10 rounds: 0.829 → 0.924 (+0.096)
2025-08-10 23:21:54,051 - INFO - ✅ Target score achieved!
2025-08-10 23:21:54,059 - INFO - 
--- Episode 2, Prompt 22 (Total: 26) ---
2025-08-10 23:21:54,063 - INFO - Optimizing: 'purple suv high roof off-road tires'
2025-08-10 23:21:54,063 - INFO - 🔍 Checking server availability before optimization...
2025-08-10 23:21:54,073 - INFO - ✅ Server is available (status: completed)
2025-08-10 23:21:54,073 - INFO - 📝 Marked server as used at 1754868114.0739625
2025-08-10 23:21:54,074 - INFO - ✅ Server is available and marked as used
2025-08-10 23:21:57,458 - INFO - 🔄 Reproducibility optimization applied:
2025-08-10 23:21:57,458 - INFO -    Original: purple suv high roof off-road tires
2025-08-10 23:21:57,459 - INFO -    Optimized: wbgmsst, a sleek and luxurious purple SUV with durable construction, high roof, prominent front tires, and off-road tires, features aggressive off-road capability and advanced traction control systems, all set against a white background.
2025-08-10 23:21:57,459 - INFO -    Similarity: 1.000
2025-08-10 23:21:57,459 - INFO -    Gold score: 0.9248
2025-08-10 23:21:57,459 - INFO -       🔧 Overriding endpoint: generate/baolei/
2025-08-10 23:21:57,459 - INFO -       🔧 Using endpoint: generate/baolei/
2025-08-10 23:21:57,468 - INFO - 
🔄 RL LOOP OPTIMIZATION: 'purple suv high roof off-road tires'
2025-08-10 23:21:57,468 - INFO -    Session: rl_session_1754868117_1160
2025-08-10 23:21:57,468 - INFO -    Max rounds: 18
2025-08-10 23:21:57,468 - INFO -    Min rounds before convergence: 5
2025-08-10 23:21:57,468 - INFO -    Target score: 0.99
2025-08-10 23:21:57,469 - INFO -       🎯 Found previous best attempt: a sleek, luxurious purple SUV with an aggressive off-road capability and advanced traction control systems featuring durable construction, high roof, and prominent front tires, accurate, complete, white background, front view, accurate, complete, white background (score: 0.9248)
2025-08-10 23:21:57,469 - INFO -       🎯 Strategy used: material_focus
2025-08-10 23:21:57,469 - INFO -       🎯 Session ID: rl_session_1754807723_3612
2025-08-10 23:21:57,469 - INFO -       🎯 Past final best prompt: a sleek, luxurious purple SUV with an aggressive off-road capability and advanced traction control systems featuring durable construction, high roof, and prominent front tires, accurate, complete, white background, front view, accurate, complete, white background
2025-08-10 23:21:57,469 - INFO -       🎯 Past final best score: 0.925
2025-08-10 23:21:57,469 - INFO -       🎯 Past session ID: rl_session_1754807723_3612
2025-08-10 23:21:57,469 - INFO -       🎯 Past learned insights: Best performing strategy in session: material_focus, Explored 4 different strategies
2025-08-10 23:21:57,469 - INFO -       🎯 Past strategy performance updates: {'artistic_elaboration': -0.018851831711033773, 'material_focus': 0.11745610337159929, 'hybrid_approach': -0.039913818052868755, 'conservative_enhancement': 0.009625390381408527}
2025-08-10 23:21:57,469 - INFO -       🎯 Past final best prompt: a sleek, luxurious purple SUV with an aggressive off-road capability and advanced traction control systems featuring durable construction, high roof, and prominent front tires, accurate, complete, white background, front view, accurate, complete, white background
2025-08-10 23:21:57,470 - INFO -       🎯 Past final best score: 0.925
2025-08-10 23:21:57,470 - INFO - 
   🔄 RL Round 1/18
2025-08-10 23:21:57,470 - INFO -       🎯 Strategy: material_focus (exploit)
2025-08-10 23:22:04,631 - INFO - [TRELLIS] GPU cache cleared: {'status': 'cache_cleared', 'available_memory_gb': 20.277362688}
2025-08-10 23:22:04,632 - INFO -       🔍 Validating...
2025-08-10 23:22:04,633 - INFO -       📝 Using optimized prompt for generation: 'a sleek, luxurious purple SUV with aggressive off-road capability and advanced traction control systems featuring durable construction, high roof, prominent front tires, accurate, complete, front view, accurate, complete, white background...'
2025-08-10 23:22:04,634 - INFO -       🎯 Computing scores against original prompt: 'purple suv high roof off-road tires...'
2025-08-10 23:23:36,559 - INFO -       📊 Validation score: 0.8896
2025-08-10 23:23:36,560 - INFO - 
   🔄 RL Round 2/18
2025-08-10 23:23:36,560 - INFO -       🎯 Strategy: material_focus (exploit)
2025-08-10 23:23:41,701 - INFO - [TRELLIS] GPU cache cleared: {'status': 'cache_cleared', 'available_memory_gb': 20.277362688}
2025-08-10 23:23:41,704 - INFO -       🔍 Validating...
2025-08-10 23:23:41,704 - INFO -       📝 Using optimized prompt for generation: 'a sleek, high-gloss purple SUV with an aggressive off-road capability and advanced traction control systems featuring durable construction, high roof, prominent front tires with aggressive tread patterns, accurate, complete, white background, front view, front view, accurate, complete, white background...'
2025-08-10 23:23:41,704 - INFO -       🎯 Computing scores against original prompt: 'purple suv high roof off-road tires...'
2025-08-10 23:25:14,036 - INFO -       📊 Validation score: 0.7392
2025-08-10 23:25:14,037 - INFO -       📉 Score declined: Consider different approach
2025-08-10 23:25:14,037 - INFO - 
   🔄 RL Round 3/18
2025-08-10 23:25:14,037 - INFO -       🎯 Strategy: material_focus (explore)
2025-08-10 23:25:20,265 - INFO - [TRELLIS] GPU cache cleared: {'status': 'cache_cleared', 'available_memory_gb': 20.277362688}
2025-08-10 23:25:20,269 - INFO -       🔍 Validating...
2025-08-10 23:25:20,269 - INFO -       📝 Using optimized prompt for generation: 'a high-roofed purple SUV with aggressive off-road capability featuring prominent front tires and durable construction, set against a crisp white background for optimal visibility, front view, accurate, complete, white background...'
2025-08-10 23:25:20,269 - INFO -       🎯 Computing scores against original prompt: 'purple suv high roof off-road tires...'
2025-08-10 23:26:53,784 - INFO -       📊 Validation score: 0.6259
2025-08-10 23:26:53,785 - INFO -       📉 Score declined: Consider different approach
2025-08-10 23:26:53,785 - INFO - 
   🔄 RL Round 4/18
2025-08-10 23:26:53,785 - INFO -       🎯 Strategy: aggressive_transformation (exploit)
2025-08-10 23:27:07,174 - WARNING - [TRELLIS] Exception clearing GPU cache: HTTPConnectionPool(host='localhost', port=8096): Read timed out. (read timeout=10)
2025-08-10 23:27:07,174 - INFO -       🔍 Validating...
2025-08-10 23:27:07,174 - INFO -       📝 Using optimized prompt for generation: 'a high-roofed, sleekly designed purple SUV with an aggressive off-road capability and advanced traction control systems featuring prominent front tires and durable construction., front view, accurate, complete, white background...'
2025-08-10 23:27:07,174 - INFO -       🎯 Computing scores against original prompt: 'purple suv high roof off-road tires...'
2025-08-10 23:28:45,969 - INFO -       📊 Validation score: 0.6436
2025-08-10 23:28:45,970 - INFO -       📈 Improvement detected: aggressive_transformation working better
2025-08-10 23:28:45,970 - INFO - 
   🔄 RL Round 5/18
2025-08-10 23:28:45,970 - INFO -       🎯 Strategy: material_focus (exploit)
2025-08-10 23:28:51,219 - INFO - [TRELLIS] GPU cache cleared: {'status': 'cache_cleared', 'available_memory_gb': 20.277362688}
2025-08-10 23:28:51,219 - INFO -       🔍 Validating...
2025-08-10 23:28:51,219 - INFO -       📝 Using optimized prompt for generation: 'a high-roofed purple SUV with aggressive off-road capability featuring prominent front tires, durable construction, and advanced traction control systems, front view, accurate, complete, white background...'
2025-08-10 23:28:51,219 - INFO -       🎯 Computing scores against original prompt: 'purple suv high roof off-road tires...'
2025-08-10 23:30:29,578 - INFO -       📊 Validation score: 0.4755
2025-08-10 23:30:29,579 - INFO -       📉 Score declined: Consider different approach
2025-08-10 23:30:29,579 - INFO -       🔍 Increasing exploration to 0.46
2025-08-10 23:30:29,579 - INFO - 
   🔄 RL Round 6/18
2025-08-10 23:30:29,580 - INFO -       🎯 Strategy: aggressive_transformation (explore)
2025-08-10 23:30:35,273 - INFO - [TRELLIS] GPU cache cleared: {'status': 'cache_cleared', 'available_memory_gb': 20.277362688}
2025-08-10 23:30:35,276 - INFO -       🔍 Validating...
2025-08-10 23:30:35,277 - INFO -       📝 Using optimized prompt for generation: 'a high-roofed, sleekly designed purple SUV with an aggressive off-road capability featuring prominent front tires, advanced traction control systems, and durable construction, accurate, complete, white background, front view, accurate, complete, front view, accurate, complete, white background...'
2025-08-10 23:30:35,277 - INFO -       🎯 Computing scores against original prompt: 'purple suv high roof off-road tires...'
2025-08-10 23:32:10,707 - INFO -       📊 Validation score: 0.7290
2025-08-10 23:32:10,709 - INFO -       📈 Improvement detected: aggressive_transformation working better
2025-08-10 23:32:10,709 - INFO - 
   🔄 RL Round 7/18
2025-08-10 23:32:10,710 - INFO -       🎯 Strategy: hybrid_approach (exploit)
2025-08-10 23:32:16,721 - INFO - [TRELLIS] GPU cache cleared: {'status': 'cache_cleared', 'available_memory_gb': 20.277362688}
2025-08-10 23:32:16,722 - INFO -       🔍 Validating...
2025-08-10 23:32:16,722 - INFO -       📝 Using optimized prompt for generation: 'a sleekly designed purple SUV with an aggressive off-road capability featuring prominent front tires, advanced traction control systems, high roof, durable construction, and textured exterior paint, front view, accurate, complete, white background...'
2025-08-10 23:32:16,722 - INFO -       🎯 Computing scores against original prompt: 'purple suv high roof off-road tires...'
2025-08-10 23:33:56,566 - INFO -       📊 Validation score: 0.9010
2025-08-10 23:33:56,568 - INFO -       📈 Improvement detected: hybrid_approach working better
2025-08-10 23:33:56,568 - INFO - 
   🔄 RL Round 8/18
2025-08-10 23:33:56,569 - INFO -       🎯 Strategy: aggressive_transformation (exploit)
2025-08-10 23:34:02,284 - INFO - [TRELLIS] GPU cache cleared: {'status': 'cache_cleared', 'available_memory_gb': 20.277362688}
2025-08-10 23:34:02,285 - INFO -       🔍 Validating...
2025-08-10 23:34:02,285 - INFO -       📝 Using optimized prompt for generation: 'a high-roofed sleekly designed purple SUV with aggressive off-road capability featuring prominent front tires and advanced traction control systems, front view, accurate, complete, white background...'
2025-08-10 23:34:02,285 - INFO -       🎯 Computing scores against original prompt: 'purple suv high roof off-road tires...'
2025-08-10 23:35:30,129 - INFO -       📊 Validation score: 0.8471
2025-08-10 23:35:30,129 - INFO -       📉 Score declined: Consider different approach
2025-08-10 23:35:30,129 - INFO - 
   🔄 RL Round 9/18
2025-08-10 23:35:30,129 - INFO -       🎯 Strategy: aggressive_transformation (exploit)
2025-08-10 23:35:36,778 - INFO - [TRELLIS] GPU cache cleared: {'status': 'cache_cleared', 'available_memory_gb': 20.277362688}
2025-08-10 23:35:36,778 - INFO -       🔍 Validating...
2025-08-10 23:35:36,778 - INFO -       📝 Using optimized prompt for generation: 'a high-roofed sleekly designed purple SUV with an aggressive off-road capability and advanced traction control systems featuring prominent front tires, durable construction, and accurate details, front view, accurate, complete, white background...'
2025-08-10 23:35:36,778 - INFO -       🎯 Computing scores against original prompt: 'purple suv high roof off-road tires...'
2025-08-10 23:37:14,368 - INFO -       📊 Validation score: 0.8400
2025-08-10 23:37:14,369 - INFO -       📉 Score declined: Consider different approach
2025-08-10 23:37:14,369 - INFO - 
   🔄 RL Round 10/18
2025-08-10 23:37:14,369 - INFO -       🎯 Strategy: aggressive_transformation (exploit)
2025-08-10 23:37:21,563 - INFO - [TRELLIS] GPU cache cleared: {'status': 'cache_cleared', 'available_memory_gb': 20.277362688}
2025-08-10 23:37:21,564 - INFO -       🔍 Validating...
2025-08-10 23:37:21,564 - INFO -       📝 Using optimized prompt for generation: 'a high-roofed, premium leather-wrapped purple SUV with an aggressive off-road capability featuring advanced suspension systems, prominent front tires, and durable construction set against a clean, white background in a clear, well-lit front view...'
2025-08-10 23:37:21,564 - INFO -       🎯 Computing scores against original prompt: 'purple suv high roof off-road tires...'
2025-08-10 23:38:59,173 - INFO -       📊 Validation score: 0.8620
2025-08-10 23:38:59,174 - INFO -       📈 Improvement detected: aggressive_transformation working better
2025-08-10 23:38:59,174 - INFO - 
   🔄 RL Round 11/18
2025-08-10 23:38:59,174 - INFO -       🎯 Strategy: material_focus (explore)
2025-08-10 23:39:05,582 - INFO - [TRELLIS] GPU cache cleared: {'status': 'cache_cleared', 'available_memory_gb': 20.277362688}
2025-08-10 23:39:05,583 - INFO -       🔍 Validating...
2025-08-10 23:39:05,584 - INFO -       📝 Using optimized prompt for generation: 'a sleek, luxurious purple SUV with an aggressive off-road capability and advanced traction control systems, high roof, prominent front tires, durable construction, clean lines, and matte-black accents...'
2025-08-10 23:39:05,587 - INFO -       🎯 Computing scores against original prompt: 'purple suv high roof off-road tires...'
2025-08-10 23:40:48,933 - INFO -       📊 Validation score: 0.5972
2025-08-10 23:40:48,934 - INFO -       📉 Score declined: Consider different approach
2025-08-10 23:40:48,934 - INFO - 
   🔄 RL Round 12/18
2025-08-10 23:40:48,934 - INFO -       🎯 Strategy: aggressive_transformation (exploit)
2025-08-10 23:40:55,813 - INFO - [TRELLIS] GPU cache cleared: {'status': 'cache_cleared', 'available_memory_gb': 20.277362688}
2025-08-10 23:40:55,814 - INFO -       🔍 Validating...
2025-08-10 23:40:55,814 - INFO -       📝 Using optimized prompt for generation: 'a high-roofed, sleekly designed purple SUV with an aggressive off-road capability featuring prominent front tires and durable construction, accurate, complete, white background, side view...'
2025-08-10 23:40:55,814 - INFO -       🎯 Computing scores against original prompt: 'purple suv high roof off-road tires...'
2025-08-10 23:42:32,652 - INFO -       📊 Validation score: 0.4198
2025-08-10 23:42:32,652 - INFO -       📉 Score declined: Consider different approach
2025-08-10 23:42:32,653 - INFO -       🔍 Increasing exploration to 0.54
2025-08-10 23:42:32,653 - INFO - 
   🔄 RL Round 13/18
2025-08-10 23:42:32,653 - INFO -       🎯 Strategy: aggressive_transformation (explore)
2025-08-10 23:42:38,771 - INFO - [TRELLIS] GPU cache cleared: {'status': 'cache_cleared', 'available_memory_gb': 20.277362688}
2025-08-10 23:42:38,771 - INFO -       🔍 Validating...
2025-08-10 23:42:38,772 - INFO -       📝 Using optimized prompt for generation: 'a luxurious purple SUV with an aggressively designed high roof featuring prominent front tires, advanced traction control systems, durable construction, and sleek accents, accurate, complete, white background...'
2025-08-10 23:42:38,775 - INFO -       🎯 Computing scores against original prompt: 'purple suv high roof off-road tires...'
2025-08-10 23:44:38,224 - INFO -       📊 Validation score: 0.8456
2025-08-10 23:44:38,225 - INFO -       📈 Improvement detected: aggressive_transformation working better
2025-08-10 23:44:38,225 - INFO - 
   🔄 RL Round 14/18
2025-08-10 23:44:38,225 - INFO -       🎯 Strategy: aggressive_transformation (explore)
2025-08-10 23:44:45,700 - INFO - [TRELLIS] GPU cache cleared: {'status': 'cache_cleared', 'available_memory_gb': 20.277362688}
2025-08-10 23:44:45,703 - INFO -       🔍 Validating...
2025-08-10 23:44:45,703 - INFO -       📝 Using optimized prompt for generation: 'a high-gloss purple SUV with an aggressive off-road capability featuring prominent front tires with durable rubber compounds and unique tread patterns, advanced traction control systems, and a robust frame design, all set against a pristine white background for optimal visibility and contrast...'
2025-08-10 23:44:45,703 - INFO -       🎯 Computing scores against original prompt: 'purple suv high roof off-road tires...'
2025-08-10 23:46:34,370 - INFO -       📊 Validation score: 0.6192
2025-08-10 23:46:34,371 - INFO -       📉 Score declined: Consider different approach
2025-08-10 23:46:34,371 - INFO - 
   🔄 RL Round 15/18
2025-08-10 23:46:34,371 - INFO -       🎯 Strategy: material_focus (explore)
2025-08-10 23:46:42,453 - INFO - [TRELLIS] GPU cache cleared: {'status': 'cache_cleared', 'available_memory_gb': 20.277362688}
2025-08-10 23:46:42,454 - INFO -       🔍 Validating...
2025-08-10 23:46:42,454 - INFO -       📝 Using optimized prompt for generation: 'a sleek, luxurious purple SUV with a high-gloss finish, aggressive front fascia, prominent front tires with durable construction, and advanced off-road capability featuring a unique roof design and integrated side skirts, front view, accurate, complete, white background...'
2025-08-10 23:46:42,455 - INFO -       🎯 Computing scores against original prompt: 'purple suv high roof off-road tires...'
2025-08-10 23:48:17,337 - INFO -       📊 Validation score: 0.8422
2025-08-10 23:48:17,337 - INFO -       📈 Improvement detected: material_focus working better
2025-08-10 23:48:17,337 - INFO - 
   🔄 RL Round 16/18
2025-08-10 23:48:17,337 - INFO -       🎯 Strategy: conservative_enhancement (explore)
2025-08-10 23:48:24,810 - INFO - [TRELLIS] GPU cache cleared: {'status': 'cache_cleared', 'available_memory_gb': 20.277362688}
2025-08-10 23:48:24,815 - INFO -       🔍 Validating...
2025-08-10 23:48:24,815 - INFO -       📝 Using optimized prompt for generation: 'a sleek, high-performance purple SUV with an aggressive off-road capability featuring durable construction, prominent front tires, advanced traction control systems, and a luxurious interior...'
2025-08-10 23:48:24,815 - INFO -       🎯 Computing scores against original prompt: 'purple suv high roof off-road tires...'
2025-08-10 23:50:05,916 - INFO -       📊 Validation score: 0.8064
2025-08-10 23:50:05,917 - INFO -       📉 Score declined: Consider different approach
2025-08-10 23:50:05,917 - INFO - 
   🔄 RL Round 17/18
2025-08-10 23:50:05,917 - INFO -       🎯 Strategy: material_focus (exploit)
2025-08-10 23:50:11,335 - INFO - [TRELLIS] GPU cache cleared: {'status': 'cache_cleared', 'available_memory_gb': 20.277362688}
2025-08-10 23:50:11,335 - INFO -       🔍 Validating...
2025-08-10 23:50:11,336 - INFO -       📝 Using optimized prompt for generation: 'a sleek purple SUV with an aggressive off-road capability featuring prominent front tires and advanced traction control systems, accurate, complete, high-gloss finish...'
2025-08-10 23:50:11,336 - INFO -       🎯 Computing scores against original prompt: 'purple suv high roof off-road tires...'
2025-08-10 23:51:45,499 - INFO -       📊 Validation score: 0.8468
2025-08-10 23:51:45,501 - INFO -       📈 Improvement detected: material_focus working better
2025-08-10 23:51:45,501 - INFO - 
   🔄 RL Round 18/18
2025-08-10 23:51:45,501 - INFO -       🎯 Strategy: conservative_enhancement (explore)
2025-08-10 23:51:52,432 - INFO - [TRELLIS] GPU cache cleared: {'status': 'cache_cleared', 'available_memory_gb': 20.277362688}
2025-08-10 23:51:52,433 - INFO -       🔍 Validating...
2025-08-10 23:51:52,433 - INFO -       📝 Using optimized prompt for generation: 'a sleekly designed high-roofed purple SUV with an aggressive off-road capability featuring prominent front tires, durable construction, advanced traction control systems, and a distinctive exhaust pipe at the rear, front view, accurate, complete, white background...'
2025-08-10 23:51:52,433 - INFO -       🎯 Computing scores against original prompt: 'purple suv high roof off-road tires...'
2025-08-10 23:53:30,395 - INFO -       📊 Validation score: 0.8957
2025-08-10 23:53:30,457 - INFO - 
🎯 RL LOOP COMPLETE:
2025-08-10 23:53:30,457 - INFO -    Best prompt: a sleek, luxurious purple SUV with an aggressive off-road capability and advanced traction control systems featuring durable construction, high roof, and prominent front tires, accurate, complete, white background, front view, accurate, complete, white background
2025-08-10 23:53:30,461 - INFO -    Best score: 0.9248
2025-08-10 23:53:30,461 - INFO -    Rounds: 18
2025-08-10 23:53:30,461 - INFO -    Convergence: False
2025-08-10 23:53:30,461 - INFO -    Convergence reason: Not converged
2025-08-10 23:53:30,461 - INFO -    Exploration ratio: 44.4%
2025-08-10 23:53:30,461 - INFO -    Insights learned: 3
2025-08-10 23:53:30,461 - INFO -    Total time: 1892.93s
2025-08-10 23:53:30,461 - INFO - Prompt optimized in 18 rounds: 0.890 → 0.925 (+0.035)
2025-08-10 23:53:30,461 - INFO - ⏰ Max rounds reached
2025-08-10 23:53:30,469 - INFO - 
--- Episode 2, Prompt 23 (Total: 26) ---
2025-08-10 23:53:30,469 - INFO - Optimizing: 'sapphire mace with gold-plated head'
2025-08-10 23:53:30,470 - INFO - 🔍 Checking server availability before optimization...
2025-08-10 23:53:30,480 - INFO - ✅ Server is available (status: completed)
2025-08-10 23:53:30,482 - INFO - 📝 Marked server as used at 1754870010.4822302
2025-08-10 23:53:30,482 - INFO - ✅ Server is available and marked as used
2025-08-10 23:53:32,913 - INFO - 🔄 Reproducibility optimization applied:
2025-08-10 23:53:32,914 - INFO -    Original: sapphire mace with gold-plated head
2025-08-10 23:53:32,917 - INFO -    Optimized: wbgmsst, A slender and precise sapphire mace with a gold-plated head featuring detailed engravings and ornate knotwork patterns, white background.
2025-08-10 23:53:32,917 - INFO -    Similarity: 1.000
2025-08-10 23:53:32,917 - INFO -    Gold score: 0.9713
2025-08-10 23:53:32,917 - INFO -       🔧 Overriding endpoint: generate/baolei/
2025-08-10 23:53:32,917 - INFO -       🔧 Using endpoint: generate/baolei/
2025-08-10 23:53:32,930 - INFO - 
🔄 RL LOOP OPTIMIZATION: 'sapphire mace with gold-plated head'
2025-08-10 23:53:32,930 - INFO -    Session: rl_session_1754870012_3851
2025-08-10 23:53:32,930 - INFO -    Max rounds: 18
2025-08-10 23:53:32,930 - INFO -    Min rounds before convergence: 5
2025-08-10 23:53:32,930 - INFO -    Target score: 0.99
2025-08-10 23:53:32,931 - INFO -       🎯 Found previous best attempt: a slender sapphire mace with a gold-plated head featuring detailed engravings and ornate knotwork patterns, precise craftsmanship (score: 0.9713)
2025-08-10 23:53:32,931 - INFO -       🎯 Strategy used: hybrid_approach
2025-08-10 23:53:32,932 - INFO -       🎯 Session ID: rl_session_1754808964_7989
2025-08-10 23:53:32,932 - INFO -       🎯 Past final best prompt: a slender sapphire mace with a gold-plated head featuring detailed engravings and ornate knotwork patterns, precise craftsmanship
2025-08-10 23:53:32,932 - INFO -       🎯 Past final best score: 0.971
2025-08-10 23:53:32,933 - INFO -       🎯 Past session ID: rl_session_1754808964_7989
2025-08-10 23:53:32,933 - INFO -       🎯 Past learned insights: Best performing strategy in session: hybrid_approach, Explored 5 different strategies
2025-08-10 23:53:32,933 - INFO -       🎯 Past strategy performance updates: {'material_focus': 0.08990013587037093, 'conservative_enhancement': 0.04870414469133544, 'hybrid_approach': 0.0690273141197616, 'technical_precision': 0.08873921049630284, 'aggressive_transformation': 0.2542033963866194}
2025-08-10 23:53:32,933 - INFO -       🎯 Past final best prompt: a slender sapphire mace with a gold-plated head featuring detailed engravings and ornate knotwork patterns, precise craftsmanship
2025-08-10 23:53:32,934 - INFO -       🎯 Past final best score: 0.971
2025-08-10 23:53:32,934 - INFO - 
   🔄 RL Round 1/18
2025-08-10 23:53:32,935 - INFO -       🎯 Strategy: material_focus (exploit)
2025-08-10 23:53:38,013 - INFO - [TRELLIS] GPU cache cleared: {'status': 'cache_cleared', 'available_memory_gb': 20.277362688}
2025-08-10 23:53:38,013 - INFO -       🔍 Validating...
2025-08-10 23:53:38,014 - INFO -       📝 Using optimized prompt for generation: 'a slender sapphire mace with a gold-plated head featuring intricately detailed engravings that evoke Celtic knotwork patterns, precise craftsmanship...'
2025-08-10 23:53:38,014 - INFO -       🎯 Computing scores against original prompt: 'sapphire mace with gold-plated head...'
2025-08-10 23:55:11,563 - INFO -       📊 Validation score: 0.9357
2025-08-10 23:55:11,564 - INFO - 
   🔄 RL Round 2/18
2025-08-10 23:55:11,564 - INFO -       🎯 Strategy: material_focus (exploit)
2025-08-10 23:55:16,967 - INFO - [TRELLIS] GPU cache cleared: {'status': 'cache_cleared', 'available_memory_gb': 20.277362688}
2025-08-10 23:55:16,968 - INFO -       🔍 Validating...
2025-08-10 23:55:16,968 - INFO -       📝 Using optimized prompt for generation: 'a slender sapphire mace with an intricately polished gold-plated head featuring precise, symmetrical engravings and ornate knotwork patterns that evoke a sense of luxury and craftsmanship, front view, accurate, complete, white background...'
2025-08-10 23:55:16,968 - INFO -       🎯 Computing scores against original prompt: 'sapphire mace with gold-plated head...'
2025-08-10 23:56:53,021 - INFO -       📊 Validation score: 0.9414
2025-08-10 23:56:53,021 - INFO -       📈 Improvement detected: material_focus working better
2025-08-10 23:56:53,022 - INFO - 
   🔄 RL Round 3/18
2025-08-10 23:56:53,022 - INFO -       🎯 Strategy: contextual_scene_building (explore)
2025-08-10 23:56:59,796 - INFO - [TRELLIS] GPU cache cleared: {'status': 'cache_cleared', 'available_memory_gb': 20.277362688}
2025-08-10 23:56:59,798 - INFO -       🔍 Validating...
2025-08-10 23:56:59,798 - INFO -       📝 Using optimized prompt for generation: 'a slender sapphire mace with intricate gold-plating and delicate engravings of floral motifs, its curved head tapering towards the hilt...'
2025-08-10 23:56:59,798 - INFO -       🎯 Computing scores against original prompt: 'sapphire mace with gold-plated head...'
2025-08-10 23:58:30,578 - INFO -       📊 Validation score: 0.7458
2025-08-10 23:58:30,579 - INFO -       📉 Score declined: Consider different approach
2025-08-10 23:58:30,579 - INFO - 
   🔄 RL Round 4/18
2025-08-10 23:58:30,579 - INFO -       🎯 Strategy: material_focus (exploit)
2025-08-10 23:58:35,011 - INFO - [TRELLIS] GPU cache cleared: {'status': 'cache_cleared', 'available_memory_gb': 20.277362688}
2025-08-10 23:58:35,011 - INFO -       🔍 Validating...
2025-08-10 23:58:35,012 - INFO -       📝 Using optimized prompt for generation: 'a slender sapphire mace with a gold-plated head featuring intricate engravings and ornate knotwork patterns, precision in craftsmanship, front view, accurate, complete, white background...'
2025-08-10 23:58:35,013 - INFO -       🎯 Computing scores against original prompt: 'sapphire mace with gold-plated head...'
2025-08-11 00:00:02,243 - INFO -       📊 Validation score: 0.9489
2025-08-11 00:00:02,244 - INFO -       📈 Improvement detected: material_focus working better
2025-08-11 00:00:02,244 - INFO - 
   🔄 RL Round 5/18
2025-08-11 00:00:02,244 - INFO -       🎯 Strategy: minimalist_refinement (explore)
2025-08-11 00:00:08,722 - INFO - [TRELLIS] GPU cache cleared: {'status': 'cache_cleared', 'available_memory_gb': 20.277362688}
2025-08-11 00:00:08,723 - INFO -       🔍 Validating...
2025-08-11 00:00:08,723 - INFO -       📝 Using optimized prompt for generation: 'a slender sapphire mace with intricate gold-plating and detailed engravings featuring precise craftsmanship...'
2025-08-11 00:00:08,723 - INFO -       🎯 Computing scores against original prompt: 'sapphire mace with gold-plated head...'
2025-08-11 00:01:36,623 - INFO -       📊 Validation score: 0.8387
2025-08-11 00:01:36,624 - INFO -       📉 Score declined: Consider different approach
2025-08-11 00:01:36,625 - INFO - 
   🔄 RL Round 6/18
2025-08-11 00:01:36,625 - INFO -       🎯 Strategy: minimalist_refinement (explore)
2025-08-11 00:01:44,029 - INFO - [TRELLIS] GPU cache cleared: {'status': 'cache_cleared', 'available_memory_gb': 20.277362688}
2025-08-11 00:01:44,029 - INFO -       🔍 Validating...
2025-08-11 00:01:44,030 - INFO -       📝 Using optimized prompt for generation: 'a slender, intricately crafted sapphire mace with a delicate gold-plated head and precision-cut engravings that evoke a sense of luxury and craftsmanship...'
2025-08-11 00:01:44,030 - INFO -       🎯 Computing scores against original prompt: 'sapphire mace with gold-plated head...'
2025-08-11 00:03:09,406 - INFO -       📊 Validation score: 0.9176
2025-08-11 00:03:09,406 - INFO -       📈 Improvement detected: minimalist_refinement working better
2025-08-11 00:03:09,406 - INFO - 
   🔄 RL Round 7/18
2025-08-11 00:03:09,407 - INFO -       🎯 Strategy: conservative_enhancement (explore)
2025-08-11 00:03:15,384 - INFO - [TRELLIS] GPU cache cleared: {'status': 'cache_cleared', 'available_memory_gb': 20.277362688}
2025-08-11 00:03:15,387 - INFO -       🔍 Validating...
2025-08-11 00:03:15,387 - INFO -       📝 Using optimized prompt for generation: 'a slender sapphire mace with intricate gold-plating and precisely crafted engravings featuring symmetrical floral motifs, refined edges, and delicate engravings on the head, front view, accurate, complete, white background...'
2025-08-11 00:03:15,387 - INFO -       🎯 Computing scores against original prompt: 'sapphire mace with gold-plated head...'
2025-08-11 00:04:43,400 - INFO -       📊 Validation score: 0.8436
2025-08-11 00:04:43,401 - INFO -       📉 Score declined: Consider different approach
2025-08-11 00:04:43,401 - INFO - 
   🔄 RL Round 8/18
2025-08-11 00:04:43,401 - INFO -       🎯 Strategy: material_focus (exploit)
2025-08-11 00:04:48,921 - INFO - [TRELLIS] GPU cache cleared: {'status': 'cache_cleared', 'available_memory_gb': 20.277362688}
2025-08-11 00:04:48,921 - INFO -       🔍 Validating...
2025-08-11 00:04:48,922 - INFO -       📝 Using optimized prompt for generation: 'a slender sapphire mace with a gold-plated head featuring intricate engravings, ornate knotwork patterns, and subtle texture variations, front view, accurate, complete, white background...'
2025-08-11 00:04:48,923 - INFO -       🎯 Computing scores against original prompt: 'sapphire mace with gold-plated head...'
2025-08-11 00:06:18,027 - INFO -       📊 Validation score: 0.8926
2025-08-11 00:06:18,028 - INFO -       📈 Improvement detected: material_focus working better
2025-08-11 00:06:18,028 - INFO - 
   🔄 RL Round 9/18
2025-08-11 00:06:18,028 - INFO -       🎯 Strategy: material_focus (exploit)
2025-08-11 00:06:23,504 - INFO - [TRELLIS] GPU cache cleared: {'status': 'cache_cleared', 'available_memory_gb': 20.277362688}
2025-08-11 00:06:23,504 - INFO -       🔍 Validating...
2025-08-11 00:06:23,505 - INFO -       📝 Using optimized prompt for generation: 'a slender sapphire mace with a gold-plated head featuring detailed engravings and ornate knotwork patterns with precise craftsmanship and delicate filigree accents, front view, accurate, complete, white background...'
2025-08-11 00:06:23,505 - INFO -       🎯 Computing scores against original prompt: 'sapphire mace with gold-plated head...'
2025-08-11 00:07:56,121 - INFO -       📊 Validation score: 0.9482
2025-08-11 00:07:56,122 - INFO -       📈 Improvement detected: material_focus working better
2025-08-11 00:07:56,122 - INFO - 
   🔄 RL Round 10/18
2025-08-11 00:07:56,122 - INFO -       🎯 Strategy: material_focus (exploit)
2025-08-11 00:08:01,476 - INFO - [TRELLIS] GPU cache cleared: {'status': 'cache_cleared', 'available_memory_gb': 20.277362688}
2025-08-11 00:08:01,477 - INFO -       🔍 Validating...
2025-08-11 00:08:01,477 - INFO -       📝 Using optimized prompt for generation: 'a slender sapphire mace with a gold-plated head featuring intricately detailed engravings that evoke the subtle nuances of Renaissance-era craftsmanship, precision-cut to bring out the luster of the precious metal, front view, accurate, complete, white background...'
2025-08-11 00:08:01,477 - INFO -       🎯 Computing scores against original prompt: 'sapphire mace with gold-plated head...'
2025-08-11 00:09:44,155 - INFO -       📊 Validation score: 0.9648
2025-08-11 00:09:44,155 - INFO -       📈 Improvement detected: material_focus working better
2025-08-11 00:09:44,155 - INFO - 
   🔄 RL Round 11/18
2025-08-11 00:09:44,155 - INFO -       🎯 Strategy: material_focus (exploit)
2025-08-11 00:09:50,001 - INFO - [TRELLIS] GPU cache cleared: {'status': 'cache_cleared', 'available_memory_gb': 20.277362688}
2025-08-11 00:09:50,001 - INFO -       🔍 Validating...
2025-08-11 00:09:50,002 - INFO -       📝 Using optimized prompt for generation: 'a slender sapphire mace with an intricately polished gold-plated head featuring precision-cut engravings that evoke a sense of ancient craftsmanship and subtle opulence...'
2025-08-11 00:09:50,003 - INFO -       🎯 Computing scores against original prompt: 'sapphire mace with gold-plated head...'
2025-08-11 00:11:24,907 - INFO -       📊 Validation score: 0.9641
2025-08-11 00:11:24,907 - INFO -       ✅ Convergence achieved: Convergence threshold met (improvement: -0.001)
2025-08-11 00:11:24,996 - INFO - 
🎯 RL LOOP COMPLETE:
2025-08-11 00:11:24,996 - INFO -    Best prompt: a slender sapphire mace with a gold-plated head featuring detailed engravings and ornate knotwork patterns, precise craftsmanship
2025-08-11 00:11:24,996 - INFO -    Best score: 0.9713
2025-08-11 00:11:24,996 - INFO -    Rounds: 11
2025-08-11 00:11:24,996 - INFO -    Convergence: True
2025-08-11 00:11:24,996 - INFO -    Convergence reason: Convergence threshold met (improvement: -0.001)
2025-08-11 00:11:24,997 - INFO -    Exploration ratio: 36.4%
2025-08-11 00:11:24,997 - INFO -    Insights learned: 3
2025-08-11 00:11:24,997 - INFO -    Total time: 1071.98s
2025-08-11 00:11:24,997 - INFO - Prompt optimized in 11 rounds: 0.936 → 0.971 (+0.036)
2025-08-11 00:11:24,997 - INFO - ✅ Target score achieved!
2025-08-11 00:11:25,008 - INFO - 
--- Episode 2, Prompt 24 (Total: 26) ---
2025-08-11 00:11:25,008 - INFO - Optimizing: 'teal camper van rooftop tent and awning'
2025-08-11 00:11:25,008 - INFO - 🔍 Checking server availability before optimization...
2025-08-11 00:11:25,019 - INFO - ✅ Server is available (status: completed)
2025-08-11 00:11:25,019 - INFO - 📝 Marked server as used at 1754871085.0191467
2025-08-11 00:11:25,019 - INFO - ✅ Server is available and marked as used
2025-08-11 00:11:28,043 - INFO - 🔄 Reproducibility optimization applied:
2025-08-11 00:11:28,043 - INFO -    Original: teal camper van rooftop tent and awning
2025-08-11 00:11:28,043 - INFO -    Optimized: wbgmsst, A sleek camper van with a modern rooftop tent featuring retractable awning and gleaming silver accents is placed on a white background.
2025-08-11 00:11:28,044 - INFO -    Similarity: 1.000
2025-08-11 00:11:28,044 - INFO -    Gold score: 0.8626
2025-08-11 00:11:28,045 - INFO -       🔧 Overriding endpoint: generate/baolei/
2025-08-11 00:11:28,048 - INFO -       🔧 Using endpoint: generate/baolei/
2025-08-11 00:11:28,057 - INFO - 
🔄 RL LOOP OPTIMIZATION: 'teal camper van rooftop tent and awning'
2025-08-11 00:11:28,058 - INFO -    Session: rl_session_1754871088_1724
2025-08-11 00:11:28,058 - INFO -    Max rounds: 18
2025-08-11 00:11:28,058 - INFO -    Min rounds before convergence: 5
2025-08-11 00:11:28,058 - INFO -    Target score: 0.99
2025-08-11 00:11:28,058 - INFO -       🎯 Found previous best attempt: teal camper van with sleek, modern rooftop tent featuring retractable awning and gleaming silver accents, streamlined silhouette, precise stitching, front view, accurate, complete, white background (score: 0.8904)
2025-08-11 00:11:28,059 - INFO -       🎯 Strategy used: aggressive_transformation
2025-08-11 00:11:28,059 - INFO -       🎯 Session ID: rl_session_1754842331_8493
2025-08-11 00:11:28,060 - INFO -       🎯 Past final best prompt: teal camper van with sleek, modern rooftop tent featuring retractable awning and gleaming silver accents, streamlined silhouette, precise stitching, front view, accurate, complete, white background
2025-08-11 00:11:28,060 - INFO -       🎯 Past final best score: 0.890
2025-08-11 00:11:28,060 - INFO -       🎯 Past session ID: rl_session_1754842331_8493
2025-08-11 00:11:28,060 - INFO -       🎯 Past learned insights: Best performing strategy in session: aggressive_transformation, Explored 5 different strategies
2025-08-11 00:11:28,061 - INFO -       🎯 Past strategy performance updates: {'aggressive_transformation': -0.05173830200959095, 'conservative_enhancement': -0.03595842077017608, 'minimalist_refinement': -0.08524236160160581, 'material_focus': -0.019616168472086026, 'hybrid_approach': -0.033451140967137416}
2025-08-11 00:11:28,061 - INFO -       🎯 Past final best prompt: teal camper van with sleek, modern rooftop tent featuring retractable awning and gleaming silver accents, streamlined silhouette, precise stitching, front view, accurate, complete, white background
2025-08-11 00:11:28,062 - INFO -       🎯 Past final best score: 0.890
2025-08-11 00:11:28,063 - INFO - 
   🔄 RL Round 1/18
2025-08-11 00:11:28,063 - INFO -       🎯 Strategy: contextual_scene_building (explore)
2025-08-11 00:11:34,046 - INFO - [TRELLIS] GPU cache cleared: {'status': 'cache_cleared', 'available_memory_gb': 20.277362688}
2025-08-11 00:11:34,050 - INFO -       🔍 Validating...
2025-08-11 00:11:34,050 - INFO -       📝 Using optimized prompt for generation: 'teal camper van with sleek, modern rooftop tent featuring retractable awning and gleaming silver accents, precision-crafted aluminum trim, streamlined silhouette, front view, accurate, complete, white background...'
2025-08-11 00:11:34,050 - INFO -       🎯 Computing scores against original prompt: 'teal camper van rooftop tent and awning...'
2025-08-11 00:13:08,184 - INFO -       📊 Validation score: 0.7017
2025-08-11 00:13:08,185 - INFO - 
   🔄 RL Round 2/18
2025-08-11 00:13:08,185 - INFO -       🎯 Strategy: material_focus (exploit)
2025-08-11 00:13:13,956 - INFO - [TRELLIS] GPU cache cleared: {'status': 'cache_cleared', 'available_memory_gb': 20.277362688}
2025-08-11 00:13:13,956 - INFO -       🔍 Validating...
2025-08-11 00:13:13,957 - INFO -       📝 Using optimized prompt for generation: 'teal camper van with sleek, modern rooftop tent featuring retractable awning and gleaming silver accents, precision-crafted metalwork, streamlined silhouette, precise stitching, front view, accurate, complete, white background...'
2025-08-11 00:13:13,957 - INFO -       🎯 Computing scores against original prompt: 'teal camper van rooftop tent and awning...'
2025-08-11 00:14:53,600 - INFO -       📊 Validation score: 0.8393
2025-08-11 00:14:53,601 - INFO -       📈 Improvement detected: material_focus working better
2025-08-11 00:14:53,601 - INFO - 
   🔄 RL Round 3/18
2025-08-11 00:14:53,601 - INFO -       🎯 Strategy: material_focus (exploit)
2025-08-11 00:15:01,671 - INFO - [TRELLIS] GPU cache cleared: {'status': 'cache_cleared', 'available_memory_gb': 20.277362688}
2025-08-11 00:15:01,676 - INFO -       🔍 Validating...
2025-08-11 00:15:01,677 - INFO -       📝 Using optimized prompt for generation: 'teal camper van with sleek, modern rooftop tent featuring retractable awning, gleaming silver accents, streamlined silhouette, precise stitching, and ergonomic handle design, front view, accurate, complete, white background...'
2025-08-11 00:15:01,677 - INFO -       🎯 Computing scores against original prompt: 'teal camper van rooftop tent and awning...'
2025-08-11 00:16:35,773 - INFO -       📊 Validation score: 0.7764
2025-08-11 00:16:35,774 - INFO -       📉 Score declined: Consider different approach
2025-08-11 00:16:35,774 - INFO - 
   🔄 RL Round 4/18
2025-08-11 00:16:35,774 - INFO -       🎯 Strategy: material_focus (exploit)
2025-08-11 00:16:40,547 - INFO - [TRELLIS] GPU cache cleared: {'status': 'cache_cleared', 'available_memory_gb': 20.277362688}
2025-08-11 00:16:40,548 - INFO -       🔍 Validating...
2025-08-11 00:16:40,551 - INFO -       📝 Using optimized prompt for generation: 'teal camper van with sleek, modern rooftop tent featuring retractable awning and gleaming silver accents, precision-crafted hardware, ergonomic handle design, front view, accurate, complete, front view, accurate, complete, white background...'
2025-08-11 00:16:40,551 - INFO -       🎯 Computing scores against original prompt: 'teal camper van rooftop tent and awning...'
2025-08-11 00:18:13,005 - INFO -       📊 Validation score: 0.7766
2025-08-11 00:18:13,005 - INFO -       📈 Improvement detected: material_focus working better
2025-08-11 00:18:13,005 - INFO - 
   🔄 RL Round 5/18
2025-08-11 00:18:13,005 - INFO -       🎯 Strategy: material_focus (exploit)
2025-08-11 00:18:20,580 - INFO - [TRELLIS] GPU cache cleared: {'status': 'cache_cleared', 'available_memory_gb': 20.277362688}
2025-08-11 00:18:20,582 - INFO -       🔍 Validating...
2025-08-11 00:18:20,583 - INFO -       📝 Using optimized prompt for generation: 'teal camper van with sleek, modern rooftop tent featuring retractable awning, precision-crafted from durable aluminum and weather-resistant fiberglass, gleaming silver accents, streamlined silhouette, precise stitching, front view, accurate, complete, white background...'
2025-08-11 00:18:20,584 - INFO -       🎯 Computing scores against original prompt: 'teal camper van rooftop tent and awning...'
2025-08-11 00:19:48,144 - INFO -       📊 Validation score: 0.6704
2025-08-11 00:19:48,145 - INFO -       📉 Score declined: Consider different approach
2025-08-11 00:19:48,145 - INFO - 
   🔄 RL Round 6/18
2025-08-11 00:19:48,146 - INFO -       🎯 Strategy: contextual_scene_building (explore)
2025-08-11 00:19:54,133 - INFO - [TRELLIS] GPU cache cleared: {'status': 'cache_cleared', 'available_memory_gb': 20.277362688}
2025-08-11 00:19:54,134 - INFO -       🔍 Validating...
2025-08-11 00:19:54,134 - INFO -       📝 Using optimized prompt for generation: 'teal camper van with sleek, modern rooftop tent featuring retractable awning, gleaming silver accents, precision-crafted hardware, streamlined silhouette...'
2025-08-11 00:19:54,137 - INFO -       🎯 Computing scores against original prompt: 'teal camper van rooftop tent and awning...'
2025-08-11 00:21:29,399 - INFO -       📊 Validation score: 0.7338
2025-08-11 00:21:29,399 - INFO -       📈 Improvement detected: contextual_scene_building working better
2025-08-11 00:21:29,399 - INFO - 
   🔄 RL Round 7/18
2025-08-11 00:21:29,400 - INFO -       🎯 Strategy: material_focus (exploit)
2025-08-11 00:21:34,104 - INFO - [TRELLIS] GPU cache cleared: {'status': 'cache_cleared', 'available_memory_gb': 20.277362688}
2025-08-11 00:21:34,105 - INFO -       🔍 Validating...
2025-08-11 00:21:34,105 - INFO -       📝 Using optimized prompt for generation: 'a compact teal camper van with sleek, modern rooftop tent featuring retractable awning and gleaming silver accents, streamlined silhouette, precise stitching, overhead view, accurate, complete, front view, accurate, complete, white background...'
2025-08-11 00:21:34,105 - INFO -       🎯 Computing scores against original prompt: 'teal camper van rooftop tent and awning...'
2025-08-11 00:23:02,062 - INFO -       📊 Validation score: 0.7134
2025-08-11 00:23:02,063 - INFO -       📉 Score declined: Consider different approach
2025-08-11 00:23:02,063 - INFO - 
   🔄 RL Round 8/18
2025-08-11 00:23:02,063 - INFO -       🔍 Explore performing better - increasing epsilon to 0.39
2025-08-11 00:23:02,063 - INFO -       🎯 Strategy: contextual_scene_building (explore)
2025-08-11 00:23:07,945 - INFO - [TRELLIS] GPU cache cleared: {'status': 'cache_cleared', 'available_memory_gb': 20.277362688}
2025-08-11 00:23:07,949 - INFO -       🔍 Validating...
2025-08-11 00:23:07,949 - INFO -       📝 Using optimized prompt for generation: 'a sleek teal camper van with a modern rooftop tent featuring retractable awning, precision-crafted details, and gleaming silver accents, streamlined silhouette, front view, front view, accurate, complete, white background...'
2025-08-11 00:23:07,953 - INFO -       🎯 Computing scores against original prompt: 'teal camper van rooftop tent and awning...'
2025-08-11 00:24:41,376 - INFO -       📊 Validation score: 0.6068
2025-08-11 00:24:41,376 - INFO -       📉 Score declined: Consider different approach
2025-08-11 00:24:41,377 - INFO - 
   🔄 RL Round 9/18
2025-08-11 00:24:41,377 - INFO -       🎯 Strategy: material_focus (exploit)
2025-08-11 00:24:48,180 - INFO - [TRELLIS] GPU cache cleared: {'status': 'cache_cleared', 'available_memory_gb': 20.277362688}
2025-08-11 00:24:48,181 - INFO -       🔍 Validating...
2025-08-11 00:24:48,181 - INFO -       📝 Using optimized prompt for generation: 'a teal camper van with a sleek, aerodynamically designed rooftop tent featuring retractable awning, gleaming silver accents, and precision-crafted stitching, captured in a sharp front view against a crisp white background, front view, accurate, complete, white background...'
2025-08-11 00:24:48,181 - INFO -       🎯 Computing scores against original prompt: 'teal camper van rooftop tent and awning...'
2025-08-11 00:26:24,776 - INFO -       📊 Validation score: 0.7846
2025-08-11 00:26:24,777 - INFO -       📈 Improvement detected: material_focus working better
2025-08-11 00:26:24,777 - INFO - 
   🔄 RL Round 10/18
2025-08-11 00:26:24,777 - INFO -       🎯 Strategy: material_focus (exploit)
2025-08-11 00:26:30,972 - INFO - [TRELLIS] GPU cache cleared: {'status': 'cache_cleared', 'available_memory_gb': 20.277362688}
2025-08-11 00:26:30,974 - INFO -       🔍 Validating...
2025-08-11 00:26:30,974 - INFO -       📝 Using optimized prompt for generation: 'a sleek, modern teal camper van with a retractable awning featuring gleaming silver accents and precision-crafted stitching, streamlined silhouette, front view, accurate, complete, front view, accurate, complete, white background...'
2025-08-11 00:26:30,974 - INFO -       🎯 Computing scores against original prompt: 'teal camper van rooftop tent and awning...'
2025-08-11 00:28:06,665 - INFO -       📊 Validation score: 0.7439
2025-08-11 00:28:06,665 - INFO -       📉 Score declined: Consider different approach
2025-08-11 00:28:06,666 - INFO - 
   🔄 RL Round 11/18
2025-08-11 00:28:06,666 - INFO -       🎯 Strategy: contextual_scene_building (explore)
2025-08-11 00:28:12,847 - INFO - [TRELLIS] GPU cache cleared: {'status': 'cache_cleared', 'available_memory_gb': 20.277362688}
2025-08-11 00:28:12,851 - INFO -       🔍 Validating...
2025-08-11 00:28:12,851 - INFO -       📝 Using optimized prompt for generation: 'a teal camper van with sleek, modern lines, gleaming silver accents, precise stitching, streamlined silhouette, precision-crafted rooftop tent featuring retractable awning, front view, accurate, complete, white background...'
2025-08-11 00:28:12,853 - INFO -       🎯 Computing scores against original prompt: 'teal camper van rooftop tent and awning...'
2025-08-11 00:29:42,302 - INFO -       📊 Validation score: 0.8272
2025-08-11 00:29:42,303 - INFO -       📈 Improvement detected: contextual_scene_building working better
2025-08-11 00:29:42,303 - INFO - 
   🔄 RL Round 12/18
2025-08-11 00:29:42,303 - INFO -       🎯 Strategy: conservative_enhancement (explore)
2025-08-11 00:29:48,904 - INFO - [TRELLIS] GPU cache cleared: {'status': 'cache_cleared', 'available_memory_gb': 20.277362688}
2025-08-11 00:29:48,906 - INFO -       🔍 Validating...
2025-08-11 00:29:48,908 - INFO -       📝 Using optimized prompt for generation: 'teal camper van with sleek, modern rooftop tent featuring retractable awning and gleaming silver accents in a streamlined profile, precise stitching, front view, accurate, complete, soft white background, front view, accurate, complete, white background...'
2025-08-11 00:29:48,908 - INFO -       🎯 Computing scores against original prompt: 'teal camper van rooftop tent and awning...'
2025-08-11 00:31:40,293 - INFO -       📊 Validation score: 0.7264
2025-08-11 00:31:40,294 - INFO -       📉 Score declined: Consider different approach
2025-08-11 00:31:40,294 - INFO - 
   🔄 RL Round 13/18
2025-08-11 00:31:40,294 - INFO -       🎯 Strategy: material_focus (exploit)
2025-08-11 00:31:45,750 - INFO - [TRELLIS] GPU cache cleared: {'status': 'cache_cleared', 'available_memory_gb': 20.277362688}
2025-08-11 00:31:45,751 - INFO -       🔍 Validating...
2025-08-11 00:31:45,755 - INFO -       📝 Using optimized prompt for generation: 'teal camper van with sleek, modern rooftop tent featuring retractable awning and gleaming silver accents, precision-crafted interior trim and ergonomic controls, front view, accurate, complete, white background...'
2025-08-11 00:31:45,755 - INFO -       🎯 Computing scores against original prompt: 'teal camper van rooftop tent and awning...'
2025-08-11 00:33:26,944 - INFO -       📊 Validation score: 0.7545
2025-08-11 00:33:26,944 - INFO -       📈 Improvement detected: material_focus working better
2025-08-11 00:33:26,945 - INFO - 
   🔄 RL Round 14/18
2025-08-11 00:33:26,945 - INFO -       🎯 Strategy: conservative_enhancement (explore)
2025-08-11 00:33:33,088 - INFO - [TRELLIS] GPU cache cleared: {'status': 'cache_cleared', 'available_memory_gb': 20.277362688}
2025-08-11 00:33:33,091 - INFO -       🔍 Validating...
2025-08-11 00:33:33,091 - INFO -       📝 Using optimized prompt for generation: 'a teal camper van with sleek, modern rooftop tent featuring retractable awning, gleaming silver accents, precision stitching, streamlined silhouette, and subtle weathering on the exterior, front view, accurate, complete, white background...'
2025-08-11 00:33:33,091 - INFO -       🎯 Computing scores against original prompt: 'teal camper van rooftop tent and awning...'
2025-08-11 00:35:04,321 - INFO -       📊 Validation score: 0.8284
2025-08-11 00:35:04,322 - INFO -       📈 Improvement detected: conservative_enhancement working better
2025-08-11 00:35:04,322 - INFO - 
   🔄 RL Round 15/18
2025-08-11 00:35:04,322 - INFO -       🎯 Strategy: material_focus (exploit)
2025-08-11 00:35:09,167 - INFO - [TRELLIS] GPU cache cleared: {'status': 'cache_cleared', 'available_memory_gb': 20.277362688}
2025-08-11 00:35:09,168 - INFO -       🔍 Validating...
2025-08-11 00:35:09,172 - INFO -       📝 Using optimized prompt for generation: 'a compact teal camper van with sleek, modern rooftop tent featuring retractable awning and gleaming silver accents, streamlined silhouette, precise stitching, front view, accurate, complete, white background...'
2025-08-11 00:35:09,172 - INFO -       🎯 Computing scores against original prompt: 'teal camper van rooftop tent and awning...'
2025-08-11 00:36:50,775 - INFO -       📊 Validation score: 0.7965
2025-08-11 00:36:50,776 - INFO -       📉 Score declined: Consider different approach
2025-08-11 00:36:50,776 - INFO - 
   🔄 RL Round 16/18
2025-08-11 00:36:50,776 - INFO -       🎯 Strategy: material_focus (exploit)
2025-08-11 00:36:56,162 - INFO - [TRELLIS] GPU cache cleared: {'status': 'cache_cleared', 'available_memory_gb': 20.277362688}
2025-08-11 00:36:56,163 - INFO -       🔍 Validating...
2025-08-11 00:36:56,164 - INFO -       📝 Using optimized prompt for generation: 'a sleek, modern teal camper van with a retractable awning and gleaming silver accents, precision-crafted from durable materials, front view, accurate, complete, white background...'
2025-08-11 00:36:56,165 - INFO -       🎯 Computing scores against original prompt: 'teal camper van rooftop tent and awning...'
2025-08-11 00:38:29,733 - INFO -       📊 Validation score: 0.7646
2025-08-11 00:38:29,733 - INFO -       📉 Score declined: Consider different approach
2025-08-11 00:38:29,733 - INFO - 
   🔄 RL Round 17/18
2025-08-11 00:38:29,734 - INFO -       🎯 Strategy: conservative_enhancement (explore)
2025-08-11 00:38:36,305 - INFO - [TRELLIS] GPU cache cleared: {'status': 'cache_cleared', 'available_memory_gb': 20.277362688}
2025-08-11 00:38:36,306 - INFO -       🔍 Validating...
2025-08-11 00:38:36,306 - INFO -       📝 Using optimized prompt for generation: 'a compact teal camper van with sleek, aerodynamically designed rooftop tent featuring retractable awning, precision-crafted details, gleaming silver accents, and subtle texture variations on the exterior surface, front view, accurate, complete, white background...'
2025-08-11 00:38:36,307 - INFO -       🎯 Computing scores against original prompt: 'teal camper van rooftop tent and awning...'
2025-08-11 00:40:14,215 - INFO -       📊 Validation score: 0.7749
2025-08-11 00:40:14,216 - INFO -       📈 Improvement detected: conservative_enhancement working better
2025-08-11 00:40:14,216 - INFO - 
   🔄 RL Round 18/18
2025-08-11 00:40:14,216 - INFO -       🎯 Strategy: material_focus (exploit)
2025-08-11 00:40:19,436 - INFO - [TRELLIS] GPU cache cleared: {'status': 'cache_cleared', 'available_memory_gb': 20.277362688}
2025-08-11 00:40:19,439 - INFO -       🔍 Validating...
2025-08-11 00:40:19,439 - INFO -       📝 Using optimized prompt for generation: 'a compact teal camper van with sleek, modern rooftop tent featuring retractable awning, precision-crafted metalwork, gleaming silver accents, streamlined silhouette, front view, accurate, complete, white background...'
2025-08-11 00:40:19,440 - INFO -       🎯 Computing scores against original prompt: 'teal camper van rooftop tent and awning...'
2025-08-11 00:42:05,330 - INFO -       📊 Validation score: 0.8358
2025-08-11 00:42:05,428 - INFO - 
🎯 RL LOOP COMPLETE:
2025-08-11 00:42:05,431 - INFO -    Best prompt: teal camper van with sleek, modern rooftop tent featuring retractable awning and gleaming silver accents, streamlined silhouette, precise stitching, front view, accurate, complete, white background
2025-08-11 00:42:05,432 - INFO -    Best score: 0.8904
2025-08-11 00:42:05,432 - INFO -    Rounds: 18
2025-08-11 00:42:05,432 - INFO -    Convergence: False
2025-08-11 00:42:05,432 - INFO -    Convergence reason: Not converged
2025-08-11 00:42:05,433 - INFO -    Exploration ratio: 38.9%
2025-08-11 00:42:05,433 - INFO -    Insights learned: 3
2025-08-11 00:42:05,433 - INFO -    Total time: 1837.27s
2025-08-11 00:42:05,434 - INFO - Prompt optimized in 18 rounds: 0.702 → 0.890 (+0.189)
2025-08-11 00:42:05,434 - INFO - ⏰ Max rounds reached
2025-08-11 00:42:05,447 - INFO - 
--- Episode 2, Prompt 25 (Total: 26) ---
2025-08-11 00:42:05,452 - INFO - Optimizing: 'teal suv with'
2025-08-11 00:42:05,452 - INFO - 🔍 Checking server availability before optimization...
2025-08-11 00:42:05,464 - INFO - ✅ Server is available (status: completed)
2025-08-11 00:42:05,465 - INFO - 📝 Marked server as used at 1754872925.465
2025-08-11 00:42:05,465 - INFO - ✅ Server is available and marked as used
2025-08-11 00:42:08,546 - INFO - 🔄 Reproducibility optimization applied:
2025-08-11 00:42:08,546 - INFO -    Original: teal suv with
2025-08-11 00:42:08,548 - INFO -    Optimized: wbgmsst, an accurate and complete sleek teal SUV with aerodynamic lines, tinted windows, and a subtle LED light strip, viewed from the front, on a white background.
2025-08-11 00:42:08,548 - INFO -    Similarity: 1.000
2025-08-11 00:42:08,548 - INFO -    Gold score: 0.9009
2025-08-11 00:42:08,548 - INFO -       🔧 Overriding endpoint: generate/baolei/
2025-08-11 00:42:08,548 - INFO -       🔧 Using endpoint: generate/baolei/
2025-08-11 00:42:08,556 - INFO - 
🔄 RL LOOP OPTIMIZATION: 'teal suv with'
2025-08-11 00:42:08,556 - INFO -    Session: rl_session_1754872928_6557
2025-08-11 00:42:08,556 - INFO -    Max rounds: 18
2025-08-11 00:42:08,557 - INFO -    Min rounds before convergence: 5
2025-08-11 00:42:08,557 - INFO -    Target score: 0.99
2025-08-11 00:42:08,557 - INFO -       🎯 Found previous best attempt: a sleek teal SUV with aerodynamic lines, tinted windows that blend seamlessly into the body, and a subtle LED light strip running along the side mirrors, front view, accurate, complete, white background (score: 0.9015)
2025-08-11 00:42:08,558 - INFO -       🎯 Strategy used: conservative_enhancement
2025-08-11 00:42:08,559 - INFO -       🎯 Session ID: rl_session_1754793461_5271
2025-08-11 00:42:08,559 - INFO -       🎯 Past final best prompt: a sleek teal SUV with aerodynamic lines, tinted windows that blend seamlessly into the body, and a subtle LED light strip running along the side mirrors, front view, accurate, complete, white background
2025-08-11 00:42:08,560 - INFO -       🎯 Past final best score: 0.901
2025-08-11 00:42:08,563 - INFO -       🎯 Past session ID: rl_session_1754793461_5271
2025-08-11 00:42:08,563 - INFO -       🎯 Past learned insights: Iterative improvement successful: 0.751 → 0.901, Best performing strategy in session: conservative_enhancement, Explored 4 different strategies
2025-08-11 00:42:08,563 - INFO -       🎯 Past strategy performance updates: {'hybrid_approach': -0.05576789430910967, 'artistic_elaboration': 0.03834170800668546, 'conservative_enhancement': -0.04962978082865466, 'technical_precision': 0.11055864715308461}
2025-08-11 00:42:08,563 - INFO -       🎯 Past final best prompt: a sleek teal SUV with aerodynamic lines, tinted windows that blend seamlessly into the body, and a subtle LED light strip running along the side mirrors, front view, accurate, complete, white background
2025-08-11 00:42:08,563 - INFO -       🎯 Past final best score: 0.901
2025-08-11 00:42:08,563 - INFO - 
   🔄 RL Round 1/18
2025-08-11 00:42:08,564 - INFO -       🎯 Strategy: minimalist_refinement (explore)
2025-08-11 00:42:15,190 - INFO - [TRELLIS] GPU cache cleared: {'status': 'cache_cleared', 'available_memory_gb': 20.277362688}
2025-08-11 00:42:15,190 - INFO -       🔍 Validating...
2025-08-11 00:42:15,191 - INFO -       📝 Using optimized prompt for generation: 'a sleek teal SUV with aerodynamic lines, precision-crafted aluminum alloy wheels that blend seamlessly into the body, and a subtle LED light strip running along the side mirrors, front view, accurate, complete, white background...'
2025-08-11 00:42:15,192 - INFO -       🎯 Computing scores against original prompt: 'teal suv with...'
2025-08-11 00:43:56,937 - INFO -       📊 Validation score: 0.5693
2025-08-11 00:43:56,938 - INFO - 
   🔄 RL Round 2/18
2025-08-11 00:43:56,938 - INFO -       🎯 Strategy: material_focus (exploit)
2025-08-11 00:44:03,211 - INFO - [TRELLIS] GPU cache cleared: {'status': 'cache_cleared', 'available_memory_gb': 20.277362688}
2025-08-11 00:44:03,212 - INFO -       🔍 Validating...
2025-08-11 00:44:03,216 - INFO -       📝 Using optimized prompt for generation: 'a refined sleek teal SUV with aerodynamic lines, precision-crafted aluminum alloy wheels that accentuate its sporty silhouette, and a subtle LED light strip running along the side mirrors, front view, accurate, complete, white background...'
2025-08-11 00:44:03,216 - INFO -       🎯 Computing scores against original prompt: 'teal suv with...'
2025-08-11 00:45:38,186 - INFO -       📊 Validation score: 0.8969
2025-08-11 00:45:38,186 - INFO -       📈 Improvement detected: material_focus working better
2025-08-11 00:45:38,186 - INFO - 
   🔄 RL Round 3/18
2025-08-11 00:45:38,187 - INFO -       🎯 Strategy: material_focus (exploit)
2025-08-11 00:45:43,965 - INFO - [TRELLIS] GPU cache cleared: {'status': 'cache_cleared', 'available_memory_gb': 20.277362688}
2025-08-11 00:45:43,965 - INFO -       🔍 Validating...
2025-08-11 00:45:43,966 - INFO -       📝 Using optimized prompt for generation: 'a refined teal SUV with aerodynamic lines, precision-crafted aluminum alloy wheels that accentuate the vehicle's sleek design, subtle LED light strips along side mirrors, accurate, complete, white background...'
2025-08-11 00:45:43,970 - INFO -       🎯 Computing scores against original prompt: 'teal suv with...'
2025-08-11 00:47:15,513 - INFO -       📊 Validation score: 0.8463
2025-08-11 00:47:15,514 - INFO -       📉 Score declined: Consider different approach
2025-08-11 00:47:15,514 - INFO - 
   🔄 RL Round 4/18
2025-08-11 00:47:15,514 - INFO -       🎯 Strategy: minimalist_refinement (explore)
2025-08-11 00:47:28,780 - WARNING - [TRELLIS] Exception clearing GPU cache: HTTPConnectionPool(host='localhost', port=8096): Read timed out. (read timeout=10)
2025-08-11 00:47:28,781 - INFO -       🔍 Validating...
2025-08-11 00:47:28,784 - INFO -       📝 Using optimized prompt for generation: 'a refined sleek teal SUV with aerodynamic lines, precision-crafted aluminum alloy wheels that enhance traction and stability on various road surfaces, front view, accurate, complete, white background...'
2025-08-11 00:47:28,784 - INFO -       🎯 Computing scores against original prompt: 'teal suv with...'
2025-08-11 00:49:20,210 - INFO -       📊 Validation score: 0.5412
2025-08-11 00:49:20,210 - INFO -       📉 Score declined: Consider different approach
2025-08-11 00:49:20,210 - INFO - 
   🔄 RL Round 5/18
2025-08-11 00:49:20,211 - INFO -       🎯 Strategy: minimalist_refinement (explore)
2025-08-11 00:49:26,179 - INFO - [TRELLIS] GPU cache cleared: {'status': 'cache_cleared', 'available_memory_gb': 20.277362688}
2025-08-11 00:49:26,180 - INFO -       🔍 Validating...
2025-08-11 00:49:26,180 - INFO -       📝 Using optimized prompt for generation: 'a refined teal SUV with aerodynamic lines, precision-crafted aluminum alloy wheels that accentuate its sleek design and subtle LED light strip running along the side mirrors, front view, accurate, complete, white background...'
2025-08-11 00:49:26,180 - INFO -       🎯 Computing scores against original prompt: 'teal suv with...'
2025-08-11 00:50:59,985 - INFO -       📊 Validation score: 0.8537
2025-08-11 00:50:59,986 - INFO -       📈 Improvement detected: minimalist_refinement working better
2025-08-11 00:50:59,987 - INFO - 
   🔄 RL Round 6/18
2025-08-11 00:50:59,987 - INFO -       🎯 Strategy: material_focus (exploit)
2025-08-11 00:51:07,080 - INFO - [TRELLIS] GPU cache cleared: {'status': 'cache_cleared', 'available_memory_gb': 20.277362688}
2025-08-11 00:51:07,084 - INFO -       🔍 Validating...
2025-08-11 00:51:07,084 - INFO -       📝 Using optimized prompt for generation: 'a refined teal SUV with aerodynamic lines, precision-crafted aluminum alloy wheels that accentuate subtle curves, tinted windows that seamlessly integrate into the body, and a delicate LED light strip along the side mirrors, viewed from the front...'
2025-08-11 00:51:07,085 - INFO -       🎯 Computing scores against original prompt: 'teal suv with...'
2025-08-11 00:52:45,549 - INFO -       📊 Validation score: 0.8658
2025-08-11 00:52:45,550 - INFO -       📈 Improvement detected: material_focus working better
2025-08-11 00:52:45,554 - INFO - 
   🔄 RL Round 7/18
2025-08-11 00:52:45,554 - INFO -       🎯 Strategy: material_focus (exploit)
2025-08-11 00:52:51,521 - INFO - [TRELLIS] GPU cache cleared: {'status': 'cache_cleared', 'available_memory_gb': 20.277362688}
2025-08-11 00:52:51,521 - INFO -       🔍 Validating...
2025-08-11 00:52:51,522 - INFO -       📝 Using optimized prompt for generation: 'a slender teal SUV with aerodynamic lines, precision-crafted aluminum alloy wheels that blend seamlessly into the body, subtle LED light strips integrated into the side mirrors, and a unique LED accent strip running along the roofline, front view, accurate, complete, white background...'
2025-08-11 00:52:51,522 - INFO -       🎯 Computing scores against original prompt: 'teal suv with...'
2025-08-11 00:54:35,053 - INFO -       📊 Validation score: 0.6916
2025-08-11 00:54:35,055 - INFO -       📉 Score declined: Consider different approach
2025-08-11 00:54:35,055 - INFO - 
   🔄 RL Round 8/18
2025-08-11 00:54:35,056 - INFO -       🎯 Strategy: material_focus (explore)
2025-08-11 00:54:41,861 - INFO - [TRELLIS] GPU cache cleared: {'status': 'cache_cleared', 'available_memory_gb': 20.277362688}
2025-08-11 00:54:41,862 - INFO -       🔍 Validating...
2025-08-11 00:54:41,864 - INFO -       📝 Using optimized prompt for generation: 'a slender teal SUV with aerodynamic lines, precision-crafted aluminum alloy wheels that accentuate its sleek design, and a subtle LED light strip running along the side mirrors...'
2025-08-11 00:54:41,865 - INFO -       🎯 Computing scores against original prompt: 'teal suv with...'
2025-08-11 00:56:13,627 - INFO -       📊 Validation score: 0.9024
2025-08-11 00:56:13,627 - INFO -       🎯 New best score: 0.9024
2025-08-11 00:56:13,628 - INFO -       📈 Improvement detected: material_focus working better
2025-08-11 00:56:13,628 - INFO - 
   🔄 RL Round 9/18
2025-08-11 00:56:13,628 - INFO -       🎯 Strategy: material_focus (exploit)
2025-08-11 00:56:20,234 - INFO - [TRELLIS] GPU cache cleared: {'status': 'cache_cleared', 'available_memory_gb': 20.277362688}
2025-08-11 00:56:20,235 - INFO -       🔍 Validating...
2025-08-11 00:56:20,236 - INFO -       📝 Using optimized prompt for generation: 'a refined sleek teal SUV with aerodynamic lines, precision-crafted aluminum alloy wheels that accentuate subtle curves and a seamless body panel, accurate, complete, white background, front view, accurate, complete, white background...'
2025-08-11 00:56:20,236 - INFO -       🎯 Computing scores against original prompt: 'teal suv with...'
2025-08-11 00:57:59,014 - INFO -       📊 Validation score: 0.8991
2025-08-11 00:57:59,015 - INFO -       ✅ Convergence achieved: Convergence threshold met (improvement: -0.003)
2025-08-11 00:57:59,090 - INFO - 
🎯 RL LOOP COMPLETE:
2025-08-11 00:57:59,091 - INFO -    Best prompt: a slender teal SUV with aerodynamic lines, precision-crafted aluminum alloy wheels that accentuate its sleek design, and a subtle LED light strip running along the side mirrors
2025-08-11 00:57:59,091 - INFO -    Best score: 0.9024
2025-08-11 00:57:59,092 - INFO -    Rounds: 9
2025-08-11 00:57:59,092 - INFO -    Convergence: True
2025-08-11 00:57:59,092 - INFO -    Convergence reason: Convergence threshold met (improvement: -0.003)
2025-08-11 00:57:59,092 - INFO -    Exploration ratio: 44.4%
2025-08-11 00:57:59,092 - INFO -    Insights learned: 3
2025-08-11 00:57:59,092 - INFO -    Total time: 950.46s
2025-08-11 00:57:59,092 - INFO - Prompt optimized in 9 rounds: 0.569 → 0.902 (+0.333)
2025-08-11 00:57:59,093 - INFO - ✅ Target score achieved!
2025-08-11 00:57:59,103 - INFO - 
--- Episode 2, Prompt 26 (Total: 26) ---
2025-08-11 00:57:59,103 - INFO - Optimizing: 'silver pendant necklace featuring infinity symbol'
2025-08-11 00:57:59,103 - INFO - 🔍 Checking server availability before optimization...
2025-08-11 00:57:59,116 - INFO - ✅ Server is available (status: completed)
2025-08-11 00:57:59,116 - INFO - 📝 Marked server as used at 1754873879.1166217
2025-08-11 00:57:59,116 - INFO - ✅ Server is available and marked as used
2025-08-11 00:58:01,893 - INFO - 🔄 Reproducibility optimization applied:
2025-08-11 00:58:01,894 - INFO -    Original: silver pendant necklace featuring infinity symbol
2025-08-11 00:58:01,894 - INFO -    Optimized: wbgmsst, show a delicate silver pendant necklace with accurate and complete fine filigree details, smooth rounded design, and silver material.
2025-08-11 00:58:01,895 - INFO -    Similarity: 1.000
2025-08-11 00:58:01,896 - INFO -    Gold score: 0.7948
2025-08-11 00:58:01,896 - INFO -       🔧 Overriding endpoint: generate/baolei/
2025-08-11 00:58:01,897 - INFO -       🔧 Using endpoint: generate/baolei/
2025-08-11 00:58:01,903 - INFO - 
🔄 RL LOOP OPTIMIZATION: 'silver pendant necklace featuring infinity symbol'
2025-08-11 00:58:01,905 - INFO -    Session: rl_session_1754873881_9373
2025-08-11 00:58:01,905 - INFO -    Max rounds: 18
2025-08-11 00:58:01,905 - INFO -    Min rounds before convergence: 5
2025-08-11 00:58:01,905 - INFO -    Target score: 0.99
2025-08-11 00:58:01,906 - INFO -       🎯 Found previous best attempt: a delicate silver pendant necklace featuring an ornate infinity symbol with intricate, swirling filigree patterns, fine details, and a smooth, rounded design, front view, accurate, complete, white background (score: 0.8601)
2025-08-11 00:58:01,906 - INFO -       🎯 Strategy used: hybrid_approach
2025-08-11 00:58:01,906 - INFO -       🎯 Session ID: rl_session_1754844496_4524
2025-08-11 00:58:01,906 - INFO -       🎯 Past final best prompt: a delicate silver pendant necklace featuring an ornate infinity symbol with intricate, swirling filigree patterns, fine details, and a smooth, rounded design, front view, accurate, complete, white background
2025-08-11 00:58:01,906 - INFO -       🎯 Past final best score: 0.860
2025-08-11 00:58:01,906 - INFO -       🎯 Past session ID: rl_session_1754844496_4524
2025-08-11 00:58:01,906 - INFO -       🎯 Past learned insights: Iterative improvement successful: 0.760 → 0.815, Best performing strategy in session: minimalist_refinement, Explored 2 different strategies
2025-08-11 00:58:01,906 - INFO -       🎯 Past strategy performance updates: {'minimalist_refinement': 0.12670224107995354, 'hybrid_approach': 0.3188858232522779}
2025-08-11 00:58:01,907 - INFO -       🎯 Past final best prompt: a delicate silver pendant necklace featuring an ornate infinity symbol with intricate, swirling filigree patterns, fine details, and a smooth, rounded design, front view, accurate, complete, white background
2025-08-11 00:58:01,907 - INFO -       🎯 Past final best score: 0.860
2025-08-11 00:58:01,909 - INFO - 
   🔄 RL Round 1/18
2025-08-11 00:58:01,909 - INFO -       🎯 Strategy: material_focus (exploit)
2025-08-11 00:58:07,880 - INFO - [TRELLIS] GPU cache cleared: {'status': 'cache_cleared', 'available_memory_gb': 20.277362688}
2025-08-11 00:58:07,880 - INFO -       🔍 Validating...
2025-08-11 00:58:07,880 - INFO -       📝 Using optimized prompt for generation: 'a delicate silver pendant necklace featuring an ornate infinity symbol with intricate filigree patterns, fine details, smooth rounded edges, front view, accurate, complete, white background...'
2025-08-11 00:58:07,880 - INFO -       🎯 Computing scores against original prompt: 'silver pendant necklace featuring infinity symbol...'
2025-08-11 00:59:40,011 - INFO -       📊 Validation score: 0.8237
2025-08-11 00:59:40,012 - INFO - 
   🔄 RL Round 2/18
2025-08-11 00:59:40,012 - INFO -       🎯 Strategy: material_focus (exploit)
2025-08-11 00:59:46,007 - INFO - [TRELLIS] GPU cache cleared: {'status': 'cache_cleared', 'available_memory_gb': 20.277362688}
2025-08-11 00:59:46,008 - INFO -       🔍 Validating...
2025-08-11 00:59:46,011 - INFO -       📝 Using optimized prompt for generation: 'a delicate silver pendant necklace featuring an ornate infinity symbol with intricate filigree patterns that evoke a sense of fluidity, fine details, and a smooth rounded design, front view, accurate, complete, white background...'
2025-08-11 00:59:46,011 - INFO -       🎯 Computing scores against original prompt: 'silver pendant necklace featuring infinity symbol...'
2025-08-11 01:01:23,154 - WARNING -    🔧 Score 0.0 - clearing CUDA cache
2025-08-11 01:01:23,154 - INFO -       📊 Validation score: 0.0000
2025-08-11 01:01:23,155 - INFO - 
   🔄 RL Round 3/18
2025-08-11 01:01:23,155 - INFO -       🎯 Strategy: material_focus (explore)
2025-08-11 01:01:27,465 - INFO - [TRELLIS] GPU cache cleared: {'status': 'cache_cleared', 'available_memory_gb': 20.277362688}
2025-08-11 01:01:27,467 - INFO -       🔍 Validating...
2025-08-11 01:01:27,467 - INFO -       📝 Using optimized prompt for generation: 'a delicate silver pendant necklace featuring an ornate infinity symbol with precise, high-relief filigree patterns, detailed texture, smooth rounded design, and a subtle, mirror-like sheen, front view, accurate, complete, white background...'
2025-08-11 01:01:27,468 - INFO -       🎯 Computing scores against original prompt: 'silver pendant necklace featuring infinity symbol...'
2025-08-11 01:02:53,699 - INFO -       📊 Validation score: 0.8186
2025-08-11 01:02:53,700 - INFO - 
   🔄 RL Round 4/18
2025-08-11 01:02:53,700 - INFO -       🎯 Strategy: conservative_enhancement (exploit)
2025-08-11 01:02:59,688 - INFO - [TRELLIS] GPU cache cleared: {'status': 'cache_cleared', 'available_memory_gb': 20.277362688}
2025-08-11 01:02:59,689 - INFO -       🔍 Validating...
2025-08-11 01:02:59,689 - INFO -       📝 Using optimized prompt for generation: 'a delicate silver pendant necklace featuring an ornate infinity symbol with subtle, flowing filigree patterns, fine details, and a smooth, rounded design, front view, accurate, complete, white background...'
2025-08-11 01:02:59,690 - INFO -       🎯 Computing scores against original prompt: 'silver pendant necklace featuring infinity symbol...'
2025-08-11 01:04:25,723 - INFO -       📊 Validation score: 0.7446
2025-08-11 01:04:25,724 - INFO -       📉 Score declined: Consider different approach
2025-08-11 01:04:25,724 - INFO - 
   🔄 RL Round 5/18
2025-08-11 01:04:25,725 - INFO -       🎯 Strategy: conservative_enhancement (explore)
2025-08-11 01:04:32,008 - INFO - [TRELLIS] GPU cache cleared: {'status': 'cache_cleared', 'available_memory_gb': 20.277362688}
2025-08-11 01:04:32,009 - INFO -       🔍 Validating...
2025-08-11 01:04:32,010 - INFO -       📝 Using optimized prompt for generation: 'a slender, elegant silver pendant necklace featuring an ornate infinity symbol with delicate, swirling filigree patterns, precise engravings, and a smooth, rounded design, front view, accurate, complete, front view, accurate, complete, white background...'
2025-08-11 01:04:32,011 - INFO -       🎯 Computing scores against original prompt: 'silver pendant necklace featuring infinity symbol...'
2025-08-11 01:06:04,022 - INFO -       📊 Validation score: 0.7967
2025-08-11 01:06:04,024 - INFO -       📈 Improvement detected: conservative_enhancement working better
2025-08-11 01:06:04,025 - INFO - 
   🔄 RL Round 6/18
2025-08-11 01:06:04,026 - INFO -       🎯 Strategy: conservative_enhancement (exploit)
2025-08-11 01:06:09,442 - INFO - [TRELLIS] GPU cache cleared: {'status': 'cache_cleared', 'available_memory_gb': 20.277362688}
2025-08-11 01:06:09,443 - INFO -       🔍 Validating...
2025-08-11 01:06:09,443 - INFO -       📝 Using optimized prompt for generation: 'a delicate silver pendant necklace featuring an ornate infinity symbol with intricate, swirling filigree patterns, fine details, precise etching, and a subtle sheen, front view, accurate, complete, white background...'
2025-08-11 01:06:09,444 - INFO -       🎯 Computing scores against original prompt: 'silver pendant necklace featuring infinity symbol...'
2025-08-11 01:07:35,231 - WARNING -    🔧 Score 0.0 - clearing CUDA cache
2025-08-11 01:07:35,231 - INFO -       📊 Validation score: 0.0000
2025-08-11 01:07:35,232 - INFO - 
   🔄 RL Round 7/18
2025-08-11 01:07:35,232 - INFO -       🎯 Strategy: contextual_scene_building (exploit)
2025-08-11 01:07:40,794 - INFO - [TRELLIS] GPU cache cleared: {'status': 'cache_cleared', 'available_memory_gb': 20.277362688}
2025-08-11 01:07:40,795 - INFO -       🔍 Validating...
2025-08-11 01:07:40,796 - INFO -       📝 Using optimized prompt for generation: 'a delicate silver pendant necklace featuring an ornate infinity symbol with fine, swirling filigree patterns and precise, rounded design elements...'
2025-08-11 01:07:40,796 - INFO -       🎯 Computing scores against original prompt: 'silver pendant necklace featuring infinity symbol...'
2025-08-11 01:09:17,538 - INFO -       📊 Validation score: 0.8281
2025-08-11 01:09:17,540 - INFO - 
   🔄 RL Round 8/18
2025-08-11 01:09:17,543 - INFO -       🎯 Strategy: contextual_scene_building (exploit)
2025-08-11 01:09:23,728 - INFO - [TRELLIS] GPU cache cleared: {'status': 'cache_cleared', 'available_memory_gb': 20.277362688}
2025-08-11 01:09:23,730 - INFO -       🔍 Validating...
2025-08-11 01:09:23,730 - INFO -       📝 Using optimized prompt for generation: 'a delicate silver pendant necklace featuring an ornate infinity symbol with intricate, swirling filigree patterns made from high-quality, sterling silver with subtle texture and a smooth, rounded design, front view, accurate, complete, white background...'
2025-08-11 01:09:23,731 - INFO -       🎯 Computing scores against original prompt: 'silver pendant necklace featuring infinity symbol...'
2025-08-11 01:10:54,164 - WARNING -    🔧 Score 0.0 - clearing CUDA cache
2025-08-11 01:10:54,165 - INFO -       📊 Validation score: 0.0000
2025-08-11 01:10:54,166 - INFO - 
   🔄 RL Round 9/18
2025-08-11 01:10:54,169 - INFO -       🎯 Strategy: aggressive_transformation (exploit)
2025-08-11 01:11:00,284 - INFO - [TRELLIS] GPU cache cleared: {'status': 'cache_cleared', 'available_memory_gb': 20.277362688}
2025-08-11 01:11:00,288 - INFO -       🔍 Validating...
2025-08-11 01:11:00,288 - INFO -       📝 Using optimized prompt for generation: 'a delicate silver pendant necklace featuring an ornate infinity symbol with precise, high-contrast filigree patterns, smooth rounded edges, and a refined, detailed texture...'
2025-08-11 01:11:00,289 - INFO -       🎯 Computing scores against original prompt: 'silver pendant necklace featuring infinity symbol...'
2025-08-11 01:12:34,481 - INFO -       📊 Validation score: 0.8542
2025-08-11 01:12:34,482 - INFO - 
   🔄 RL Round 10/18
2025-08-11 01:12:34,482 - INFO -       🎯 Strategy: contextual_scene_building (explore)
2025-08-11 01:12:40,462 - INFO - [TRELLIS] GPU cache cleared: {'status': 'cache_cleared', 'available_memory_gb': 20.277362688}
2025-08-11 01:12:40,466 - INFO -       🔍 Validating...
2025-08-11 01:12:40,466 - INFO -       📝 Using optimized prompt for generation: 'a delicate silver pendant necklace featuring an ornate infinity symbol with highly detailed, interlocking filigree patterns that resemble a mix of Celtic and Art Nouveau designs, fine details, and a smooth, rounded design, front view, accurate, complete, white background...'
2025-08-11 01:12:40,466 - INFO -       🎯 Computing scores against original prompt: 'silver pendant necklace featuring infinity symbol...'
2025-08-11 01:14:11,557 - INFO -       📊 Validation score: 0.6489
2025-08-11 01:14:11,558 - INFO -       📉 Score declined: Consider different approach
2025-08-11 01:14:11,558 - INFO - 
   🔄 RL Round 11/18
2025-08-11 01:14:11,558 - INFO -       🎯 Strategy: aggressive_transformation (exploit)
2025-08-11 01:14:17,458 - INFO - [TRELLIS] GPU cache cleared: {'status': 'cache_cleared', 'available_memory_gb': 20.277362688}
2025-08-11 01:14:17,459 - INFO -       🔍 Validating...
2025-08-11 01:14:17,459 - INFO -       📝 Using optimized prompt for generation: 'a delicate silver pendant necklace featuring an ornate infinity symbol with intricate filigree patterns and fine details...'
2025-08-11 01:14:17,459 - INFO -       🎯 Computing scores against original prompt: 'silver pendant necklace featuring infinity symbol...'
2025-08-11 01:15:50,730 - WARNING -    🔧 Score 0.0 - clearing CUDA cache
2025-08-11 01:15:50,730 - INFO -       📊 Validation score: 0.0000
2025-08-11 01:15:50,731 - INFO - 
   🔄 RL Round 12/18
2025-08-11 01:15:50,731 - INFO -       🎯 Strategy: hybrid_approach (exploit)
2025-08-11 01:15:55,246 - INFO - [TRELLIS] GPU cache cleared: {'status': 'cache_cleared', 'available_memory_gb': 20.277362688}
2025-08-11 01:15:55,247 - INFO -       🔍 Validating...
2025-08-11 01:15:55,247 - INFO -       📝 Using optimized prompt for generation: 'a slender silver pendant necklace featuring an ornate infinity symbol with fine filigree details and a smooth, rounded design, front view, accurate, complete, white background...'
2025-08-11 01:15:55,247 - INFO -       🎯 Computing scores against original prompt: 'silver pendant necklace featuring infinity symbol...'
2025-08-11 01:17:29,871 - INFO -       📊 Validation score: 0.8343
2025-08-11 01:17:29,872 - INFO - 
   🔄 RL Round 13/18
2025-08-11 01:17:29,872 - INFO -       🎯 Strategy: conservative_enhancement (explore)
2025-08-11 01:17:35,343 - INFO - [TRELLIS] GPU cache cleared: {'status': 'cache_cleared', 'available_memory_gb': 20.277362688}
2025-08-11 01:17:35,345 - INFO -       🔍 Validating...
2025-08-11 01:17:35,345 - INFO -       📝 Using optimized prompt for generation: 'a slender silver pendant necklace featuring an ornate infinity symbol with delicate, swirling filigree patterns, fine details, and a smooth, rounded design, accented with subtle texture and shading that catches the light, front view, accurate, complete, white background...'
2025-08-11 01:17:35,345 - INFO -       🎯 Computing scores against original prompt: 'silver pendant necklace featuring infinity symbol...'
2025-08-11 01:19:04,121 - INFO -       📊 Validation score: 0.8557
2025-08-11 01:19:04,122 - INFO -       📈 Improvement detected: conservative_enhancement working better
2025-08-11 01:19:04,122 - INFO - 
   🔄 RL Round 14/18
2025-08-11 01:19:04,123 - INFO -       🎯 Strategy: hybrid_approach (exploit)
2025-08-11 01:19:16,582 - INFO - [TRELLIS] GPU cache cleared: {'status': 'cache_cleared', 'available_memory_gb': 20.277362688}
2025-08-11 01:19:16,583 - INFO -       🔍 Validating...
2025-08-11 01:19:16,583 - INFO -       📝 Using optimized prompt for generation: 'a delicate silver pendant necklace featuring an ornate infinity symbol with intricate, swirling filigree patterns, fine details and a smooth rounded silhouette...'
2025-08-11 01:19:16,583 - INFO -       🎯 Computing scores against original prompt: 'silver pendant necklace featuring infinity symbol...'
2025-08-11 01:20:44,825 - WARNING -    🔧 Score 0.0 - clearing CUDA cache
2025-08-11 01:20:44,825 - INFO -       📊 Validation score: 0.0000
2025-08-11 01:20:44,825 - INFO - 
   🔄 RL Round 15/18
2025-08-11 01:20:44,827 - INFO -       🎯 Strategy: minimalist_refinement (exploit)
2025-08-11 01:20:50,375 - INFO - [TRELLIS] GPU cache cleared: {'status': 'cache_cleared', 'available_memory_gb': 20.277362688}
2025-08-11 01:20:50,376 - INFO -       🔍 Validating...
2025-08-11 01:20:50,377 - INFO -       📝 Using optimized prompt for generation: 'a slender silver pendant necklace featuring an ornate infinity symbol with fine filigree patterns and a subtle, rounded design, front view...'
2025-08-11 01:20:50,379 - INFO -       🎯 Computing scores against original prompt: 'silver pendant necklace featuring infinity symbol...'
2025-08-11 01:22:20,495 - INFO -       📊 Validation score: 0.8261
2025-08-11 01:22:20,496 - INFO - 
   🔄 RL Round 16/18
2025-08-11 01:22:20,496 - INFO -       🎯 Strategy: hybrid_approach (explore)
2025-08-11 01:22:25,665 - INFO - [TRELLIS] GPU cache cleared: {'status': 'cache_cleared', 'available_memory_gb': 20.277362688}
2025-08-11 01:22:25,666 - INFO -       🔍 Validating...
2025-08-11 01:22:25,669 - INFO -       📝 Using optimized prompt for generation: 'a slender silver pendant necklace featuring an ornate infinity symbol with fine, hand-engraved details and subtle, swirling filigree patterns, front view, accurate, complete, front view, accurate, complete, white background...'
2025-08-11 01:22:25,669 - INFO -       🎯 Computing scores against original prompt: 'silver pendant necklace featuring infinity symbol...'
2025-08-11 01:23:59,405 - INFO -       📊 Validation score: 0.7761
2025-08-11 01:23:59,406 - INFO -       📉 Score declined: Consider different approach
2025-08-11 01:23:59,406 - INFO - 
   🔄 RL Round 17/18
2025-08-11 01:23:59,406 - INFO -       🎯 Strategy: minimalist_refinement (exploit)
2025-08-11 01:24:05,298 - INFO - [TRELLIS] GPU cache cleared: {'status': 'cache_cleared', 'available_memory_gb': 20.277362688}
2025-08-11 01:24:05,299 - INFO -       🔍 Validating...
2025-08-11 01:24:05,299 - INFO -       📝 Using optimized prompt for generation: 'a slender silver pendant necklace featuring an ornate infinity symbol with fine filigree patterns, smooth rounded edges, and a delicate chain design...'
2025-08-11 01:24:05,299 - INFO -       🎯 Computing scores against original prompt: 'silver pendant necklace featuring infinity symbol...'
2025-08-11 01:25:34,926 - INFO -       📊 Validation score: 0.8542
2025-08-11 01:25:34,927 - INFO -       📈 Improvement detected: minimalist_refinement working better
2025-08-11 01:25:34,927 - INFO - 
   🔄 RL Round 18/18
2025-08-11 01:25:34,927 - INFO -       🎯 Strategy: hybrid_approach (explore)
2025-08-11 01:25:40,591 - INFO - [TRELLIS] GPU cache cleared: {'status': 'cache_cleared', 'available_memory_gb': 20.277362688}
2025-08-11 01:25:40,593 - INFO -       🔍 Validating...
2025-08-11 01:25:40,594 - INFO -       📝 Using optimized prompt for generation: 'a delicate silver pendant necklace featuring an ornate infinity symbol with fine, swirling filigree details, smooth rounded edges, polished surface, front view, accurate, complete, white background...'
2025-08-11 01:25:40,594 - INFO -       🎯 Computing scores against original prompt: 'silver pendant necklace featuring infinity symbol...'
2025-08-11 01:27:06,991 - WARNING -    🔧 Score 0.0 - clearing CUDA cache
2025-08-11 01:27:06,991 - INFO -       📊 Validation score: 0.0000
2025-08-11 01:27:07,092 - INFO - 
🎯 RL LOOP COMPLETE:
2025-08-11 01:27:07,099 - INFO -    Best prompt: a delicate silver pendant necklace featuring an ornate infinity symbol with intricate, swirling filigree patterns, fine details, and a smooth, rounded design, front view, accurate, complete, white background
2025-08-11 01:27:07,099 - INFO -    Best score: 0.8601
2025-08-11 01:27:07,099 - INFO -    Rounds: 18
2025-08-11 01:27:07,099 - INFO -    Convergence: False
2025-08-11 01:27:07,099 - INFO -    Convergence reason: Not converged
2025-08-11 01:27:07,099 - INFO -    Exploration ratio: 33.3%
2025-08-11 01:27:07,099 - INFO -    Insights learned: 3
2025-08-11 01:27:07,099 - INFO -    Total time: 1745.09s
2025-08-11 01:27:07,100 - INFO - Prompt optimized in 18 rounds: 0.824 → 0.860 (+0.036)
2025-08-11 01:27:07,100 - INFO - ⏰ Max rounds reached
2025-08-11 01:27:07,114 - INFO - 
============================================================
2025-08-11 01:27:07,114 - INFO - EPISODE 2 SUMMARY
2025-08-11 01:27:07,114 - INFO - ============================================================
2025-08-11 01:27:07,115 - INFO - Success Rate: 65.4% (17/26)
2025-08-11 01:27:07,115 - INFO - Average Rounds: 12.2
2025-08-11 01:27:07,115 - INFO - Average Score Improvement: +0.097
2025-08-11 01:27:07,115 - INFO - Episode Duration: 30423.7s
2025-08-11 01:27:07,115 - INFO - New Principles Learned: 71
2025-08-11 01:27:07,122 - INFO - Final results saved to: episodic_log_18/final_episodic_results_20250811_012707.json
2025-08-11 01:27:07,122 - INFO - 
Best prompts and scores for each test prompt:
2025-08-11 01:27:07,122 - INFO - Prompt: gray robot with two round eyes
  Best Score: 0.916
  Best Prompt: a gray robot with two round eyes made of durable, high-tech polymers and equipped with precision-crafted tools for delicate assembly tasks, front view, accurate, complete, white background

2025-08-11 01:27:07,122 - INFO - Prompt: small brass candlestick holder with spiral
  Best Score: 0.926
  Best Prompt: a slender small brass candlestick holder with an intricate, hand-crafted twist that spirals elegantly around its middle in a gentle, curved motion, precise, complete, white background, front view, accurate, complete, white background

2025-08-11 01:27:07,122 - INFO - Prompt: magical potion bottle with starry label
  Best Score: 0.906
  Best Prompt: a slender glass potion bottle adorned with an ethereal, starry silver label featuring delicate, swirling patterns and subtle shimmering effects in the moonlight, front view, accurate, complete, white background

2025-08-11 01:27:07,122 - INFO - Prompt: classic fedora hat in rich brown leather
  Best Score: 0.807
  Best Prompt: a classic fedora hat in rich, hand-tooled, and supple chocolate-brown leather with subtle scuffs and wear, front view

2025-08-11 01:27:07,123 - INFO - Prompt: ruby bracelet with unique twisted band
  Best Score: 0.928
  Best Prompt: ruby bracelet with unique twisted band featuring an ornate filigree pattern with micro-pavé diamonds, subtle inclusions of rubies, a delicate twist at the clasp, front view, accurate, complete, white background

2025-08-11 01:27:07,123 - INFO - Prompt: yellow screwdriver with short handle
  Best Score: 0.930
  Best Prompt: a yellow screwdriver with a short, slender handle made from durable plastic, front view, precise details of ergonomic design, front view, accurate, complete, white background

2025-08-11 01:27:07,123 - INFO - Prompt: yellow and white checkered robot pose
  Best Score: 0.906
  Best Prompt: a sleek yellow and white checkered robot pose with a metallic sheen on the gears visible under a slightly worn, translucent plastic casing, front view, accurate, complete, white background

2025-08-11 01:27:07,123 - INFO - Prompt: shiny silver spherical robot with smooth finish
  Best Score: 0.898
  Best Prompt: a highly polished, mirror-like shiny silver spherical robot with a subtle sheen and a textured, almost matte finish on its surface, emitting a soft, ambient glow

2025-08-11 01:27:07,123 - INFO - Prompt: glass statue abstract with flowing shapes
  Best Score: 0.911
  Best Prompt: a slender glass statue featuring an intricate, layered pattern of translucent shapes with delicate, swirling curves and subtle reflections on its surface, front view, accurate, complete, white background

2025-08-11 01:27:07,123 - INFO - Prompt: glossy gold harp luxurious and enchanting
  Best Score: 0.925
  Best Prompt: glossy gold harp with intricately carved inlays of rubies, precision-crafted from the finest woods and adorned with delicate filigree patterns that evoke the intricate details of antique furniture.

2025-08-11 01:27:07,123 - INFO - Prompt: violet succubus with long
  Best Score: 0.926
  Best Prompt: violet succubus with long, intricately patterned wings and a slender neck, adorned with delicate filigree, front view, accurate, complete, white background

2025-08-11 01:27:07,123 - INFO - Prompt: small chisel with black tip
  Best Score: 0.922
  Best Prompt: a slender small chisel with a high-carbon black titanium tip featuring subtle curvature, enhanced microscopic texture, and precision-ground edges, front view, accurate, complete, white background

2025-08-11 01:27:07,123 - INFO - Prompt: deep navy robot with sophisticated style
  Best Score: 0.921
  Best Prompt: a deep navy robot with precision-crafted angular lines and micro-scaled LED accents that subtly shift between warm and cool tones to enhance its sophisticated style, front view, accurate, complete, white background

2025-08-11 01:27:07,123 - INFO - Prompt: glistening yellow citrine prism
  Best Score: 0.919
  Best Prompt: a slender, intricately carved glistening yellow citrine prism that refracts light into a kaleidoscope of colors, revealing delicate inclusions and subtle wear marks that add to its intricate beauty, front view, accurate, complete, white background

2025-08-11 01:27:07,123 - INFO - Prompt: large blue crystal with irregular shape and sharp edges
  Best Score: 0.923
  Best Prompt: a large blue crystal with an irregularly shaped, angular silhouette featuring prominently defined sharp edges and a delicate milky sheen on its surface, front view, front view, accurate, complete, white background

2025-08-11 01:27:07,124 - INFO - Prompt: yellow lamp with bent neck
  Best Score: 0.930
  Best Prompt: a slender yellow lamp with an almost imperceptibly curved neck and subtly ridged texture, featuring a polished brass alloy and a delicate patina on its surface., front view, accurate, complete, white background

2025-08-11 01:27:07,124 - INFO - Prompt: vibrant red vase with elegant swirl
  Best Score: 0.940
  Best Prompt: a vibrant red vase with elegant swirls that evoke a sense of energy and sophistication, front view, accurate, complete, white background

2025-08-11 01:27:07,124 - INFO - Prompt: small purple cylindrical creature with short tail and long legs
  Best Score: 0.926
  Best Prompt: a small purple cylindrical creature with a tapering short tail and long, slender legs adorned in delicate, swirling patterns evoking a sense of gentle movement, front view, accurate, complete, white background

2025-08-11 01:27:07,125 - INFO - Prompt: silver robot wearing green scarf
  Best Score: 0.918
  Best Prompt: a slender silver robot wearing an intricately woven vibrant green scarf with micro-polyester threads and interlocking hexagons on the hemline, featuring a delicate gradient effect on the fabric's texture, front view, accurate, complete, white background

2025-08-11 01:27:07,125 - INFO - Prompt: warm yellow woolen scarf with fringed edges
  Best Score: 0.868
  Best Prompt: a warm golden-hued woolen scarf with delicately woven, hand-tied fringes in varying lengths that subtly sheen to capture the softest light, front view, accurate, complete, white background

2025-08-11 01:27:07,125 - INFO - Prompt: ruby bracelet adorned with faceted stones
  Best Score: 0.924
  Best Prompt: a slender ruby bracelet adorned with expertly faceted stones that refract light and exhibit subtle luster in the center of each stone

2025-08-11 01:27:07,126 - INFO - Prompt: purple suv high roof off-road tires
  Best Score: 0.925
  Best Prompt: a sleek, luxurious purple SUV with an aggressive off-road capability and advanced traction control systems featuring durable construction, high roof, and prominent front tires, accurate, complete, white background, front view, accurate, complete, white background

2025-08-11 01:27:07,126 - INFO - Prompt: sapphire mace with gold-plated head
  Best Score: 0.971
  Best Prompt: a slender sapphire mace with a gold-plated head featuring detailed engravings and ornate knotwork patterns, precise craftsmanship

2025-08-11 01:27:07,127 - INFO - Prompt: teal camper van rooftop tent and awning
  Best Score: 0.890
  Best Prompt: teal camper van with sleek, modern rooftop tent featuring retractable awning and gleaming silver accents, streamlined silhouette, precise stitching, front view, accurate, complete, white background

2025-08-11 01:27:07,134 - INFO - Prompt: teal suv with
  Best Score: 0.902
  Best Prompt: a slender teal SUV with aerodynamic lines, precision-crafted aluminum alloy wheels that accentuate its sleek design, and a subtle LED light strip running along the side mirrors

2025-08-11 01:27:07,134 - INFO - Prompt: silver pendant necklace featuring infinity symbol
  Best Score: 0.860
  Best Prompt: a delicate silver pendant necklace featuring an ornate infinity symbol with intricate, swirling filigree patterns, fine details, and a smooth, rounded design, front view, accurate, complete, white background

2025-08-11 01:27:07,135 - INFO - 
================================================================================
2025-08-11 01:27:07,135 - INFO - FINAL EPISODIC OPTIMIZATION SUMMARY
2025-08-11 01:27:07,135 - INFO - ================================================================================
2025-08-11 01:27:07,136 - INFO - Total Episodes: 2
2025-08-11 01:27:07,136 - INFO - Total Optimizations: 52
2025-08-11 01:27:07,137 - INFO - Overall Duration: 55278.8s (921.3 minutes)
2025-08-11 01:27:07,137 - INFO - 
LEARNING PROGRESSION:
2025-08-11 01:27:07,138 - INFO - 
PRINCIPLES LEARNED:
2025-08-11 01:27:07,138 - INFO - Total Principles: 135
2025-08-11 01:27:07,138 - INFO - Unique Principles: 48
2025-08-11 01:27:07,139 - INFO - 
================================================================================
