2025-08-10 04:14:14,634 - INFO - 📚 Loaded RL memory: 8 strategies, 50 sessions
2025-08-10 04:14:14,634 - INFO - 🔄 RL LOOP AGENT INITIALIZED (IMPROVED)
2025-08-10 04:14:14,634 - INFO -    Strategy tracking: 8 strategies
2025-08-10 04:14:14,634 - INFO -    Past sessions: 50
2025-08-10 04:14:14,634 - INFO -    Exploration rate: 0.78
2025-08-10 04:14:14,635 - INFO -    Max rounds per optimization: 15
2025-08-10 04:14:14,635 - INFO -    Min rounds before convergence: 5
2025-08-10 04:14:14,635 - INFO -    Adaptive convergence: ENABLED
2025-08-10 04:14:14,649 - INFO - 🔄 Initialized reproducibility system for pre-optimization
2025-08-10 04:14:14,649 - INFO - Starting episodic optimization: 2 episodes, 16 prompts per episode
2025-08-10 04:14:14,650 - INFO - Target score: 0.99, Max rounds per prompt: 18
2025-08-10 04:14:14,650 - INFO - 
============================================================
2025-08-10 04:14:14,650 - INFO - STARTING EPISODE 1/2
2025-08-10 04:14:14,650 - INFO - ============================================================
2025-08-10 04:14:14,650 - INFO - 🔍 Checking server health at episode start...
2025-08-10 04:14:14,655 - INFO - ✅ Server health check passed
2025-08-10 04:14:14,657 - INFO - 
--- Episode 1, Prompt 1 (Total: 16) ---
2025-08-10 04:14:14,657 - INFO - Optimizing: 'violet succubus with long'
2025-08-10 04:14:14,657 - INFO - 🔍 Checking server availability before optimization...
2025-08-10 04:14:14,663 - INFO - ✅ Server is available (status: completed)
2025-08-10 04:14:14,663 - INFO - 📝 Marked server as used at 1754799254.6631856
2025-08-10 04:14:14,663 - INFO - ✅ Server is available and marked as used
2025-08-10 04:14:14,666 - INFO - 🔄 Reproducibility optimization returned no result
2025-08-10 04:14:14,667 - INFO -       🔧 Overriding endpoint: generate/
2025-08-10 04:14:14,667 - INFO -       🔧 Using endpoint: generate/baolei/
2025-08-10 04:14:14,669 - INFO - 
🔄 RL LOOP OPTIMIZATION: 'violet succubus with long'
2025-08-10 04:14:14,669 - INFO -    Session: rl_session_1754799254_5721
2025-08-10 04:14:14,669 - INFO -    Max rounds: 18
2025-08-10 04:14:14,669 - INFO -    Min rounds before convergence: 5
2025-08-10 04:14:14,670 - INFO -    Target score: 0.99
2025-08-10 04:14:14,670 - INFO - 
   🔄 RL Round 1/18
2025-08-10 04:14:14,670 - INFO -       🎯 Strategy: artistic_elaboration (explore)
2025-08-10 04:14:18,904 - INFO - [TRELLIS] GPU cache cleared: {'status': 'cache_cleared', 'available_memory_gb': 20.277362688}
2025-08-10 04:14:18,904 - INFO -       🔍 Validating...
2025-08-10 04:14:18,904 - INFO -       📝 Using optimized prompt for generation: 'violet succubus with long, intricately patterned wings and a slender neck, adorned with delicate filigree, front view, accurate, complete, white background...'
2025-08-10 04:14:18,904 - INFO -       🎯 Computing scores against original prompt: 'violet succubus with long...'
2025-08-10 04:15:18,898 - INFO -       📊 Validation score: 0.9264
2025-08-10 04:15:18,898 - INFO -       🎯 New best score: 0.9264
2025-08-10 04:15:18,899 - INFO - 
   🔄 RL Round 2/18
2025-08-10 04:15:18,899 - INFO -       🎯 Strategy: aggressive_transformation (explore)
2025-08-10 04:15:23,191 - INFO - [TRELLIS] GPU cache cleared: {'status': 'cache_cleared', 'available_memory_gb': 20.277362688}
2025-08-10 04:15:23,192 - INFO -       🔍 Validating...
2025-08-10 04:15:23,192 - INFO -       📝 Using optimized prompt for generation: 'a slender violet succubus with long, intricately patterned wings that resemble the delicate scales of a butterfly's hindwings, adorned with a slender neck featuring an ornate silver choker, and a delicate filigree of crimson veins on her skin., front view, accurate, complete, white background...'
2025-08-10 04:15:23,192 - INFO -       🎯 Computing scores against original prompt: 'violet succubus with long...'
2025-08-10 04:16:30,396 - INFO -       📊 Validation score: 0.8784
2025-08-10 04:16:30,398 - INFO -       📉 Score declined: Consider different approach
2025-08-10 04:16:30,398 - INFO - 
   🔄 RL Round 3/18
2025-08-10 04:16:30,398 - INFO -       🎯 Strategy: material_focus (explore)
2025-08-10 04:16:34,342 - INFO - [TRELLIS] GPU cache cleared: {'status': 'cache_cleared', 'available_memory_gb': 20.277362688}
2025-08-10 04:16:34,342 - INFO -       🔍 Validating...
2025-08-10 04:16:34,343 - INFO -       📝 Using optimized prompt for generation: 'a slender violet succubus with long, intricately patterned wings featuring delicate, swirling filigree and a subtle sheen, adorned with a slender neck and a sprinkling of iridescent dust on her shoulder...'
2025-08-10 04:16:34,343 - INFO -       🎯 Computing scores against original prompt: 'violet succubus with long...'
2025-08-10 04:17:39,471 - INFO -       📊 Validation score: 0.8756
2025-08-10 04:17:39,472 - INFO -       📉 Score declined: Consider different approach
2025-08-10 04:17:39,472 - INFO - 
   🔄 RL Round 4/18
2025-08-10 04:17:39,472 - INFO -       🎯 Strategy: aggressive_transformation (explore)
2025-08-10 04:17:43,696 - INFO - [TRELLIS] GPU cache cleared: {'status': 'cache_cleared', 'available_memory_gb': 20.277362688}
2025-08-10 04:17:43,697 - INFO -       🔍 Validating...
2025-08-10 04:17:43,697 - INFO -       📝 Using optimized prompt for generation: 'a slender violet succubus with long, intricately patterned wings featuring delicate, swirling filigree and a slender neck, front view, accurate, complete, white background...'
2025-08-10 04:17:43,697 - INFO -       🎯 Computing scores against original prompt: 'violet succubus with long...'
2025-08-10 04:18:48,046 - INFO -       📊 Validation score: 0.9119
2025-08-10 04:18:48,046 - INFO -       📈 Improvement detected: aggressive_transformation working better
2025-08-10 04:18:48,046 - INFO - 
   🔄 RL Round 5/18
2025-08-10 04:18:48,046 - INFO -       🎯 Strategy: material_focus (explore)
2025-08-10 04:19:01,165 - WARNING - [TRELLIS] Exception clearing GPU cache: HTTPConnectionPool(host='localhost', port=8096): Read timed out. (read timeout=10)
2025-08-10 04:19:01,165 - INFO -       🔍 Validating...
2025-08-10 04:19:01,165 - INFO -       📝 Using optimized prompt for generation: 'a slender violet succubus with long, intricately patterned wings featuring delicate, swirling filigrance and a petite neck adorned with tiny, shimmering gemstones, front view, accurate, complete, white background...'
2025-08-10 04:19:01,165 - INFO -       🎯 Computing scores against original prompt: 'violet succubus with long...'
2025-08-10 04:20:05,326 - INFO -       📊 Validation score: 0.8913
2025-08-10 04:20:05,327 - INFO -       📉 Score declined: Consider different approach
2025-08-10 04:20:05,327 - INFO - 
   🔄 RL Round 6/18
2025-08-10 04:20:05,327 - INFO -       🎯 Strategy: artistic_elaboration (explore)
2025-08-10 04:20:09,993 - INFO - [TRELLIS] GPU cache cleared: {'status': 'cache_cleared', 'available_memory_gb': 20.277362688}
2025-08-10 04:20:09,994 - INFO -       🔍 Validating...
2025-08-10 04:20:09,994 - INFO -       📝 Using optimized prompt for generation: 'a slender violet succubus with long, intricately patterned wings adorned with iridescent sheen, showcasing a delicate balance between elegance and mystique, as if the very fabric of darkness has been woven into its being, front view, accurate, complete, white background...'
2025-08-10 04:20:09,994 - INFO -       🎯 Computing scores against original prompt: 'violet succubus with long...'
2025-08-10 04:21:12,495 - INFO -       📊 Validation score: 0.9090
2025-08-10 04:21:12,496 - INFO -       📈 Improvement detected: artistic_elaboration working better
2025-08-10 04:21:12,496 - INFO - 
   🔄 RL Round 7/18
2025-08-10 04:21:12,496 - INFO -       🎯 Strategy: aggressive_transformation (explore)
2025-08-10 04:21:16,834 - INFO - [TRELLIS] GPU cache cleared: {'status': 'cache_cleared', 'available_memory_gb': 20.277362688}
2025-08-10 04:21:16,835 - INFO -       🔍 Validating...
2025-08-10 04:21:16,835 - INFO -       📝 Using optimized prompt for generation: 'a slender violet succubus with long, intricately patterned wings featuring delicate, swirling filigrand scales that shimmer like moonlight on dark water, front view, accurate, complete, white background...'
2025-08-10 04:21:16,835 - INFO -       🎯 Computing scores against original prompt: 'violet succubus with long...'
2025-08-10 04:22:18,349 - INFO -       📊 Validation score: 0.9072
2025-08-10 04:22:18,350 - INFO -       ✅ Convergence achieved: Convergence threshold met (improvement: -0.002)
2025-08-10 04:22:18,387 - INFO - 
🎯 RL LOOP COMPLETE:
2025-08-10 04:22:18,387 - INFO -    Best prompt: violet succubus with long, intricately patterned wings and a slender neck, adorned with delicate filigree, front view, accurate, complete, white background
2025-08-10 04:22:18,387 - INFO -    Best score: 0.9264
2025-08-10 04:22:18,388 - INFO -    Rounds: 7
2025-08-10 04:22:18,388 - INFO -    Convergence: True
2025-08-10 04:22:18,388 - INFO -    Convergence reason: Convergence threshold met (improvement: -0.002)
2025-08-10 04:22:18,388 - INFO -    Exploration ratio: 100.0%
2025-08-10 04:22:18,388 - INFO -    Insights learned: 2
2025-08-10 04:22:18,388 - INFO -    Total time: 483.68s
2025-08-10 04:22:18,388 - INFO - Prompt optimized in 7 rounds: 0.926 → 0.926 (+0.000)
2025-08-10 04:22:18,389 - INFO - ✅ Target score achieved!
2025-08-10 04:22:18,391 - INFO - 
--- Episode 1, Prompt 2 (Total: 16) ---
2025-08-10 04:22:18,391 - INFO - Optimizing: 'small chisel with black tip'
2025-08-10 04:22:18,391 - INFO - 🔍 Checking server availability before optimization...
2025-08-10 04:22:18,399 - INFO - ✅ Server is available (status: completed)
2025-08-10 04:22:18,400 - INFO - 📝 Marked server as used at 1754799738.4001262
2025-08-10 04:22:18,400 - INFO - ✅ Server is available and marked as used
2025-08-10 04:22:18,404 - INFO - 🔄 Reproducibility optimization returned no result
2025-08-10 04:22:18,404 - INFO -       🔧 Overriding endpoint: generate/baolei/
2025-08-10 04:22:18,404 - INFO -       🔧 Using endpoint: generate/baolei/
2025-08-10 04:22:18,407 - INFO - 
🔄 RL LOOP OPTIMIZATION: 'small chisel with black tip'
2025-08-10 04:22:18,408 - INFO -    Session: rl_session_1754799738_2359
2025-08-10 04:22:18,408 - INFO -    Max rounds: 18
2025-08-10 04:22:18,408 - INFO -    Min rounds before convergence: 5
2025-08-10 04:22:18,408 - INFO -    Target score: 0.99
2025-08-10 04:22:18,408 - INFO - 
   🔄 RL Round 1/18
2025-08-10 04:22:18,408 - INFO -       🎯 Strategy: material_focus (explore)
2025-08-10 04:22:21,972 - INFO - [TRELLIS] GPU cache cleared: {'status': 'cache_cleared', 'available_memory_gb': 20.277362688}
2025-08-10 04:22:21,972 - INFO -       🔍 Validating...
2025-08-10 04:22:21,972 - INFO -       📝 Using optimized prompt for generation: 'a small, curved chisel with a black titanium tip, front view, accurate, complete, white background...'
2025-08-10 04:22:21,972 - INFO -       🎯 Computing scores against original prompt: 'small chisel with black tip...'
2025-08-10 04:23:25,530 - INFO -       📊 Validation score: 0.9089
2025-08-10 04:23:25,530 - INFO -       🎯 New best score: 0.9089
2025-08-10 04:23:25,531 - INFO - 
   🔄 RL Round 2/18
2025-08-10 04:23:25,531 - INFO -       🎯 Strategy: artistic_elaboration (explore)
2025-08-10 04:23:30,534 - INFO - [TRELLIS] GPU cache cleared: {'status': 'cache_cleared', 'available_memory_gb': 20.277362688}
2025-08-10 04:23:30,535 - INFO -       🔍 Validating...
2025-08-10 04:23:30,535 - INFO -       📝 Using optimized prompt for generation: 'a small, black-tipped chisel with a smooth, matte finish and a subtle curve to the blade, front view, accurate, complete, white background...'
2025-08-10 04:23:30,535 - INFO -       🎯 Computing scores against original prompt: 'small chisel with black tip...'
2025-08-10 04:24:33,689 - INFO -       📊 Validation score: 0.5882
2025-08-10 04:24:33,689 - INFO -       📉 Score declined: Consider different approach
2025-08-10 04:24:33,689 - INFO - 
   🔄 RL Round 3/18
2025-08-10 04:24:33,690 - INFO -       🎯 Strategy: artistic_elaboration (explore)
2025-08-10 04:24:36,452 - INFO - [TRELLIS] GPU cache cleared: {'status': 'cache_cleared', 'available_memory_gb': 20.277362688}
2025-08-10 04:24:36,452 - INFO -       🔍 Validating...
2025-08-10 04:24:36,452 - INFO -       📝 Using optimized prompt for generation: 'a small, curved chisel with a black titanium tip and a subtle notch in the handle, front view, accurate, complete, white background...'
2025-08-10 04:24:36,452 - INFO -       🎯 Computing scores against original prompt: 'small chisel with black tip...'
2025-08-10 04:25:35,949 - INFO -       📊 Validation score: 0.7608
2025-08-10 04:25:35,950 - INFO -       📈 Improvement detected: artistic_elaboration working better
2025-08-10 04:25:35,950 - INFO - 
   🔄 RL Round 4/18
2025-08-10 04:25:35,950 - INFO -       🎯 Strategy: artistic_elaboration (explore)
2025-08-10 04:25:39,549 - INFO - [TRELLIS] GPU cache cleared: {'status': 'cache_cleared', 'available_memory_gb': 20.277362688}
2025-08-10 04:25:39,549 - INFO -       🔍 Validating...
2025-08-10 04:25:39,549 - INFO -       📝 Using optimized prompt for generation: 'a small, curved chisel with a black titanium tip and microscopic striations along the blade's edge, front view, accurate, complete...'
2025-08-10 04:25:39,550 - INFO -       🎯 Computing scores against original prompt: 'small chisel with black tip...'
2025-08-10 04:26:43,151 - INFO -       📊 Validation score: 0.8718
2025-08-10 04:26:43,151 - INFO -       📈 Improvement detected: artistic_elaboration working better
2025-08-10 04:26:43,151 - INFO - 
   🔄 RL Round 5/18
2025-08-10 04:26:43,151 - INFO -       🎯 Strategy: aggressive_transformation (explore)
2025-08-10 04:26:46,903 - INFO - [TRELLIS] GPU cache cleared: {'status': 'cache_cleared', 'available_memory_gb': 20.277362688}
2025-08-10 04:26:46,903 - INFO -       🔍 Validating...
2025-08-10 04:26:46,903 - INFO -       📝 Using optimized prompt for generation: 'a small, curved chisel with a black titanium tip featuring a matte finish and microscopic striations along the blade's edge, precision-ground for optimal cutting performance, front view, accurate, complete, white background...'
2025-08-10 04:26:46,903 - INFO -       🎯 Computing scores against original prompt: 'small chisel with black tip...'
2025-08-10 04:27:49,480 - INFO -       📊 Validation score: 0.8567
2025-08-10 04:27:49,481 - INFO -       📉 Score declined: Consider different approach
2025-08-10 04:27:49,481 - INFO - 
   🔄 RL Round 6/18
2025-08-10 04:27:49,481 - INFO -       🎯 Strategy: aggressive_transformation (explore)
2025-08-10 04:27:53,588 - INFO - [TRELLIS] GPU cache cleared: {'status': 'cache_cleared', 'available_memory_gb': 20.277362688}
2025-08-10 04:27:53,589 - INFO -       🔍 Validating...
2025-08-10 04:27:53,589 - INFO -       📝 Using optimized prompt for generation: 'a small, curved chisel with a black titanium tip and a subtle texture to the blade's edge, front view, front view, accurate, complete, white background...'
2025-08-10 04:27:53,589 - INFO -       🎯 Computing scores against original prompt: 'small chisel with black tip...'
2025-08-10 04:28:53,004 - INFO -       📊 Validation score: 0.8535
2025-08-10 04:28:53,004 - INFO -       ✅ Convergence achieved: Convergence threshold met (improvement: -0.003)
2025-08-10 04:28:53,044 - INFO - 
🎯 RL LOOP COMPLETE:
2025-08-10 04:28:53,044 - INFO -    Best prompt: a small, curved chisel with a black titanium tip, front view, accurate, complete, white background
2025-08-10 04:28:53,045 - INFO -    Best score: 0.9089
2025-08-10 04:28:53,045 - INFO -    Rounds: 6
2025-08-10 04:28:53,045 - INFO -    Convergence: True
2025-08-10 04:28:53,045 - INFO -    Convergence reason: Convergence threshold met (improvement: -0.003)
2025-08-10 04:28:53,045 - INFO -    Exploration ratio: 100.0%
2025-08-10 04:28:53,045 - INFO -    Insights learned: 2
2025-08-10 04:28:53,045 - INFO -    Total time: 394.60s
2025-08-10 04:28:53,046 - INFO - Prompt optimized in 6 rounds: 0.909 → 0.909 (+0.000)
2025-08-10 04:28:53,046 - INFO - ✅ Target score achieved!
2025-08-10 04:28:53,049 - INFO - 
--- Episode 1, Prompt 3 (Total: 16) ---
2025-08-10 04:28:53,049 - INFO - Optimizing: 'deep navy robot with sophisticated style'
2025-08-10 04:28:53,049 - INFO - 🔍 Checking server availability before optimization...
2025-08-10 04:28:53,061 - INFO - ✅ Server is available (status: completed)
2025-08-10 04:28:53,062 - INFO - 📝 Marked server as used at 1754800133.0620377
2025-08-10 04:28:53,062 - INFO - ✅ Server is available and marked as used
2025-08-10 04:28:53,067 - INFO - 🔄 Reproducibility optimization returned no result
2025-08-10 04:28:53,067 - INFO -       🔧 Overriding endpoint: generate/baolei/
2025-08-10 04:28:53,067 - INFO -       🔧 Using endpoint: generate/baolei/
2025-08-10 04:28:53,070 - INFO - 
🔄 RL LOOP OPTIMIZATION: 'deep navy robot with sophisticated style'
2025-08-10 04:28:53,070 - INFO -    Session: rl_session_1754800133_4543
2025-08-10 04:28:53,070 - INFO -    Max rounds: 18
2025-08-10 04:28:53,070 - INFO -    Min rounds before convergence: 5
2025-08-10 04:28:53,070 - INFO -    Target score: 0.99
2025-08-10 04:28:53,071 - INFO - 
   🔄 RL Round 1/18
2025-08-10 04:28:53,071 - INFO -       🎯 Strategy: material_focus (exploit)
2025-08-10 04:28:57,321 - INFO - [TRELLIS] GPU cache cleared: {'status': 'cache_cleared', 'available_memory_gb': 20.277362688}
2025-08-10 04:28:57,322 - INFO -       🔍 Validating...
2025-08-10 04:28:57,322 - INFO -       📝 Using optimized prompt for generation: 'deep navy robot with streamlined metallic surfaces and angular lines, crafted from durable polymers and featuring a precision-crafted robotic arm, front view, accurate, complete, white background...'
2025-08-10 04:28:57,322 - INFO -       🎯 Computing scores against original prompt: 'deep navy robot with sophisticated style...'
2025-08-10 04:30:00,726 - INFO -       📊 Validation score: 0.9033
2025-08-10 04:30:00,727 - INFO -       🎯 New best score: 0.9033
2025-08-10 04:30:00,727 - INFO - 
   🔄 RL Round 2/18
2025-08-10 04:30:00,727 - INFO -       🔍 Explore performing better - increasing epsilon to 0.80
2025-08-10 04:30:00,727 - INFO -       🎯 Strategy: aggressive_transformation (explore)
2025-08-10 04:30:06,037 - INFO - [TRELLIS] GPU cache cleared: {'status': 'cache_cleared', 'available_memory_gb': 20.277362688}
2025-08-10 04:30:06,038 - INFO -       🔍 Validating...
2025-08-10 04:30:06,038 - INFO -       📝 Using optimized prompt for generation: 'deep navy robot with sleek, aerodynamic lines and metallic surfaces that reflect the surrounding environment, crafted from durable polymers and equipped with advanced sensors for enhanced mobility and precision, front view, accurate, complete, white background...'
2025-08-10 04:30:06,038 - INFO -       🎯 Computing scores against original prompt: 'deep navy robot with sophisticated style...'
2025-08-10 04:31:11,459 - INFO -       📊 Validation score: 0.8629
2025-08-10 04:31:11,459 - INFO -       📉 Score declined: Consider different approach
2025-08-10 04:31:11,459 - INFO - 
   🔄 RL Round 3/18
2025-08-10 04:31:11,460 - INFO -       🔍 Explore performing better - increasing epsilon to 0.80
2025-08-10 04:31:11,460 - INFO -       🎯 Strategy: technical_precision (explore)
2025-08-10 04:31:15,356 - INFO - [TRELLIS] GPU cache cleared: {'status': 'cache_cleared', 'available_memory_gb': 20.277362688}
2025-08-10 04:31:15,356 - INFO -       🔍 Validating...
2025-08-10 04:31:15,356 - INFO -       📝 Using optimized prompt for generation: 'deep navy robot with aerodynamic lines and metallic surfaces that exhibit subtle curvature and nuanced shading, front view, accurate, complete, white background...'
2025-08-10 04:31:15,356 - INFO -       🎯 Computing scores against original prompt: 'deep navy robot with sophisticated style...'
2025-08-10 04:32:17,631 - INFO -       📊 Validation score: 0.8595
2025-08-10 04:32:17,632 - INFO -       📉 Score declined: Consider different approach
2025-08-10 04:32:17,632 - INFO - 
   🔄 RL Round 4/18
2025-08-10 04:32:17,632 - INFO -       🔍 Explore performing better - increasing epsilon to 0.80
2025-08-10 04:32:17,632 - INFO -       🎯 Strategy: conservative_enhancement (explore)
2025-08-10 04:32:21,196 - INFO - [TRELLIS] GPU cache cleared: {'status': 'cache_cleared', 'available_memory_gb': 20.277362688}
2025-08-10 04:32:21,196 - INFO -       🔍 Validating...
2025-08-10 04:32:21,197 - INFO -       📝 Using optimized prompt for generation: 'a deep navy robot with streamlined metallic surfaces and angular lines, complemented by subtle LED accents that shift between warm and cool tones to enhance its sophisticated style, front view, accurate, complete, white background...'
2025-08-10 04:32:21,197 - INFO -       🎯 Computing scores against original prompt: 'deep navy robot with sophisticated style...'
2025-08-10 04:33:21,237 - INFO -       📊 Validation score: 0.9138
2025-08-10 04:33:21,237 - INFO -       🎯 New best score: 0.9138
2025-08-10 04:33:21,237 - INFO -       📈 Improvement detected: conservative_enhancement working better
2025-08-10 04:33:21,237 - INFO - 
   🔄 RL Round 5/18
2025-08-10 04:33:21,237 - INFO -       🔍 Explore performing better - increasing epsilon to 0.80
2025-08-10 04:33:21,238 - INFO -       🎯 Strategy: material_focus (explore)
2025-08-10 04:33:24,837 - INFO - [TRELLIS] GPU cache cleared: {'status': 'cache_cleared', 'available_memory_gb': 20.277362688}
2025-08-10 04:33:24,837 - INFO -       🔍 Validating...
2025-08-10 04:33:24,837 - INFO -       📝 Using optimized prompt for generation: 'a deep navy robot with sleek, aerodynamic lines, precision-crafted metallic surfaces featuring subtle curvature and nuanced textures, hinting at advanced materials and cutting-edge technology, front view, accurate, complete, white background...'
2025-08-10 04:33:24,837 - INFO -       🎯 Computing scores against original prompt: 'deep navy robot with sophisticated style...'
2025-08-10 04:34:25,694 - INFO -       📊 Validation score: 0.8954
2025-08-10 04:34:25,694 - INFO -       🔍 Explore performing better - stricter convergence threshold: 0.005
2025-08-10 04:34:25,695 - INFO -       📉 Score declined: Consider different approach
2025-08-10 04:34:25,695 - INFO - 
   🔄 RL Round 6/18
2025-08-10 04:34:25,695 - INFO -       🔍 Explore performing better - increasing epsilon to 0.80
2025-08-10 04:34:25,695 - INFO -       🎯 Strategy: material_focus (exploit)
2025-08-10 04:34:29,840 - INFO - [TRELLIS] GPU cache cleared: {'status': 'cache_cleared', 'available_memory_gb': 20.277362688}
2025-08-10 04:34:29,841 - INFO -       🔍 Validating...
2025-08-10 04:34:29,841 - INFO -       📝 Using optimized prompt for generation: 'a deep navy robot with precision-crafted metallic surfaces featuring subtle curvature and angular lines that evoke a sense of durability and sophistication, front view, accurate, complete, white background...'
2025-08-10 04:34:29,841 - INFO -       🎯 Computing scores against original prompt: 'deep navy robot with sophisticated style...'
2025-08-10 04:35:30,750 - INFO -       📊 Validation score: 0.8014
2025-08-10 04:35:30,750 - INFO -       🔍 Explore performing better - stricter convergence threshold: 0.005
2025-08-10 04:35:30,750 - INFO -       📉 Score declined: Consider different approach
2025-08-10 04:35:30,750 - INFO - 
   🔄 RL Round 7/18
2025-08-10 04:35:30,750 - INFO -       🔍 Explore performing better - increasing epsilon to 0.80
2025-08-10 04:35:30,750 - INFO -       🎯 Strategy: material_focus (explore)
2025-08-10 04:35:34,619 - INFO - [TRELLIS] GPU cache cleared: {'status': 'cache_cleared', 'available_memory_gb': 20.277362688}
2025-08-10 04:35:34,620 - INFO -       🔍 Validating...
2025-08-10 04:35:34,620 - INFO -       📝 Using optimized prompt for generation: 'a deep navy robot with aerodynamic lines and precision-crafted metallic surfaces featuring subtle curvature and nuanced angles, complemented by durable polymers for added strength, front view, accurate, complete, white background...'
2025-08-10 04:35:34,620 - INFO -       🎯 Computing scores against original prompt: 'deep navy robot with sophisticated style...'
2025-08-10 04:36:33,311 - INFO -       📊 Validation score: 0.8974
2025-08-10 04:36:33,312 - INFO -       🔍 Explore performing better - stricter convergence threshold: 0.005
2025-08-10 04:36:33,313 - INFO -       📈 Improvement detected: material_focus working better
2025-08-10 04:36:33,313 - INFO - 
   🔄 RL Round 8/18
2025-08-10 04:36:33,313 - INFO -       🔍 Explore performing better - increasing epsilon to 0.80
2025-08-10 04:36:33,313 - INFO -       🎯 Strategy: technical_precision (explore)
2025-08-10 04:36:37,690 - INFO - [TRELLIS] GPU cache cleared: {'status': 'cache_cleared', 'available_memory_gb': 20.277362688}
2025-08-10 04:36:37,690 - INFO -       🔍 Validating...
2025-08-10 04:36:37,690 - INFO -       📝 Using optimized prompt for generation: 'a sleek deep navy robot with intricately designed metallic surfaces featuring subtle curves and angular lines, precision-crafted for optimal performance and aesthetics, front view, accurate, complete, white background...'
2025-08-10 04:36:37,690 - INFO -       🎯 Computing scores against original prompt: 'deep navy robot with sophisticated style...'
2025-08-10 04:37:37,729 - INFO -       📊 Validation score: 0.8796
2025-08-10 04:37:37,730 - INFO -       🔍 Explore performing better - stricter convergence threshold: 0.005
2025-08-10 04:37:37,730 - INFO -       📉 Score declined: Consider different approach
2025-08-10 04:37:37,730 - INFO - 
   🔄 RL Round 9/18
2025-08-10 04:37:37,730 - INFO -       🔍 Explore performing better - increasing epsilon to 0.80
2025-08-10 04:37:37,730 - INFO -       🎯 Strategy: aggressive_transformation (exploit)
2025-08-10 04:37:41,838 - INFO - [TRELLIS] GPU cache cleared: {'status': 'cache_cleared', 'available_memory_gb': 20.277362688}
2025-08-10 04:37:41,839 - INFO -       🔍 Validating...
2025-08-10 04:37:41,839 - INFO -       📝 Using optimized prompt for generation: 'a deep navy robot with precision-crafted metallic surfaces featuring subtle curvature and angular lines, complemented by refined aerodynamic profiles...'
2025-08-10 04:37:41,839 - INFO -       🎯 Computing scores against original prompt: 'deep navy robot with sophisticated style...'
2025-08-10 04:38:48,340 - INFO -       📊 Validation score: 0.7410
2025-08-10 04:38:48,341 - INFO -       🔍 Explore performing better - stricter convergence threshold: 0.005
2025-08-10 04:38:48,341 - INFO -       📉 Score declined: Consider different approach
2025-08-10 04:38:48,341 - INFO - 
   🔄 RL Round 10/18
2025-08-10 04:38:48,341 - INFO -       🔍 Explore performing better - increasing epsilon to 0.80
2025-08-10 04:38:48,341 - INFO -       🎯 Strategy: material_focus (exploit)
2025-08-10 04:39:01,083 - INFO - [TRELLIS] GPU cache cleared: {'status': 'cache_cleared', 'available_memory_gb': 20.277362688}
2025-08-10 04:39:01,084 - INFO -       🔍 Validating...
2025-08-10 04:39:01,084 - INFO -       📝 Using optimized prompt for generation: 'a deep navy robot with aerodynamic lines and precision-crafted metallic surfaces featuring subtle curvature and angular line work, front view, accurate, complete, white background...'
2025-08-10 04:39:01,085 - INFO -       🎯 Computing scores against original prompt: 'deep navy robot with sophisticated style...'
2025-08-10 04:40:01,914 - INFO -       📊 Validation score: 0.8965
2025-08-10 04:40:01,915 - INFO -       🔍 Explore performing better - stricter convergence threshold: 0.005
2025-08-10 04:40:01,915 - INFO -       📈 Improvement detected: material_focus working better
2025-08-10 04:40:01,915 - INFO - 
   🔄 RL Round 11/18
2025-08-10 04:40:01,915 - INFO -       🔍 Explore performing better - increasing epsilon to 0.80
2025-08-10 04:40:01,915 - INFO -       🎯 Strategy: aggressive_transformation (explore)
2025-08-10 04:40:05,259 - INFO - [TRELLIS] GPU cache cleared: {'status': 'cache_cleared', 'available_memory_gb': 20.277362688}
2025-08-10 04:40:05,260 - INFO -       🔍 Validating...
2025-08-10 04:40:05,260 - INFO -       📝 Using optimized prompt for generation: 'a deep navy robot with aerodynamic lines and precision-crafted metallic surfaces featuring intricate geometric patterns and subtle texture gradations that evoke a sense of high-tech sophistication, front view, accurate, complete, white background...'
2025-08-10 04:40:05,260 - INFO -       🎯 Computing scores against original prompt: 'deep navy robot with sophisticated style...'
2025-08-10 04:41:03,756 - INFO -       📊 Validation score: 0.8774
2025-08-10 04:41:03,757 - INFO -       🔍 Explore performing better - stricter convergence threshold: 0.005
2025-08-10 04:41:03,757 - INFO -       📉 Score declined: Consider different approach
2025-08-10 04:41:03,757 - INFO - 
   🔄 RL Round 12/18
2025-08-10 04:41:03,757 - INFO -       🔍 Explore performing better - increasing epsilon to 0.80
2025-08-10 04:41:03,757 - INFO -       🎯 Strategy: conservative_enhancement (explore)
2025-08-10 04:41:07,024 - INFO - [TRELLIS] GPU cache cleared: {'status': 'cache_cleared', 'available_memory_gb': 20.277362688}
2025-08-10 04:41:07,025 - INFO -       🔍 Validating...
2025-08-10 04:41:07,025 - INFO -       📝 Using optimized prompt for generation: 'a deep navy robot with aerodynamic lines and precision-crafted metallic surfaces featuring subtle, interlocking hexagons that exhibit micro-scratches and a matte finish, front view, accurate, complete, white background...'
2025-08-10 04:41:07,025 - INFO -       🎯 Computing scores against original prompt: 'deep navy robot with sophisticated style...'
2025-08-10 04:42:05,998 - INFO -       📊 Validation score: 0.7920
2025-08-10 04:42:05,998 - INFO -       🔍 Explore performing better - stricter convergence threshold: 0.005
2025-08-10 04:42:05,999 - INFO -       📉 Score declined: Consider different approach
2025-08-10 04:42:05,999 - INFO - 
   🔄 RL Round 13/18
2025-08-10 04:42:05,999 - INFO -       🔍 Explore performing better - increasing epsilon to 0.80
2025-08-10 04:42:05,999 - INFO -       🎯 Strategy: material_focus (exploit)
2025-08-10 04:42:09,098 - INFO - [TRELLIS] GPU cache cleared: {'status': 'cache_cleared', 'available_memory_gb': 20.277362688}
2025-08-10 04:42:09,098 - INFO -       🔍 Validating...
2025-08-10 04:42:09,098 - INFO -       📝 Using optimized prompt for generation: 'a deep navy robot with sleek, aerodynamic lines and precision-crafted metallic surfaces featuring subtle curvature and nuanced texture, front view, accurate, complete, white background...'
2025-08-10 04:42:09,099 - INFO -       🎯 Computing scores against original prompt: 'deep navy robot with sophisticated style...'
2025-08-10 04:43:07,641 - INFO -       📊 Validation score: 0.8611
2025-08-10 04:43:07,641 - INFO -       🔍 Explore performing better - stricter convergence threshold: 0.005
2025-08-10 04:43:07,641 - INFO -       📈 Improvement detected: material_focus working better
2025-08-10 04:43:07,641 - INFO - 
   🔄 RL Round 14/18
2025-08-10 04:43:07,641 - INFO -       🎯 Strategy: material_focus (exploit)
2025-08-10 04:43:11,152 - INFO - [TRELLIS] GPU cache cleared: {'status': 'cache_cleared', 'available_memory_gb': 20.277362688}
2025-08-10 04:43:11,153 - INFO -       🔍 Validating...
2025-08-10 04:43:11,153 - INFO -       📝 Using optimized prompt for generation: 'a deep navy robot with sleek, aerodynamic lines featuring precision-crafted metallic surfaces that subtly undulate into intricate curvature and angular protrusions, crafted from durable polymers, front view, accurate, complete, white background...'
2025-08-10 04:43:11,153 - INFO -       🎯 Computing scores against original prompt: 'deep navy robot with sophisticated style...'
2025-08-10 04:44:10,925 - INFO -       📊 Validation score: 0.8956
2025-08-10 04:44:10,925 - INFO -       🔍 Explore performing better - stricter convergence threshold: 0.005
2025-08-10 04:44:10,926 - INFO -       📈 Improvement detected: material_focus working better
2025-08-10 04:44:10,926 - INFO - 
   🔄 RL Round 15/18
2025-08-10 04:44:10,926 - INFO -       🎯 Strategy: conservative_enhancement (explore)
2025-08-10 04:44:14,893 - INFO - [TRELLIS] GPU cache cleared: {'status': 'cache_cleared', 'available_memory_gb': 20.277362688}
2025-08-10 04:44:14,894 - INFO -       🔍 Validating...
2025-08-10 04:44:14,894 - INFO -       📝 Using optimized prompt for generation: 'a deep navy robot with aerodynamic lines and metallic surfaces featuring precise, hand-crafted curvature and subtle nuances in texture and reflectivity, front view, accurate, complete, white background...'
2025-08-10 04:44:14,894 - INFO -       🎯 Computing scores against original prompt: 'deep navy robot with sophisticated style...'
2025-08-10 04:45:13,658 - INFO -       📊 Validation score: 0.8757
2025-08-10 04:45:13,659 - INFO -       🔍 Explore performing better - stricter convergence threshold: 0.005
2025-08-10 04:45:13,659 - INFO -       📉 Score declined: Consider different approach
2025-08-10 04:45:13,659 - INFO - 
   🔄 RL Round 16/18
2025-08-10 04:45:13,659 - INFO -       🎯 Strategy: material_focus (exploit)
2025-08-10 04:45:17,692 - INFO - [TRELLIS] GPU cache cleared: {'status': 'cache_cleared', 'available_memory_gb': 20.277362688}
2025-08-10 04:45:17,693 - INFO -       🔍 Validating...
2025-08-10 04:45:17,693 - INFO -       📝 Using optimized prompt for generation: 'a deep navy robot with aerodynamic lines featuring precision-crafted metallic surfaces that exhibit subtle curvature and angular nuances, front view, accurate, complete, white background...'
2025-08-10 04:45:17,693 - INFO -       🎯 Computing scores against original prompt: 'deep navy robot with sophisticated style...'
2025-08-10 04:46:19,455 - INFO -       📊 Validation score: 0.8179
2025-08-10 04:46:19,455 - INFO -       🔍 Explore performing better - stricter convergence threshold: 0.005
2025-08-10 04:46:19,455 - INFO -       📉 Score declined: Consider different approach
2025-08-10 04:46:19,456 - INFO - 
   🔄 RL Round 17/18
2025-08-10 04:46:19,456 - INFO -       🎯 Strategy: conservative_enhancement (explore)
2025-08-10 04:46:23,133 - INFO - [TRELLIS] GPU cache cleared: {'status': 'cache_cleared', 'available_memory_gb': 20.277362688}
2025-08-10 04:46:23,134 - INFO -       🔍 Validating...
2025-08-10 04:46:23,134 - INFO -       📝 Using optimized prompt for generation: 'a deep navy robot with aerodynamic lines and precision-crafted metallic surfaces featuring subtle, hand-crafted curvature and angular nuances, front view, accurate, complete, white background...'
2025-08-10 04:46:23,134 - INFO -       🎯 Computing scores against original prompt: 'deep navy robot with sophisticated style...'
2025-08-10 04:47:22,752 - INFO -       📊 Validation score: 0.8837
2025-08-10 04:47:22,752 - INFO -       🔍 Explore performing better - stricter convergence threshold: 0.005
2025-08-10 04:47:22,753 - INFO -       📈 Improvement detected: conservative_enhancement working better
2025-08-10 04:47:22,753 - INFO - 
   🔄 RL Round 18/18
2025-08-10 04:47:22,753 - INFO -       🎯 Strategy: material_focus (explore)
2025-08-10 04:47:26,459 - INFO - [TRELLIS] GPU cache cleared: {'status': 'cache_cleared', 'available_memory_gb': 20.277362688}
2025-08-10 04:47:26,460 - INFO -       🔍 Validating...
2025-08-10 04:47:26,460 - INFO -       📝 Using optimized prompt for generation: 'a deep navy robot with aerodynamic lines and precision-crafted metallic surfaces featuring intricate, curved panels that subtly shift in hue as light reflects off its surface...'
2025-08-10 04:47:26,460 - INFO -       🎯 Computing scores against original prompt: 'deep navy robot with sophisticated style...'
2025-08-10 04:48:31,115 - INFO -       📊 Validation score: 0.8542
2025-08-10 04:48:31,116 - INFO -       🔍 Explore performing better - stricter convergence threshold: 0.005
2025-08-10 04:48:31,148 - INFO - 
🎯 RL LOOP COMPLETE:
2025-08-10 04:48:31,148 - INFO -    Best prompt: a deep navy robot with streamlined metallic surfaces and angular lines, complemented by subtle LED accents that shift between warm and cool tones to enhance its sophisticated style, front view, accurate, complete, white background
2025-08-10 04:48:31,148 - INFO -    Best score: 0.9138
2025-08-10 04:48:31,148 - INFO -    Rounds: 18
2025-08-10 04:48:31,148 - INFO -    Convergence: False
2025-08-10 04:48:31,148 - INFO -    Convergence reason: Not converged
2025-08-10 04:48:31,148 - INFO -    Exploration ratio: 61.1%
2025-08-10 04:48:31,148 - INFO -    Insights learned: 2
2025-08-10 04:48:31,148 - INFO -    Total time: 1178.05s
2025-08-10 04:48:31,149 - INFO - Prompt optimized in 18 rounds: 0.903 → 0.914 (+0.010)
2025-08-10 04:48:31,149 - INFO - ⏰ Max rounds reached
2025-08-10 04:48:31,151 - INFO - 
--- Episode 1, Prompt 4 (Total: 16) ---
2025-08-10 04:48:31,151 - INFO - Optimizing: 'glistening yellow citrine prism'
2025-08-10 04:48:31,151 - INFO - 🔍 Checking server availability before optimization...
2025-08-10 04:48:31,157 - INFO - ✅ Server is available (status: completed)
2025-08-10 04:48:31,157 - INFO - 📝 Marked server as used at 1754801311.1576781
2025-08-10 04:48:31,157 - INFO - ✅ Server is available and marked as used
2025-08-10 04:48:31,162 - INFO - 🔄 Reproducibility optimization returned no result
2025-08-10 04:48:31,162 - INFO -       🔧 Overriding endpoint: generate/baolei/
2025-08-10 04:48:31,162 - INFO -       🔧 Using endpoint: generate/baolei/
2025-08-10 04:48:31,164 - INFO - 
🔄 RL LOOP OPTIMIZATION: 'glistening yellow citrine prism'
2025-08-10 04:48:31,164 - INFO -    Session: rl_session_1754801311_8841
2025-08-10 04:48:31,165 - INFO -    Max rounds: 18
2025-08-10 04:48:31,165 - INFO -    Min rounds before convergence: 5
2025-08-10 04:48:31,165 - INFO -    Target score: 0.99
2025-08-10 04:48:31,165 - INFO - 
   🔄 RL Round 1/18
2025-08-10 04:48:31,165 - INFO -       🎯 Strategy: material_focus (explore)
2025-08-10 04:48:35,272 - INFO - [TRELLIS] GPU cache cleared: {'status': 'cache_cleared', 'available_memory_gb': 20.277362688}
2025-08-10 04:48:35,273 - INFO -       🔍 Validating...
2025-08-10 04:48:35,273 - INFO -       📝 Using optimized prompt for generation: 'a delicate, glistening yellow citrine prism nestled within a velvet-lined box adorned with intricate etchings and subtle inlays of silver, front view, accurate, complete, white background...'
2025-08-10 04:48:35,273 - INFO -       🎯 Computing scores against original prompt: 'glistening yellow citrine prism...'
2025-08-10 04:49:35,407 - WARNING -    🔧 Score 0.0 - clearing CUDA cache
2025-08-10 04:49:35,408 - INFO -       📊 Validation score: 0.0000
2025-08-10 04:49:35,408 - INFO - 
   🔄 RL Round 2/18
2025-08-10 04:49:35,408 - INFO -       🎯 Strategy: aggressive_transformation (exploit)
2025-08-10 04:49:49,168 - WARNING - [TRELLIS] Exception clearing GPU cache: HTTPConnectionPool(host='localhost', port=8096): Read timed out. (read timeout=10)
2025-08-10 04:49:49,169 - INFO -       🔍 Validating...
2025-08-10 04:49:49,169 - INFO -       📝 Using optimized prompt for generation: 'a slender, glistening yellow citrine prism nestled within a delicate velvet-lined box with golden accents and subtle inlays, front view, accurate, complete, white background...'
2025-08-10 04:49:49,169 - INFO -       🎯 Computing scores against original prompt: 'glistening yellow citrine prism...'
2025-08-10 04:50:47,600 - INFO -       📊 Validation score: 0.2899
2025-08-10 04:50:47,601 - INFO -       🎯 New best score: 0.2899
2025-08-10 04:50:47,601 - INFO -       🔍 Increasing exploration to 0.80
2025-08-10 04:50:47,601 - INFO - 
   🔄 RL Round 3/18
2025-08-10 04:50:47,601 - INFO -       🔍 Explore performing better - increasing epsilon to 0.80
2025-08-10 04:50:47,601 - INFO -       🎯 Strategy: aggressive_transformation (explore)
2025-08-10 04:50:50,851 - INFO - [TRELLIS] GPU cache cleared: {'status': 'cache_cleared', 'available_memory_gb': 20.277362688}
2025-08-10 04:50:50,851 - INFO -       🔍 Validating...
2025-08-10 04:50:50,851 - INFO -       📝 Using optimized prompt for generation: 'a slender, intricately carved glistening yellow citrine prism nestled within a delicate velvet-lined box with golden accents and precision-cut edges, front view, accurate, complete, white background...'
2025-08-10 04:50:50,852 - INFO -       🎯 Computing scores against original prompt: 'glistening yellow citrine prism...'
2025-08-10 04:51:50,754 - INFO -       📊 Validation score: 0.7722
2025-08-10 04:51:50,754 - INFO -       🎯 New best score: 0.7722
2025-08-10 04:51:50,754 - INFO -       📈 Improvement detected: aggressive_transformation working better
2025-08-10 04:51:50,755 - INFO - 
   🔄 RL Round 4/18
2025-08-10 04:51:50,755 - INFO -       🔍 Explore performing better - increasing epsilon to 0.80
2025-08-10 04:51:50,755 - INFO -       🎯 Strategy: conservative_enhancement (exploit)
2025-08-10 04:51:54,934 - INFO - [TRELLIS] GPU cache cleared: {'status': 'cache_cleared', 'available_memory_gb': 20.277362688}
2025-08-10 04:51:54,935 - INFO -       🔍 Validating...
2025-08-10 04:51:54,935 - INFO -       📝 Using optimized prompt for generation: 'a delicate, glistening yellow citrine prism nestled within a velvet-lined box with slender, gold-plated filigree adornments, front view, accurate, complete, white background...'
2025-08-10 04:51:54,935 - INFO -       🎯 Computing scores against original prompt: 'glistening yellow citrine prism...'
2025-08-10 04:52:55,565 - INFO -       📊 Validation score: 0.4749
2025-08-10 04:52:55,565 - INFO -       📉 Score declined: Consider different approach
2025-08-10 04:52:55,566 - INFO -       🔍 Increasing exploration to 0.80
2025-08-10 04:52:55,566 - INFO - 
   🔄 RL Round 5/18
2025-08-10 04:52:55,566 - INFO -       🔍 Explore performing better - increasing epsilon to 0.80
2025-08-10 04:52:55,566 - INFO -       🎯 Strategy: artistic_elaboration (exploit)
2025-08-10 04:52:59,178 - INFO - [TRELLIS] GPU cache cleared: {'status': 'cache_cleared', 'available_memory_gb': 20.277362688}
2025-08-10 04:52:59,178 - INFO -       🔍 Validating...
2025-08-10 04:52:59,178 - INFO -       📝 Using optimized prompt for generation: 'a slender, intricately carved glistening yellow citrine prism nestled within a delicate velvet-lined box adorned with golden accents and subtle filigree...'
2025-08-10 04:52:59,178 - INFO -       🎯 Computing scores against original prompt: 'glistening yellow citrine prism...'
2025-08-10 04:54:01,121 - INFO -       📊 Validation score: 0.8587
2025-08-10 04:54:01,121 - INFO -       🎯 New best score: 0.8587
2025-08-10 04:54:01,121 - INFO -       🔍 Explore performing better - stricter convergence threshold: 0.005
2025-08-10 04:54:01,122 - INFO -       📈 Improvement detected: artistic_elaboration working better
2025-08-10 04:54:01,122 - INFO - 
   🔄 RL Round 6/18
2025-08-10 04:54:01,122 - INFO -       🔍 Explore performing better - increasing epsilon to 0.80
2025-08-10 04:54:01,122 - INFO -       🎯 Strategy: technical_precision (exploit)
2025-08-10 04:54:04,736 - INFO - [TRELLIS] GPU cache cleared: {'status': 'cache_cleared', 'available_memory_gb': 20.277362688}
2025-08-10 04:54:04,736 - INFO -       🔍 Validating...
2025-08-10 04:54:04,736 - INFO -       📝 Using optimized prompt for generation: 'a slender, intricately carved glistening yellow citrine prism nestled within a delicate velvet-lined box with a subtle golden accent...'
2025-08-10 04:54:04,737 - INFO -       🎯 Computing scores against original prompt: 'glistening yellow citrine prism...'
2025-08-10 04:55:10,089 - INFO -       📊 Validation score: 0.0874
2025-08-10 04:55:10,090 - INFO -       🔍 Explore performing better - stricter convergence threshold: 0.005
2025-08-10 04:55:10,090 - INFO -       📉 Score declined: Consider different approach
2025-08-10 04:55:10,090 - INFO -       🔍 Increasing exploration to 0.80
2025-08-10 04:55:10,090 - INFO - 
   🔄 RL Round 7/18
2025-08-10 04:55:10,090 - INFO -       🔍 Explore performing better - increasing epsilon to 0.80
2025-08-10 04:55:10,091 - INFO -       🎯 Strategy: technical_precision (explore)
2025-08-10 04:55:14,415 - INFO - [TRELLIS] GPU cache cleared: {'status': 'cache_cleared', 'available_memory_gb': 20.277362688}
2025-08-10 04:55:14,415 - INFO -       🔍 Validating...
2025-08-10 04:55:14,415 - INFO -       📝 Using optimized prompt for generation: 'a slender, delicate glistening yellow citrine prism nestled within a crystal-encrusted velvet-lined box adorned with intricate filigree patterns, front view, accurate, complete, white background...'
2025-08-10 04:55:14,415 - INFO -       🎯 Computing scores against original prompt: 'glistening yellow citrine prism...'
2025-08-10 04:56:14,428 - INFO -       📊 Validation score: 0.8331
2025-08-10 04:56:14,429 - INFO -       🔍 Explore performing better - stricter convergence threshold: 0.005
2025-08-10 04:56:14,429 - INFO -       📈 Improvement detected: technical_precision working better
2025-08-10 04:56:14,429 - INFO - 
   🔄 RL Round 8/18
2025-08-10 04:56:14,429 - INFO -       🔍 Explore performing better - increasing epsilon to 0.80
2025-08-10 04:56:14,429 - INFO -       🎯 Strategy: technical_precision (explore)
2025-08-10 04:56:17,856 - INFO - [TRELLIS] GPU cache cleared: {'status': 'cache_cleared', 'available_memory_gb': 20.277362688}
2025-08-10 04:56:17,856 - INFO -       🔍 Validating...
2025-08-10 04:56:17,856 - INFO -       📝 Using optimized prompt for generation: 'a slender, intricately carved glistening yellow citrine prism with subtle facets and microscopic inclusions nestled within a delicate velvet-lined box with a precision-cut lid, front view, accurate, complete, white background...'
2025-08-10 04:56:17,857 - INFO -       🎯 Computing scores against original prompt: 'glistening yellow citrine prism...'
2025-08-10 04:57:15,621 - INFO -       📊 Validation score: 0.3509
2025-08-10 04:57:15,622 - INFO -       🔍 Explore performing better - stricter convergence threshold: 0.005
2025-08-10 04:57:15,622 - INFO -       📉 Score declined: Consider different approach
2025-08-10 04:57:15,622 - INFO -       🔍 Increasing exploration to 0.80
2025-08-10 04:57:15,622 - INFO - 
   🔄 RL Round 9/18
2025-08-10 04:57:15,622 - INFO -       🔍 Explore performing better - increasing epsilon to 0.80
2025-08-10 04:57:15,622 - INFO -       🎯 Strategy: conservative_enhancement (explore)
2025-08-10 04:57:18,624 - INFO - [TRELLIS] GPU cache cleared: {'status': 'cache_cleared', 'available_memory_gb': 20.277362688}
2025-08-10 04:57:18,624 - INFO -       🔍 Validating...
2025-08-10 04:57:18,624 - INFO -       📝 Using optimized prompt for generation: 'a delicate, polished glistening yellow citrine prism nestled within a velvet-lined box with subtle gold inlays and a precision-cut gemstone base, front view, accurate, complete, white background...'
2025-08-10 04:57:18,624 - INFO -       🎯 Computing scores against original prompt: 'glistening yellow citrine prism...'
2025-08-10 04:58:17,331 - INFO -       📊 Validation score: 0.7980
2025-08-10 04:58:17,332 - INFO -       🔍 Explore performing better - stricter convergence threshold: 0.005
2025-08-10 04:58:17,332 - INFO -       📈 Improvement detected: conservative_enhancement working better
2025-08-10 04:58:17,332 - INFO - 
   🔄 RL Round 10/18
2025-08-10 04:58:17,332 - INFO -       🔍 Explore performing better - increasing epsilon to 0.80
2025-08-10 04:58:17,332 - INFO -       🎯 Strategy: conservative_enhancement (explore)
2025-08-10 04:58:20,832 - INFO - [TRELLIS] GPU cache cleared: {'status': 'cache_cleared', 'available_memory_gb': 20.277362688}
2025-08-10 04:58:20,833 - INFO -       🔍 Validating...
2025-08-10 04:58:20,833 - INFO -       📝 Using optimized prompt for generation: 'a slender, luminous yellow citrine prism with subtle facets and microscopic inclusions nestled within a delicate velvet-lined box adorned with intricate, swirling patterns, front view, accurate, complete, white background...'
2025-08-10 04:58:20,833 - INFO -       🎯 Computing scores against original prompt: 'glistening yellow citrine prism...'
2025-08-10 04:59:21,869 - INFO -       📊 Validation score: 0.1459
2025-08-10 04:59:21,870 - INFO -       📉 Score declined: Consider different approach
2025-08-10 04:59:21,870 - INFO -       🔍 Increasing exploration to 0.80
2025-08-10 04:59:21,870 - INFO - 
   🔄 RL Round 11/18
2025-08-10 04:59:21,870 - INFO -       🔍 Explore performing better - increasing epsilon to 0.80
2025-08-10 04:59:21,871 - INFO -       🎯 Strategy: aggressive_transformation (explore)
2025-08-10 04:59:26,112 - INFO - [TRELLIS] GPU cache cleared: {'status': 'cache_cleared', 'available_memory_gb': 20.277362688}
2025-08-10 04:59:26,112 - INFO -       🔍 Validating...
2025-08-10 04:59:26,113 - INFO -       📝 Using optimized prompt for generation: 'a slender, intricately carved glistening yellow citrine prism with subtle facets and microscopic inclusions, polished to a luminous sheen, front view, accurate, complete, white background...'
2025-08-10 04:59:26,113 - INFO -       🎯 Computing scores against original prompt: 'glistening yellow citrine prism...'
2025-08-10 05:00:27,021 - INFO -       📊 Validation score: 0.5338
2025-08-10 05:00:27,021 - INFO -       📈 Improvement detected: aggressive_transformation working better
2025-08-10 05:00:27,022 - INFO - 
   🔄 RL Round 12/18
2025-08-10 05:00:27,022 - INFO -       🎯 Strategy: conservative_enhancement (explore)
2025-08-10 05:00:31,328 - INFO - [TRELLIS] GPU cache cleared: {'status': 'cache_cleared', 'available_memory_gb': 20.277362688}
2025-08-10 05:00:31,328 - INFO -       🔍 Validating...
2025-08-10 05:00:31,328 - INFO -       📝 Using optimized prompt for generation: 'a slender, intricately carved glistening yellow citrine prism with subtle facets and microscopic inclusions nestled within a delicate velvet-lined box, front view, accurate, complete, white background...'
2025-08-10 05:00:31,328 - INFO -       🎯 Computing scores against original prompt: 'glistening yellow citrine prism...'
2025-08-10 05:01:32,258 - INFO -       📊 Validation score: 0.5213
2025-08-10 05:01:32,259 - INFO -       📉 Score declined: Consider different approach
2025-08-10 05:01:32,260 - INFO - 
   🔄 RL Round 13/18
2025-08-10 05:01:32,260 - INFO -       🎯 Strategy: conservative_enhancement (explore)
2025-08-10 05:01:36,424 - INFO - [TRELLIS] GPU cache cleared: {'status': 'cache_cleared', 'available_memory_gb': 20.277362688}
2025-08-10 05:01:36,425 - INFO -       🔍 Validating...
2025-08-10 05:01:36,425 - INFO -       📝 Using optimized prompt for generation: 'a slender, intricately carved glistening yellow citrine prism with subtle facets and microscopic inclusions, front view, accurate, complete, white background...'
2025-08-10 05:01:36,425 - INFO -       🎯 Computing scores against original prompt: 'glistening yellow citrine prism...'
2025-08-10 05:02:35,637 - INFO -       📊 Validation score: 0.5383
2025-08-10 05:02:35,637 - INFO -       📈 Improvement detected: conservative_enhancement working better
2025-08-10 05:02:35,637 - INFO - 
   🔄 RL Round 14/18
2025-08-10 05:02:35,637 - INFO -       🎯 Strategy: material_focus (explore)
2025-08-10 05:02:39,195 - INFO - [TRELLIS] GPU cache cleared: {'status': 'cache_cleared', 'available_memory_gb': 20.277362688}
2025-08-10 05:02:39,196 - INFO -       🔍 Validating...
2025-08-10 05:02:39,196 - INFO -       📝 Using optimized prompt for generation: 'a slender, intricately carved glistening yellow citrine prism with subtle facets and microscopic inclusions nestled within a velvet-lined box, front view, accurate, complete, white background...'
2025-08-10 05:02:39,196 - INFO -       🎯 Computing scores against original prompt: 'glistening yellow citrine prism...'
2025-08-10 05:03:38,181 - INFO -       📊 Validation score: 0.2709
2025-08-10 05:03:38,182 - INFO -       📉 Score declined: Consider different approach
2025-08-10 05:03:38,182 - INFO -       🔍 Increasing exploration to 0.80
2025-08-10 05:03:38,182 - INFO - 
   🔄 RL Round 15/18
2025-08-10 05:03:38,182 - INFO -       🎯 Strategy: material_focus (explore)
2025-08-10 05:03:41,393 - INFO - [TRELLIS] GPU cache cleared: {'status': 'cache_cleared', 'available_memory_gb': 20.277362688}
2025-08-10 05:03:41,394 - INFO -       🔍 Validating...
2025-08-10 05:03:41,394 - INFO -       📝 Using optimized prompt for generation: 'a slender, intricately carved glistening yellow citrine prism with subtle facets nestled within a delicate velvet-lined box, front view, accurate, complete, white background...'
2025-08-10 05:03:41,394 - INFO -       🎯 Computing scores against original prompt: 'glistening yellow citrine prism...'
2025-08-10 05:04:39,922 - INFO -       📊 Validation score: 0.7845
2025-08-10 05:04:39,922 - INFO -       📈 Improvement detected: material_focus working better
2025-08-10 05:04:39,923 - INFO - 
   🔄 RL Round 16/18
2025-08-10 05:04:39,923 - INFO -       🎯 Strategy: artistic_elaboration (exploit)
2025-08-10 05:04:43,682 - INFO - [TRELLIS] GPU cache cleared: {'status': 'cache_cleared', 'available_memory_gb': 20.277362688}
2025-08-10 05:04:43,682 - INFO -       🔍 Validating...
2025-08-10 05:04:43,682 - INFO -       📝 Using optimized prompt for generation: 'a slender, intricately carved glistening yellow citrine prism with subtle facets nestled within a delicate velvet-lined box adorned with gold filigree, front view, accurate, complete, white background...'
2025-08-10 05:04:43,682 - INFO -       🎯 Computing scores against original prompt: 'glistening yellow citrine prism...'
2025-08-10 05:05:42,779 - INFO -       📊 Validation score: 0.6969
2025-08-10 05:05:42,780 - INFO -       📉 Score declined: Consider different approach
2025-08-10 05:05:42,780 - INFO - 
   🔄 RL Round 17/18
2025-08-10 05:05:42,780 - INFO -       🎯 Strategy: artistic_elaboration (explore)
2025-08-10 05:05:46,268 - INFO - [TRELLIS] GPU cache cleared: {'status': 'cache_cleared', 'available_memory_gb': 20.277362688}
2025-08-10 05:05:46,268 - INFO -       🔍 Validating...
2025-08-10 05:05:46,268 - INFO -       📝 Using optimized prompt for generation: 'a slender, intricately carved glistening yellow citrine prism with subtle facets nestled within a delicate velvet-lined box adorned with gold filigree and microscopic inclusions, front view, accurate, complete, white background...'
2025-08-10 05:05:46,268 - INFO -       🎯 Computing scores against original prompt: 'glistening yellow citrine prism...'
2025-08-10 05:06:45,109 - INFO -       📊 Validation score: 0.5923
2025-08-10 05:06:45,110 - INFO -       📉 Score declined: Consider different approach
2025-08-10 05:06:45,110 - INFO - 
   🔄 RL Round 18/18
2025-08-10 05:06:45,110 - INFO -       🔍 Explore performing better - increasing epsilon to 0.80
2025-08-10 05:06:45,110 - INFO -       🎯 Strategy: artistic_elaboration (explore)
2025-08-10 05:06:48,877 - INFO - [TRELLIS] GPU cache cleared: {'status': 'cache_cleared', 'available_memory_gb': 20.277362688}
2025-08-10 05:06:48,878 - INFO -       🔍 Validating...
2025-08-10 05:06:48,878 - INFO -       📝 Using optimized prompt for generation: 'a slender, intricately carved glistening yellow citrine prism nestled within a delicate velvet-lined box with golden accents and microscopic inclusions...'
2025-08-10 05:06:48,878 - INFO -       🎯 Computing scores against original prompt: 'glistening yellow citrine prism...'
2025-08-10 05:07:57,391 - INFO -       📊 Validation score: 0.5378
2025-08-10 05:07:57,428 - INFO - 
🎯 RL LOOP COMPLETE:
2025-08-10 05:07:57,429 - INFO -    Best prompt: a slender, intricately carved glistening yellow citrine prism nestled within a delicate velvet-lined box adorned with golden accents and subtle filigree
2025-08-10 05:07:57,429 - INFO -    Best score: 0.8587
2025-08-10 05:07:57,429 - INFO -    Rounds: 18
2025-08-10 05:07:57,429 - INFO -    Convergence: False
2025-08-10 05:07:57,429 - INFO -    Convergence reason: Not converged
2025-08-10 05:07:57,429 - INFO -    Exploration ratio: 72.2%
2025-08-10 05:07:57,429 - INFO -    Insights learned: 3
2025-08-10 05:07:57,429 - INFO -    Total time: 1166.23s
2025-08-10 05:07:57,429 - INFO - Prompt optimized in 18 rounds: 0.000 → 0.859 (+0.859)
2025-08-10 05:07:57,430 - INFO - ⏰ Max rounds reached
2025-08-10 05:07:57,432 - INFO - 
--- Episode 1, Prompt 5 (Total: 16) ---
2025-08-10 05:07:57,432 - INFO - Optimizing: 'large blue crystal with irregular shape and sharp edges'
2025-08-10 05:07:57,432 - INFO - 🔍 Checking server availability before optimization...
2025-08-10 05:07:57,445 - INFO - ✅ Server is available (status: completed)
2025-08-10 05:07:57,445 - INFO - 📝 Marked server as used at 1754802477.4457865
2025-08-10 05:07:57,446 - INFO - ✅ Server is available and marked as used
2025-08-10 05:07:57,455 - INFO - 🔄 Reproducibility optimization returned no result
2025-08-10 05:07:57,455 - INFO -       🔧 Overriding endpoint: generate/baolei/
2025-08-10 05:07:57,456 - INFO -       🔧 Using endpoint: generate/baolei/
2025-08-10 05:07:57,458 - INFO - 
🔄 RL LOOP OPTIMIZATION: 'large blue crystal with irregular shape and sharp edges'
2025-08-10 05:07:57,459 - INFO -    Session: rl_session_1754802477_6133
2025-08-10 05:07:57,459 - INFO -    Max rounds: 18
2025-08-10 05:07:57,459 - INFO -    Min rounds before convergence: 5
2025-08-10 05:07:57,459 - INFO -    Target score: 0.99
2025-08-10 05:07:57,459 - INFO - 
   🔄 RL Round 1/18
2025-08-10 05:07:57,459 - INFO -       🔍 Explore performing better - increasing epsilon to 0.80
2025-08-10 05:07:57,459 - INFO -       🎯 Strategy: minimalist_refinement (exploit)
2025-08-10 05:08:00,558 - INFO - [TRELLIS] GPU cache cleared: {'status': 'cache_cleared', 'available_memory_gb': 20.277362688}
2025-08-10 05:08:00,559 - INFO -       🔍 Validating...
2025-08-10 05:08:00,559 - INFO -       📝 Using optimized prompt for generation: 'a large blue crystal with an irregular shape, sharp edges, and a milky sheen...'
2025-08-10 05:08:00,559 - INFO -       🎯 Computing scores against original prompt: 'large blue crystal with irregular shape and sharp edges...'
2025-08-10 05:09:01,895 - INFO -       📊 Validation score: 0.5545
2025-08-10 05:09:01,895 - INFO -       🎯 New best score: 0.5545
2025-08-10 05:09:01,896 - INFO - 
   🔄 RL Round 2/18
2025-08-10 05:09:01,896 - INFO -       🎯 Strategy: contextual_scene_building (exploit)
2025-08-10 05:09:19,659 - WARNING - [TRELLIS] Exception clearing GPU cache: HTTPConnectionPool(host='localhost', port=8096): Read timed out. (read timeout=10)
2025-08-10 05:09:19,659 - INFO -       🔍 Validating...
2025-08-10 05:09:19,659 - INFO -       📝 Using optimized prompt for generation: 'a large blue crystal with an irregular shape, sharp edges, and a subtle milky sheen, front view, accurate, complete, white background...'
2025-08-10 05:09:19,660 - INFO -       🎯 Computing scores against original prompt: 'large blue crystal with irregular shape and sharp edges...'
2025-08-10 05:10:24,702 - INFO -       📊 Validation score: 0.9079
2025-08-10 05:10:24,702 - INFO -       🎯 New best score: 0.9079
2025-08-10 05:10:24,703 - INFO -       📈 Improvement detected: contextual_scene_building working better
2025-08-10 05:10:24,703 - INFO - 
   🔄 RL Round 3/18
2025-08-10 05:10:24,703 - INFO -       🎯 Strategy: artistic_elaboration (explore)
2025-08-10 05:10:29,652 - INFO - [TRELLIS] GPU cache cleared: {'status': 'cache_cleared', 'available_memory_gb': 20.277362688}
2025-08-10 05:10:29,653 - INFO -       🔍 Validating...
2025-08-10 05:10:29,653 - INFO -       📝 Using optimized prompt for generation: 'a large blue crystal with an irregular shape, sharp edges, and a soft, luminous glow emanating from within its facets, front view, accurate, complete, white background...'
2025-08-10 05:10:29,653 - INFO -       🎯 Computing scores against original prompt: 'large blue crystal with irregular shape and sharp edges...'
2025-08-10 05:11:30,506 - INFO -       📊 Validation score: 0.7319
2025-08-10 05:11:30,507 - INFO -       📉 Score declined: Consider different approach
2025-08-10 05:11:30,507 - INFO - 
   🔄 RL Round 4/18
2025-08-10 05:11:30,507 - INFO -       🎯 Strategy: minimalist_refinement (explore)
2025-08-10 05:11:34,216 - INFO - [TRELLIS] GPU cache cleared: {'status': 'cache_cleared', 'available_memory_gb': 20.277362688}
2025-08-10 05:11:34,217 - INFO -       🔍 Validating...
2025-08-10 05:11:34,217 - INFO -       📝 Using optimized prompt for generation: 'a large blue crystal with an intricate, faceted surface featuring sharp edges and a subtle sheen, front view, accurate, complete, white background...'
2025-08-10 05:11:34,217 - INFO -       🎯 Computing scores against original prompt: 'large blue crystal with irregular shape and sharp edges...'
2025-08-10 05:12:41,356 - INFO -       📊 Validation score: 0.8967
2025-08-10 05:12:41,356 - INFO -       📈 Improvement detected: minimalist_refinement working better
2025-08-10 05:12:41,356 - INFO - 
   🔄 RL Round 5/18
2025-08-10 05:12:41,356 - INFO -       🔍 Explore performing better - increasing epsilon to 0.80
2025-08-10 05:12:41,356 - INFO -       🎯 Strategy: contextual_scene_building (exploit)
2025-08-10 05:12:44,787 - INFO - [TRELLIS] GPU cache cleared: {'status': 'cache_cleared', 'available_memory_gb': 20.277362688}
2025-08-10 05:12:44,788 - INFO -       🔍 Validating...
2025-08-10 05:12:44,788 - INFO -       📝 Using optimized prompt for generation: 'a large blue crystal with an intricate, faceted surface featuring sharp edges and subtle inclusions of clear quartz, emitting a soft luminescence that casts tiny shadows on its facets, front view, accurate, complete, white background...'
2025-08-10 05:12:44,788 - INFO -       🎯 Computing scores against original prompt: 'large blue crystal with irregular shape and sharp edges...'
2025-08-10 05:13:49,466 - INFO -       📊 Validation score: 0.8890
2025-08-10 05:13:49,467 - INFO -       ✅ Convergence achieved: Convergence threshold met (improvement: -0.008)
2025-08-10 05:13:49,498 - INFO - 
🎯 RL LOOP COMPLETE:
2025-08-10 05:13:49,498 - INFO -    Best prompt: a large blue crystal with an irregular shape, sharp edges, and a subtle milky sheen, front view, accurate, complete, white background
2025-08-10 05:13:49,498 - INFO -    Best score: 0.9079
2025-08-10 05:13:49,498 - INFO -    Rounds: 5
2025-08-10 05:13:49,499 - INFO -    Convergence: True
2025-08-10 05:13:49,499 - INFO -    Convergence reason: Convergence threshold met (improvement: -0.008)
2025-08-10 05:13:49,499 - INFO -    Exploration ratio: 40.0%
2025-08-10 05:13:49,499 - INFO -    Insights learned: 3
2025-08-10 05:13:49,499 - INFO -    Total time: 352.01s
2025-08-10 05:13:49,499 - INFO - Prompt optimized in 5 rounds: 0.554 → 0.908 (+0.353)
2025-08-10 05:13:49,499 - INFO - ✅ Target score achieved!
2025-08-10 05:13:49,502 - INFO - 
--- Episode 1, Prompt 6 (Total: 16) ---
2025-08-10 05:13:49,502 - INFO - Optimizing: 'yellow lamp with bent neck'
2025-08-10 05:13:49,502 - INFO - 🔍 Checking server availability before optimization...
2025-08-10 05:13:49,509 - INFO - ✅ Server is available (status: completed)
2025-08-10 05:13:49,509 - INFO - 📝 Marked server as used at 1754802829.509258
2025-08-10 05:13:49,509 - INFO - ✅ Server is available and marked as used
2025-08-10 05:13:50,740 - INFO - 🔄 Reproducibility optimization returned no result
2025-08-10 05:13:50,740 - INFO -       🔧 Overriding endpoint: generate/baolei/
2025-08-10 05:13:50,741 - INFO -       🔧 Using endpoint: generate/baolei/
2025-08-10 05:13:50,745 - INFO - 
🔄 RL LOOP OPTIMIZATION: 'yellow lamp with bent neck'
2025-08-10 05:13:50,745 - INFO -    Session: rl_session_1754802830_6907
2025-08-10 05:13:50,745 - INFO -    Max rounds: 18
2025-08-10 05:13:50,745 - INFO -    Min rounds before convergence: 5
2025-08-10 05:13:50,745 - INFO -    Target score: 0.99
2025-08-10 05:13:50,745 - INFO - 
   🔄 RL Round 1/18
2025-08-10 05:13:50,746 - INFO -       🔍 Explore performing better - increasing epsilon to 0.80
2025-08-10 05:13:50,746 - INFO -       🎯 Strategy: technical_precision (explore)
2025-08-10 05:13:53,799 - INFO - [TRELLIS] GPU cache cleared: {'status': 'cache_cleared', 'available_memory_gb': 20.277362688}
2025-08-10 05:13:53,799 - INFO -       🔍 Validating...
2025-08-10 05:13:53,799 - INFO -       📝 Using optimized prompt for generation: 'a delicate yellow lamp with an intricately bent neck that appears to have been crafted by skilled hands, front view, accurate, complete, white background...'
2025-08-10 05:13:53,799 - INFO -       🎯 Computing scores against original prompt: 'yellow lamp with bent neck...'
2025-08-10 05:14:51,028 - INFO -       📊 Validation score: 0.9005
2025-08-10 05:14:51,028 - INFO -       🎯 New best score: 0.9005
2025-08-10 05:14:51,029 - INFO - 
   🔄 RL Round 2/18
2025-08-10 05:14:51,029 - INFO -       🔍 Explore performing better - increasing epsilon to 0.80
2025-08-10 05:14:51,029 - INFO -       🎯 Strategy: technical_precision (explore)
2025-08-10 05:14:53,840 - INFO - [TRELLIS] GPU cache cleared: {'status': 'cache_cleared', 'available_memory_gb': 20.277362688}
2025-08-10 05:14:53,840 - INFO -       🔍 Validating...
2025-08-10 05:14:53,840 - INFO -       📝 Using optimized prompt for generation: 'a slender yellow lamp with an intricately bent neck featuring a unique copper alloy and subtle scratches on its surface, front view, accurate, complete, white background...'
2025-08-10 05:14:53,840 - INFO -       🎯 Computing scores against original prompt: 'yellow lamp with bent neck...'
2025-08-10 05:15:50,537 - INFO -       📊 Validation score: 0.8789
2025-08-10 05:15:50,537 - INFO -       📉 Score declined: Consider different approach
2025-08-10 05:15:50,537 - INFO - 
   🔄 RL Round 3/18
2025-08-10 05:15:50,538 - INFO -       🔍 Explore performing better - increasing epsilon to 0.80
2025-08-10 05:15:50,538 - INFO -       🎯 Strategy: artistic_elaboration (explore)
2025-08-10 05:15:54,015 - INFO - [TRELLIS] GPU cache cleared: {'status': 'cache_cleared', 'available_memory_gb': 20.277362688}
2025-08-10 05:15:54,015 - INFO -       🔍 Validating...
2025-08-10 05:15:54,016 - INFO -       📝 Using optimized prompt for generation: 'a delicate yellow lamp with an intricately bent neck that appears almost organic in its curvature, as if shaped by skilled hands...'
2025-08-10 05:15:54,016 - INFO -       🎯 Computing scores against original prompt: 'yellow lamp with bent neck...'
2025-08-10 05:16:54,170 - INFO -       📊 Validation score: 0.8584
2025-08-10 05:16:54,170 - INFO -       📉 Score declined: Consider different approach
2025-08-10 05:16:54,171 - INFO - 
   🔄 RL Round 4/18
2025-08-10 05:16:54,171 - INFO -       🔍 Explore performing better - increasing epsilon to 0.80
2025-08-10 05:16:54,171 - INFO -       🎯 Strategy: technical_precision (explore)
2025-08-10 05:16:58,491 - INFO - [TRELLIS] GPU cache cleared: {'status': 'cache_cleared', 'available_memory_gb': 20.277362688}
2025-08-10 05:16:58,492 - INFO -       🔍 Validating...
2025-08-10 05:16:58,492 - INFO -       📝 Using optimized prompt for generation: 'a slender yellow lamp with an intricately bent neck that appears almost artisanally crafted, featuring a delicate copper alloy and subtle scratches on its surface., front view, accurate, complete, white background...'
2025-08-10 05:16:58,492 - INFO -       🎯 Computing scores against original prompt: 'yellow lamp with bent neck...'
2025-08-10 05:17:54,485 - INFO -       📊 Validation score: 0.9283
2025-08-10 05:17:54,485 - INFO -       🎯 New best score: 0.9283
2025-08-10 05:17:54,485 - INFO -       📈 Improvement detected: technical_precision working better
2025-08-10 05:17:54,485 - INFO - 
   🔄 RL Round 5/18
2025-08-10 05:17:54,485 - INFO -       🔍 Explore performing better - increasing epsilon to 0.80
2025-08-10 05:17:54,486 - INFO -       🎯 Strategy: aggressive_transformation (explore)
2025-08-10 05:17:58,099 - INFO - [TRELLIS] GPU cache cleared: {'status': 'cache_cleared', 'available_memory_gb': 20.277362688}
2025-08-10 05:17:58,100 - INFO -       🔍 Validating...
2025-08-10 05:17:58,100 - INFO -       📝 Using optimized prompt for generation: 'a slender yellow lamp with an intricately bent neck that appears almost artisanally crafted, featuring a delicate handle and subtle chromatic undertones...'
2025-08-10 05:17:58,100 - INFO -       🎯 Computing scores against original prompt: 'yellow lamp with bent neck...'
2025-08-10 05:18:56,035 - INFO -       📊 Validation score: 0.8812
2025-08-10 05:18:56,035 - INFO -       🔍 Explore performing better - stricter convergence threshold: 0.005
2025-08-10 05:18:56,035 - INFO -       📉 Score declined: Consider different approach
2025-08-10 05:18:56,036 - INFO - 
   🔄 RL Round 6/18
2025-08-10 05:18:56,036 - INFO -       🔍 Explore performing better - increasing epsilon to 0.80
2025-08-10 05:18:56,036 - INFO -       🎯 Strategy: artistic_elaboration (explore)
2025-08-10 05:19:00,225 - INFO - [TRELLIS] GPU cache cleared: {'status': 'cache_cleared', 'available_memory_gb': 20.277362688}
2025-08-10 05:19:00,225 - INFO -       🔍 Validating...
2025-08-10 05:19:00,226 - INFO -       📝 Using optimized prompt for generation: 'a slender yellow lamp with an intricately bent neck featuring a unique blend of vintage and modern design elements, including delicate filigree patterns and a subtle glow from within, front view, accurate, complete, white background...'
2025-08-10 05:19:00,226 - INFO -       🎯 Computing scores against original prompt: 'yellow lamp with bent neck...'
2025-08-10 05:20:00,558 - INFO -       📊 Validation score: 0.9215
2025-08-10 05:20:00,559 - INFO -       🔍 Explore performing better - stricter convergence threshold: 0.005
2025-08-10 05:20:00,559 - INFO -       📈 Improvement detected: artistic_elaboration working better
2025-08-10 05:20:00,559 - INFO - 
   🔄 RL Round 7/18
2025-08-10 05:20:00,559 - INFO -       🔍 Explore performing better - increasing epsilon to 0.80
2025-08-10 05:20:00,560 - INFO -       🎯 Strategy: technical_precision (explore)
2025-08-10 05:20:10,803 - INFO - [TRELLIS] GPU cache cleared: {'status': 'cache_cleared', 'available_memory_gb': 20.277362688}
2025-08-10 05:20:10,803 - INFO -       🔍 Validating...
2025-08-10 05:20:10,803 - INFO -       📝 Using optimized prompt for generation: 'a slender yellow lamp with an intricately bent neck featuring a unique copper alloy patina and subtle scratches on its surface...'
2025-08-10 05:20:10,803 - INFO -       🎯 Computing scores against original prompt: 'yellow lamp with bent neck...'
2025-08-10 05:21:11,964 - INFO -       📊 Validation score: 0.9028
2025-08-10 05:21:11,965 - INFO -       🔍 Explore performing better - stricter convergence threshold: 0.005
2025-08-10 05:21:11,965 - INFO -       📉 Score declined: Consider different approach
2025-08-10 05:21:11,965 - INFO - 
   🔄 RL Round 8/18
2025-08-10 05:21:11,965 - INFO -       🔍 Explore performing better - increasing epsilon to 0.80
2025-08-10 05:21:11,965 - INFO -       🎯 Strategy: aggressive_transformation (explore)
2025-08-10 05:21:15,957 - INFO - [TRELLIS] GPU cache cleared: {'status': 'cache_cleared', 'available_memory_gb': 20.277362688}
2025-08-10 05:21:15,957 - INFO -       🔍 Validating...
2025-08-10 05:21:15,958 - INFO -       📝 Using optimized prompt for generation: 'a delicate, handcrafted yellow lamp with an intricately bent neck featuring a unique blend of artis..., front view, accurate, complete, white background...'
2025-08-10 05:21:15,958 - INFO -       🎯 Computing scores against original prompt: 'yellow lamp with bent neck...'
2025-08-10 05:22:12,617 - INFO -       📊 Validation score: 0.8830
2025-08-10 05:22:12,618 - INFO -       🔍 Explore performing better - stricter convergence threshold: 0.005
2025-08-10 05:22:12,618 - INFO -       📉 Score declined: Consider different approach
2025-08-10 05:22:12,618 - INFO - 
   🔄 RL Round 9/18
2025-08-10 05:22:12,618 - INFO -       🔍 Explore performing better - increasing epsilon to 0.80
2025-08-10 05:22:12,618 - INFO -       🎯 Strategy: artistic_elaboration (explore)
2025-08-10 05:22:16,438 - INFO - [TRELLIS] GPU cache cleared: {'status': 'cache_cleared', 'available_memory_gb': 20.277362688}
2025-08-10 05:22:16,438 - INFO -       🔍 Validating...
2025-08-10 05:22:16,439 - INFO -       📝 Using optimized prompt for generation: 'a slender yellow lamp with an intricately bent neck featuring a unique blend of materials and craftsmanship that evoke a sense of whimsy...'
2025-08-10 05:22:16,439 - INFO -       🎯 Computing scores against original prompt: 'yellow lamp with bent neck...'
2025-08-10 05:23:17,529 - INFO -       📊 Validation score: 0.9218
2025-08-10 05:23:17,530 - INFO -       🔍 Explore performing better - stricter convergence threshold: 0.005
2025-08-10 05:23:17,530 - INFO -       📈 Improvement detected: artistic_elaboration working better
2025-08-10 05:23:17,530 - INFO - 
   🔄 RL Round 10/18
2025-08-10 05:23:17,530 - INFO -       🔍 Explore performing better - increasing epsilon to 0.80
2025-08-10 05:23:17,530 - INFO -       🎯 Strategy: technical_precision (explore)
2025-08-10 05:23:21,127 - INFO - [TRELLIS] GPU cache cleared: {'status': 'cache_cleared', 'available_memory_gb': 20.277362688}
2025-08-10 05:23:21,128 - INFO -       🔍 Validating...
2025-08-10 05:23:21,128 - INFO -       📝 Using optimized prompt for generation: 'a slender yellow lamp with an intricately bent neck featuring a unique blend of artistic craftsmanship and subtle imperfections, front view, accurate, complete, white background...'
2025-08-10 05:23:21,128 - INFO -       🎯 Computing scores against original prompt: 'yellow lamp with bent neck...'
2025-08-10 05:24:19,934 - INFO -       📊 Validation score: 0.9280
2025-08-10 05:24:19,935 - INFO -       🔍 Explore performing better - stricter convergence threshold: 0.005
2025-08-10 05:24:19,935 - INFO -       📈 Improvement detected: technical_precision working better
2025-08-10 05:24:19,935 - INFO - 
   🔄 RL Round 11/18
2025-08-10 05:24:19,935 - INFO -       🔍 Explore performing better - increasing epsilon to 0.80
2025-08-10 05:24:19,935 - INFO -       🎯 Strategy: technical_precision (exploit)
2025-08-10 05:24:23,357 - INFO - [TRELLIS] GPU cache cleared: {'status': 'cache_cleared', 'available_memory_gb': 20.277362688}
2025-08-10 05:24:23,357 - INFO -       🔍 Validating...
2025-08-10 05:24:23,357 - INFO -       📝 Using optimized prompt for generation: 'a slender yellow lamp with an intricately curved neck featuring a unique blend of artisanal craftsmanship and subtle patina, front view, accurate, complete, white background...'
2025-08-10 05:24:23,358 - INFO -       🎯 Computing scores against original prompt: 'yellow lamp with bent neck...'
2025-08-10 05:25:19,496 - INFO -       📊 Validation score: 0.8996
2025-08-10 05:25:19,496 - INFO -       🔍 Explore performing better - stricter convergence threshold: 0.005
2025-08-10 05:25:19,496 - INFO -       📉 Score declined: Consider different approach
2025-08-10 05:25:19,496 - INFO - 
   🔄 RL Round 12/18
2025-08-10 05:25:19,497 - INFO -       🔍 Explore performing better - increasing epsilon to 0.80
2025-08-10 05:25:19,497 - INFO -       🎯 Strategy: technical_precision (explore)
2025-08-10 05:25:23,282 - INFO - [TRELLIS] GPU cache cleared: {'status': 'cache_cleared', 'available_memory_gb': 20.277362688}
2025-08-10 05:25:23,282 - INFO -       🔍 Validating...
2025-08-10 05:25:23,282 - INFO -       📝 Using optimized prompt for generation: 'a slender yellow lamp with a uniquely curved neck featuring a subtle blend of vintage and modern design elements and a hint of copper patina...'
2025-08-10 05:25:23,282 - INFO -       🎯 Computing scores against original prompt: 'yellow lamp with bent neck...'
2025-08-10 05:26:27,726 - INFO -       📊 Validation score: 0.9247
2025-08-10 05:26:27,726 - INFO -       🔍 Explore performing better - stricter convergence threshold: 0.005
2025-08-10 05:26:27,726 - INFO -       📈 Improvement detected: technical_precision working better
2025-08-10 05:26:27,726 - INFO - 
   🔄 RL Round 13/18
2025-08-10 05:26:27,726 - INFO -       🔍 Explore performing better - increasing epsilon to 0.80
2025-08-10 05:26:27,727 - INFO -       🎯 Strategy: technical_precision (explore)
2025-08-10 05:26:30,914 - INFO - [TRELLIS] GPU cache cleared: {'status': 'cache_cleared', 'available_memory_gb': 20.277362688}
2025-08-10 05:26:30,914 - INFO -       🔍 Validating...
2025-08-10 05:26:30,915 - INFO -       📝 Using optimized prompt for generation: 'a slender yellow lamp with an intricately bent neck featuring a rare, antique copper alloy patina and subtle scratches from skilled hands, front view, accurate, complete, white background...'
2025-08-10 05:26:30,915 - INFO -       🎯 Computing scores against original prompt: 'yellow lamp with bent neck...'
2025-08-10 05:27:33,168 - INFO -       📊 Validation score: 0.9204
2025-08-10 05:27:33,168 - INFO -       🔍 Explore performing better - stricter convergence threshold: 0.005
2025-08-10 05:27:33,168 - INFO -       ✅ Convergence achieved: Convergence threshold met (improvement: -0.004)
2025-08-10 05:27:33,205 - INFO - 
🎯 RL LOOP COMPLETE:
2025-08-10 05:27:33,205 - INFO -    Best prompt: a slender yellow lamp with an intricately bent neck that appears almost artisanally crafted, featuring a delicate copper alloy and subtle scratches on its surface., front view, accurate, complete, white background
2025-08-10 05:27:33,206 - INFO -    Best score: 0.9283
2025-08-10 05:27:33,206 - INFO -    Rounds: 13
2025-08-10 05:27:33,206 - INFO -    Convergence: True
2025-08-10 05:27:33,206 - INFO -    Convergence reason: Convergence threshold met (improvement: -0.004)
2025-08-10 05:27:33,206 - INFO -    Exploration ratio: 92.3%
2025-08-10 05:27:33,206 - INFO -    Insights learned: 3
2025-08-10 05:27:33,206 - INFO -    Total time: 822.42s
2025-08-10 05:27:33,206 - INFO - Prompt optimized in 13 rounds: 0.900 → 0.928 (+0.028)
2025-08-10 05:27:33,206 - INFO - ✅ Target score achieved!
2025-08-10 05:27:33,209 - INFO - 
--- Episode 1, Prompt 7 (Total: 16) ---
2025-08-10 05:27:33,209 - INFO - Optimizing: 'vibrant red vase with elegant swirl'
2025-08-10 05:27:33,209 - INFO - 🔍 Checking server availability before optimization...
2025-08-10 05:27:33,216 - INFO - ✅ Server is available (status: completed)
2025-08-10 05:27:33,216 - INFO - 📝 Marked server as used at 1754803653.2168417
2025-08-10 05:27:33,216 - INFO - ✅ Server is available and marked as used
2025-08-10 05:27:35,391 - INFO - 🔄 Reproducibility optimization applied:
2025-08-10 05:27:35,392 - INFO -    Original: vibrant red vase with elegant swirl
2025-08-10 05:27:35,392 - INFO -    Optimized: wbgmsst, a polished and complete red vase with intricate swirling patterns etched into its surface and golden-plated filigree details, is accurately rendered in the front view on a white background, white background.
2025-08-10 05:27:35,392 - INFO -    Similarity: 0.556
2025-08-10 05:27:35,393 - INFO -    Gold score: 0.9242
2025-08-10 05:27:35,393 - INFO -       🔧 Overriding endpoint: generate/baolei/
2025-08-10 05:27:35,393 - INFO -       🔧 Using endpoint: generate/baolei/
2025-08-10 05:27:35,397 - INFO - 
🔄 RL LOOP OPTIMIZATION: 'vibrant red vase with elegant swirl'
2025-08-10 05:27:35,397 - INFO -    Session: rl_session_1754803655_1611
2025-08-10 05:27:35,397 - INFO -    Max rounds: 18
2025-08-10 05:27:35,397 - INFO -    Min rounds before convergence: 5
2025-08-10 05:27:35,397 - INFO -    Target score: 0.99
2025-08-10 05:27:35,397 - INFO - 
   🔄 RL Round 1/18
2025-08-10 05:27:35,398 - INFO -       🔍 Explore performing better - increasing epsilon to 0.80
2025-08-10 05:27:35,398 - INFO -       🎯 Strategy: conservative_enhancement (explore)
2025-08-10 05:27:39,662 - INFO - [TRELLIS] GPU cache cleared: {'status': 'cache_cleared', 'available_memory_gb': 20.277362688}
2025-08-10 05:27:39,662 - INFO -       🔍 Validating...
2025-08-10 05:27:39,663 - INFO -       📝 Using optimized prompt for generation: 'vibrant red vase with elegant swirl, front view, accurate, complete, white background...'
2025-08-10 05:27:39,663 - INFO -       🎯 Computing scores against original prompt: 'vibrant red vase with elegant swirl...'
2025-08-10 05:28:44,866 - INFO -       📊 Validation score: 0.8185
2025-08-10 05:28:44,866 - INFO -       🎯 New best score: 0.8185
2025-08-10 05:28:44,866 - INFO - 
   🔄 RL Round 2/18
2025-08-10 05:28:44,866 - INFO -       🔍 Explore performing better - increasing epsilon to 0.80
2025-08-10 05:28:44,867 - INFO -       🎯 Strategy: aggressive_transformation (explore)
2025-08-10 05:28:49,757 - INFO - [TRELLIS] GPU cache cleared: {'status': 'cache_cleared', 'available_memory_gb': 20.277362688}
2025-08-10 05:28:49,757 - INFO -       🔍 Validating...
2025-08-10 05:28:49,757 - INFO -       📝 Using optimized prompt for generation: 'vibrant red vase with elegant swirl, side view, detailed texture on the vase's surface, and a subtle gradient effect, front view, accurate, complete, white background...'
2025-08-10 05:28:49,757 - INFO -       🎯 Computing scores against original prompt: 'vibrant red vase with elegant swirl...'
2025-08-10 05:29:52,134 - INFO -       📊 Validation score: 0.8926
2025-08-10 05:29:52,135 - INFO -       🎯 New best score: 0.8926
2025-08-10 05:29:52,135 - INFO -       📈 Improvement detected: aggressive_transformation working better
2025-08-10 05:29:52,135 - INFO - 
   🔄 RL Round 3/18
2025-08-10 05:29:52,136 - INFO -       🔍 Explore performing better - increasing epsilon to 0.80
2025-08-10 05:29:52,136 - INFO -       🎯 Strategy: artistic_elaboration (explore)
2025-08-10 05:29:55,336 - INFO - [TRELLIS] GPU cache cleared: {'status': 'cache_cleared', 'available_memory_gb': 20.277362688}
2025-08-10 05:29:55,337 - INFO -       🔍 Validating...
2025-08-10 05:29:55,337 - INFO -       📝 Using optimized prompt for generation: 'a small, handcrafted vibrant red vase with intricate, swirling patterns that evoke a sense of energy and movement, featuring a delicate handle and a subtle golden rim, front view, accurate, complete, white background...'
2025-08-10 05:29:55,337 - INFO -       🎯 Computing scores against original prompt: 'vibrant red vase with elegant swirl...'
2025-08-10 05:30:59,763 - INFO -       📊 Validation score: 0.8271
2025-08-10 05:30:59,763 - INFO -       📉 Score declined: Consider different approach
2025-08-10 05:30:59,763 - INFO - 
   🔄 RL Round 4/18
2025-08-10 05:30:59,764 - INFO -       🔍 Explore performing better - increasing epsilon to 0.80
2025-08-10 05:30:59,764 - INFO -       🎯 Strategy: technical_precision (exploit)
2025-08-10 05:31:03,076 - INFO - [TRELLIS] GPU cache cleared: {'status': 'cache_cleared', 'available_memory_gb': 20.277362688}
2025-08-10 05:31:03,077 - INFO -       🔍 Validating...
2025-08-10 05:31:03,077 - INFO -       📝 Using optimized prompt for generation: 'a vibrant red vase with elegant swirls that evoke a sense of energy, featuring a matte finish and subtle golden undertones on the ceramic surface, front view, accurate, complete, white background...'
2025-08-10 05:31:03,077 - INFO -       🎯 Computing scores against original prompt: 'vibrant red vase with elegant swirl...'
2025-08-10 05:32:09,145 - INFO -       📊 Validation score: 0.9017
2025-08-10 05:32:09,146 - INFO -       🎯 New best score: 0.9017
2025-08-10 05:32:09,146 - INFO -       📈 Improvement detected: technical_precision working better
2025-08-10 05:32:09,146 - INFO - 
   🔄 RL Round 5/18
2025-08-10 05:32:09,147 - INFO -       🎯 Strategy: artistic_elaboration (explore)
2025-08-10 05:32:13,256 - INFO - [TRELLIS] GPU cache cleared: {'status': 'cache_cleared', 'available_memory_gb': 20.277362688}
2025-08-10 05:32:13,257 - INFO -       🔍 Validating...
2025-08-10 05:32:13,257 - INFO -       📝 Using optimized prompt for generation: 'a stunning, handcrafted vibrant red vase with mesmerizing, swirling patterns that evoke a sense of energy, featuring a delicate, matte finish and subtle wear on the surface, front view, accurate, complete, white background...'
2025-08-10 05:32:13,257 - INFO -       🎯 Computing scores against original prompt: 'vibrant red vase with elegant swirl...'
2025-08-10 05:33:22,860 - INFO -       📊 Validation score: 0.9358
2025-08-10 05:33:22,860 - INFO -       🎯 New best score: 0.9358
2025-08-10 05:33:22,860 - INFO -       🔍 Explore performing better - stricter convergence threshold: 0.005
2025-08-10 05:33:22,861 - INFO -       📈 Improvement detected: artistic_elaboration working better
2025-08-10 05:33:22,861 - INFO - 
   🔄 RL Round 6/18
2025-08-10 05:33:22,861 - INFO -       🎯 Strategy: technical_precision (exploit)
2025-08-10 05:33:26,578 - INFO - [TRELLIS] GPU cache cleared: {'status': 'cache_cleared', 'available_memory_gb': 20.277362688}
2025-08-10 05:33:26,578 - INFO -       🔍 Validating...
2025-08-10 05:33:26,579 - INFO -       📝 Using optimized prompt for generation: 'a vibrant red vase with elegant swirls featuring an organic, asymmetrical shape, adorned with intricate, curved patterns that evoke a sense of dynamism and movement...'
2025-08-10 05:33:26,579 - INFO -       🎯 Computing scores against original prompt: 'vibrant red vase with elegant swirl...'
2025-08-10 05:34:43,592 - INFO -       📊 Validation score: 0.8755
2025-08-10 05:34:43,592 - INFO -       🔍 Explore performing better - stricter convergence threshold: 0.005
2025-08-10 05:34:43,593 - INFO -       📉 Score declined: Consider different approach
2025-08-10 05:34:43,593 - INFO - 
   🔄 RL Round 7/18
2025-08-10 05:34:43,593 - INFO -       🎯 Strategy: technical_precision (explore)
2025-08-10 05:34:47,357 - INFO - [TRELLIS] GPU cache cleared: {'status': 'cache_cleared', 'available_memory_gb': 20.277362688}
2025-08-10 05:34:47,357 - INFO -       🔍 Validating...
2025-08-10 05:34:47,357 - INFO -       📝 Using optimized prompt for generation: 'a vibrant red vase with intricate, swirling patterns that evoke a sense of energy, featuring an organic, asymmetrical shape with textured glass and subtle metallic undertones, front view, accurate, complete, white background...'
2025-08-10 05:34:47,357 - INFO -       🎯 Computing scores against original prompt: 'vibrant red vase with elegant swirl...'
2025-08-10 05:35:47,437 - INFO -       📊 Validation score: 0.9012
2025-08-10 05:35:47,437 - INFO -       🔍 Explore performing better - stricter convergence threshold: 0.005
2025-08-10 05:35:47,437 - INFO -       📈 Improvement detected: technical_precision working better
2025-08-10 05:35:47,437 - INFO - 
   🔄 RL Round 8/18
2025-08-10 05:35:47,438 - INFO -       🎯 Strategy: technical_precision (exploit)
2025-08-10 05:35:51,713 - INFO - [TRELLIS] GPU cache cleared: {'status': 'cache_cleared', 'available_memory_gb': 20.277362688}
2025-08-10 05:35:51,713 - INFO -       🔍 Validating...
2025-08-10 05:35:51,713 - INFO -       📝 Using optimized prompt for generation: 'a vibrant red vase with elegant swirls featuring a matte finish, adorned with intricate, swirling patterns that evoke a sense of energy and depth, front view, accurate, complete, white background...'
2025-08-10 05:35:51,713 - INFO -       🎯 Computing scores against original prompt: 'vibrant red vase with elegant swirl...'
2025-08-10 05:36:52,605 - INFO -       📊 Validation score: 0.6250
2025-08-10 05:36:52,605 - INFO -       🔍 Explore performing better - stricter convergence threshold: 0.005
2025-08-10 05:36:52,605 - INFO -       📉 Score declined: Consider different approach
2025-08-10 05:36:52,605 - INFO - 
   🔄 RL Round 9/18
2025-08-10 05:36:52,606 - INFO -       🎯 Strategy: artistic_elaboration (exploit)
2025-08-10 05:36:55,942 - INFO - [TRELLIS] GPU cache cleared: {'status': 'cache_cleared', 'available_memory_gb': 20.277362688}
2025-08-10 05:36:55,943 - INFO -       🔍 Validating...
2025-08-10 05:36:55,943 - INFO -       📝 Using optimized prompt for generation: 'a vibrant red vase with elegant swirls that evoke a sense of energy and sophistication, front view, accurate, complete, white background...'
2025-08-10 05:36:55,943 - INFO -       🎯 Computing scores against original prompt: 'vibrant red vase with elegant swirl...'
2025-08-10 05:37:54,715 - INFO -       📊 Validation score: 0.9402
2025-08-10 05:37:54,715 - INFO -       🎯 New best score: 0.9402
2025-08-10 05:37:54,716 - INFO -       🔍 Explore performing better - stricter convergence threshold: 0.005
2025-08-10 05:37:54,716 - INFO -       📈 Improvement detected: artistic_elaboration working better
2025-08-10 05:37:54,716 - INFO - 
   🔄 RL Round 10/18
2025-08-10 05:37:54,717 - INFO -       🎯 Strategy: artistic_elaboration (exploit)
2025-08-10 05:37:58,167 - INFO - [TRELLIS] GPU cache cleared: {'status': 'cache_cleared', 'available_memory_gb': 20.277362688}
2025-08-10 05:37:58,168 - INFO -       🔍 Validating...
2025-08-10 05:37:58,168 - INFO -       📝 Using optimized prompt for generation: 'a vibrant red vase with intricate, swirling patterns that evoke a sense of energy and sophistication, featuring an organic, curved shape with subtle texture and a raised handle, front view, accurate, complete, white background...'
2025-08-10 05:37:58,168 - INFO -       🎯 Computing scores against original prompt: 'vibrant red vase with elegant swirl...'
2025-08-10 05:38:56,890 - INFO -       📊 Validation score: 0.8944
2025-08-10 05:38:56,891 - INFO -       🔍 Explore performing better - stricter convergence threshold: 0.005
2025-08-10 05:38:56,891 - INFO -       📉 Score declined: Consider different approach
2025-08-10 05:38:56,891 - INFO - 
   🔄 RL Round 11/18
2025-08-10 05:38:56,891 - INFO -       🎯 Strategy: artistic_elaboration (explore)
2025-08-10 05:39:00,014 - INFO - [TRELLIS] GPU cache cleared: {'status': 'cache_cleared', 'available_memory_gb': 20.277362688}
2025-08-10 05:39:00,014 - INFO -       🔍 Validating...
2025-08-10 05:39:00,015 - INFO -       📝 Using optimized prompt for generation: 'a slender, elegant red vase with intricate, swirling patterns and delicate etchings on the handle, front view, accurate, complete, white background...'
2025-08-10 05:39:00,015 - INFO -       🎯 Computing scores against original prompt: 'vibrant red vase with elegant swirl...'
2025-08-10 05:40:02,882 - INFO -       📊 Validation score: 0.8184
2025-08-10 05:40:02,883 - INFO -       🔍 Explore performing better - stricter convergence threshold: 0.005
2025-08-10 05:40:02,883 - INFO -       📉 Score declined: Consider different approach
2025-08-10 05:40:02,883 - INFO - 
   🔄 RL Round 12/18
2025-08-10 05:40:02,883 - INFO -       🎯 Strategy: artistic_elaboration (exploit)
2025-08-10 05:40:13,640 - INFO - [TRELLIS] GPU cache cleared: {'status': 'cache_cleared', 'available_memory_gb': 20.277362688}
2025-08-10 05:40:13,641 - INFO -       🔍 Validating...
2025-08-10 05:40:13,641 - INFO -       📝 Using optimized prompt for generation: 'a slender, handcrafted vibrant red vase with intricate, swirling patterns that evoke a sense of energy and sophistication, featuring a subtle curvature to its body...'
2025-08-10 05:40:13,641 - INFO -       🎯 Computing scores against original prompt: 'vibrant red vase with elegant swirl...'
2025-08-10 05:41:15,879 - INFO -       📊 Validation score: 0.9155
2025-08-10 05:41:15,880 - INFO -       📈 Improvement detected: artistic_elaboration working better
2025-08-10 05:41:15,880 - INFO - 
   🔄 RL Round 13/18
2025-08-10 05:41:15,880 - INFO -       🎯 Strategy: artistic_elaboration (exploit)
2025-08-10 05:41:19,821 - INFO - [TRELLIS] GPU cache cleared: {'status': 'cache_cleared', 'available_memory_gb': 20.277362688}
2025-08-10 05:41:19,821 - INFO -       🔍 Validating...
2025-08-10 05:41:19,821 - INFO -       📝 Using optimized prompt for generation: 'a vibrant red vase with elegant swirls featuring an organic, asymmetrical shape, adorned with intricate, swirling patterns that evoke a sense of energy, front view, accurate, complete, white background...'
2025-08-10 05:41:19,821 - INFO -       🎯 Computing scores against original prompt: 'vibrant red vase with elegant swirl...'
2025-08-10 05:42:18,719 - INFO -       📊 Validation score: 0.6882
2025-08-10 05:42:18,720 - INFO -       📉 Score declined: Consider different approach
2025-08-10 05:42:18,720 - INFO - 
   🔄 RL Round 14/18
2025-08-10 05:42:18,720 - INFO -       🔍 Explore performing better - increasing epsilon to 0.80
2025-08-10 05:42:18,720 - INFO -       🎯 Strategy: artistic_elaboration (explore)
2025-08-10 05:42:22,330 - INFO - [TRELLIS] GPU cache cleared: {'status': 'cache_cleared', 'available_memory_gb': 20.277362688}
2025-08-10 05:42:22,330 - INFO -       🔍 Validating...
2025-08-10 05:42:22,331 - INFO -       📝 Using optimized prompt for generation: 'a vibrant red vase with elegant swirls featuring a matte finish, adorned with intricate, swirling patterns that evoke a sense of energy, front view, accurate, complete, white background...'
2025-08-10 05:42:22,331 - INFO -       🎯 Computing scores against original prompt: 'vibrant red vase with elegant swirl...'
2025-08-10 05:43:20,225 - INFO -       📊 Validation score: 0.6715
2025-08-10 05:43:20,226 - INFO -       📉 Score declined: Consider different approach
2025-08-10 05:43:20,226 - INFO - 
   🔄 RL Round 15/18
2025-08-10 05:43:20,227 - INFO -       🎯 Strategy: technical_precision (explore)
2025-08-10 05:43:24,047 - INFO - [TRELLIS] GPU cache cleared: {'status': 'cache_cleared', 'available_memory_gb': 20.277362688}
2025-08-10 05:43:24,048 - INFO -       🔍 Validating...
2025-08-10 05:43:24,048 - INFO -       📝 Using optimized prompt for generation: 'a vibrant red vase with delicate, swirling patterns and subtle texture on its surface, featuring a matte finish and precision-cut handles, front view, accurate, complete, white background...'
2025-08-10 05:43:24,048 - INFO -       🎯 Computing scores against original prompt: 'vibrant red vase with elegant swirl...'
2025-08-10 05:44:22,696 - INFO -       📊 Validation score: 0.8560
2025-08-10 05:44:22,697 - INFO -       📈 Improvement detected: technical_precision working better
2025-08-10 05:44:22,697 - INFO - 
   🔄 RL Round 16/18
2025-08-10 05:44:22,697 - INFO -       🎯 Strategy: artistic_elaboration (explore)
2025-08-10 05:44:25,705 - INFO - [TRELLIS] GPU cache cleared: {'status': 'cache_cleared', 'available_memory_gb': 20.277362688}
2025-08-10 05:44:25,706 - INFO -       🔍 Validating...
2025-08-10 05:44:25,706 - INFO -       📝 Using optimized prompt for generation: 'a vibrant red vase with elegant swirls featuring an organic, asymmetrical shape and delicate texture on its surface, adorned with intricate, swirling patterns that evoke a sense of energy...'
2025-08-10 05:44:25,706 - INFO -       🎯 Computing scores against original prompt: 'vibrant red vase with elegant swirl...'
2025-08-10 05:45:25,369 - INFO -       📊 Validation score: 0.8949
2025-08-10 05:45:25,370 - INFO -       📈 Improvement detected: artistic_elaboration working better
2025-08-10 05:45:25,370 - INFO - 
   🔄 RL Round 17/18
2025-08-10 05:45:25,370 - INFO -       🎯 Strategy: technical_precision (explore)
2025-08-10 05:45:28,601 - INFO - [TRELLIS] GPU cache cleared: {'status': 'cache_cleared', 'available_memory_gb': 20.277362688}
2025-08-10 05:45:28,602 - INFO -       🔍 Validating...
2025-08-10 05:45:28,602 - INFO -       📝 Using optimized prompt for generation: 'a vibrant red vase with elegant swirls featuring an organic, asymmetrical shape and delicate texture, front view, accurate, complete, white background...'
2025-08-10 05:45:28,602 - INFO -       🎯 Computing scores against original prompt: 'vibrant red vase with elegant swirl...'
2025-08-10 05:46:27,976 - INFO -       📊 Validation score: 0.8886
2025-08-10 05:46:27,977 - INFO -       ✅ Convergence achieved: Convergence threshold met (improvement: -0.006)
2025-08-10 05:46:28,011 - INFO - 
🎯 RL LOOP COMPLETE:
2025-08-10 05:46:28,011 - INFO -    Best prompt: a vibrant red vase with elegant swirls that evoke a sense of energy and sophistication, front view, accurate, complete, white background
2025-08-10 05:46:28,011 - INFO -    Best score: 0.9402
2025-08-10 05:46:28,012 - INFO -    Rounds: 17
2025-08-10 05:46:28,012 - INFO -    Convergence: True
2025-08-10 05:46:28,012 - INFO -    Convergence reason: Convergence threshold met (improvement: -0.006)
2025-08-10 05:46:28,012 - INFO -    Exploration ratio: 58.8%
2025-08-10 05:46:28,012 - INFO -    Insights learned: 3
2025-08-10 05:46:28,012 - INFO -    Total time: 1132.58s
2025-08-10 05:46:28,012 - INFO - Prompt optimized in 17 rounds: 0.818 → 0.940 (+0.122)
2025-08-10 05:46:28,012 - INFO - ✅ Target score achieved!
2025-08-10 05:46:28,014 - INFO - 
--- Episode 1, Prompt 8 (Total: 16) ---
2025-08-10 05:46:28,015 - INFO - Optimizing: 'small purple cylindrical creature with short tail and long legs'
2025-08-10 05:46:28,015 - INFO - 🔍 Checking server availability before optimization...
2025-08-10 05:46:28,023 - INFO - ✅ Server is available (status: completed)
2025-08-10 05:46:28,023 - INFO - 📝 Marked server as used at 1754804788.0233352
2025-08-10 05:46:28,023 - INFO - ✅ Server is available and marked as used
2025-08-10 05:46:28,029 - INFO - 🔄 Reproducibility optimization returned no result
2025-08-10 05:46:28,030 - INFO -       🔧 Overriding endpoint: generate/baolei/
2025-08-10 05:46:28,030 - INFO -       🔧 Using endpoint: generate/baolei/
2025-08-10 05:46:28,032 - INFO - 
🔄 RL LOOP OPTIMIZATION: 'small purple cylindrical creature with short tail and long legs'
2025-08-10 05:46:28,032 - INFO -    Session: rl_session_1754804788_4756
2025-08-10 05:46:28,032 - INFO -    Max rounds: 18
2025-08-10 05:46:28,032 - INFO -    Min rounds before convergence: 5
2025-08-10 05:46:28,032 - INFO -    Target score: 0.99
2025-08-10 05:46:28,032 - INFO - 
   🔄 RL Round 1/18
2025-08-10 05:46:28,033 - INFO -       🎯 Strategy: conservative_enhancement (explore)
2025-08-10 05:46:31,252 - INFO - [TRELLIS] GPU cache cleared: {'status': 'cache_cleared', 'available_memory_gb': 20.277362688}
2025-08-10 05:46:31,253 - INFO -       🔍 Validating...
2025-08-10 05:46:31,253 - INFO -       📝 Using optimized prompt for generation: 'a small purple cylindrical creature with short tail and long legs adorned in intricate, swirling patterns reminiscent of a rich tapestry, front view, accurate, complete, white background...'
2025-08-10 05:46:31,253 - INFO -       🎯 Computing scores against original prompt: 'small purple cylindrical creature with short tail and long legs...'
2025-08-10 05:47:30,245 - INFO -       📊 Validation score: 0.8707
2025-08-10 05:47:30,245 - INFO -       🎯 New best score: 0.8707
2025-08-10 05:47:30,246 - INFO - 
   🔄 RL Round 2/18
2025-08-10 05:47:30,246 - INFO -       🎯 Strategy: aggressive_transformation (explore)
2025-08-10 05:47:34,282 - INFO - [TRELLIS] GPU cache cleared: {'status': 'cache_cleared', 'available_memory_gb': 20.277362688}
2025-08-10 05:47:34,283 - INFO -       🔍 Validating...
2025-08-10 05:47:34,283 - INFO -       📝 Using optimized prompt for generation: 'a small purple cylindrical creature with short tail and long legs adorned in delicate, swirling patterns of iridescent silver and gold, front view, accurate, complete, white background...'
2025-08-10 05:47:34,283 - INFO -       🎯 Computing scores against original prompt: 'small purple cylindrical creature with short tail and long legs...'
2025-08-10 05:48:33,061 - INFO -       📊 Validation score: 0.8911
2025-08-10 05:48:33,061 - INFO -       🎯 New best score: 0.8911
2025-08-10 05:48:33,061 - INFO -       📈 Improvement detected: aggressive_transformation working better
2025-08-10 05:48:33,061 - INFO - 
   🔄 RL Round 3/18
2025-08-10 05:48:33,061 - INFO -       🔍 Explore performing better - increasing epsilon to 0.80
2025-08-10 05:48:33,062 - INFO -       🎯 Strategy: conservative_enhancement (explore)
2025-08-10 05:48:36,468 - INFO - [TRELLIS] GPU cache cleared: {'status': 'cache_cleared', 'available_memory_gb': 20.277362688}
2025-08-10 05:48:36,468 - INFO -       🔍 Validating...
2025-08-10 05:48:36,468 - INFO -       📝 Using optimized prompt for generation: 'a small purple cylindrical creature with an elegantly tapered short tail and slender, elongated legs adorned in delicate, swirling patterns reminiscent of lavender petals, front view, accurate, complete, white background...'
2025-08-10 05:48:36,468 - INFO -       🎯 Computing scores against original prompt: 'small purple cylindrical creature with short tail and long legs...'
2025-08-10 05:49:34,565 - INFO -       📊 Validation score: 0.8456
2025-08-10 05:49:34,566 - INFO -       📉 Score declined: Consider different approach
2025-08-10 05:49:34,566 - INFO - 
   🔄 RL Round 4/18
2025-08-10 05:49:34,566 - INFO -       🔍 Explore performing better - increasing epsilon to 0.80
2025-08-10 05:49:34,566 - INFO -       🎯 Strategy: aggressive_transformation (explore)
2025-08-10 05:49:37,914 - INFO - [TRELLIS] GPU cache cleared: {'status': 'cache_cleared', 'available_memory_gb': 20.277362688}
2025-08-10 05:49:37,914 - INFO -       🔍 Validating...
2025-08-10 05:49:37,915 - INFO -       📝 Using optimized prompt for generation: 'a small purple cylindrical creature with a slightly-notched short tail and slender, elongated legs adorned in delicate, swirling patterns...'
2025-08-10 05:49:37,915 - INFO -       🎯 Computing scores against original prompt: 'small purple cylindrical creature with short tail and long legs...'
2025-08-10 05:50:37,724 - INFO -       📊 Validation score: 0.9143
2025-08-10 05:50:37,724 - INFO -       🎯 New best score: 0.9143
2025-08-10 05:50:37,725 - INFO -       📈 Improvement detected: aggressive_transformation working better
2025-08-10 05:50:37,725 - INFO - 
   🔄 RL Round 5/18
2025-08-10 05:50:37,726 - INFO -       🔍 Explore performing better - increasing epsilon to 0.80
2025-08-10 05:50:37,726 - INFO -       🎯 Strategy: material_focus (explore)
2025-08-10 05:50:41,486 - INFO - [TRELLIS] GPU cache cleared: {'status': 'cache_cleared', 'available_memory_gb': 20.277362688}
2025-08-10 05:50:41,486 - INFO -       🔍 Validating...
2025-08-10 05:50:41,486 - INFO -       📝 Using optimized prompt for generation: 'a small purple cylindrical creature with an elegantly tapered short tail and slender, elongated legs adorned with intricate, swirling patterns on its body, front view, accurate, complete, white background...'
2025-08-10 05:50:41,487 - INFO -       🎯 Computing scores against original prompt: 'small purple cylindrical creature with short tail and long legs...'
2025-08-10 05:51:38,927 - INFO -       📊 Validation score: 0.9132
2025-08-10 05:51:38,927 - INFO -       ✅ Convergence achieved: Convergence threshold met (improvement: -0.001)
2025-08-10 05:51:38,963 - INFO - 
🎯 RL LOOP COMPLETE:
2025-08-10 05:51:38,963 - INFO -    Best prompt: a small purple cylindrical creature with a slightly-notched short tail and slender, elongated legs adorned in delicate, swirling patterns
2025-08-10 05:51:38,963 - INFO -    Best score: 0.9143
2025-08-10 05:51:38,963 - INFO -    Rounds: 5
2025-08-10 05:51:38,964 - INFO -    Convergence: True
2025-08-10 05:51:38,964 - INFO -    Convergence reason: Convergence threshold met (improvement: -0.001)
2025-08-10 05:51:38,964 - INFO -    Exploration ratio: 100.0%
2025-08-10 05:51:38,964 - INFO -    Insights learned: 3
2025-08-10 05:51:38,964 - INFO -    Total time: 310.90s
2025-08-10 05:51:38,965 - INFO - Prompt optimized in 5 rounds: 0.871 → 0.914 (+0.044)
2025-08-10 05:51:38,965 - INFO - ✅ Target score achieved!
2025-08-10 05:51:38,967 - INFO - 
--- Episode 1, Prompt 9 (Total: 16) ---
2025-08-10 05:51:38,967 - INFO - Optimizing: 'silver robot wearing green scarf'
2025-08-10 05:51:38,968 - INFO - 🔍 Checking server availability before optimization...
2025-08-10 05:51:38,981 - INFO - ✅ Server is available (status: completed)
2025-08-10 05:51:38,982 - INFO - 📝 Marked server as used at 1754805098.9819932
2025-08-10 05:51:38,982 - INFO - ✅ Server is available and marked as used
2025-08-10 05:51:40,655 - INFO - 🔄 Reproducibility optimization applied:
2025-08-10 05:51:40,656 - INFO -    Original: silver robot wearing green scarf
2025-08-10 05:51:40,656 - INFO -    Optimized: wbgmsst, a vibrant and detailed slender silver robot is standing on a white background, wearing a green scarf with densely woven micro-polyester threads.
2025-08-10 05:51:40,656 - INFO -    Similarity: 1.000
2025-08-10 05:51:40,656 - INFO -    Gold score: 0.8726
2025-08-10 05:51:40,657 - INFO -       🔧 Overriding endpoint: generate/baolei/
2025-08-10 05:51:40,657 - INFO -       🔧 Using endpoint: generate/baolei/
2025-08-10 05:51:40,660 - INFO - 
🔄 RL LOOP OPTIMIZATION: 'silver robot wearing green scarf'
2025-08-10 05:51:40,660 - INFO -    Session: rl_session_1754805100_3318
2025-08-10 05:51:40,660 - INFO -    Max rounds: 18
2025-08-10 05:51:40,660 - INFO -    Min rounds before convergence: 5
2025-08-10 05:51:40,660 - INFO -    Target score: 0.99
2025-08-10 05:51:40,660 - INFO -       🎯 Found previous best attempt: a sleek silver robot wearing a vibrant green scarf with micro-polyester threads woven into the fabric and intricate patterns of interlocking hexagons, front view, accurate, complete, white background (score: 0.9034)
2025-08-10 05:51:40,661 - INFO -       🎯 Strategy used: hybrid_approach
2025-08-10 05:51:40,661 - INFO -       🎯 Session ID: rl_session_1754788531_1049
2025-08-10 05:51:40,661 - INFO -       🎯 Past final best prompt: a sleek silver robot wearing a vibrant green scarf with micro-polyester threads woven into the fabric and intricate patterns of interlocking hexagons, front view, accurate, complete, white background
2025-08-10 05:51:40,661 - INFO -       🎯 Past final best score: 0.903
2025-08-10 05:51:40,661 - INFO -       🎯 Past session ID: rl_session_1754788531_1049
2025-08-10 05:51:40,661 - INFO -       🎯 Past learned insights: Iterative improvement successful: 0.647 → 0.862, Best performing strategy in session: hybrid_approach, Explored 4 different strategies
2025-08-10 05:51:40,661 - INFO -       🎯 Past strategy performance updates: {'conservative_enhancement': -0.0954572537493712, 'material_focus': -0.06099811813497824, 'hybrid_approach': 0.027587391194765054, 'minimalist_refinement': 0.04456983965028338}
2025-08-10 05:51:40,661 - INFO -       🎯 Past final best prompt: a sleek silver robot wearing a vibrant green scarf with micro-polyester threads woven into the fabric and intricate patterns of interlocking hexagons, front view, accurate, complete, white background
2025-08-10 05:51:40,661 - INFO -       🎯 Past final best score: 0.903
2025-08-10 05:51:40,661 - INFO - 
   🔄 RL Round 1/18
2025-08-10 05:51:40,662 - INFO -       🔍 Explore performing better - increasing epsilon to 0.80
2025-08-10 05:51:40,662 - INFO -       🎯 Strategy: conservative_enhancement (explore)
2025-08-10 05:51:44,655 - INFO - [TRELLIS] GPU cache cleared: {'status': 'cache_cleared', 'available_memory_gb': 20.277362688}
2025-08-10 05:51:44,655 - INFO -       🔍 Validating...
2025-08-10 05:51:44,655 - INFO -       📝 Using optimized prompt for generation: 'a refined silver robot wearing an intricately designed, woven green scarf with a subtle gradient effect, front view, accurate, complete, white background...'
2025-08-10 05:51:44,656 - INFO -       🎯 Computing scores against original prompt: 'silver robot wearing green scarf...'
2025-08-10 05:52:45,003 - INFO -       📊 Validation score: 0.8415
2025-08-10 05:52:45,004 - INFO - 
   🔄 RL Round 2/18
2025-08-10 05:52:45,004 - INFO -       🔍 Explore performing better - increasing epsilon to 0.80
2025-08-10 05:52:45,004 - INFO -       🎯 Strategy: technical_precision (exploit)
2025-08-10 05:52:48,928 - INFO - [TRELLIS] GPU cache cleared: {'status': 'cache_cleared', 'available_memory_gb': 20.277362688}
2025-08-10 05:52:48,929 - INFO -       🔍 Validating...
2025-08-10 05:52:48,929 - INFO -       📝 Using optimized prompt for generation: 'a sleek silver robot wearing a vibrant green scarf with micro-polyester threads woven into the fabric and intricate patterns of interlocking hexagons, front view, accurate, complete, white background...'
2025-08-10 05:52:48,929 - INFO -       🎯 Computing scores against original prompt: 'silver robot wearing green scarf...'
2025-08-10 05:53:47,289 - INFO -       📊 Validation score: 0.8996
2025-08-10 05:53:47,289 - INFO -       📈 Improvement detected: technical_precision working better
2025-08-10 05:53:47,290 - INFO - 
   🔄 RL Round 3/18
2025-08-10 05:53:47,290 - INFO -       🎯 Strategy: conservative_enhancement (explore)
2025-08-10 05:53:50,583 - INFO - [TRELLIS] GPU cache cleared: {'status': 'cache_cleared', 'available_memory_gb': 20.277362688}
2025-08-10 05:53:50,583 - INFO -       🔍 Validating...
2025-08-10 05:53:50,584 - INFO -       📝 Using optimized prompt for generation: 'a refined silver robot wearing a vibrant green scarf with micro-polyester threads woven into the fabric and intricate patterns of interlocking hexagons, subtle gradient shading, accurate, complete, white background...'
2025-08-10 05:53:50,584 - INFO -       🎯 Computing scores against original prompt: 'silver robot wearing green scarf...'
2025-08-10 05:54:50,602 - INFO -       📊 Validation score: 0.8938
2025-08-10 05:54:50,603 - INFO -       📉 Score declined: Consider different approach
2025-08-10 05:54:50,603 - INFO - 
   🔄 RL Round 4/18
2025-08-10 05:54:50,603 - INFO -       🎯 Strategy: aggressive_transformation (explore)
2025-08-10 05:54:53,477 - INFO - [TRELLIS] GPU cache cleared: {'status': 'cache_cleared', 'available_memory_gb': 20.277362688}
2025-08-10 05:54:53,477 - INFO -       🔍 Validating...
2025-08-10 05:54:53,477 - INFO -       📝 Using optimized prompt for generation: 'a slender silver robot wearing a vibrant green scarf with micro-polyester threads woven into the fabric, emphasizing the intricate texture and subtle sheen of the robot's metallic surface...'
2025-08-10 05:54:53,477 - INFO -       🎯 Computing scores against original prompt: 'silver robot wearing green scarf...'
2025-08-10 05:55:55,691 - INFO -       📊 Validation score: 0.8608
2025-08-10 05:55:55,692 - INFO -       📉 Score declined: Consider different approach
2025-08-10 05:55:55,692 - INFO - 
   🔄 RL Round 5/18
2025-08-10 05:55:55,692 - INFO -       🎯 Strategy: technical_precision (exploit)
2025-08-10 05:55:59,259 - INFO - [TRELLIS] GPU cache cleared: {'status': 'cache_cleared', 'available_memory_gb': 20.277362688}
2025-08-10 05:55:59,259 - INFO -       🔍 Validating...
2025-08-10 05:55:59,259 - INFO -       📝 Using optimized prompt for generation: 'a slender silver robot wearing a vibrant green scarf with micro-polyester threads woven into the fabric and subtle texture variations, front view, accurate, complete, white background...'
2025-08-10 05:55:59,259 - INFO -       🎯 Computing scores against original prompt: 'silver robot wearing green scarf...'
2025-08-10 05:56:58,405 - INFO -       📊 Validation score: 0.8259
2025-08-10 05:56:58,405 - INFO -       📉 Score declined: Consider different approach
2025-08-10 05:56:58,406 - INFO - 
   🔄 RL Round 6/18
2025-08-10 05:56:58,406 - INFO -       🎯 Strategy: aggressive_transformation (explore)
2025-08-10 05:57:02,958 - INFO - [TRELLIS] GPU cache cleared: {'status': 'cache_cleared', 'available_memory_gb': 20.277362688}
2025-08-10 05:57:02,959 - INFO -       🔍 Validating...
2025-08-10 05:57:02,959 - INFO -       📝 Using optimized prompt for generation: 'a slender silver robot wearing a vibrant green scarf with micro-polyester threads woven into the fabric and intricate patterns of interlocking hexagons in a soft, gradient light that accentuates the texture of the threads...'
2025-08-10 05:57:02,959 - INFO -       🎯 Computing scores against original prompt: 'silver robot wearing green scarf...'
2025-08-10 05:58:07,633 - INFO -       📊 Validation score: 0.8669
2025-08-10 05:58:07,634 - INFO -       📈 Improvement detected: aggressive_transformation working better
2025-08-10 05:58:07,634 - INFO - 
   🔄 RL Round 7/18
2025-08-10 05:58:07,634 - INFO -       🎯 Strategy: aggressive_transformation (explore)
2025-08-10 05:58:11,534 - INFO - [TRELLIS] GPU cache cleared: {'status': 'cache_cleared', 'available_memory_gb': 20.277362688}
2025-08-10 05:58:11,534 - INFO -       🔍 Validating...
2025-08-10 05:58:11,534 - INFO -       📝 Using optimized prompt for generation: 'a slender silver robot wearing a vibrant green scarf with micro-polyester threads woven into the fabric, adorned with intricate patterns of interlocking hexagons in shades of emerald and mint, front view, accurate, complete, white background...'
2025-08-10 05:58:11,534 - INFO -       🎯 Computing scores against original prompt: 'silver robot wearing green scarf...'
2025-08-10 05:59:13,837 - INFO -       📊 Validation score: 0.7728
2025-08-10 05:59:13,838 - INFO -       📉 Score declined: Consider different approach
2025-08-10 05:59:13,838 - INFO - 
   🔄 RL Round 8/18
2025-08-10 05:59:13,838 - INFO -       🎯 Strategy: aggressive_transformation (explore)
2025-08-10 05:59:17,500 - INFO - [TRELLIS] GPU cache cleared: {'status': 'cache_cleared', 'available_memory_gb': 20.277362688}
2025-08-10 05:59:17,500 - INFO -       🔍 Validating...
2025-08-10 05:59:17,500 - INFO -       📝 Using optimized prompt for generation: 'a slender, aerodynamic silver robot wearing a vibrant green scarf with micro-polyester threads woven into the fabric and intricate patterns of interlocking hexagons on the scarf's edges, front view, accurate, complete, white background...'
2025-08-10 05:59:17,500 - INFO -       🎯 Computing scores against original prompt: 'silver robot wearing green scarf...'
2025-08-10 06:00:20,691 - INFO -       📊 Validation score: 0.9010
2025-08-10 06:00:20,692 - INFO -       📈 Improvement detected: aggressive_transformation working better
2025-08-10 06:00:20,692 - INFO - 
   🔄 RL Round 9/18
2025-08-10 06:00:20,692 - INFO -       🎯 Strategy: technical_precision (explore)
2025-08-10 06:00:28,114 - INFO - [TRELLIS] GPU cache cleared: {'status': 'cache_cleared', 'available_memory_gb': 20.277362688}
2025-08-10 06:00:28,115 - INFO -       🔍 Validating...
2025-08-10 06:00:28,115 - INFO -       📝 Using optimized prompt for generation: 'a slender silver robot wearing a vibrant green scarf with micro-polyester threads woven into the fabric and intricate patterns of interlocking hexagons, front view, accurate, complete, white background...'
2025-08-10 06:00:28,115 - INFO -       🎯 Computing scores against original prompt: 'silver robot wearing green scarf...'
2025-08-10 06:01:26,478 - INFO -       📊 Validation score: 0.5256
2025-08-10 06:01:26,479 - INFO -       📉 Score declined: Consider different approach
2025-08-10 06:01:26,479 - INFO - 
   🔄 RL Round 10/18
2025-08-10 06:01:26,479 - INFO -       🎯 Strategy: technical_precision (explore)
2025-08-10 06:01:30,474 - INFO - [TRELLIS] GPU cache cleared: {'status': 'cache_cleared', 'available_memory_gb': 20.277362688}
2025-08-10 06:01:30,475 - INFO -       🔍 Validating...
2025-08-10 06:01:30,475 - INFO -       📝 Using optimized prompt for generation: 'a sleek silver robot wearing a vibrant green scarf with micro-polyester threads woven into the fabric in a repeating pattern of hexagonal cells, each with varying shades of green and subtle sheen, and intricate patterns of interlocking triangles on the edges, front view, accurate, complete, white background...'
2025-08-10 06:01:30,475 - INFO -       🎯 Computing scores against original prompt: 'silver robot wearing green scarf...'
2025-08-10 06:02:29,416 - INFO -       📊 Validation score: 0.9078
2025-08-10 06:02:29,416 - INFO -       🎯 New best score: 0.9078
2025-08-10 06:02:29,417 - INFO -       📈 Improvement detected: technical_precision working better
2025-08-10 06:02:29,417 - INFO - 
   🔄 RL Round 11/18
2025-08-10 06:02:29,417 - INFO -       🎯 Strategy: aggressive_transformation (exploit)
2025-08-10 06:02:34,077 - INFO - [TRELLIS] GPU cache cleared: {'status': 'cache_cleared', 'available_memory_gb': 20.277362688}
2025-08-10 06:02:34,077 - INFO -       🔍 Validating...
2025-08-10 06:02:34,077 - INFO -       📝 Using optimized prompt for generation: 'a slender silver robot wearing a vibrant green scarf with micro-polyester threads woven into the fabric and intricate patterns of interlocking hexagons, front view, accurate, complete, white background...'
2025-08-10 06:02:34,078 - INFO -       🎯 Computing scores against original prompt: 'silver robot wearing green scarf...'
2025-08-10 06:03:35,913 - INFO -       📊 Validation score: 0.5570
2025-08-10 06:03:35,914 - INFO -       📉 Score declined: Consider different approach
2025-08-10 06:03:35,914 - INFO - 
   🔄 RL Round 12/18
2025-08-10 06:03:35,914 - INFO -       🎯 Strategy: aggressive_transformation (explore)
2025-08-10 06:03:39,408 - INFO - [TRELLIS] GPU cache cleared: {'status': 'cache_cleared', 'available_memory_gb': 20.277362688}
2025-08-10 06:03:39,409 - INFO -       🔍 Validating...
2025-08-10 06:03:39,409 - INFO -       📝 Using optimized prompt for generation: 'a slender silver robot wearing a vibrant, hand-woven green scarf with intricate patterns of interlocking triangles in micro-polyester threads, front view, accurate, complete, white background...'
2025-08-10 06:03:39,409 - INFO -       🎯 Computing scores against original prompt: 'silver robot wearing green scarf...'
2025-08-10 06:04:40,226 - INFO -       📊 Validation score: 0.8442
2025-08-10 06:04:40,227 - INFO -       📈 Improvement detected: aggressive_transformation working better
2025-08-10 06:04:40,227 - INFO - 
   🔄 RL Round 13/18
2025-08-10 06:04:40,227 - INFO -       🎯 Strategy: aggressive_transformation (explore)
2025-08-10 06:04:43,811 - INFO - [TRELLIS] GPU cache cleared: {'status': 'cache_cleared', 'available_memory_gb': 20.277362688}
2025-08-10 06:04:43,812 - INFO -       🔍 Validating...
2025-08-10 06:04:43,812 - INFO -       📝 Using optimized prompt for generation: 'a slender silver robot wearing a vibrant green scarf with micro-polyester threads woven into the fabric, featuring an interlocking hexagon pattern that adds a touch of modernity and sophistication, front view, accurate, complete, white background...'
2025-08-10 06:04:43,812 - INFO -       🎯 Computing scores against original prompt: 'silver robot wearing green scarf...'
2025-08-10 06:05:44,593 - INFO -       📊 Validation score: 0.8246
2025-08-10 06:05:44,594 - INFO -       📉 Score declined: Consider different approach
2025-08-10 06:05:44,594 - INFO - 
   🔄 RL Round 14/18
2025-08-10 06:05:44,594 - INFO -       🎯 Strategy: material_focus (explore)
2025-08-10 06:05:48,314 - INFO - [TRELLIS] GPU cache cleared: {'status': 'cache_cleared', 'available_memory_gb': 20.277362688}
2025-08-10 06:05:48,314 - INFO -       🔍 Validating...
2025-08-10 06:05:48,314 - INFO -       📝 Using optimized prompt for generation: 'a slender silver robot wearing a vibrant green scarf with micro-polyester threads woven into the fabric, featuring interlocking hexagons and subtle gradient effects on the hemline, front view, front view, accurate, complete, white background...'
2025-08-10 06:05:48,314 - INFO -       🎯 Computing scores against original prompt: 'silver robot wearing green scarf...'
2025-08-10 06:06:46,687 - INFO -       📊 Validation score: 0.9125
2025-08-10 06:06:46,687 - INFO -       🎯 New best score: 0.9125
2025-08-10 06:06:46,688 - INFO -       📈 Improvement detected: material_focus working better
2025-08-10 06:06:46,688 - INFO - 
   🔄 RL Round 15/18
2025-08-10 06:06:46,688 - INFO -       🎯 Strategy: material_focus (explore)
2025-08-10 06:06:49,846 - INFO - [TRELLIS] GPU cache cleared: {'status': 'cache_cleared', 'available_memory_gb': 20.277362688}
2025-08-10 06:06:49,847 - INFO -       🔍 Validating...
2025-08-10 06:06:49,847 - INFO -       📝 Using optimized prompt for generation: 'a sleek silver robot wearing a vibrant green scarf with micro-polyester threads woven into the fabric featuring intricate patterns of interlocking hexagons and subtle gradient transitions, front view, accurate, complete, white background...'
2025-08-10 06:06:49,847 - INFO -       🎯 Computing scores against original prompt: 'silver robot wearing green scarf...'
2025-08-10 06:07:48,024 - INFO -       📊 Validation score: 0.9057
2025-08-10 06:07:48,025 - INFO -       ✅ Convergence achieved: Convergence threshold met (improvement: -0.007)
2025-08-10 06:07:48,056 - INFO - 
🎯 RL LOOP COMPLETE:
2025-08-10 06:07:48,056 - INFO -    Best prompt: a slender silver robot wearing a vibrant green scarf with micro-polyester threads woven into the fabric, featuring interlocking hexagons and subtle gradient effects on the hemline, front view, front view, accurate, complete, white background
2025-08-10 06:07:48,056 - INFO -    Best score: 0.9125
2025-08-10 06:07:48,056 - INFO -    Rounds: 15
2025-08-10 06:07:48,056 - INFO -    Convergence: True
2025-08-10 06:07:48,056 - INFO -    Convergence reason: Convergence threshold met (improvement: -0.007)
2025-08-10 06:07:48,056 - INFO -    Exploration ratio: 80.0%
2025-08-10 06:07:48,056 - INFO -    Insights learned: 3
2025-08-10 06:07:48,057 - INFO -    Total time: 967.37s
2025-08-10 06:07:48,057 - INFO - Prompt optimized in 15 rounds: 0.841 → 0.912 (+0.071)
2025-08-10 06:07:48,057 - INFO - ✅ Target score achieved!
2025-08-10 06:07:48,059 - INFO - 
--- Episode 1, Prompt 10 (Total: 16) ---
2025-08-10 06:07:48,059 - INFO - Optimizing: 'warm yellow woolen scarf with fringed edges'
2025-08-10 06:07:48,059 - INFO - 🔍 Checking server availability before optimization...
2025-08-10 06:07:48,067 - INFO - ✅ Server is available (status: completed)
2025-08-10 06:07:48,067 - INFO - 📝 Marked server as used at 1754806068.067205
2025-08-10 06:07:48,067 - INFO - ✅ Server is available and marked as used
2025-08-10 06:07:50,235 - INFO - 🔄 Reproducibility optimization applied:
2025-08-10 06:07:50,235 - INFO -    Original: warm yellow woolen scarf with fringed edges
2025-08-10 06:07:50,236 - INFO -    Optimized: wbgmsst, a delicately woven, hand-tied, warm yellow woolen scarf with varying lengths that subtly sheen to capture the softest light and fringed edges, rendered in accurate front view complete white background.
2025-08-10 06:07:50,236 - INFO -    Similarity: 1.000
2025-08-10 06:07:50,236 - INFO -    Gold score: 0.8679
2025-08-10 06:07:50,236 - INFO -       🔧 Overriding endpoint: generate/baolei/
2025-08-10 06:07:50,236 - INFO -       🔧 Using endpoint: generate/baolei/
2025-08-10 06:07:50,239 - INFO - 
🔄 RL LOOP OPTIMIZATION: 'warm yellow woolen scarf with fringed edges'
2025-08-10 06:07:50,239 - INFO -    Session: rl_session_1754806070_7504
2025-08-10 06:07:50,239 - INFO -    Max rounds: 18
2025-08-10 06:07:50,239 - INFO -    Min rounds before convergence: 5
2025-08-10 06:07:50,239 - INFO -    Target score: 0.99
2025-08-10 06:07:50,240 - INFO -       🎯 Found previous best attempt: a warm golden-hued woolen scarf with delicately woven, hand-tied fringes in varying lengths that subtly sheen to capture the softest light, front view, accurate, complete, white background (score: 0.8679)
2025-08-10 06:07:50,240 - INFO -       🎯 Strategy used: aggressive_transformation
2025-08-10 06:07:50,240 - INFO -       🎯 Session ID: rl_session_1754794464_2537
2025-08-10 06:07:50,240 - INFO -       🎯 Past final best prompt: a warm golden-hued woolen scarf with delicately woven, hand-tied fringes in varying lengths that subtly sheen to capture the softest light, front view, accurate, complete, white background
2025-08-10 06:07:50,240 - INFO -       🎯 Past final best score: 0.868
2025-08-10 06:07:50,240 - INFO -       🎯 Past session ID: rl_session_1754794464_2537
2025-08-10 06:07:50,240 - INFO -       🎯 Past learned insights: Best performing strategy in session: aggressive_transformation, Explored 3 different strategies
2025-08-10 06:07:50,240 - INFO -       🎯 Past strategy performance updates: {'technical_precision': 0.13839150105794273, 'hybrid_approach': 0.06241784132825401, 'aggressive_transformation': 0.11728749519269566}
2025-08-10 06:07:50,240 - INFO -       🎯 Past final best prompt: a warm golden-hued woolen scarf with delicately woven, hand-tied fringes in varying lengths that subtly sheen to capture the softest light, front view, accurate, complete, white background
2025-08-10 06:07:50,240 - INFO -       🎯 Past final best score: 0.868
2025-08-10 06:07:50,240 - INFO - 
   🔄 RL Round 1/18
2025-08-10 06:07:50,241 - INFO -       🔍 Explore performing better - increasing epsilon to 0.80
2025-08-10 06:07:50,241 - INFO -       🎯 Strategy: artistic_elaboration (exploit)
2025-08-10 06:07:54,446 - INFO - [TRELLIS] GPU cache cleared: {'status': 'cache_cleared', 'available_memory_gb': 20.277362688}
2025-08-10 06:07:54,447 - INFO -       🔍 Validating...
2025-08-10 06:07:54,447 - INFO -       📝 Using optimized prompt for generation: 'a warm golden-hued woolen scarf with delicately woven, hand-tied fringes in varying lengths that subtly sheen to capture the softest light, front view, accurate, complete, white background...'
2025-08-10 06:07:54,447 - INFO -       🎯 Computing scores against original prompt: 'warm yellow woolen scarf with fringed edges...'
2025-08-10 06:08:55,623 - INFO -       📊 Validation score: 0.8674
2025-08-10 06:08:55,623 - INFO - 
   🔄 RL Round 2/18
2025-08-10 06:08:55,623 - INFO -       🔍 Explore performing better - increasing epsilon to 0.80
2025-08-10 06:08:55,624 - INFO -       🎯 Strategy: material_focus (explore)
2025-08-10 06:09:00,126 - INFO - [TRELLIS] GPU cache cleared: {'status': 'cache_cleared', 'available_memory_gb': 20.277362688}
2025-08-10 06:09:00,127 - INFO -       🔍 Validating...
2025-08-10 06:09:00,127 - INFO -       📝 Using optimized prompt for generation: 'a warm, richly-colored woolen scarf with intricately woven, hand-knotted fringes in varying lengths that softly catch the light and enhance the subtle texture of the fabric, front view, front view, accurate, complete, white background...'
2025-08-10 06:09:00,127 - INFO -       🎯 Computing scores against original prompt: 'warm yellow woolen scarf with fringed edges...'
2025-08-10 06:09:58,687 - WARNING -    🔧 Score 0.0 - clearing CUDA cache
2025-08-10 06:09:58,688 - INFO -       📊 Validation score: 0.0000
2025-08-10 06:09:58,688 - INFO - 
   🔄 RL Round 3/18
2025-08-10 06:09:58,689 - INFO -       🔍 Explore performing better - increasing epsilon to 0.80
2025-08-10 06:09:58,689 - INFO -       🎯 Strategy: artistic_elaboration (exploit)
2025-08-10 06:10:01,855 - INFO - [TRELLIS] GPU cache cleared: {'status': 'cache_cleared', 'available_memory_gb': 20.277362688}
2025-08-10 06:10:01,856 - INFO -       🔍 Validating...
2025-08-10 06:10:01,856 - INFO -       📝 Using optimized prompt for generation: 'a warm golden-hued woolen scarf with intricately woven, hand-tied fringes in varying lengths that subtly sheen under soft, diffused light, side view, accurate, complete, white background, front view, accurate, complete, white background...'
2025-08-10 06:10:01,856 - INFO -       🎯 Computing scores against original prompt: 'warm yellow woolen scarf with fringed edges...'
2025-08-10 06:11:01,797 - INFO -       📊 Validation score: 0.8425
2025-08-10 06:11:01,798 - INFO - 
   🔄 RL Round 4/18
2025-08-10 06:11:01,798 - INFO -       🔍 Explore performing better - increasing epsilon to 0.80
2025-08-10 06:11:01,798 - INFO -       🎯 Strategy: material_focus (explore)
2025-08-10 06:11:05,926 - INFO - [TRELLIS] GPU cache cleared: {'status': 'cache_cleared', 'available_memory_gb': 20.277362688}
2025-08-10 06:11:05,927 - INFO -       🔍 Validating...
2025-08-10 06:11:05,927 - INFO -       📝 Using optimized prompt for generation: 'a warm golden-hued woolen scarf with intricately woven, hand-tied fringes in varying lengths that subtly sheen to capture the softest light, with delicate fibers visible under close inspection, front view, accurate, complete, white background...'
2025-08-10 06:11:05,927 - INFO -       🎯 Computing scores against original prompt: 'warm yellow woolen scarf with fringed edges...'
2025-08-10 06:12:08,882 - INFO -       📊 Validation score: 0.7777
2025-08-10 06:12:08,883 - INFO -       📉 Score declined: Consider different approach
2025-08-10 06:12:08,883 - INFO - 
   🔄 RL Round 5/18
2025-08-10 06:12:08,884 - INFO -       🔍 Explore performing better - increasing epsilon to 0.80
2025-08-10 06:12:08,884 - INFO -       🎯 Strategy: aggressive_transformation (exploit)
2025-08-10 06:12:12,820 - INFO - [TRELLIS] GPU cache cleared: {'status': 'cache_cleared', 'available_memory_gb': 20.277362688}
2025-08-10 06:12:12,820 - INFO -       🔍 Validating...
2025-08-10 06:12:12,820 - INFO -       📝 Using optimized prompt for generation: 'a warm golden-hued woolen scarf with intricately woven, hand-tied fringes in varying lengths that gradate to a subtle sheen, front view, accurate, complete, white background...'
2025-08-10 06:12:12,820 - INFO -       🎯 Computing scores against original prompt: 'warm yellow woolen scarf with fringed edges...'
2025-08-10 06:13:16,018 - INFO -       📊 Validation score: 0.8212
2025-08-10 06:13:16,019 - INFO -       📈 Improvement detected: aggressive_transformation working better
2025-08-10 06:13:16,019 - INFO - 
   🔄 RL Round 6/18
2025-08-10 06:13:16,019 - INFO -       🔍 Explore performing better - increasing epsilon to 0.80
2025-08-10 06:13:16,019 - INFO -       🎯 Strategy: material_focus (explore)
2025-08-10 06:13:19,770 - INFO - [TRELLIS] GPU cache cleared: {'status': 'cache_cleared', 'available_memory_gb': 20.277362688}
2025-08-10 06:13:19,770 - INFO -       🔍 Validating...
2025-08-10 06:13:19,771 - INFO -       📝 Using optimized prompt for generation: 'a warm golden-hued woolen scarf with intricately woven, hand-tied fringes in varying lengths that subtly sheen to capture the softest light, front view, accurate, complete, white background...'
2025-08-10 06:13:19,771 - INFO -       🎯 Computing scores against original prompt: 'warm yellow woolen scarf with fringed edges...'
2025-08-10 06:14:21,485 - WARNING -    🔧 Score 0.0 - clearing CUDA cache
2025-08-10 06:14:21,485 - INFO -       📊 Validation score: 0.0000
2025-08-10 06:14:21,486 - INFO - 
   🔄 RL Round 7/18
2025-08-10 06:14:21,486 - INFO -       🔍 Explore performing better - increasing epsilon to 0.80
2025-08-10 06:14:21,486 - INFO -       🎯 Strategy: aggressive_transformation (explore)
2025-08-10 06:14:25,533 - INFO - [TRELLIS] GPU cache cleared: {'status': 'cache_cleared', 'available_memory_gb': 20.277362688}
2025-08-10 06:14:25,534 - INFO -       🔍 Validating...
2025-08-10 06:14:25,534 - INFO -       📝 Using optimized prompt for generation: 'a warm golden-hued woolen scarf with intricately woven, hand-tied fringes in varying lengths that subtly sheen to capture the softest light, with subtle texture variations and a delicate fringe attachment at the collar, suitable for casual wear or layered under coats, front view, accurate, complete, white background...'
2025-08-10 06:14:25,534 - INFO -       🎯 Computing scores against original prompt: 'warm yellow woolen scarf with fringed edges...'
2025-08-10 06:15:25,264 - INFO -       📊 Validation score: 0.5401
2025-08-10 06:15:25,265 - INFO - 
   🔄 RL Round 8/18
2025-08-10 06:15:25,265 - INFO -       🎯 Strategy: artistic_elaboration (exploit)
2025-08-10 06:15:29,227 - INFO - [TRELLIS] GPU cache cleared: {'status': 'cache_cleared', 'available_memory_gb': 20.277362688}
2025-08-10 06:15:29,227 - INFO -       🔍 Validating...
2025-08-10 06:15:29,227 - INFO -       📝 Using optimized prompt for generation: 'a warm golden-hued woolen scarf with intricately woven, hand-knotted fringes in varying lengths that softly catch and diffuse the light, front view, accurate, complete, white background...'
2025-08-10 06:15:29,227 - INFO -       🎯 Computing scores against original prompt: 'warm yellow woolen scarf with fringed edges...'
2025-08-10 06:16:43,427 - INFO -       📊 Validation score: 0.7281
2025-08-10 06:16:43,428 - INFO -       📈 Improvement detected: artistic_elaboration working better
2025-08-10 06:16:43,428 - INFO - 
   🔄 RL Round 9/18
2025-08-10 06:16:43,428 - INFO -       🎯 Strategy: aggressive_transformation (explore)
2025-08-10 06:16:47,086 - INFO - [TRELLIS] GPU cache cleared: {'status': 'cache_cleared', 'available_memory_gb': 20.277362688}
2025-08-10 06:16:47,086 - INFO -       🔍 Validating...
2025-08-10 06:16:47,086 - INFO -       📝 Using optimized prompt for generation: 'a warm golden-hued woolen scarf with intricately woven, hand-knotted fringes in varying lengths that catch the softest light and subtly shimmer, front view, accurate, complete, white background...'
2025-08-10 06:16:47,086 - INFO -       🎯 Computing scores against original prompt: 'warm yellow woolen scarf with fringed edges...'
2025-08-10 06:17:48,228 - INFO -       📊 Validation score: 0.7646
2025-08-10 06:17:48,228 - INFO -       📈 Improvement detected: aggressive_transformation working better
2025-08-10 06:17:48,228 - INFO - 
   🔄 RL Round 10/18
2025-08-10 06:17:48,228 - INFO -       🎯 Strategy: artistic_elaboration (explore)
2025-08-10 06:17:51,471 - INFO - [TRELLIS] GPU cache cleared: {'status': 'cache_cleared', 'available_memory_gb': 20.277362688}
2025-08-10 06:17:51,471 - INFO -       🔍 Validating...
2025-08-10 06:17:51,472 - INFO -       📝 Using optimized prompt for generation: 'a warm golden-hued woolen scarf with intricately woven, hand-knotted fringes in varying lengths that subtly sheen to capture the softest light, front view, accurate, complete, white background...'
2025-08-10 06:17:51,472 - INFO -       🎯 Computing scores against original prompt: 'warm yellow woolen scarf with fringed edges...'
2025-08-10 06:18:53,916 - INFO -       📊 Validation score: 0.8503
2025-08-10 06:18:53,917 - INFO -       📈 Improvement detected: artistic_elaboration working better
2025-08-10 06:18:53,917 - INFO - 
   🔄 RL Round 11/18
2025-08-10 06:18:53,917 - INFO -       🎯 Strategy: aggressive_transformation (explore)
2025-08-10 06:18:58,922 - INFO - [TRELLIS] GPU cache cleared: {'status': 'cache_cleared', 'available_memory_gb': 20.277362688}
2025-08-10 06:18:58,923 - INFO -       🔍 Validating...
2025-08-10 06:18:58,923 - INFO -       📝 Using optimized prompt for generation: 'a warm golden-hued woolen scarf with intricately woven fringes in varying lengths from delicate threads to robust strands, subtly sheening as light dances across its surface, front view, accurate, complete, white background...'
2025-08-10 06:18:58,924 - INFO -       🎯 Computing scores against original prompt: 'warm yellow woolen scarf with fringed edges...'
2025-08-10 06:20:19,339 - WARNING -    🔧 Score 0.0 - clearing CUDA cache
2025-08-10 06:20:19,340 - INFO -       📊 Validation score: 0.0000
2025-08-10 06:20:19,341 - INFO - 
   🔄 RL Round 12/18
2025-08-10 06:20:19,341 - INFO -       🎯 Strategy: aggressive_transformation (explore)
2025-08-10 06:20:30,483 - INFO - [TRELLIS] GPU cache cleared: {'status': 'cache_cleared', 'available_memory_gb': 20.277362688}
2025-08-10 06:20:30,484 - INFO -       🔍 Validating...
2025-08-10 06:20:30,484 - INFO -       📝 Using optimized prompt for generation: 'a warm golden-hued woolen scarf with intricately woven, hand-tied fringes in varying lengths that subtly catch the light, textured weave visible, precise measurements, complete, front view, accurate, complete, white background...'
2025-08-10 06:20:30,484 - INFO -       🎯 Computing scores against original prompt: 'warm yellow woolen scarf with fringed edges...'
2025-08-10 06:21:35,779 - INFO -       📊 Validation score: 0.8034
2025-08-10 06:21:35,779 - INFO - 
   🔄 RL Round 13/18
2025-08-10 06:21:35,780 - INFO -       🎯 Strategy: conservative_enhancement (explore)
2025-08-10 06:21:39,428 - INFO - [TRELLIS] GPU cache cleared: {'status': 'cache_cleared', 'available_memory_gb': 20.277362688}
2025-08-10 06:21:39,428 - INFO -       🔍 Validating...
2025-08-10 06:21:39,429 - INFO -       📝 Using optimized prompt for generation: 'a warm golden-hued woolen scarf with intricately woven, hand-knotted fringes in varying lengths that showcase subtle texture and iridescence to capture the softest light, front view, accurate, complete, white background...'
2025-08-10 06:21:39,429 - INFO -       🎯 Computing scores against original prompt: 'warm yellow woolen scarf with fringed edges...'
2025-08-10 06:22:50,974 - INFO -       📊 Validation score: 0.7814
2025-08-10 06:22:50,975 - INFO -       📉 Score declined: Consider different approach
2025-08-10 06:22:50,975 - INFO - 
   🔄 RL Round 14/18
2025-08-10 06:22:50,975 - INFO -       🎯 Strategy: conservative_enhancement (explore)
2025-08-10 06:22:54,910 - INFO - [TRELLIS] GPU cache cleared: {'status': 'cache_cleared', 'available_memory_gb': 20.277362688}
2025-08-10 06:22:54,910 - INFO -       🔍 Validating...
2025-08-10 06:22:54,911 - INFO -       📝 Using optimized prompt for generation: 'a warm golden-hued woolen scarf with delicately woven, hand-tied fringes in varying lengths that subtly sheen to capture the softest light, front view, accurate, complete, white background...'
2025-08-10 06:22:54,911 - INFO -       🎯 Computing scores against original prompt: 'warm yellow woolen scarf with fringed edges...'
2025-08-10 06:24:00,732 - INFO -       📊 Validation score: 0.8676
2025-08-10 06:24:00,733 - INFO -       📈 Improvement detected: conservative_enhancement working better
2025-08-10 06:24:00,734 - INFO - 
   🔄 RL Round 15/18
2025-08-10 06:24:00,734 - INFO -       🔍 Explore performing better - increasing epsilon to 0.80
2025-08-10 06:24:00,734 - INFO -       🎯 Strategy: conservative_enhancement (explore)
2025-08-10 06:24:04,471 - INFO - [TRELLIS] GPU cache cleared: {'status': 'cache_cleared', 'available_memory_gb': 20.277362688}
2025-08-10 06:24:04,471 - INFO -       🔍 Validating...
2025-08-10 06:24:04,472 - INFO -       📝 Using optimized prompt for generation: 'a warm golden-hued woolen scarf with intricately woven fringes that possess a soft-touch texture, subtly shifting from velvety to chunky in varying lengths, accented with delicate wooden buttons and an understated sheen...'
2025-08-10 06:24:04,472 - INFO -       🎯 Computing scores against original prompt: 'warm yellow woolen scarf with fringed edges...'
2025-08-10 06:25:08,838 - INFO -       📊 Validation score: 0.8099
2025-08-10 06:25:08,839 - INFO -       📉 Score declined: Consider different approach
2025-08-10 06:25:08,839 - INFO - 
   🔄 RL Round 16/18
2025-08-10 06:25:08,839 - INFO -       🔍 Explore performing better - increasing epsilon to 0.80
2025-08-10 06:25:08,839 - INFO -       🎯 Strategy: hybrid_approach (explore)
2025-08-10 06:25:14,089 - INFO - [TRELLIS] GPU cache cleared: {'status': 'cache_cleared', 'available_memory_gb': 20.277362688}
2025-08-10 06:25:14,089 - INFO -       🔍 Validating...
2025-08-10 06:25:14,090 - INFO -       📝 Using optimized prompt for generation: 'a warm golden-hued woolen scarf with intricately woven fringes in varying lengths that possess an understated elegance and soft sheen to capture the gentlest light, front view, accurate, complete, white background...'
2025-08-10 06:25:14,091 - INFO -       🎯 Computing scores against original prompt: 'warm yellow woolen scarf with fringed edges...'
2025-08-10 06:26:21,156 - INFO -       📊 Validation score: 0.8586
2025-08-10 06:26:21,156 - INFO -       📈 Improvement detected: hybrid_approach working better
2025-08-10 06:26:21,156 - INFO - 
   🔄 RL Round 17/18
2025-08-10 06:26:21,157 - INFO -       🔍 Explore performing better - increasing epsilon to 0.80
2025-08-10 06:26:21,157 - INFO -       🎯 Strategy: hybrid_approach (explore)
2025-08-10 06:26:24,619 - INFO - [TRELLIS] GPU cache cleared: {'status': 'cache_cleared', 'available_memory_gb': 20.277362688}
2025-08-10 06:26:24,619 - INFO -       🔍 Validating...
2025-08-10 06:26:24,619 - INFO -       📝 Using optimized prompt for generation: 'a warm golden-hued woolen scarf with intricately woven fringes in varying lengths that possess an subtle sheen, soft texture, and a delicate fade from light to dark, front view, front view, accurate, complete, white background...'
2025-08-10 06:26:24,620 - INFO -       🎯 Computing scores against original prompt: 'warm yellow woolen scarf with fringed edges...'
2025-08-10 06:27:24,159 - INFO -       📊 Validation score: 0.8213
2025-08-10 06:27:24,160 - INFO -       📉 Score declined: Consider different approach
2025-08-10 06:27:24,160 - INFO - 
   🔄 RL Round 18/18
2025-08-10 06:27:24,160 - INFO -       🔍 Explore performing better - increasing epsilon to 0.80
2025-08-10 06:27:24,160 - INFO -       🎯 Strategy: artistic_elaboration (exploit)
2025-08-10 06:27:27,376 - INFO - [TRELLIS] GPU cache cleared: {'status': 'cache_cleared', 'available_memory_gb': 20.277362688}
2025-08-10 06:27:27,380 - INFO -       🔍 Validating...
2025-08-10 06:27:27,382 - INFO -       📝 Using optimized prompt for generation: 'a warm golden-hued woolen scarf with intricately woven fringes that possess an subtle sheen to capture the softest light, front view, accurate, complete, white background...'
2025-08-10 06:27:27,383 - INFO -       🎯 Computing scores against original prompt: 'warm yellow woolen scarf with fringed edges...'
2025-08-10 06:28:30,448 - INFO -       📊 Validation score: 0.8401
2025-08-10 06:28:30,490 - INFO - 
🎯 RL LOOP COMPLETE:
2025-08-10 06:28:30,490 - INFO -    Best prompt: a warm golden-hued woolen scarf with delicately woven, hand-tied fringes in varying lengths that subtly sheen to capture the softest light, front view, accurate, complete, white background
2025-08-10 06:28:30,491 - INFO -    Best score: 0.8679
2025-08-10 06:28:30,491 - INFO -    Rounds: 18
2025-08-10 06:28:30,491 - INFO -    Convergence: False
2025-08-10 06:28:30,491 - INFO -    Convergence reason: Not converged
2025-08-10 06:28:30,491 - INFO -    Exploration ratio: 72.2%
2025-08-10 06:28:30,491 - INFO -    Insights learned: 2
2025-08-10 06:28:30,491 - INFO -    Total time: 1240.21s
2025-08-10 06:28:30,491 - INFO - Prompt optimized in 18 rounds: 0.867 → 0.868 (+0.001)
2025-08-10 06:28:30,492 - INFO - ⏰ Max rounds reached
2025-08-10 06:28:30,494 - INFO - 
--- Episode 1, Prompt 11 (Total: 16) ---
2025-08-10 06:28:30,494 - INFO - Optimizing: 'ruby bracelet adorned with faceted stones'
2025-08-10 06:28:30,494 - INFO - 🔍 Checking server availability before optimization...
2025-08-10 06:28:30,503 - INFO - ✅ Server is available (status: completed)
2025-08-10 06:28:30,503 - INFO - 📝 Marked server as used at 1754807310.5035024
2025-08-10 06:28:30,503 - INFO - ✅ Server is available and marked as used
2025-08-10 06:28:32,271 - INFO - 🔄 Reproducibility optimization applied:
2025-08-10 06:28:32,272 - INFO -    Original: ruby bracelet adorned with faceted stones
2025-08-10 06:28:32,272 - INFO -    Optimized: wbgmsst, an antique-inspired ruby bracelet adorned with slender expertly faceted stones featuring subtle luster in the center of each stone, ruby, white background.
2025-08-10 06:28:32,272 - INFO -    Similarity: 1.000
2025-08-10 06:28:32,272 - INFO -    Gold score: 0.9204
2025-08-10 06:28:32,272 - INFO -       🔧 Overriding endpoint: generate/baolei/
2025-08-10 06:28:32,272 - INFO -       🔧 Using endpoint: generate/baolei/
2025-08-10 06:28:32,276 - INFO - 
🔄 RL LOOP OPTIMIZATION: 'ruby bracelet adorned with faceted stones'
2025-08-10 06:28:32,276 - INFO -    Session: rl_session_1754807312_9184
2025-08-10 06:28:32,276 - INFO -    Max rounds: 18
2025-08-10 06:28:32,276 - INFO -    Min rounds before convergence: 5
2025-08-10 06:28:32,276 - INFO -    Target score: 0.99
2025-08-10 06:28:32,277 - INFO -       🎯 Found previous best attempt: a slender, antique-inspired ruby bracelet adorned with expertly faceted stones that refract light and exhibit subtle luster in the center of each stone (score: 0.9204)
2025-08-10 06:28:32,277 - INFO -       🎯 Strategy used: artistic_elaboration
2025-08-10 06:28:32,277 - INFO -       🎯 Session ID: rl_session_1754794869_4494
2025-08-10 06:28:32,277 - INFO -       🎯 Past final best prompt: a slender, antique-inspired ruby bracelet adorned with expertly faceted stones that refract light and exhibit subtle luster in the center of each stone
2025-08-10 06:28:32,277 - INFO -       🎯 Past final best score: 0.920
2025-08-10 06:28:32,277 - INFO -       🎯 Past session ID: rl_session_1754794869_4494
2025-08-10 06:28:32,277 - INFO -       🎯 Past learned insights: Best performing strategy in session: artistic_elaboration, Explored 3 different strategies
2025-08-10 06:28:32,277 - INFO -       🎯 Past strategy performance updates: {'hybrid_approach': 0.04054656195517892, 'aggressive_transformation': 0.026361162078735845, 'artistic_elaboration': 0.059245038920863746}
2025-08-10 06:28:32,278 - INFO -       🎯 Past final best prompt: a slender, antique-inspired ruby bracelet adorned with expertly faceted stones that refract light and exhibit subtle luster in the center of each stone
2025-08-10 06:28:32,278 - INFO -       🎯 Past final best score: 0.920
2025-08-10 06:28:32,278 - INFO - 
   🔄 RL Round 1/18
2025-08-10 06:28:32,278 - INFO -       🎯 Strategy: artistic_elaboration (exploit)
2025-08-10 06:28:36,990 - INFO - [TRELLIS] GPU cache cleared: {'status': 'cache_cleared', 'available_memory_gb': 20.277362688}
2025-08-10 06:28:36,991 - INFO -       🔍 Validating...
2025-08-10 06:28:36,991 - INFO -       📝 Using optimized prompt for generation: 'a delicate, antique-inspired ruby bracelet adorned with expertly faceted stones that refract light and exhibit subtle luster in the center of each stone, front view, accurate, complete, white background...'
2025-08-10 06:28:36,991 - INFO -       🎯 Computing scores against original prompt: 'ruby bracelet adorned with faceted stones...'
2025-08-10 06:29:36,617 - INFO -       📊 Validation score: 0.8585
2025-08-10 06:29:36,618 - INFO - 
   🔄 RL Round 2/18
2025-08-10 06:29:36,618 - INFO -       🎯 Strategy: hybrid_approach (explore)
2025-08-10 06:29:41,351 - INFO - [TRELLIS] GPU cache cleared: {'status': 'cache_cleared', 'available_memory_gb': 20.277362688}
2025-08-10 06:29:41,352 - INFO -       🔍 Validating...
2025-08-10 06:29:41,352 - INFO -       📝 Using optimized prompt for generation: 'a slender, antique-inspired ruby bracelet adorned with expertly faceted stones that refract light and exhibit subtle luster in the center of each stone, its delicate chain subtly patterned with a vintage floral motif...'
2025-08-10 06:29:41,352 - INFO -       🎯 Computing scores against original prompt: 'ruby bracelet adorned with faceted stones...'
2025-08-10 06:30:42,703 - INFO -       📊 Validation score: 0.8813
2025-08-10 06:30:42,704 - INFO -       📈 Improvement detected: hybrid_approach working better
2025-08-10 06:30:42,704 - INFO - 
   🔄 RL Round 3/18
2025-08-10 06:30:42,704 - INFO -       🎯 Strategy: conservative_enhancement (explore)
2025-08-10 06:30:46,967 - INFO - [TRELLIS] GPU cache cleared: {'status': 'cache_cleared', 'available_memory_gb': 20.277362688}
2025-08-10 06:30:46,967 - INFO -       🔍 Validating...
2025-08-10 06:30:46,968 - INFO -       📝 Using optimized prompt for generation: 'a slender, antique-inspired ruby bracelet adorned with expertly faceted stones that refract light and exhibit subtle luster in the center of each stone, front view, accurate, complete, white background...'
2025-08-10 06:30:46,968 - INFO -       🎯 Computing scores against original prompt: 'ruby bracelet adorned with faceted stones...'
2025-08-10 06:31:46,407 - INFO -       📊 Validation score: 0.8511
2025-08-10 06:31:46,407 - INFO -       📉 Score declined: Consider different approach
2025-08-10 06:31:46,408 - INFO - 
   🔄 RL Round 4/18
2025-08-10 06:31:46,408 - INFO -       🎯 Strategy: artistic_elaboration (exploit)
2025-08-10 06:31:49,920 - INFO - [TRELLIS] GPU cache cleared: {'status': 'cache_cleared', 'available_memory_gb': 20.277362688}
2025-08-10 06:31:49,921 - INFO -       🔍 Validating...
2025-08-10 06:31:49,921 - INFO -       📝 Using optimized prompt for generation: 'a slender, antique-inspired ruby bracelet adorned with expertly faceted stones that refract light and exhibit a hint of warm luster in their centers...'
2025-08-10 06:31:49,921 - INFO -       🎯 Computing scores against original prompt: 'ruby bracelet adorned with faceted stones...'
2025-08-10 06:33:09,077 - INFO -       📊 Validation score: 0.8497
2025-08-10 06:33:09,079 - INFO -       📉 Score declined: Consider different approach
2025-08-10 06:33:09,079 - INFO - 
   🔄 RL Round 5/18
2025-08-10 06:33:09,079 - INFO -       🎯 Strategy: artistic_elaboration (exploit)
2025-08-10 06:33:12,562 - INFO - [TRELLIS] GPU cache cleared: {'status': 'cache_cleared', 'available_memory_gb': 20.277362688}
2025-08-10 06:33:12,563 - INFO -       🔍 Validating...
2025-08-10 06:33:12,563 - INFO -       📝 Using optimized prompt for generation: 'a slender, antique-inspired ruby bracelet adorned with expertly faceted stones that refract light and exhibit subtle luster in the center of each stone, casting a warm glow on the surrounding surface, front view, accurate, complete, white background...'
2025-08-10 06:33:12,563 - INFO -       🎯 Computing scores against original prompt: 'ruby bracelet adorned with faceted stones...'
2025-08-10 06:34:18,262 - INFO -       📊 Validation score: 0.8280
2025-08-10 06:34:18,263 - INFO -       📉 Score declined: Consider different approach
2025-08-10 06:34:18,263 - INFO - 
   🔄 RL Round 6/18
2025-08-10 06:34:18,263 - INFO -       🎯 Strategy: conservative_enhancement (explore)
2025-08-10 06:34:22,449 - INFO - [TRELLIS] GPU cache cleared: {'status': 'cache_cleared', 'available_memory_gb': 20.277362688}
2025-08-10 06:34:22,449 - INFO -       🔍 Validating...
2025-08-10 06:34:22,449 - INFO -       📝 Using optimized prompt for generation: 'a slender, antique-inspired ruby bracelet adorned with expertly faceted stones that refract light and exhibit a subtle warm glow within each stone, front view, accurate, complete, white background...'
2025-08-10 06:34:22,449 - INFO -       🎯 Computing scores against original prompt: 'ruby bracelet adorned with faceted stones...'
2025-08-10 06:35:21,574 - INFO -       📊 Validation score: 0.8211
2025-08-10 06:35:21,575 - INFO -       ✅ Convergence achieved: Convergence threshold met (improvement: -0.007)
2025-08-10 06:35:21,608 - INFO - 
🎯 RL LOOP COMPLETE:
2025-08-10 06:35:21,608 - INFO -    Best prompt: a slender, antique-inspired ruby bracelet adorned with expertly faceted stones that refract light and exhibit subtle luster in the center of each stone
2025-08-10 06:35:21,608 - INFO -    Best score: 0.9204
2025-08-10 06:35:21,609 - INFO -    Rounds: 6
2025-08-10 06:35:21,609 - INFO -    Convergence: True
2025-08-10 06:35:21,609 - INFO -    Convergence reason: Convergence threshold met (improvement: -0.007)
2025-08-10 06:35:21,609 - INFO -    Exploration ratio: 50.0%
2025-08-10 06:35:21,609 - INFO -    Insights learned: 2
2025-08-10 06:35:21,609 - INFO -    Total time: 409.30s
2025-08-10 06:35:21,609 - INFO - Prompt optimized in 6 rounds: 0.859 → 0.920 (+0.062)
2025-08-10 06:35:21,609 - INFO - ✅ Target score achieved!
2025-08-10 06:35:21,612 - INFO - 
--- Episode 1, Prompt 12 (Total: 16) ---
2025-08-10 06:35:21,612 - INFO - Optimizing: 'purple suv high roof off-road tires'
2025-08-10 06:35:21,612 - INFO - 🔍 Checking server availability before optimization...
2025-08-10 06:35:21,619 - INFO - ✅ Server is available (status: completed)
2025-08-10 06:35:21,619 - INFO - 📝 Marked server as used at 1754807721.6199355
2025-08-10 06:35:21,620 - INFO - ✅ Server is available and marked as used
2025-08-10 06:35:23,487 - INFO - 🔄 Reproducibility optimization applied:
2025-08-10 06:35:23,487 - INFO -    Original: purple suv high roof off-road tires
2025-08-10 06:35:23,487 - INFO -    Optimized: wbgmsst, get an accurate and complete 3D model of a sleek purple SUV with aggressive off-road tires and durable construction, featuring a high roof, rendered in white on a white background.
2025-08-10 06:35:23,487 - INFO -    Similarity: 1.000
2025-08-10 06:35:23,487 - INFO -    Gold score: 0.8987
2025-08-10 06:35:23,487 - INFO -       🔧 Overriding endpoint: generate/baolei/
2025-08-10 06:35:23,487 - INFO -       🔧 Using endpoint: generate/baolei/
2025-08-10 06:35:23,490 - INFO - 
🔄 RL LOOP OPTIMIZATION: 'purple suv high roof off-road tires'
2025-08-10 06:35:23,490 - INFO -    Session: rl_session_1754807723_3612
2025-08-10 06:35:23,490 - INFO -    Max rounds: 18
2025-08-10 06:35:23,491 - INFO -    Min rounds before convergence: 5
2025-08-10 06:35:23,491 - INFO -    Target score: 0.99
2025-08-10 06:35:23,491 - INFO -       🎯 Found previous best attempt: a sleek purple SUV with a high roof and aggressive off-road tires featuring advanced traction control systems and durable construction, front view, accurate, complete, white background (score: 0.8989)
2025-08-10 06:35:23,491 - INFO -       🎯 Strategy used: conservative_enhancement
2025-08-10 06:35:23,491 - INFO -       🎯 Session ID: rl_session_1754790744_4351
2025-08-10 06:35:23,491 - INFO -       🎯 Past final best prompt: a sleek purple SUV with a high roof and aggressive off-road tires featuring advanced traction control systems and durable construction, front view, accurate, complete, white background
2025-08-10 06:35:23,491 - INFO -       🎯 Past final best score: 0.899
2025-08-10 06:35:23,491 - INFO -       🎯 Past session ID: rl_session_1754790744_4351
2025-08-10 06:35:23,491 - INFO -       🎯 Past learned insights: Iterative improvement successful: 0.695 → 0.890, Best performing strategy in session: conservative_enhancement, Explored 3 different strategies
2025-08-10 06:35:23,491 - INFO -       🎯 Past strategy performance updates: {'conservative_enhancement': -0.01900853763163768, 'aggressive_transformation': -0.036978218904678894, 'technical_precision': 0.21797785627933441}
2025-08-10 06:35:23,491 - INFO -       🎯 Past final best prompt: a sleek purple SUV with a high roof and aggressive off-road tires featuring advanced traction control systems and durable construction, front view, accurate, complete, white background
2025-08-10 06:35:23,492 - INFO -       🎯 Past final best score: 0.899
2025-08-10 06:35:23,492 - INFO - 
   🔄 RL Round 1/18
2025-08-10 06:35:23,492 - INFO -       🎯 Strategy: artistic_elaboration (explore)
2025-08-10 06:35:26,714 - INFO - [TRELLIS] GPU cache cleared: {'status': 'cache_cleared', 'available_memory_gb': 20.277362688}
2025-08-10 06:35:26,714 - INFO -       🔍 Validating...
2025-08-10 06:35:26,714 - INFO -       📝 Using optimized prompt for generation: 'a luxurious purple SUV with a sleek, aerodynamic high roof and advanced off-road tires featuring cutting-edge traction control systems and durable construction, side view, accurate, complete, white background...'
2025-08-10 06:35:26,714 - INFO -       🎯 Computing scores against original prompt: 'purple suv high roof off-road tires...'
2025-08-10 06:36:28,547 - INFO -       📊 Validation score: 0.9017
2025-08-10 06:36:28,548 - INFO -       🎯 New best score: 0.9017
2025-08-10 06:36:28,548 - INFO - 
   🔄 RL Round 2/18
2025-08-10 06:36:28,548 - INFO -       🎯 Strategy: material_focus (explore)
2025-08-10 06:36:31,949 - INFO - [TRELLIS] GPU cache cleared: {'status': 'cache_cleared', 'available_memory_gb': 20.277362688}
2025-08-10 06:36:31,950 - INFO -       🔍 Validating...
2025-08-10 06:36:31,950 - INFO -       📝 Using optimized prompt for generation: 'a luxurious purple SUV with a high roof and advanced off-road tires featuring premium traction control systems, durable construction, and a sporty front view, accurate, complete, white background...'
2025-08-10 06:36:31,950 - INFO -       🎯 Computing scores against original prompt: 'purple suv high roof off-road tires...'
2025-08-10 06:37:35,904 - INFO -       📊 Validation score: 0.8489
2025-08-10 06:37:35,904 - INFO -       📉 Score declined: Consider different approach
2025-08-10 06:37:35,905 - INFO - 
   🔄 RL Round 3/18
2025-08-10 06:37:35,905 - INFO -       🎯 Strategy: hybrid_approach (explore)
2025-08-10 06:37:39,863 - INFO - [TRELLIS] GPU cache cleared: {'status': 'cache_cleared', 'available_memory_gb': 20.277362688}
2025-08-10 06:37:39,864 - INFO -       🔍 Validating...
2025-08-10 06:37:39,864 - INFO -       📝 Using optimized prompt for generation: 'a high-performance purple SUV with a sleek, aerodynamic high roof and aggressive off-road tires featuring advanced traction control systems, durable construction, and precision engineering details, front view, accurate, complete, white background...'
2025-08-10 06:37:39,864 - INFO -       🎯 Computing scores against original prompt: 'purple suv high roof off-road tires...'
2025-08-10 06:38:41,041 - INFO -       📊 Validation score: 0.6158
2025-08-10 06:38:41,042 - INFO -       📉 Score declined: Consider different approach
2025-08-10 06:38:41,042 - INFO - 
   🔄 RL Round 4/18
2025-08-10 06:38:41,042 - INFO -       🎯 Strategy: hybrid_approach (explore)
2025-08-10 06:38:45,061 - INFO - [TRELLIS] GPU cache cleared: {'status': 'cache_cleared', 'available_memory_gb': 20.277362688}
2025-08-10 06:38:45,062 - INFO -       🔍 Validating...
2025-08-10 06:38:45,062 - INFO -       📝 Using optimized prompt for generation: 'a luxurious purple SUV with an aggressive off-road capability and advanced traction control system featuring durable construction and sleek design...'
2025-08-10 06:38:45,063 - INFO -       🎯 Computing scores against original prompt: 'purple suv high roof off-road tires...'
2025-08-10 06:39:51,185 - INFO -       📊 Validation score: 0.8177
2025-08-10 06:39:51,186 - INFO -       📈 Improvement detected: hybrid_approach working better
2025-08-10 06:39:51,186 - INFO - 
   🔄 RL Round 5/18
2025-08-10 06:39:51,186 - INFO -       🎯 Strategy: hybrid_approach (explore)
2025-08-10 06:40:05,267 - WARNING - [TRELLIS] Exception clearing GPU cache: HTTPConnectionPool(host='localhost', port=8096): Read timed out. (read timeout=10)
2025-08-10 06:40:05,268 - INFO -       🔍 Validating...
2025-08-10 06:40:05,268 - INFO -       📝 Using optimized prompt for generation: 'a refined purple SUV with a high roof and aggressive off-road tires featuring advanced traction control systems and durable construction, side view, accurate, complete, neutral background, front view, accurate, complete, white background...'
2025-08-10 06:40:05,268 - INFO -       🎯 Computing scores against original prompt: 'purple suv high roof off-road tires...'
2025-08-10 06:41:10,830 - INFO -       📊 Validation score: 0.7376
2025-08-10 06:41:10,831 - INFO -       📉 Score declined: Consider different approach
2025-08-10 06:41:10,831 - INFO - 
   🔄 RL Round 6/18
2025-08-10 06:41:10,831 - INFO -       🎯 Strategy: material_focus (explore)
2025-08-10 06:41:14,434 - INFO - [TRELLIS] GPU cache cleared: {'status': 'cache_cleared', 'available_memory_gb': 20.277362688}
2025-08-10 06:41:14,435 - INFO -       🔍 Validating...
2025-08-10 06:41:14,435 - INFO -       📝 Using optimized prompt for generation: 'a sleek, luxurious purple SUV with an aggressive off-road capability and advanced traction control systems featuring durable construction, high roof, and prominent front tires, accurate, complete, white background, front view, accurate, complete, white background...'
2025-08-10 06:41:14,435 - INFO -       🎯 Computing scores against original prompt: 'purple suv high roof off-road tires...'
2025-08-10 06:42:18,232 - INFO -       📊 Validation score: 0.9248
2025-08-10 06:42:18,232 - INFO -       🎯 New best score: 0.9248
2025-08-10 06:42:18,233 - INFO -       📈 Improvement detected: material_focus working better
2025-08-10 06:42:18,233 - INFO - 
   🔄 RL Round 7/18
2025-08-10 06:42:18,233 - INFO -       🎯 Strategy: artistic_elaboration (exploit)
2025-08-10 06:42:22,048 - INFO - [TRELLIS] GPU cache cleared: {'status': 'cache_cleared', 'available_memory_gb': 20.277362688}
2025-08-10 06:42:22,049 - INFO -       🔍 Validating...
2025-08-10 06:42:22,049 - INFO -       📝 Using optimized prompt for generation: 'a refined and luxurious purple SUV with a high roof and advanced off-road tires featuring durable construction, precision-engineered suspension, and sleek exterior design, front view, accurate, complete, white background...'
2025-08-10 06:42:22,049 - INFO -       🎯 Computing scores against original prompt: 'purple suv high roof off-road tires...'
2025-08-10 06:43:25,400 - INFO -       📊 Validation score: 0.7899
2025-08-10 06:43:25,401 - INFO -       📉 Score declined: Consider different approach
2025-08-10 06:43:25,401 - INFO - 
   🔄 RL Round 8/18
2025-08-10 06:43:25,401 - INFO -       🎯 Strategy: artistic_elaboration (explore)
2025-08-10 06:43:28,334 - INFO - [TRELLIS] GPU cache cleared: {'status': 'cache_cleared', 'available_memory_gb': 20.277362688}
2025-08-10 06:43:28,334 - INFO -       🔍 Validating...
2025-08-10 06:43:28,335 - INFO -       📝 Using optimized prompt for generation: 'a sleek purple SUV with a high roof and aggressive off-road tires featuring advanced traction control systems and durable construction...'
2025-08-10 06:43:28,335 - INFO -       🎯 Computing scores against original prompt: 'purple suv high roof off-road tires...'
2025-08-10 06:44:34,641 - INFO -       📊 Validation score: 0.5695
2025-08-10 06:44:34,641 - INFO -       📉 Score declined: Consider different approach
2025-08-10 06:44:34,642 - INFO - 
   🔄 RL Round 9/18
2025-08-10 06:44:34,642 - INFO -       🎯 Strategy: artistic_elaboration (explore)
2025-08-10 06:44:38,832 - INFO - [TRELLIS] GPU cache cleared: {'status': 'cache_cleared', 'available_memory_gb': 20.277362688}
2025-08-10 06:44:38,832 - INFO -       🔍 Validating...
2025-08-10 06:44:38,832 - INFO -       📝 Using optimized prompt for generation: 'a sleek purple SUV with a high roof, advanced off-road tires featuring superior traction control systems and reinforced construction, front view, accurate, complete, white background...'
2025-08-10 06:44:38,832 - INFO -       🎯 Computing scores against original prompt: 'purple suv high roof off-road tires...'
2025-08-10 06:45:40,173 - INFO -       📊 Validation score: 0.8300
2025-08-10 06:45:40,174 - INFO -       📈 Improvement detected: artistic_elaboration working better
2025-08-10 06:45:40,174 - INFO - 
   🔄 RL Round 10/18
2025-08-10 06:45:40,174 - INFO -       🎯 Strategy: conservative_enhancement (exploit)
2025-08-10 06:45:43,686 - INFO - [TRELLIS] GPU cache cleared: {'status': 'cache_cleared', 'available_memory_gb': 20.277362688}
2025-08-10 06:45:43,686 - INFO -       🔍 Validating...
2025-08-10 06:45:43,686 - INFO -       📝 Using optimized prompt for generation: 'a luxurious purple SUV with a high roof and aggressive off-road tires featuring advanced traction control systems, durable construction, and sleek aerodynamics, side view, front view, accurate, complete, white background...'
2025-08-10 06:45:43,686 - INFO -       🎯 Computing scores against original prompt: 'purple suv high roof off-road tires...'
2025-08-10 06:46:45,178 - INFO -       📊 Validation score: 0.9042
2025-08-10 06:46:45,179 - INFO -       📈 Improvement detected: conservative_enhancement working better
2025-08-10 06:46:45,179 - INFO - 
   🔄 RL Round 11/18
2025-08-10 06:46:45,179 - INFO -       🎯 Strategy: material_focus (explore)
2025-08-10 06:46:49,566 - INFO - [TRELLIS] GPU cache cleared: {'status': 'cache_cleared', 'available_memory_gb': 20.277362688}
2025-08-10 06:46:49,567 - INFO -       🔍 Validating...
2025-08-10 06:46:49,567 - INFO -       📝 Using optimized prompt for generation: 'a high-performance purple SUV with an aggressively sloped front bumper, advanced off-road tires featuring superior traction control systems, ruggedized suspension components, and premium LED headlights in a striking white and metallic purple color scheme, precise lighting effects, and accurate rendering of interior trim materials, front view, accurate, complete, white background...'
2025-08-10 06:46:49,567 - INFO -       🎯 Computing scores against original prompt: 'purple suv high roof off-road tires...'
2025-08-10 06:47:54,683 - INFO -       📊 Validation score: 0.8826
2025-08-10 06:47:54,683 - INFO -       📉 Score declined: Consider different approach
2025-08-10 06:47:54,683 - INFO - 
   🔄 RL Round 12/18
2025-08-10 06:47:54,684 - INFO -       🎯 Strategy: conservative_enhancement (explore)
2025-08-10 06:47:59,705 - INFO - [TRELLIS] GPU cache cleared: {'status': 'cache_cleared', 'available_memory_gb': 20.277362688}
2025-08-10 06:47:59,706 - INFO -       🔍 Validating...
2025-08-10 06:47:59,706 - INFO -       📝 Using optimized prompt for generation: 'a refined purple SUV with a high roof, advanced off-road tires featuring superior traction control systems and durable construction in a sleek, aerodynamic design, front view, accurate, complete, white background...'
2025-08-10 06:47:59,706 - INFO -       🎯 Computing scores against original prompt: 'purple suv high roof off-road tires...'
2025-08-10 06:49:02,179 - INFO -       📊 Validation score: 0.8595
2025-08-10 06:49:02,180 - INFO -       📉 Score declined: Consider different approach
2025-08-10 06:49:02,180 - INFO - 
   🔄 RL Round 13/18
2025-08-10 06:49:02,180 - INFO -       🎯 Strategy: conservative_enhancement (exploit)
2025-08-10 06:49:06,279 - INFO - [TRELLIS] GPU cache cleared: {'status': 'cache_cleared', 'available_memory_gb': 20.277362688}
2025-08-10 06:49:06,279 - INFO -       🔍 Validating...
2025-08-10 06:49:06,279 - INFO -       📝 Using optimized prompt for generation: 'a sleek purple SUV with an aggressive off-road capability, advanced traction control systems, durable construction, front view, accurate, complete, white background...'
2025-08-10 06:49:06,279 - INFO -       🎯 Computing scores against original prompt: 'purple suv high roof off-road tires...'
2025-08-10 06:50:09,685 - INFO -       📊 Validation score: 0.7408
2025-08-10 06:50:09,686 - INFO -       📉 Score declined: Consider different approach
2025-08-10 06:50:09,686 - INFO - 
   🔄 RL Round 14/18
2025-08-10 06:50:09,686 - INFO -       🎯 Strategy: conservative_enhancement (explore)
2025-08-10 06:50:13,597 - INFO - [TRELLIS] GPU cache cleared: {'status': 'cache_cleared', 'available_memory_gb': 20.277362688}
2025-08-10 06:50:13,598 - INFO -       🔍 Validating...
2025-08-10 06:50:13,598 - INFO -       📝 Using optimized prompt for generation: 'a luxurious, aerodynamic purple SUV with a high roof and advanced off-road tires featuring sophisticated traction control systems and premium construction, front view, accurate, complete, white background...'
2025-08-10 06:50:13,598 - INFO -       🎯 Computing scores against original prompt: 'purple suv high roof off-road tires...'
2025-08-10 06:51:15,918 - INFO -       📊 Validation score: 0.9017
2025-08-10 06:51:15,919 - INFO -       📈 Improvement detected: conservative_enhancement working better
2025-08-10 06:51:15,919 - INFO - 
   🔄 RL Round 15/18
2025-08-10 06:51:15,920 - INFO -       🎯 Strategy: material_focus (explore)
2025-08-10 06:51:19,889 - INFO - [TRELLIS] GPU cache cleared: {'status': 'cache_cleared', 'available_memory_gb': 20.277362688}
2025-08-10 06:51:19,890 - INFO -       🔍 Validating...
2025-08-10 06:51:19,890 - INFO -       📝 Using optimized prompt for generation: 'a refined purple SUV with an aggressive off-road capability and advanced traction control systems featuring durable construction, high-intensity LED headlights, and subtle design cues in front view...'
2025-08-10 06:51:19,890 - INFO -       🎯 Computing scores against original prompt: 'purple suv high roof off-road tires...'
2025-08-10 06:52:29,727 - INFO -       📊 Validation score: 0.8457
2025-08-10 06:52:29,728 - INFO -       📉 Score declined: Consider different approach
2025-08-10 06:52:29,728 - INFO - 
   🔄 RL Round 16/18
2025-08-10 06:52:29,728 - INFO -       🎯 Strategy: conservative_enhancement (exploit)
2025-08-10 06:52:34,412 - INFO - [TRELLIS] GPU cache cleared: {'status': 'cache_cleared', 'available_memory_gb': 20.277362688}
2025-08-10 06:52:34,413 - INFO -       🔍 Validating...
2025-08-10 06:52:34,414 - INFO -       📝 Using optimized prompt for generation: 'a luxurious purple SUV with a sleek, aerodynamic high roof and advanced off-road tires featuring superior traction control systems and durable construction, front view, accurate, complete, white background...'
2025-08-10 06:52:34,415 - INFO -       🎯 Computing scores against original prompt: 'purple suv high roof off-road tires...'
2025-08-10 06:53:37,905 - INFO -       📊 Validation score: 0.8333
2025-08-10 06:53:37,905 - INFO -       📉 Score declined: Consider different approach
2025-08-10 06:53:37,906 - INFO - 
   🔄 RL Round 17/18
2025-08-10 06:53:37,906 - INFO -       🎯 Strategy: conservative_enhancement (exploit)
2025-08-10 06:53:42,199 - INFO - [TRELLIS] GPU cache cleared: {'status': 'cache_cleared', 'available_memory_gb': 20.277362688}
2025-08-10 06:53:42,201 - INFO -       🔍 Validating...
2025-08-10 06:53:42,201 - INFO -       📝 Using optimized prompt for generation: 'a sleek purple SUV with a high roof and aggressive off-road tires featuring advanced traction control systems and durable construction, front view, accurate, complete, white background...'
2025-08-10 06:53:42,202 - INFO -       🎯 Computing scores against original prompt: 'purple suv high roof off-road tires...'
2025-08-10 06:54:45,723 - INFO -       📊 Validation score: 0.9056
2025-08-10 06:54:45,725 - INFO -       📈 Improvement detected: conservative_enhancement working better
2025-08-10 06:54:45,726 - INFO - 
   🔄 RL Round 18/18
2025-08-10 06:54:45,727 - INFO -       🎯 Strategy: material_focus (explore)
2025-08-10 06:54:50,889 - INFO - [TRELLIS] GPU cache cleared: {'status': 'cache_cleared', 'available_memory_gb': 20.277362688}
2025-08-10 06:54:50,890 - INFO -       🔍 Validating...
2025-08-10 06:54:50,890 - INFO -       📝 Using optimized prompt for generation: 'a high-performance purple SUV with an aggressively sloped front bumper, a sleek and aerodynamic high roof, advanced off-road tires featuring superior traction control systems, and durable construction, side view, front view, accurate, complete, white background...'
2025-08-10 06:54:50,890 - INFO -       🎯 Computing scores against original prompt: 'purple suv high roof off-road tires...'
2025-08-10 06:56:02,443 - INFO -       📊 Validation score: 0.8769
2025-08-10 06:56:02,530 - INFO - 
🎯 RL LOOP COMPLETE:
2025-08-10 06:56:02,530 - INFO -    Best prompt: a sleek, luxurious purple SUV with an aggressive off-road capability and advanced traction control systems featuring durable construction, high roof, and prominent front tires, accurate, complete, white background, front view, accurate, complete, white background
2025-08-10 06:56:02,531 - INFO -    Best score: 0.9248
2025-08-10 06:56:02,531 - INFO -    Rounds: 18
2025-08-10 06:56:02,532 - INFO -    Convergence: False
2025-08-10 06:56:02,532 - INFO -    Convergence reason: Not converged
2025-08-10 06:56:02,533 - INFO -    Exploration ratio: 72.2%
2025-08-10 06:56:02,533 - INFO -    Insights learned: 2
2025-08-10 06:56:02,534 - INFO -    Total time: 1238.95s
2025-08-10 06:56:02,535 - INFO - Prompt optimized in 18 rounds: 0.902 → 0.925 (+0.023)
2025-08-10 06:56:02,536 - INFO - ⏰ Max rounds reached
2025-08-10 06:56:02,542 - INFO - 
--- Episode 1, Prompt 13 (Total: 16) ---
2025-08-10 06:56:02,546 - INFO - Optimizing: 'sapphire mace with gold-plated head'
2025-08-10 06:56:02,547 - INFO - 🔍 Checking server availability before optimization...
2025-08-10 06:56:02,561 - INFO - ✅ Server is available (status: completed)
2025-08-10 06:56:02,565 - INFO - 📝 Marked server as used at 1754808962.5652583
2025-08-10 06:56:02,565 - INFO - ✅ Server is available and marked as used
2025-08-10 06:56:04,872 - INFO - 🔄 Reproducibility optimization applied:
2025-08-10 06:56:04,872 - INFO -    Original: sapphire mace with gold-plated head
2025-08-10 06:56:04,872 - INFO -    Optimized: wbgmsst, an accurate and complete gold-plated slender sapphire mace with intricately engravings and ornate knotwork details, set against a white background.
2025-08-10 06:56:04,872 - INFO -    Similarity: 1.000
2025-08-10 06:56:04,872 - INFO -    Gold score: 0.9645
2025-08-10 06:56:04,872 - INFO -       🔧 Overriding endpoint: generate/baolei/
2025-08-10 06:56:04,873 - INFO -       🔧 Using endpoint: generate/baolei/
2025-08-10 06:56:04,878 - INFO - 
🔄 RL LOOP OPTIMIZATION: 'sapphire mace with gold-plated head'
2025-08-10 06:56:04,879 - INFO -    Session: rl_session_1754808964_7989
2025-08-10 06:56:04,879 - INFO -    Max rounds: 18
2025-08-10 06:56:04,879 - INFO -    Min rounds before convergence: 5
2025-08-10 06:56:04,879 - INFO -    Target score: 0.99
2025-08-10 06:56:04,879 - INFO -       🎯 Found previous best attempt: a slender sapphire mace with an intricately gold-plated head featuring delicate engravings and ornate knotwork details, front view, accurate, complete, white background (score: 0.9645)
2025-08-10 06:56:04,880 - INFO -       🎯 Strategy used: hybrid_approach
2025-08-10 06:56:04,881 - INFO -       🎯 Session ID: rl_session_1754796398_8492
2025-08-10 06:56:04,881 - INFO -       🎯 Past final best prompt: a slender sapphire mace with an intricately gold-plated head featuring delicate engravings and ornate knotwork details, front view, accurate, complete, white background
2025-08-10 06:56:04,882 - INFO -       🎯 Past final best score: 0.965
2025-08-10 06:56:04,882 - INFO -       🎯 Past session ID: rl_session_1754796398_8492
2025-08-10 06:56:04,882 - INFO -       🎯 Past learned insights: Iterative improvement successful: 0.875 → 0.961, Best performing strategy in session: hybrid_approach, Explored 5 different strategies
2025-08-10 06:56:04,882 - INFO -       🎯 Past strategy performance updates: {'material_focus': 0.08051400550499221, 'hybrid_approach': 0.021331369593464045, 'aggressive_transformation': 0.06216284169294162, 'technical_precision': 0.14783544506950375, 'artistic_elaboration': 0.17394684979365194}
2025-08-10 06:56:04,882 - INFO -       🎯 Past final best prompt: a slender sapphire mace with an intricately gold-plated head featuring delicate engravings and ornate knotwork details, front view, accurate, complete, white background
2025-08-10 06:56:04,883 - INFO -       🎯 Past final best score: 0.965
2025-08-10 06:56:04,886 - INFO - 
   🔄 RL Round 1/18
2025-08-10 06:56:04,886 - INFO -       🎯 Strategy: material_focus (explore)
2025-08-10 06:56:09,805 - INFO - [TRELLIS] GPU cache cleared: {'status': 'cache_cleared', 'available_memory_gb': 20.277362688}
2025-08-10 06:56:09,806 - INFO -       🔍 Validating...
2025-08-10 06:56:09,806 - INFO -       📝 Using optimized prompt for generation: 'a slender sapphire mace with an intricately gold-plated head featuring delicate engravings, ornate knotwork patterns, and subtle filigree details, front view, accurate, complete, white background...'
2025-08-10 06:56:09,807 - INFO -       🎯 Computing scores against original prompt: 'sapphire mace with gold-plated head...'
2025-08-10 06:57:25,033 - INFO -       📊 Validation score: 0.9618
2025-08-10 06:57:25,034 - INFO - 
   🔄 RL Round 2/18
2025-08-10 06:57:25,034 - INFO -       🔍 Explore performing better - increasing epsilon to 0.72
2025-08-10 06:57:25,034 - INFO -       🎯 Strategy: conservative_enhancement (exploit)
2025-08-10 06:57:29,877 - INFO - [TRELLIS] GPU cache cleared: {'status': 'cache_cleared', 'available_memory_gb': 20.277362688}
2025-08-10 06:57:29,879 - INFO -       🔍 Validating...
2025-08-10 06:57:29,880 - INFO -       📝 Using optimized prompt for generation: 'a slender, high-quality sapphire mace with an intricately gold-plated head featuring delicate engravings and ornate knotwork details, front view, accurate, complete, white background...'
2025-08-10 06:57:29,880 - INFO -       🎯 Computing scores against original prompt: 'sapphire mace with gold-plated head...'
2025-08-10 06:58:42,039 - INFO -       📊 Validation score: 0.9114
2025-08-10 06:58:42,039 - INFO -       📉 Score declined: Consider different approach
2025-08-10 06:58:42,040 - INFO - 
   🔄 RL Round 3/18
2025-08-10 06:58:42,040 - INFO -       🎯 Strategy: hybrid_approach (explore)
2025-08-10 06:58:47,298 - INFO - [TRELLIS] GPU cache cleared: {'status': 'cache_cleared', 'available_memory_gb': 20.277362688}
2025-08-10 06:58:47,302 - INFO -       🔍 Validating...
2025-08-10 06:58:47,302 - INFO -       📝 Using optimized prompt for generation: 'a slender sapphire mace with a gold-plated head featuring detailed engravings and ornate knotwork patterns, precise craftsmanship...'
2025-08-10 06:58:47,303 - INFO -       🎯 Computing scores against original prompt: 'sapphire mace with gold-plated head...'
2025-08-10 07:00:03,441 - INFO -       📊 Validation score: 0.9713
2025-08-10 07:00:03,441 - INFO -       🎯 New best score: 0.9713
2025-08-10 07:00:03,442 - INFO -       📈 Improvement detected: hybrid_approach working better
2025-08-10 07:00:03,442 - INFO - 
   🔄 RL Round 4/18
2025-08-10 07:00:03,442 - INFO -       🔍 Explore performing better - increasing epsilon to 0.77
2025-08-10 07:00:03,442 - INFO -       🎯 Strategy: hybrid_approach (explore)
2025-08-10 07:00:12,958 - INFO - [TRELLIS] GPU cache cleared: {'status': 'cache_cleared', 'available_memory_gb': 20.277362688}
2025-08-10 07:00:12,962 - INFO -       🔍 Validating...
2025-08-10 07:00:12,962 - INFO -       📝 Using optimized prompt for generation: 'a slender sapphire mace with an intricately gold-plated head featuring delicate engravings and ornate knotwork details, side view, front view, accurate, complete, white background...'
2025-08-10 07:00:12,962 - INFO -       🎯 Computing scores against original prompt: 'sapphire mace with gold-plated head...'
2025-08-10 07:01:18,457 - INFO -       📊 Validation score: 0.9106
2025-08-10 07:01:18,458 - INFO -       📉 Score declined: Consider different approach
2025-08-10 07:01:18,458 - INFO - 
   🔄 RL Round 5/18
2025-08-10 07:01:18,458 - INFO -       🔍 Explore performing better - increasing epsilon to 0.80
2025-08-10 07:01:18,459 - INFO -       🎯 Strategy: technical_precision (explore)
2025-08-10 07:01:21,840 - INFO - [TRELLIS] GPU cache cleared: {'status': 'cache_cleared', 'available_memory_gb': 20.277362688}
2025-08-10 07:01:21,841 - INFO -       🔍 Validating...
2025-08-10 07:01:21,841 - INFO -       📝 Using optimized prompt for generation: 'a slender sapphire mace with a intricately gold-plated head featuring delicate engravings, ornate knotwork details, and subtle shading on the metal surface, front view, accurate, complete, white background...'
2025-08-10 07:01:21,841 - INFO -       🎯 Computing scores against original prompt: 'sapphire mace with gold-plated head...'
2025-08-10 07:02:24,202 - INFO -       📊 Validation score: 0.9364
2025-08-10 07:02:24,203 - INFO -       🔍 Explore performing better - stricter convergence threshold: 0.005
2025-08-10 07:02:24,203 - INFO -       📈 Improvement detected: technical_precision working better
2025-08-10 07:02:24,204 - INFO - 
   🔄 RL Round 6/18
2025-08-10 07:02:24,205 - INFO -       🔍 Explore performing better - increasing epsilon to 0.80
2025-08-10 07:02:24,205 - INFO -       🎯 Strategy: hybrid_approach (explore)
2025-08-10 07:02:28,153 - INFO - [TRELLIS] GPU cache cleared: {'status': 'cache_cleared', 'available_memory_gb': 20.277362688}
2025-08-10 07:02:28,154 - INFO -       🔍 Validating...
2025-08-10 07:02:28,154 - INFO -       📝 Using optimized prompt for generation: 'a slender sapphire mace with an intricately gold-plated head featuring delicate etchings of botanical patterns in silver, surrounded by ornate filigree motifs, showcasing a gleaming golden core, front view, accurate, complete, white background...'
2025-08-10 07:02:28,155 - INFO -       🎯 Computing scores against original prompt: 'sapphire mace with gold-plated head...'
2025-08-10 07:03:30,970 - INFO -       📊 Validation score: 0.9052
2025-08-10 07:03:30,971 - INFO -       🔍 Explore performing better - stricter convergence threshold: 0.005
2025-08-10 07:03:30,971 - INFO -       📉 Score declined: Consider different approach
2025-08-10 07:03:30,971 - INFO - 
   🔄 RL Round 7/18
2025-08-10 07:03:30,971 - INFO -       🔍 Explore performing better - increasing epsilon to 0.80
2025-08-10 07:03:30,971 - INFO -       🎯 Strategy: hybrid_approach (explore)
2025-08-10 07:03:35,219 - INFO - [TRELLIS] GPU cache cleared: {'status': 'cache_cleared', 'available_memory_gb': 20.277362688}
2025-08-10 07:03:35,221 - INFO -       🔍 Validating...
2025-08-10 07:03:35,222 - INFO -       📝 Using optimized prompt for generation: 'a slender sapphire mace with an intricately gold-plated head featuring delicate engravings and ornate knotwork details, precise craftsmanship, high-quality materials, front view, accurate, complete, white background...'
2025-08-10 07:03:35,223 - INFO -       🎯 Computing scores against original prompt: 'sapphire mace with gold-plated head...'
2025-08-10 07:04:35,937 - INFO -       📊 Validation score: 0.9174
2025-08-10 07:04:35,939 - INFO -       🔍 Explore performing better - stricter convergence threshold: 0.005
2025-08-10 07:04:35,941 - INFO -       📈 Improvement detected: hybrid_approach working better
2025-08-10 07:04:35,941 - INFO - 
   🔄 RL Round 8/18
2025-08-10 07:04:35,943 - INFO -       🔍 Explore performing better - increasing epsilon to 0.80
2025-08-10 07:04:35,943 - INFO -       🎯 Strategy: material_focus (explore)
2025-08-10 07:04:39,279 - INFO - [TRELLIS] GPU cache cleared: {'status': 'cache_cleared', 'available_memory_gb': 20.277362688}
2025-08-10 07:04:39,279 - INFO -       🔍 Validating...
2025-08-10 07:04:39,280 - INFO -       📝 Using optimized prompt for generation: 'a slender sapphire mace with an intricately gold-plated head featuring detailed engravings and ornate knotwork patterns that subtly shift in light, front view, front view, accurate, complete, white background...'
2025-08-10 07:04:39,280 - INFO -       🎯 Computing scores against original prompt: 'sapphire mace with gold-plated head...'
2025-08-10 07:05:40,581 - INFO -       📊 Validation score: 0.8825
2025-08-10 07:05:40,581 - INFO -       🔍 Explore performing better - stricter convergence threshold: 0.005
2025-08-10 07:05:40,582 - INFO -       📉 Score declined: Consider different approach
2025-08-10 07:05:40,582 - INFO - 
   🔄 RL Round 9/18
2025-08-10 07:05:40,582 - INFO -       🔍 Explore performing better - increasing epsilon to 0.80
2025-08-10 07:05:40,582 - INFO -       🎯 Strategy: technical_precision (explore)
2025-08-10 07:05:44,257 - INFO - [TRELLIS] GPU cache cleared: {'status': 'cache_cleared', 'available_memory_gb': 20.277362688}
2025-08-10 07:05:44,258 - INFO -       🔍 Validating...
2025-08-10 07:05:44,259 - INFO -       📝 Using optimized prompt for generation: 'a slender sapphire mace with an intricately gold-plated head featuring delicate engravings, ornate knotwork details, accurate, complete, white background...'
2025-08-10 07:05:44,260 - INFO -       🎯 Computing scores against original prompt: 'sapphire mace with gold-plated head...'
2025-08-10 07:07:13,874 - INFO -       📊 Validation score: 0.9621
2025-08-10 07:07:13,875 - INFO -       🔍 Explore performing better - stricter convergence threshold: 0.005
2025-08-10 07:07:13,877 - INFO -       📈 Improvement detected: technical_precision working better
2025-08-10 07:07:13,877 - INFO - 
   🔄 RL Round 10/18
2025-08-10 07:07:13,877 - INFO -       🔍 Explore performing better - increasing epsilon to 0.80
2025-08-10 07:07:13,877 - INFO -       🎯 Strategy: conservative_enhancement (exploit)
2025-08-10 07:07:26,475 - INFO - [TRELLIS] GPU cache cleared: {'status': 'cache_cleared', 'available_memory_gb': 20.277362688}
2025-08-10 07:07:26,476 - INFO -       🔍 Validating...
2025-08-10 07:07:26,478 - INFO -       📝 Using optimized prompt for generation: 'a slender sapphire mace with an intricately gold-plated head featuring delicate filigree patterns, ornate knotwork details, a subtle gemstone accent on the pommel, and a precision-crafted leather grip, front view, accurate, complete, white background...'
2025-08-10 07:07:26,479 - INFO -       🎯 Computing scores against original prompt: 'sapphire mace with gold-plated head...'
2025-08-10 07:08:41,792 - INFO -       📊 Validation score: 0.9383
2025-08-10 07:08:41,792 - INFO -       🔍 Explore performing better - stricter convergence threshold: 0.005
2025-08-10 07:08:41,793 - INFO -       📉 Score declined: Consider different approach
2025-08-10 07:08:41,793 - INFO - 
   🔄 RL Round 11/18
2025-08-10 07:08:41,793 - INFO -       🔍 Explore performing better - increasing epsilon to 0.80
2025-08-10 07:08:41,793 - INFO -       🎯 Strategy: aggressive_transformation (explore)
2025-08-10 07:08:46,261 - INFO - [TRELLIS] GPU cache cleared: {'status': 'cache_cleared', 'available_memory_gb': 20.277362688}
2025-08-10 07:08:46,262 - INFO -       🔍 Validating...
2025-08-10 07:08:46,262 - INFO -       📝 Using optimized prompt for generation: 'a slender sapphire mace with an intricately gold-plated head featuring delicate engravings of botanical patterns and ornate knotwork details, polished to a high sheen...'
2025-08-10 07:08:46,262 - INFO -       🎯 Computing scores against original prompt: 'sapphire mace with gold-plated head...'
2025-08-10 07:09:56,150 - INFO -       📊 Validation score: 0.9621
2025-08-10 07:09:56,151 - INFO -       🔍 Explore performing better - stricter convergence threshold: 0.005
2025-08-10 07:09:56,151 - INFO -       📈 Improvement detected: aggressive_transformation working better
2025-08-10 07:09:56,151 - INFO - 
   🔄 RL Round 12/18
2025-08-10 07:09:56,151 - INFO -       🔍 Explore performing better - increasing epsilon to 0.80
2025-08-10 07:09:56,151 - INFO -       🎯 Strategy: material_focus (explore)
2025-08-10 07:10:00,055 - INFO - [TRELLIS] GPU cache cleared: {'status': 'cache_cleared', 'available_memory_gb': 20.277362688}
2025-08-10 07:10:00,057 - INFO -       🔍 Validating...
2025-08-10 07:10:00,057 - INFO -       📝 Using optimized prompt for generation: 'a slender sapphire mace with an intricately gold-plated head featuring delicate engravings of botanical motifs and ornate filigree details, front view, front view, accurate, complete, white background...'
2025-08-10 07:10:00,058 - INFO -       🎯 Computing scores against original prompt: 'sapphire mace with gold-plated head...'
2025-08-10 07:11:07,462 - INFO -       📊 Validation score: 0.9578
2025-08-10 07:11:07,464 - INFO -       🔍 Explore performing better - stricter convergence threshold: 0.005
2025-08-10 07:11:07,465 - INFO -       ✅ Convergence achieved: Convergence threshold met (improvement: -0.004)
2025-08-10 07:11:07,502 - INFO - 
🎯 RL LOOP COMPLETE:
2025-08-10 07:11:07,503 - INFO -    Best prompt: a slender sapphire mace with a gold-plated head featuring detailed engravings and ornate knotwork patterns, precise craftsmanship
2025-08-10 07:11:07,506 - INFO -    Best score: 0.9713
2025-08-10 07:11:07,506 - INFO -    Rounds: 12
2025-08-10 07:11:07,506 - INFO -    Convergence: True
2025-08-10 07:11:07,506 - INFO -    Convergence reason: Convergence threshold met (improvement: -0.004)
2025-08-10 07:11:07,506 - INFO -    Exploration ratio: 83.3%
2025-08-10 07:11:07,506 - INFO -    Insights learned: 2
2025-08-10 07:11:07,507 - INFO -    Total time: 902.59s
2025-08-10 07:11:07,507 - INFO - Prompt optimized in 12 rounds: 0.962 → 0.971 (+0.009)
2025-08-10 07:11:07,511 - INFO - ✅ Target score achieved!
2025-08-10 07:11:07,514 - INFO - 
--- Episode 1, Prompt 14 (Total: 16) ---
2025-08-10 07:11:07,517 - INFO - Optimizing: 'teal camper van rooftop tent and awning'
2025-08-10 07:11:07,517 - INFO - 🔍 Checking server availability before optimization...
2025-08-10 07:11:07,530 - INFO - ✅ Server is available (status: completed)
2025-08-10 07:11:07,530 - INFO - 📝 Marked server as used at 1754809867.5305533
2025-08-10 07:11:07,531 - INFO - ✅ Server is available and marked as used
2025-08-10 07:11:10,064 - INFO - 🔄 Reproducibility optimization applied:
2025-08-10 07:11:10,065 - INFO -    Original: teal camper van rooftop tent and awning
2025-08-10 07:11:10,065 - INFO -    Optimized: wbgmsst, A sleek and modern teal camper van features a retractable awning, gleaming silver accents, streamlined silhouette, precise stitching, and is set against a white background, with a rooftop tent and awning visible.
2025-08-10 07:11:10,065 - INFO -    Similarity: 1.000
2025-08-10 07:11:10,065 - INFO -    Gold score: 0.8835
2025-08-10 07:11:10,066 - INFO -       🔧 Overriding endpoint: generate/baolei/
2025-08-10 07:11:10,066 - INFO -       🔧 Using endpoint: generate/baolei/
2025-08-10 07:11:10,074 - INFO - 
🔄 RL LOOP OPTIMIZATION: 'teal camper van rooftop tent and awning'
2025-08-10 07:11:10,074 - INFO -    Session: rl_session_1754809870_4181
2025-08-10 07:11:10,074 - INFO -    Max rounds: 18
2025-08-10 07:11:10,074 - INFO -    Min rounds before convergence: 5
2025-08-10 07:11:10,074 - INFO -    Target score: 0.99
2025-08-10 07:11:10,076 - INFO -       🎯 Found previous best attempt: teal camper van with sleek, modern rooftop tent featuring retractable awning and gleaming silver accents, streamlined silhouette, precise stitching, front view, accurate, complete, front view, accurate, complete, white background (score: 0.8835)
2025-08-10 07:11:10,078 - INFO -       🎯 Strategy used: material_focus
2025-08-10 07:11:10,078 - INFO -       🎯 Session ID: rl_session_1754797095_8384
2025-08-10 07:11:10,078 - INFO -       🎯 Past final best prompt: teal camper van with sleek, modern rooftop tent featuring retractable awning and gleaming silver accents, streamlined silhouette, precise stitching, front view, accurate, complete, front view, accurate, complete, white background
2025-08-10 07:11:10,078 - INFO -       🎯 Past final best score: 0.884
2025-08-10 07:11:10,078 - INFO -       🎯 Past session ID: rl_session_1754797095_8384
2025-08-10 07:11:10,078 - INFO -       🎯 Past learned insights: Best performing strategy in session: material_focus, Explored 4 different strategies
2025-08-10 07:11:10,078 - INFO -       🎯 Past strategy performance updates: {'aggressive_transformation': 0.015536829102339, 'hybrid_approach': -0.14887611562615832, 'material_focus': 0.00982057996301422, 'artistic_elaboration': -0.08623455418557557}
2025-08-10 07:11:10,078 - INFO -       🎯 Past final best prompt: teal camper van with sleek, modern rooftop tent featuring retractable awning and gleaming silver accents, streamlined silhouette, precise stitching, front view, accurate, complete, front view, accurate, complete, white background
2025-08-10 07:11:10,078 - INFO -       🎯 Past final best score: 0.884
2025-08-10 07:11:10,078 - INFO - 
   🔄 RL Round 1/18
2025-08-10 07:11:10,079 - INFO -       🔍 Explore performing better - increasing epsilon to 0.80
2025-08-10 07:11:10,080 - INFO -       🎯 Strategy: material_focus (explore)
2025-08-10 07:11:14,336 - INFO - [TRELLIS] GPU cache cleared: {'status': 'cache_cleared', 'available_memory_gb': 20.277362688}
2025-08-10 07:11:14,337 - INFO -       🔍 Validating...
2025-08-10 07:11:14,338 - INFO -       📝 Using optimized prompt for generation: 'a teal camper van with sleek, modern rooftop tent featuring retractable awning and gleaming silver accents, streamlined silhouette, precise stitching, side view, accurate, complete, soft focus background, front view, accurate, complete, white background...'
2025-08-10 07:11:14,338 - INFO -       🎯 Computing scores against original prompt: 'teal camper van rooftop tent and awning...'
2025-08-10 07:13:03,755 - INFO -       📊 Validation score: 0.8590
2025-08-10 07:13:03,756 - INFO - 
   🔄 RL Round 2/18
2025-08-10 07:13:03,756 - INFO -       🔍 Explore performing better - increasing epsilon to 0.80
2025-08-10 07:13:03,756 - INFO -       🎯 Strategy: material_focus (explore)
2025-08-10 07:13:08,097 - INFO - [TRELLIS] GPU cache cleared: {'status': 'cache_cleared', 'available_memory_gb': 20.277362688}
2025-08-10 07:13:08,100 - INFO -       🔍 Validating...
2025-08-10 07:13:08,100 - INFO -       📝 Using optimized prompt for generation: 'a teal camper van with sleek, modern rooftop tent featuring retractable awning, gleaming silver accents, precision-crafted stainless steel hardware, and weathered leather trim, front view, front view, accurate, complete, white background...'
2025-08-10 07:13:08,100 - INFO -       🎯 Computing scores against original prompt: 'teal camper van rooftop tent and awning...'
2025-08-10 07:14:21,063 - INFO -       📊 Validation score: 0.8155
2025-08-10 07:14:21,064 - INFO -       📉 Score declined: Consider different approach
2025-08-10 07:14:21,066 - INFO - 
   🔄 RL Round 3/18
2025-08-10 07:14:21,066 - INFO -       🎯 Strategy: material_focus (explore)
2025-08-10 07:14:27,698 - INFO - [TRELLIS] GPU cache cleared: {'status': 'cache_cleared', 'available_memory_gb': 20.277362688}
2025-08-10 07:14:27,699 - INFO -       🔍 Validating...
2025-08-10 07:14:27,700 - INFO -       📝 Using optimized prompt for generation: 'a teal camper van with sleek, modern rooftop tent featuring retractable awning and gleaming silver accents, streamlined silhouette, precise stitching, front view, accurate, complete, white background...'
2025-08-10 07:14:27,700 - INFO -       🎯 Computing scores against original prompt: 'teal camper van rooftop tent and awning...'
2025-08-10 07:16:10,371 - INFO -       📊 Validation score: 0.5449
2025-08-10 07:16:10,372 - INFO -       📉 Score declined: Consider different approach
2025-08-10 07:16:10,373 - INFO - 
   🔄 RL Round 4/18
2025-08-10 07:16:10,374 - INFO -       🎯 Strategy: conservative_enhancement (exploit)
2025-08-10 07:16:15,303 - INFO - [TRELLIS] GPU cache cleared: {'status': 'cache_cleared', 'available_memory_gb': 20.277362688}
2025-08-10 07:16:15,304 - INFO -       🔍 Validating...
2025-08-10 07:16:15,305 - INFO -       📝 Using optimized prompt for generation: 'teal camper van with sleek, modern rooftop tent featuring retractable awning and gleaming polished chrome accents, streamlined silhouette, precise stitching, matte fiberglass roof, three large windows, front view, accurate, complete, white background...'
2025-08-10 07:16:15,306 - INFO -       🎯 Computing scores against original prompt: 'teal camper van rooftop tent and awning...'
2025-08-10 07:17:29,079 - INFO -       📊 Validation score: 0.7978
2025-08-10 07:17:29,079 - INFO -       📈 Improvement detected: conservative_enhancement working better
2025-08-10 07:17:29,079 - INFO - 
   🔄 RL Round 5/18
2025-08-10 07:17:29,080 - INFO -       🎯 Strategy: conservative_enhancement (explore)
2025-08-10 07:17:33,494 - INFO - [TRELLIS] GPU cache cleared: {'status': 'cache_cleared', 'available_memory_gb': 20.277362688}
2025-08-10 07:17:33,496 - INFO -       🔍 Validating...
2025-08-10 07:17:33,497 - INFO -       📝 Using optimized prompt for generation: 'a sleek teal camper van featuring a modern rooftop tent with retractable awning, gleaming silver accents, streamlined silhouette, precise stitching, and an expansive roofline., front view, accurate, complete, white background...'
2025-08-10 07:17:33,498 - INFO -       🎯 Computing scores against original prompt: 'teal camper van rooftop tent and awning...'
2025-08-10 07:18:44,853 - INFO -       📊 Validation score: 0.6896
2025-08-10 07:18:44,854 - INFO -       📉 Score declined: Consider different approach
2025-08-10 07:18:44,854 - INFO - 
   🔄 RL Round 6/18
2025-08-10 07:18:44,855 - INFO -       🎯 Strategy: material_focus (explore)
2025-08-10 07:18:49,219 - INFO - [TRELLIS] GPU cache cleared: {'status': 'cache_cleared', 'available_memory_gb': 20.277362688}
2025-08-10 07:18:49,220 - INFO -       🔍 Validating...
2025-08-10 07:18:49,220 - INFO -       📝 Using optimized prompt for generation: 'teal camper van with sleek, modern rooftop tent featuring retractable awning and gleaming silver accents, streamlined silhouette, precise stitching, front view, front view, accurate, complete, white background...'
2025-08-10 07:18:49,221 - INFO -       🎯 Computing scores against original prompt: 'teal camper van rooftop tent and awning...'
2025-08-10 07:20:34,866 - INFO -       📊 Validation score: 0.7012
2025-08-10 07:20:34,867 - INFO -       📈 Improvement detected: material_focus working better
2025-08-10 07:20:34,867 - INFO - 
   🔄 RL Round 7/18
2025-08-10 07:20:34,867 - INFO -       🎯 Strategy: conservative_enhancement (explore)
2025-08-10 07:20:41,629 - INFO - [TRELLIS] GPU cache cleared: {'status': 'cache_cleared', 'available_memory_gb': 20.277362688}
2025-08-10 07:20:41,629 - INFO -       🔍 Validating...
2025-08-10 07:20:41,629 - INFO -       📝 Using optimized prompt for generation: 'a sleek teal camper van with modern rooftop tent featuring retractable awning, gleaming silver accents, precise stitching, streamlined silhouette...'
2025-08-10 07:20:41,629 - INFO -       🎯 Computing scores against original prompt: 'teal camper van rooftop tent and awning...'
2025-08-10 07:21:51,661 - INFO -       📊 Validation score: 0.8626
2025-08-10 07:21:51,662 - INFO -       📈 Improvement detected: conservative_enhancement working better
2025-08-10 07:21:51,662 - INFO - 
   🔄 RL Round 8/18
2025-08-10 07:21:51,663 - INFO -       🎯 Strategy: material_focus (explore)
2025-08-10 07:21:55,548 - INFO - [TRELLIS] GPU cache cleared: {'status': 'cache_cleared', 'available_memory_gb': 20.277362688}
2025-08-10 07:21:55,549 - INFO -       🔍 Validating...
2025-08-10 07:21:55,550 - INFO -       📝 Using optimized prompt for generation: 'teal camper van with sleek, modern rooftop tent featuring retractable awning, gleaming silver accents, streamlined silhouette, precise stitching, front view...'
2025-08-10 07:21:55,551 - INFO -       🎯 Computing scores against original prompt: 'teal camper van rooftop tent and awning...'
2025-08-10 07:23:12,528 - INFO -       📊 Validation score: 0.3638
2025-08-10 07:23:12,528 - INFO -       📉 Score declined: Consider different approach
2025-08-10 07:23:12,528 - INFO -       🔍 Increasing exploration to 0.80
2025-08-10 07:23:12,528 - INFO - 
   🔄 RL Round 9/18
2025-08-10 07:23:12,529 - INFO -       🎯 Strategy: material_focus (explore)
2025-08-10 07:23:17,110 - INFO - [TRELLIS] GPU cache cleared: {'status': 'cache_cleared', 'available_memory_gb': 20.277362688}
2025-08-10 07:23:17,111 - INFO -       🔍 Validating...
2025-08-10 07:23:17,112 - INFO -       📝 Using optimized prompt for generation: 'a sturdy teal camper van with a sleek, modern rooftop tent featuring retractable awning and gleaming silver accents, precision-cut stitching, front view, front view, accurate, complete, white background...'
2025-08-10 07:23:17,113 - INFO -       🎯 Computing scores against original prompt: 'teal camper van rooftop tent and awning...'
2025-08-10 07:24:58,958 - INFO -       📊 Validation score: 0.6185
2025-08-10 07:24:58,958 - INFO -       📈 Improvement detected: material_focus working better
2025-08-10 07:24:58,958 - INFO - 
   🔄 RL Round 10/18
2025-08-10 07:24:58,958 - INFO -       🎯 Strategy: material_focus (explore)
2025-08-10 07:25:05,725 - INFO - [TRELLIS] GPU cache cleared: {'status': 'cache_cleared', 'available_memory_gb': 20.277362688}
2025-08-10 07:25:05,726 - INFO -       🔍 Validating...
2025-08-10 07:25:05,726 - INFO -       📝 Using optimized prompt for generation: 'a teal camper van with sleek, modern rooftop tent featuring retractable awning and gleaming silver accented metalwork, streamlined silhouette, precise stitching on the fabric of the awning, front view, natural light highlighting the gleam, complete, accurate, front view, accurate, complete, white background...'
2025-08-10 07:25:05,726 - INFO -       🎯 Computing scores against original prompt: 'teal camper van rooftop tent and awning...'
2025-08-10 07:26:58,288 - INFO -       📊 Validation score: 0.8077
2025-08-10 07:26:58,288 - INFO -       📈 Improvement detected: material_focus working better
2025-08-10 07:26:58,288 - INFO - 
   🔄 RL Round 11/18
2025-08-10 07:26:58,288 - INFO -       🎯 Strategy: technical_precision (explore)
2025-08-10 07:27:04,917 - INFO - [TRELLIS] GPU cache cleared: {'status': 'cache_cleared', 'available_memory_gb': 20.277362688}
2025-08-10 07:27:04,918 - INFO -       🔍 Validating...
2025-08-10 07:27:04,919 - INFO -       📝 Using optimized prompt for generation: 'a teal camper van with sleek, modern rooftop tent featuring retractable awning and gleaming silver accents, precision-crafted interior trim, subtle rivets, direct front view, serene surroundings, front view, accurate, complete, white background...'
2025-08-10 07:27:04,920 - INFO -       🎯 Computing scores against original prompt: 'teal camper van rooftop tent and awning...'
2025-08-10 07:28:28,129 - INFO -       📊 Validation score: 0.6300
2025-08-10 07:28:28,130 - INFO -       📉 Score declined: Consider different approach
2025-08-10 07:28:28,130 - INFO - 
   🔄 RL Round 12/18
2025-08-10 07:28:28,130 - INFO -       🎯 Strategy: technical_precision (explore)
2025-08-10 07:28:33,509 - INFO - [TRELLIS] GPU cache cleared: {'status': 'cache_cleared', 'available_memory_gb': 20.277362688}
2025-08-10 07:28:33,512 - INFO -       🔍 Validating...
2025-08-10 07:28:33,512 - INFO -       📝 Using optimized prompt for generation: 'a teal camper van with sleek, modern rooftop tent featuring retractable awning, gleaming silver accents, precise stitching, streamlined silhouette, front view, accurate, complete, front view, accurate, complete, white background...'
2025-08-10 07:28:33,512 - INFO -       🎯 Computing scores against original prompt: 'teal camper van rooftop tent and awning...'
2025-08-10 07:29:55,938 - INFO -       📊 Validation score: 0.8327
2025-08-10 07:29:55,938 - INFO -       📈 Improvement detected: technical_precision working better
2025-08-10 07:29:55,939 - INFO - 
   🔄 RL Round 13/18
2025-08-10 07:29:55,941 - INFO -       🎯 Strategy: hybrid_approach (exploit)
2025-08-10 07:30:00,662 - INFO - [TRELLIS] GPU cache cleared: {'status': 'cache_cleared', 'available_memory_gb': 20.277362688}
2025-08-10 07:30:00,664 - INFO -       🔍 Validating...
2025-08-10 07:30:00,664 - INFO -       📝 Using optimized prompt for generation: 'a teal camper van with sleek, modern rooftop tent featuring retractable awning, gleaming silver accents, streamlined silhouette, precision stitching, polished chrome hardware, front view, front view, accurate, complete, white background...'
2025-08-10 07:30:00,666 - INFO -       🎯 Computing scores against original prompt: 'teal camper van rooftop tent and awning...'
2025-08-10 07:31:31,434 - INFO -       📊 Validation score: 0.8277
2025-08-10 07:31:31,435 - INFO -       ✅ Convergence achieved: Convergence threshold met (improvement: -0.005)
2025-08-10 07:31:31,512 - INFO - 
🎯 RL LOOP COMPLETE:
2025-08-10 07:31:31,513 - INFO -    Best prompt: teal camper van with sleek, modern rooftop tent featuring retractable awning and gleaming silver accents, streamlined silhouette, precise stitching, front view, accurate, complete, front view, accurate, complete, white background
2025-08-10 07:31:31,513 - INFO -    Best score: 0.8835
2025-08-10 07:31:31,516 - INFO -    Rounds: 13
2025-08-10 07:31:31,516 - INFO -    Convergence: True
2025-08-10 07:31:31,516 - INFO -    Convergence reason: Convergence threshold met (improvement: -0.005)
2025-08-10 07:31:31,516 - INFO -    Exploration ratio: 84.6%
2025-08-10 07:31:31,516 - INFO -    Insights learned: 2
2025-08-10 07:31:31,516 - INFO -    Total time: 1221.36s
2025-08-10 07:31:31,516 - INFO - Prompt optimized in 13 rounds: 0.859 → 0.884 (+0.024)
2025-08-10 07:31:31,517 - INFO - ✅ Target score achieved!
2025-08-10 07:31:31,522 - INFO - 
--- Episode 1, Prompt 15 (Total: 16) ---
2025-08-10 07:31:31,522 - INFO - Optimizing: 'teal suv with'
2025-08-10 07:31:31,522 - INFO - 🔍 Checking server availability before optimization...
2025-08-10 07:31:36,530 - INFO - ⏳ Server unavailable: timeout - Server status check timed out
2025-08-10 07:31:41,545 - INFO - ✅ Server is available (status: completed)
2025-08-10 07:31:41,549 - INFO - 📝 Marked server as used at 1754811101.549176
2025-08-10 07:31:41,549 - INFO - ✅ Server is available and marked as used
2025-08-10 07:31:44,546 - INFO - 🔄 Reproducibility optimization applied:
2025-08-10 07:31:44,552 - INFO -    Original: teal suv with
2025-08-10 07:31:44,555 - INFO -    Optimized: wbgmsst, I'd like to generate a high-quality 3D model of a refined teal SUV with accurate and complete details. The vehicle features aerodynamic lines and precision-crafted tinted windows, and has a subtle LED light strip along its design. Please render the front view of this SUV on a white background.
2025-08-10 07:31:44,555 - INFO -    Similarity: 1.000
2025-08-10 07:31:44,555 - INFO -    Gold score: 0.8999
2025-08-10 07:31:44,555 - INFO -       🔧 Overriding endpoint: generate/baolei/
2025-08-10 07:31:44,555 - INFO -       🔧 Using endpoint: generate/baolei/
2025-08-10 07:31:44,561 - INFO - 
🔄 RL LOOP OPTIMIZATION: 'teal suv with'
2025-08-10 07:31:44,564 - INFO -    Session: rl_session_1754811104_4935
2025-08-10 07:31:44,564 - INFO -    Max rounds: 18
2025-08-10 07:31:44,564 - INFO -    Min rounds before convergence: 5
2025-08-10 07:31:44,564 - INFO -    Target score: 0.99
2025-08-10 07:31:44,564 - INFO -       🎯 Found previous best attempt: a sleek teal SUV with aerodynamic lines, tinted windows that blend seamlessly into the body, and a subtle LED light strip running along the side mirrors, front view, accurate, complete, white background (score: 0.9015)
2025-08-10 07:31:44,564 - INFO -       🎯 Strategy used: conservative_enhancement
2025-08-10 07:31:44,565 - INFO -       🎯 Session ID: rl_session_1754793461_5271
2025-08-10 07:31:44,565 - INFO -       🎯 Past final best prompt: a sleek teal SUV with aerodynamic lines, tinted windows that blend seamlessly into the body, and a subtle LED light strip running along the side mirrors, front view, accurate, complete, white background
2025-08-10 07:31:44,565 - INFO -       🎯 Past final best score: 0.901
2025-08-10 07:31:44,565 - INFO -       🎯 Past session ID: rl_session_1754793461_5271
2025-08-10 07:31:44,565 - INFO -       🎯 Past learned insights: Iterative improvement successful: 0.751 → 0.901, Best performing strategy in session: conservative_enhancement, Explored 4 different strategies
2025-08-10 07:31:44,565 - INFO -       🎯 Past strategy performance updates: {'hybrid_approach': -0.05576789430910967, 'artistic_elaboration': 0.03834170800668546, 'conservative_enhancement': -0.04962978082865466, 'technical_precision': 0.11055864715308461}
2025-08-10 07:31:44,566 - INFO -       🎯 Past final best prompt: a sleek teal SUV with aerodynamic lines, tinted windows that blend seamlessly into the body, and a subtle LED light strip running along the side mirrors, front view, accurate, complete, white background
2025-08-10 07:31:44,566 - INFO -       🎯 Past final best score: 0.901
2025-08-10 07:31:44,566 - INFO - 
   🔄 RL Round 1/18
2025-08-10 07:31:44,566 - INFO -       🎯 Strategy: hybrid_approach (explore)
2025-08-10 07:31:50,854 - INFO - [TRELLIS] GPU cache cleared: {'status': 'cache_cleared', 'available_memory_gb': 20.277362688}
2025-08-10 07:31:50,855 - INFO -       🔍 Validating...
2025-08-10 07:31:50,856 - INFO -       📝 Using optimized prompt for generation: 'a refined teal SUV with aerodynamic lines, precise tinted windows that blend harmoniously into the body, and a subtle LED light strip running along the side mirrors, front view, front view, accurate, complete, white background...'
2025-08-10 07:31:50,857 - INFO -       🎯 Computing scores against original prompt: 'teal suv with...'
2025-08-10 07:33:15,487 - INFO -       📊 Validation score: 0.8796
2025-08-10 07:33:15,487 - INFO - 
   🔄 RL Round 2/18
2025-08-10 07:33:15,487 - INFO -       🎯 Strategy: technical_precision (explore)
2025-08-10 07:33:20,212 - INFO - [TRELLIS] GPU cache cleared: {'status': 'cache_cleared', 'available_memory_gb': 20.277362688}
2025-08-10 07:33:20,214 - INFO -       🔍 Validating...
2025-08-10 07:33:20,215 - INFO -       📝 Using optimized prompt for generation: 'a refined teal SUV with aerodynamic lines, tinted windows that blend seamlessly into the body, and a subtle LED light strip running along the side mirrors, front view, accurate, complete, white background...'
2025-08-10 07:33:20,216 - INFO -       🎯 Computing scores against original prompt: 'teal suv with...'
2025-08-10 07:34:42,619 - INFO -       📊 Validation score: 0.8662
2025-08-10 07:34:42,620 - INFO -       📉 Score declined: Consider different approach
2025-08-10 07:34:42,620 - INFO - 
   🔄 RL Round 3/18
2025-08-10 07:34:42,621 - INFO -       🎯 Strategy: hybrid_approach (exploit)
2025-08-10 07:34:48,685 - INFO - [TRELLIS] GPU cache cleared: {'status': 'cache_cleared', 'available_memory_gb': 20.277362688}
2025-08-10 07:34:48,686 - INFO -       🔍 Validating...
2025-08-10 07:34:48,686 - INFO -       📝 Using optimized prompt for generation: 'a finely-tuned teal SUV with aerodynamic lines, tinted windows that blend seamlessly into the body, and a delicate LED light strip running along the side mirrors, front view, accurate, complete, white background...'
2025-08-10 07:34:48,686 - INFO -       🎯 Computing scores against original prompt: 'teal suv with...'
2025-08-10 07:36:10,153 - INFO -       📊 Validation score: 0.8788
2025-08-10 07:36:10,154 - INFO -       📈 Improvement detected: hybrid_approach working better
2025-08-10 07:36:10,154 - INFO - 
   🔄 RL Round 4/18
2025-08-10 07:36:10,154 - INFO -       🎯 Strategy: hybrid_approach (exploit)
2025-08-10 07:36:15,967 - INFO - [TRELLIS] GPU cache cleared: {'status': 'cache_cleared', 'available_memory_gb': 20.277362688}
2025-08-10 07:36:15,968 - INFO -       🔍 Validating...
2025-08-10 07:36:15,969 - INFO -       📝 Using optimized prompt for generation: 'a sleek teal SUV with aerodynamic lines, tinted windows that blend seamlessly into the body, and a subtle LED light strip running along the side mirrors, front view, accurate, complete, white background...'
2025-08-10 07:36:15,970 - INFO -       🎯 Computing scores against original prompt: 'teal suv with...'
2025-08-10 07:37:39,427 - INFO -       📊 Validation score: 0.9009
2025-08-10 07:37:39,429 - INFO -       📈 Improvement detected: hybrid_approach working better
2025-08-10 07:37:39,429 - INFO - 
   🔄 RL Round 5/18
2025-08-10 07:37:39,429 - INFO -       🎯 Strategy: hybrid_approach (exploit)
2025-08-10 07:37:44,474 - INFO - [TRELLIS] GPU cache cleared: {'status': 'cache_cleared', 'available_memory_gb': 20.277362688}
2025-08-10 07:37:44,475 - INFO -       🔍 Validating...
2025-08-10 07:37:44,475 - INFO -       📝 Using optimized prompt for generation: 'a refined teal SUV with aerodynamic lines, tinted windows that blend seamlessly into the body, a subtle LED light strip along the side mirrors for ambient illumination, and precise creases in the front grille, front view, accurate, complete, white background...'
2025-08-10 07:37:44,475 - INFO -       🎯 Computing scores against original prompt: 'teal suv with...'
2025-08-10 07:39:05,667 - INFO -       📊 Validation score: 0.7293
2025-08-10 07:39:05,668 - INFO -       📉 Score declined: Consider different approach
2025-08-10 07:39:05,668 - INFO - 
   🔄 RL Round 6/18
2025-08-10 07:39:05,668 - INFO -       🎯 Strategy: technical_precision (exploit)
2025-08-10 07:39:10,050 - INFO - [TRELLIS] GPU cache cleared: {'status': 'cache_cleared', 'available_memory_gb': 20.277362688}
2025-08-10 07:39:10,051 - INFO -       🔍 Validating...
2025-08-10 07:39:10,052 - INFO -       📝 Using optimized prompt for generation: 'a refined teal SUV with aerodynamic lines, tinted windows that blend seamlessly into the body, a subtle LED light strip running along the side mirrors, and precise wheel designs with low-profile tires for improved handling and stability, front view, accurate, complete, white background...'
2025-08-10 07:39:10,053 - INFO -       🎯 Computing scores against original prompt: 'teal suv with...'
2025-08-10 07:40:30,869 - INFO -       📊 Validation score: 0.8990
2025-08-10 07:40:30,870 - INFO -       📈 Improvement detected: technical_precision working better
2025-08-10 07:40:30,870 - INFO - 
   🔄 RL Round 7/18
2025-08-10 07:40:30,870 - INFO -       🎯 Strategy: hybrid_approach (exploit)
2025-08-10 07:40:35,386 - INFO - [TRELLIS] GPU cache cleared: {'status': 'cache_cleared', 'available_memory_gb': 20.277362688}
2025-08-10 07:40:35,386 - INFO -       🔍 Validating...
2025-08-10 07:40:35,387 - INFO -       📝 Using optimized prompt for generation: 'a sleek teal SUV with aerodynamic lines, tinted windows that blend seamlessly into the body, and a subtle LED light strip running along the side mirrors with precise, programmable color settings and adaptive brightness for optimal visibility under various lighting conditions, front view, accurate, complete, white background...'
2025-08-10 07:40:35,387 - INFO -       🎯 Computing scores against original prompt: 'teal suv with...'
2025-08-10 07:41:55,836 - INFO -       📊 Validation score: 0.8971
2025-08-10 07:41:55,836 - INFO -       📉 Score declined: Consider different approach
2025-08-10 07:41:55,836 - INFO - 
   🔄 RL Round 8/18
2025-08-10 07:41:55,836 - INFO -       🎯 Strategy: hybrid_approach (explore)
2025-08-10 07:42:01,953 - INFO - [TRELLIS] GPU cache cleared: {'status': 'cache_cleared', 'available_memory_gb': 20.277362688}
2025-08-10 07:42:01,954 - INFO -       🔍 Validating...
2025-08-10 07:42:01,954 - INFO -       📝 Using optimized prompt for generation: 'a sleek teal SUV with aerodynamic lines, tinted windows that blend seamlessly into the body, a subtle LED light strip running along the side mirrors and front view, accurate, complete, white background...'
2025-08-10 07:42:01,954 - INFO -       🎯 Computing scores against original prompt: 'teal suv with...'
2025-08-10 07:43:25,182 - INFO -       📊 Validation score: 0.8473
2025-08-10 07:43:25,184 - INFO -       📉 Score declined: Consider different approach
2025-08-10 07:43:25,185 - INFO - 
   🔄 RL Round 9/18
2025-08-10 07:43:25,186 - INFO -       🎯 Strategy: aggressive_transformation (explore)
2025-08-10 07:43:30,739 - INFO - [TRELLIS] GPU cache cleared: {'status': 'cache_cleared', 'available_memory_gb': 20.277362688}
2025-08-10 07:43:30,740 - INFO -       🔍 Validating...
2025-08-10 07:43:30,740 - INFO -       📝 Using optimized prompt for generation: 'a refined teal SUV with aerodynamic lines, tinted windows that blend seamlessly into the body, and a soft LED ambient light strip integrated into the dashboard, front view, accurate, complete, white background...'
2025-08-10 07:43:30,740 - INFO -       🎯 Computing scores against original prompt: 'teal suv with...'
2025-08-10 07:44:49,952 - INFO -       📊 Validation score: 0.8758
2025-08-10 07:44:49,953 - INFO -       📈 Improvement detected: aggressive_transformation working better
2025-08-10 07:44:49,953 - INFO - 
   🔄 RL Round 10/18
2025-08-10 07:44:49,953 - INFO -       🎯 Strategy: hybrid_approach (exploit)
2025-08-10 07:44:56,687 - INFO - [TRELLIS] GPU cache cleared: {'status': 'cache_cleared', 'available_memory_gb': 20.277362688}
2025-08-10 07:44:56,688 - INFO -       🔍 Validating...
2025-08-10 07:44:56,692 - INFO -       📝 Using optimized prompt for generation: 'a refined teal SUV with aerodynamic lines, tinted windows that blend seamlessly into the body, a subtle LED light strip running along the side mirrors, front view, front view, accurate, complete, white background...'
2025-08-10 07:44:56,692 - INFO -       🎯 Computing scores against original prompt: 'teal suv with...'
2025-08-10 07:46:16,727 - INFO -       📊 Validation score: 0.8777
2025-08-10 07:46:16,728 - INFO -       ✅ Convergence achieved: Convergence threshold met (improvement: 0.002)
2025-08-10 07:46:16,809 - INFO - 
🎯 RL LOOP COMPLETE:
2025-08-10 07:46:16,810 - INFO -    Best prompt: a sleek teal SUV with aerodynamic lines, tinted windows that blend seamlessly into the body, and a subtle LED light strip running along the side mirrors, front view, accurate, complete, white background
2025-08-10 07:46:16,811 - INFO -    Best score: 0.9015
2025-08-10 07:46:16,811 - INFO -    Rounds: 10
2025-08-10 07:46:16,815 - INFO -    Convergence: True
2025-08-10 07:46:16,815 - INFO -    Convergence reason: Convergence threshold met (improvement: 0.002)
2025-08-10 07:46:16,815 - INFO -    Exploration ratio: 40.0%
2025-08-10 07:46:16,815 - INFO -    Insights learned: 2
2025-08-10 07:46:16,815 - INFO -    Total time: 872.17s
2025-08-10 07:46:16,816 - INFO - Prompt optimized in 10 rounds: 0.880 → 0.901 (+0.022)
2025-08-10 07:46:16,816 - INFO - ✅ Target score achieved!
2025-08-10 07:46:16,820 - INFO - 
--- Episode 1, Prompt 16 (Total: 16) ---
2025-08-10 07:46:16,821 - INFO - Optimizing: 'silver pendant necklace featuring infinity symbol'
2025-08-10 07:46:16,821 - INFO - 🔍 Checking server availability before optimization...
2025-08-10 07:46:16,836 - INFO - ✅ Server is available (status: completed)
2025-08-10 07:46:16,839 - INFO - 📝 Marked server as used at 1754811976.8391442
2025-08-10 07:46:16,839 - INFO - ✅ Server is available and marked as used
2025-08-10 07:46:16,847 - INFO - 🔄 Reproducibility optimization returned no result
2025-08-10 07:46:16,848 - INFO -       🔧 Overriding endpoint: generate/baolei/
2025-08-10 07:46:16,848 - INFO -       🔧 Using endpoint: generate/baolei/
2025-08-10 07:46:16,853 - INFO - 
🔄 RL LOOP OPTIMIZATION: 'silver pendant necklace featuring infinity symbol'
2025-08-10 07:46:16,854 - INFO -    Session: rl_session_1754811976_5530
2025-08-10 07:46:16,854 - INFO -    Max rounds: 18
2025-08-10 07:46:16,855 - INFO -    Min rounds before convergence: 5
2025-08-10 07:46:16,856 - INFO -    Target score: 0.99
2025-08-10 07:46:16,856 - INFO - 
   🔄 RL Round 1/18
2025-08-10 07:46:16,857 - INFO -       🎯 Strategy: hybrid_approach (exploit)
2025-08-10 07:46:22,308 - INFO - [TRELLIS] GPU cache cleared: {'status': 'cache_cleared', 'available_memory_gb': 20.277362688}
2025-08-10 07:46:22,311 - INFO -       🔍 Validating...
2025-08-10 07:46:22,312 - INFO -       📝 Using optimized prompt for generation: 'a delicate silver pendant necklace featuring an intricate infinity symbol with subtle filigree details and a minimalist chain, front view, accurate, complete, white background...'
2025-08-10 07:46:22,312 - INFO -       🎯 Computing scores against original prompt: 'silver pendant necklace featuring infinity symbol...'
2025-08-10 07:47:36,078 - WARNING -    🔧 Score 0.0 - clearing CUDA cache
2025-08-10 07:47:36,078 - INFO -       📊 Validation score: 0.0000
2025-08-10 07:47:36,079 - INFO - 
   🔄 RL Round 2/18
2025-08-10 07:47:36,079 - INFO -       🎯 Strategy: technical_precision (exploit)
2025-08-10 07:47:40,498 - INFO - [TRELLIS] GPU cache cleared: {'status': 'cache_cleared', 'available_memory_gb': 20.277362688}
2025-08-10 07:47:40,499 - INFO -       🔍 Validating...
2025-08-10 07:47:40,500 - INFO -       📝 Using optimized prompt for generation: 'a delicate silver pendant necklace featuring an intricate infinity symbol with subtle filigree details and minimalist chainwork, front view, accurate, complete, white background...'
2025-08-10 07:47:40,501 - INFO -       🎯 Computing scores against original prompt: 'silver pendant necklace featuring infinity symbol...'
2025-08-10 07:48:55,759 - INFO -       📊 Validation score: 0.7484
2025-08-10 07:48:55,759 - INFO -       🎯 New best score: 0.7484
2025-08-10 07:48:55,759 - INFO - 
   🔄 RL Round 3/18
2025-08-10 07:48:55,759 - INFO -       🎯 Strategy: technical_precision (explore)
2025-08-10 07:49:00,770 - INFO - [TRELLIS] GPU cache cleared: {'status': 'cache_cleared', 'available_memory_gb': 20.277362688}
2025-08-10 07:49:00,771 - INFO -       🔍 Validating...
2025-08-10 07:49:00,771 - INFO -       📝 Using optimized prompt for generation: 'a delicate silver pendant necklace featuring an ornate infinity symbol with subtle filigree details, adorned with tiny diamonds for added sparkle...'
2025-08-10 07:49:00,772 - INFO -       🎯 Computing scores against original prompt: 'silver pendant necklace featuring infinity symbol...'
2025-08-10 07:50:25,374 - WARNING -    🔧 Score 0.0 - clearing CUDA cache
2025-08-10 07:50:25,374 - INFO -       📊 Validation score: 0.0000
2025-08-10 07:50:25,375 - INFO - 
   🔄 RL Round 4/18
2025-08-10 07:50:25,376 - INFO -       🎯 Strategy: technical_precision (explore)
2025-08-10 07:50:30,073 - INFO - [TRELLIS] GPU cache cleared: {'status': 'cache_cleared', 'available_memory_gb': 20.277362688}
2025-08-10 07:50:30,074 - INFO -       🔍 Validating...
2025-08-10 07:50:30,074 - INFO -       📝 Using optimized prompt for generation: 'a delicate silver pendant necklace featuring an ornate infinity symbol with fine filigree details and a smooth, rounded design, front view, accurate, complete, white background...'
2025-08-10 07:50:30,074 - INFO -       🎯 Computing scores against original prompt: 'silver pendant necklace featuring infinity symbol...'
2025-08-10 07:52:19,082 - INFO -       📊 Validation score: 0.7948
2025-08-10 07:52:19,082 - INFO -       🎯 New best score: 0.7948
2025-08-10 07:52:19,083 - INFO - 
   🔄 RL Round 5/18
2025-08-10 07:52:19,083 - INFO -       🎯 Strategy: hybrid_approach (explore)
2025-08-10 07:52:24,575 - INFO - [TRELLIS] GPU cache cleared: {'status': 'cache_cleared', 'available_memory_gb': 20.277362688}
2025-08-10 07:52:24,576 - INFO -       🔍 Validating...
2025-08-10 07:52:24,577 - INFO -       📝 Using optimized prompt for generation: 'a delicate silver pendant necklace featuring an ornate infinity symbol with fine filigree details and subtle textures that catch the light, front view, accurate, complete, white background...'
2025-08-10 07:52:24,578 - INFO -       🎯 Computing scores against original prompt: 'silver pendant necklace featuring infinity symbol...'
2025-08-10 07:53:45,559 - WARNING -    🔧 Score 0.0 - clearing CUDA cache
2025-08-10 07:53:45,559 - INFO -       📊 Validation score: 0.0000
2025-08-10 07:53:45,560 - INFO - 
   🔄 RL Round 6/18
2025-08-10 07:53:45,560 - INFO -       🎯 Strategy: conservative_enhancement (exploit)
2025-08-10 07:53:49,805 - INFO - [TRELLIS] GPU cache cleared: {'status': 'cache_cleared', 'available_memory_gb': 20.277362688}
2025-08-10 07:53:49,806 - INFO -       🔍 Validating...
2025-08-10 07:53:49,807 - INFO -       📝 Using optimized prompt for generation: 'a delicate silver pendant necklace featuring an intricately detailed infinity symbol with subtle ornate filigree and polished gemstone accents, front view, accurate, complete, white background...'
2025-08-10 07:53:49,808 - INFO -       🎯 Computing scores against original prompt: 'silver pendant necklace featuring infinity symbol...'
2025-08-10 07:55:08,931 - WARNING -    🔧 Score 0.0 - clearing CUDA cache
2025-08-10 07:55:08,931 - INFO -       📊 Validation score: 0.0000
2025-08-10 07:55:08,931 - INFO -       ✅ Convergence achieved: Convergence threshold met (improvement: 0.000)
2025-08-10 07:55:09,006 - INFO - 
🎯 RL LOOP COMPLETE:
2025-08-10 07:55:09,007 - INFO -    Best prompt: a delicate silver pendant necklace featuring an ornate infinity symbol with fine filigree details and a smooth, rounded design, front view, accurate, complete, white background
2025-08-10 07:55:09,007 - INFO -    Best score: 0.7948
2025-08-10 07:55:09,008 - INFO -    Rounds: 6
2025-08-10 07:55:09,008 - INFO -    Convergence: True
2025-08-10 07:55:09,008 - INFO -    Convergence reason: Convergence threshold met (improvement: 0.000)
2025-08-10 07:55:09,008 - INFO -    Exploration ratio: 50.0%
2025-08-10 07:55:09,008 - INFO -    Insights learned: 3
2025-08-10 07:55:09,009 - INFO -    Total time: 532.08s
2025-08-10 07:55:09,010 - INFO - Prompt optimized in 6 rounds: 0.000 → 0.795 (+0.795)
2025-08-10 07:55:09,010 - INFO - ✅ Target score achieved!
2025-08-10 07:55:09,016 - INFO - 
============================================================
2025-08-10 07:55:09,017 - INFO - EPISODE 1 SUMMARY
2025-08-10 07:55:09,018 - INFO - ============================================================
2025-08-10 07:55:09,019 - INFO - Success Rate: 75.0% (12/16)
2025-08-10 07:55:09,023 - INFO - Average Rounds: 11.7
2025-08-10 07:55:09,023 - INFO - Average Score Improvement: +0.151
2025-08-10 07:55:09,023 - INFO - Episode Duration: 13254.4s
2025-08-10 07:55:09,024 - INFO - New Principles Learned: 39
2025-08-10 07:55:11,031 - INFO - 
============================================================
2025-08-10 07:55:11,031 - INFO - STARTING EPISODE 2/2
2025-08-10 07:55:11,031 - INFO - ============================================================
2025-08-10 07:55:11,031 - INFO - 🔍 Checking server health at episode start...
2025-08-10 07:55:11,044 - INFO - ✅ Server health check passed
2025-08-10 07:55:11,050 - INFO - 
--- Episode 2, Prompt 1 (Total: 16) ---
2025-08-10 07:55:11,050 - INFO - Optimizing: 'violet succubus with long'
2025-08-10 07:55:11,050 - INFO - 🔍 Checking server availability before optimization...
2025-08-10 07:55:11,058 - INFO - ✅ Server is available (status: completed)
2025-08-10 07:55:11,058 - INFO - 📝 Marked server as used at 1754812511.058759
2025-08-10 07:55:11,058 - INFO - ✅ Server is available and marked as used
2025-08-10 07:55:11,066 - INFO - 🔄 Reproducibility optimization returned no result
2025-08-10 07:55:11,069 - INFO -       🔧 Overriding endpoint: generate/baolei/
2025-08-10 07:55:11,069 - INFO -       🔧 Using endpoint: generate/baolei/
2025-08-10 07:55:11,075 - INFO - 
🔄 RL LOOP OPTIMIZATION: 'violet succubus with long'
2025-08-10 07:55:11,075 - INFO -    Session: rl_session_1754812511_8894
2025-08-10 07:55:11,075 - INFO -    Max rounds: 18
2025-08-10 07:55:11,075 - INFO -    Min rounds before convergence: 5
2025-08-10 07:55:11,075 - INFO -    Target score: 0.99
2025-08-10 07:55:11,075 - INFO -       🎯 Found previous best attempt: violet succubus with long, intricately patterned wings and a slender neck, adorned with delicate filigree, front view, accurate, complete, white background (score: 0.9264)
2025-08-10 07:55:11,075 - INFO -       🎯 Strategy used: artistic_elaboration
2025-08-10 07:55:11,076 - INFO -       🎯 Session ID: rl_session_1754799254_5721
2025-08-10 07:55:11,076 - INFO -       🎯 Past final best prompt: violet succubus with long, intricately patterned wings and a slender neck, adorned with delicate filigree, front view, accurate, complete, white background
2025-08-10 07:55:11,076 - INFO -       🎯 Past final best score: 0.926
2025-08-10 07:55:11,076 - INFO -       🎯 Past session ID: rl_session_1754799254_5721
2025-08-10 07:55:11,076 - INFO -       🎯 Past learned insights: Best performing strategy in session: artistic_elaboration, Explored 3 different strategies
2025-08-10 07:55:11,076 - INFO -       🎯 Past strategy performance updates: {'artistic_elaboration': 0.07554460246946793, 'aggressive_transformation': 0.02436041535049227, 'material_focus': 0.029733961497794947}
2025-08-10 07:55:11,076 - INFO -       🎯 Past final best prompt: violet succubus with long, intricately patterned wings and a slender neck, adorned with delicate filigree, front view, accurate, complete, white background
2025-08-10 07:55:11,076 - INFO -       🎯 Past final best score: 0.926
2025-08-10 07:55:11,076 - INFO - 
   🔄 RL Round 1/18
2025-08-10 07:55:11,076 - INFO -       🎯 Strategy: conservative_enhancement (explore)
2025-08-10 07:55:15,886 - INFO - [TRELLIS] GPU cache cleared: {'status': 'cache_cleared', 'available_memory_gb': 20.277362688}
2025-08-10 07:55:15,886 - INFO -       🔍 Validating...
2025-08-10 07:55:15,886 - INFO -       📝 Using optimized prompt for generation: 'a majestic violet succubus with long, intricately patterned wings and a slender neck adorned with delicate filigree, highlighted by subtle moonlight, front view, accurate, complete, soft focus background, front view, accurate, complete, white background...'
2025-08-10 07:55:15,886 - INFO -       🎯 Computing scores against original prompt: 'violet succubus with long...'
2025-08-10 07:56:36,243 - INFO -       📊 Validation score: 0.8744
2025-08-10 07:56:36,246 - INFO - 
   🔄 RL Round 2/18
2025-08-10 07:56:36,247 - INFO -       🎯 Strategy: hybrid_approach (explore)
2025-08-10 07:56:40,937 - INFO - [TRELLIS] GPU cache cleared: {'status': 'cache_cleared', 'available_memory_gb': 20.277362688}
2025-08-10 07:56:40,940 - INFO -       🔍 Validating...
2025-08-10 07:56:40,940 - INFO -       📝 Using optimized prompt for generation: 'a majestic violet succubus with long, intricately patterned wings that gradate from deep purple at the tips to soft lavender towards the body, a slender neck adorned with delicate filigree, front view, accurate, complete, white background...'
2025-08-10 07:56:40,940 - INFO -       🎯 Computing scores against original prompt: 'violet succubus with long...'
2025-08-10 07:58:00,703 - INFO -       📊 Validation score: 0.9094
2025-08-10 07:58:00,703 - INFO -       📈 Improvement detected: hybrid_approach working better
2025-08-10 07:58:00,703 - INFO - 
   🔄 RL Round 3/18
2025-08-10 07:58:00,705 - INFO -       🎯 Strategy: aggressive_transformation (explore)
2025-08-10 07:58:05,733 - INFO - [TRELLIS] GPU cache cleared: {'status': 'cache_cleared', 'available_memory_gb': 20.277362688}
2025-08-10 07:58:05,737 - INFO -       🔍 Validating...
2025-08-10 07:58:05,737 - INFO -       📝 Using optimized prompt for generation: 'a majestic violet succubus with long, intricately patterned wings that evoke the gentle curves of a seashell, a slender neck adorned with delicate filigree, and a subtle sheen to her skin as if kissed by moonlight, front view, accurate, complete, white background...'
2025-08-10 07:58:05,737 - INFO -       🎯 Computing scores against original prompt: 'violet succubus with long...'
2025-08-10 07:59:22,435 - INFO -       📊 Validation score: 0.8456
2025-08-10 07:59:22,436 - INFO -       📉 Score declined: Consider different approach
2025-08-10 07:59:22,436 - INFO - 
   🔄 RL Round 4/18
2025-08-10 07:59:22,436 - INFO -       🎯 Strategy: aggressive_transformation (explore)
2025-08-10 07:59:26,609 - INFO - [TRELLIS] GPU cache cleared: {'status': 'cache_cleared', 'available_memory_gb': 20.277362688}
2025-08-10 07:59:26,609 - INFO -       🔍 Validating...
2025-08-10 07:59:26,609 - INFO -       📝 Using optimized prompt for generation: 'a majestic violet succubus with long, delicate filigree-embellished wings and a slender neck adorned with intricate, swirling patterns, front view, accurate, complete, white background...'
2025-08-10 07:59:26,609 - INFO -       🎯 Computing scores against original prompt: 'violet succubus with long...'
2025-08-10 08:00:44,613 - INFO -       📊 Validation score: 0.9261
2025-08-10 08:00:44,613 - INFO -       📈 Improvement detected: aggressive_transformation working better
2025-08-10 08:00:44,613 - INFO - 
   🔄 RL Round 5/18
2025-08-10 08:00:44,614 - INFO -       🎯 Strategy: aggressive_transformation (exploit)
2025-08-10 08:00:49,075 - INFO - [TRELLIS] GPU cache cleared: {'status': 'cache_cleared', 'available_memory_gb': 20.277362688}
2025-08-10 08:00:49,077 - INFO -       🔍 Validating...
2025-08-10 08:00:49,077 - INFO -       📝 Using optimized prompt for generation: 'a majestic violet succubus with long, delicately etched crystalline filigree-embellished wings and a slender neck adorned with intricate lace details, front view, accurate, complete, white background...'
2025-08-10 08:00:49,078 - INFO -       🎯 Computing scores against original prompt: 'violet succubus with long...'
2025-08-10 08:02:06,348 - INFO -       📊 Validation score: 0.8927
2025-08-10 08:02:06,349 - INFO -       📉 Score declined: Consider different approach
2025-08-10 08:02:06,349 - INFO - 
   🔄 RL Round 6/18
2025-08-10 08:02:06,349 - INFO -       🎯 Strategy: aggressive_transformation (explore)
2025-08-10 08:02:10,631 - INFO - [TRELLIS] GPU cache cleared: {'status': 'cache_cleared', 'available_memory_gb': 20.277362688}
2025-08-10 08:02:10,632 - INFO -       🔍 Validating...
2025-08-10 08:02:10,632 - INFO -       📝 Using optimized prompt for generation: 'a majestic violet succubus with long, intricately patterned wings adorned with a subtle sheen and a slender neck featuring delicate, swirling filigree that gradates to a soft purple hue at the base, front view, accurate, complete, white background...'
2025-08-10 08:02:10,632 - INFO -       🎯 Computing scores against original prompt: 'violet succubus with long...'
2025-08-10 08:03:31,116 - INFO -       📊 Validation score: 0.8353
2025-08-10 08:03:31,116 - INFO -       📉 Score declined: Consider different approach
2025-08-10 08:03:31,117 - INFO - 
   🔄 RL Round 7/18
2025-08-10 08:03:31,117 - INFO -       🎯 Strategy: aggressive_transformation (exploit)
2025-08-10 08:03:37,610 - INFO - [TRELLIS] GPU cache cleared: {'status': 'cache_cleared', 'available_memory_gb': 20.277362688}
2025-08-10 08:03:37,612 - INFO -       🔍 Validating...
2025-08-10 08:03:37,613 - INFO -       📝 Using optimized prompt for generation: 'a majestic violet succubus with long, intricately patterned filigree-embellished wings that gradate from deep purple at the tips and transition into a soft lavender near the base, adorned with delicate golden accents and a slender neck, front view, accurate, complete, white background...'
2025-08-10 08:03:37,615 - INFO -       🎯 Computing scores against original prompt: 'violet succubus with long...'
2025-08-10 08:04:57,062 - INFO -       📊 Validation score: 0.9049
2025-08-10 08:04:57,063 - INFO -       📈 Improvement detected: aggressive_transformation working better
2025-08-10 08:04:57,063 - INFO - 
   🔄 RL Round 8/18
2025-08-10 08:04:57,063 - INFO -       🎯 Strategy: aggressive_transformation (exploit)
2025-08-10 08:05:01,781 - INFO - [TRELLIS] GPU cache cleared: {'status': 'cache_cleared', 'available_memory_gb': 20.277362688}
2025-08-10 08:05:01,781 - INFO -       🔍 Validating...
2025-08-10 08:05:01,782 - INFO -       📝 Using optimized prompt for generation: 'a majestic violet succubus with long, intricately patterned filigree-embellished wings and a slender neck adorned with delicate, swirling patterns that evoke the softness of moonlit silk, front view, accurate, complete, white background...'
2025-08-10 08:05:01,782 - INFO -       🎯 Computing scores against original prompt: 'violet succubus with long...'
2025-08-10 08:06:17,933 - INFO -       📊 Validation score: 0.9256
2025-08-10 08:06:17,934 - INFO -       📈 Improvement detected: aggressive_transformation working better
2025-08-10 08:06:17,934 - INFO - 
   🔄 RL Round 9/18
2025-08-10 08:06:17,934 - INFO -       🎯 Strategy: aggressive_transformation (exploit)
2025-08-10 08:06:23,134 - INFO - [TRELLIS] GPU cache cleared: {'status': 'cache_cleared', 'available_memory_gb': 20.277362688}
2025-08-10 08:06:23,136 - INFO -       🔍 Validating...
2025-08-10 08:06:23,138 - INFO -       📝 Using optimized prompt for generation: 'a majestic violet succubus with long, intricately patterned filigree-embellished wings that gradate into iridescent blues and purples, adorned with slender silver accents and a subtle sheen, front view, accurate, complete, white background...'
2025-08-10 08:06:23,139 - INFO -       🎯 Computing scores against original prompt: 'violet succubus with long...'
2025-08-10 08:07:41,557 - INFO -       📊 Validation score: 0.9092
2025-08-10 08:07:41,557 - INFO -       📉 Score declined: Consider different approach
2025-08-10 08:07:41,557 - INFO - 
   🔄 RL Round 10/18
2025-08-10 08:07:41,557 - INFO -       🎯 Strategy: aggressive_transformation (exploit)
2025-08-10 08:07:48,086 - INFO - [TRELLIS] GPU cache cleared: {'status': 'cache_cleared', 'available_memory_gb': 20.277362688}
2025-08-10 08:07:48,087 - INFO -       🔍 Validating...
2025-08-10 08:07:48,088 - INFO -       📝 Using optimized prompt for generation: 'a majestic violet succubus with long, intricately patterned wings adorned with delicate filigree and a slender neck suspended in mid-air, illuminated by soft, ethereal light, front view, accurate, complete, white background...'
2025-08-10 08:07:48,089 - INFO -       🎯 Computing scores against original prompt: 'violet succubus with long...'
2025-08-10 08:09:07,409 - INFO -       📊 Validation score: 0.9000
2025-08-10 08:09:07,410 - INFO -       ✅ Convergence achieved: Convergence threshold met (improvement: -0.009)
2025-08-10 08:09:07,480 - INFO - 
🎯 RL LOOP COMPLETE:
2025-08-10 08:09:07,480 - INFO -    Best prompt: violet succubus with long, intricately patterned wings and a slender neck, adorned with delicate filigree, front view, accurate, complete, white background
2025-08-10 08:09:07,481 - INFO -    Best score: 0.9264
2025-08-10 08:09:07,481 - INFO -    Rounds: 10
2025-08-10 08:09:07,481 - INFO -    Convergence: True
2025-08-10 08:09:07,482 - INFO -    Convergence reason: Convergence threshold met (improvement: -0.009)
2025-08-10 08:09:07,482 - INFO -    Exploration ratio: 50.0%
2025-08-10 08:09:07,482 - INFO -    Insights learned: 3
2025-08-10 08:09:07,483 - INFO -    Total time: 836.33s
2025-08-10 08:09:07,483 - INFO - Prompt optimized in 10 rounds: 0.874 → 0.926 (+0.052)
2025-08-10 08:09:07,483 - INFO - ✅ Target score achieved!
2025-08-10 08:09:07,486 - INFO - 
--- Episode 2, Prompt 2 (Total: 16) ---
2025-08-10 08:09:07,489 - INFO - Optimizing: 'small chisel with black tip'
2025-08-10 08:09:07,490 - INFO - 🔍 Checking server availability before optimization...
2025-08-10 08:09:07,501 - INFO - ✅ Server is available (status: completed)
2025-08-10 08:09:07,501 - INFO - 📝 Marked server as used at 1754813347.5018792
2025-08-10 08:09:07,501 - INFO - ✅ Server is available and marked as used
2025-08-10 08:09:07,509 - INFO - 🔄 Reproducibility optimization returned no result
2025-08-10 08:09:07,509 - INFO -       🔧 Overriding endpoint: generate/baolei/
2025-08-10 08:09:07,512 - INFO -       🔧 Using endpoint: generate/baolei/
2025-08-10 08:09:07,517 - INFO - 
🔄 RL LOOP OPTIMIZATION: 'small chisel with black tip'
2025-08-10 08:09:07,517 - INFO -    Session: rl_session_1754813347_2472
2025-08-10 08:09:07,517 - INFO -    Max rounds: 18
2025-08-10 08:09:07,517 - INFO -    Min rounds before convergence: 5
2025-08-10 08:09:07,518 - INFO -    Target score: 0.99
2025-08-10 08:09:07,518 - INFO -       🎯 Found previous best attempt: a small, curved chisel with a black titanium tip, front view, accurate, complete, white background (score: 0.9089)
2025-08-10 08:09:07,518 - INFO -       🎯 Strategy used: material_focus
2025-08-10 08:09:07,518 - INFO -       🎯 Session ID: rl_session_1754799738_2359
2025-08-10 08:09:07,518 - INFO -       🎯 Past final best prompt: a small, curved chisel with a black titanium tip, front view, accurate, complete, white background
2025-08-10 08:09:07,518 - INFO -       🎯 Past final best score: 0.909
2025-08-10 08:09:07,519 - INFO -       🎯 Past session ID: rl_session_1754799738_2359
2025-08-10 08:09:07,520 - INFO -       🎯 Past learned insights: Best performing strategy in session: material_focus, Explored 3 different strategies
2025-08-10 08:09:07,520 - INFO -       🎯 Past strategy performance updates: {'material_focus': 0.04414208386345808, 'artistic_elaboration': -0.06229661945553411, 'aggressive_transformation': -0.012525411360362115}
2025-08-10 08:09:07,520 - INFO -       🎯 Past final best prompt: a small, curved chisel with a black titanium tip, front view, accurate, complete, white background
2025-08-10 08:09:07,520 - INFO -       🎯 Past final best score: 0.909
2025-08-10 08:09:07,520 - INFO - 
   🔄 RL Round 1/18
2025-08-10 08:09:07,520 - INFO -       🎯 Strategy: aggressive_transformation (explore)
2025-08-10 08:09:12,502 - INFO - [TRELLIS] GPU cache cleared: {'status': 'cache_cleared', 'available_memory_gb': 20.277362688}
2025-08-10 08:09:12,505 - INFO -       🔍 Validating...
2025-08-10 08:09:12,505 - INFO -       📝 Using optimized prompt for generation: 'a slender small chisel with a black titanium tip, angled slightly for optimal striking, detailed finish, white background...'
2025-08-10 08:09:12,505 - INFO -       🎯 Computing scores against original prompt: 'small chisel with black tip...'
2025-08-10 08:10:29,634 - INFO -       📊 Validation score: 0.9183
2025-08-10 08:10:29,634 - INFO -       🎯 New best score: 0.9183
2025-08-10 08:10:29,634 - INFO - 
   🔄 RL Round 2/18
2025-08-10 08:10:29,635 - INFO -       🎯 Strategy: artistic_elaboration (explore)
2025-08-10 08:10:42,393 - WARNING - [TRELLIS] Exception clearing GPU cache: HTTPConnectionPool(host='localhost', port=8096): Read timed out. (read timeout=10)
2025-08-10 08:10:42,394 - INFO -       🔍 Validating...
2025-08-10 08:10:42,394 - INFO -       📝 Using optimized prompt for generation: 'small chisel with black titanium alloy tip, worn handle, precise angle, front view, accurate, complete, white background...'
2025-08-10 08:10:42,394 - INFO -       🎯 Computing scores against original prompt: 'small chisel with black tip...'
2025-08-10 08:12:15,779 - INFO -       📊 Validation score: 0.9168
2025-08-10 08:12:15,779 - INFO -       📉 Score declined: Consider different approach
2025-08-10 08:12:15,779 - INFO - 
   🔄 RL Round 3/18
2025-08-10 08:12:15,780 - INFO -       🎯 Strategy: aggressive_transformation (exploit)
2025-08-10 08:12:20,461 - INFO - [TRELLIS] GPU cache cleared: {'status': 'cache_cleared', 'available_memory_gb': 20.277362688}
2025-08-10 08:12:20,463 - INFO -       🔍 Validating...
2025-08-10 08:12:20,464 - INFO -       📝 Using optimized prompt for generation: 'a small, curved chisel with a highly polished black titanium tip, front view, accurate, complete, white background...'
2025-08-10 08:12:20,465 - INFO -       🎯 Computing scores against original prompt: 'small chisel with black tip...'
2025-08-10 08:13:36,539 - INFO -       📊 Validation score: 0.9090
2025-08-10 08:13:36,540 - INFO -       📉 Score declined: Consider different approach
2025-08-10 08:13:36,540 - INFO - 
   🔄 RL Round 4/18
2025-08-10 08:13:36,540 - INFO -       🎯 Strategy: artistic_elaboration (explore)
2025-08-10 08:13:40,597 - INFO - [TRELLIS] GPU cache cleared: {'status': 'cache_cleared', 'available_memory_gb': 20.277362688}
2025-08-10 08:13:40,598 - INFO -       🔍 Validating...
2025-08-10 08:13:40,599 - INFO -       📝 Using optimized prompt for generation: 'a small, curved chisel with a highly polished black titanium alloy edge, precise angle, detailed texture of metal grain...'
2025-08-10 08:13:40,599 - INFO -       🎯 Computing scores against original prompt: 'small chisel with black tip...'
2025-08-10 08:14:59,932 - INFO -       📊 Validation score: 0.8831
2025-08-10 08:14:59,932 - INFO -       📉 Score declined: Consider different approach
2025-08-10 08:14:59,932 - INFO - 
   🔄 RL Round 5/18
2025-08-10 08:14:59,932 - INFO -       🎯 Strategy: technical_precision (explore)
2025-08-10 08:15:04,210 - INFO - [TRELLIS] GPU cache cleared: {'status': 'cache_cleared', 'available_memory_gb': 20.277362688}
2025-08-10 08:15:04,213 - INFO -       🔍 Validating...
2025-08-10 08:15:04,213 - INFO -       📝 Using optimized prompt for generation: 'a small, curved chisel with a highly polished black titanium alloy edge, precise angle, detailed texture, with subtle hints of wear and tear on the handle, front view, accurate, complete, white background...'
2025-08-10 08:15:04,214 - INFO -       🎯 Computing scores against original prompt: 'small chisel with black tip...'
2025-08-10 08:16:21,705 - INFO -       📊 Validation score: 0.4307
2025-08-10 08:16:21,705 - INFO -       📉 Score declined: Consider different approach
2025-08-10 08:16:21,705 - INFO -       🔍 Increasing exploration to 0.63
2025-08-10 08:16:21,705 - INFO - 
   🔄 RL Round 6/18
2025-08-10 08:16:21,706 - INFO -       🎯 Strategy: aggressive_transformation (exploit)
2025-08-10 08:16:27,183 - INFO - [TRELLIS] GPU cache cleared: {'status': 'cache_cleared', 'available_memory_gb': 20.277362688}
2025-08-10 08:16:27,184 - INFO -       🔍 Validating...
2025-08-10 08:16:27,185 - INFO -       📝 Using optimized prompt for generation: 'a small, curved chisel with a highly polished black titanium alloy edge and a matte black titanium tip, front view, precise angle, front view, accurate, complete, white background...'
2025-08-10 08:16:27,187 - INFO -       🎯 Computing scores against original prompt: 'small chisel with black tip...'
2025-08-10 08:17:40,734 - INFO -       📊 Validation score: 0.6379
2025-08-10 08:17:40,735 - INFO -       📈 Improvement detected: aggressive_transformation working better
2025-08-10 08:17:40,735 - INFO - 
   🔄 RL Round 7/18
2025-08-10 08:17:40,735 - INFO -       🎯 Strategy: aggressive_transformation (explore)
2025-08-10 08:17:45,033 - INFO - [TRELLIS] GPU cache cleared: {'status': 'cache_cleared', 'available_memory_gb': 20.277362688}
2025-08-10 08:17:45,034 - INFO -       🔍 Validating...
2025-08-10 08:17:45,034 - INFO -       📝 Using optimized prompt for generation: 'a small, curved chisel with a polished black titanium alloy edge, precise angle, detailed texture, high-carbon content, front view, accurate, complete, white background...'
2025-08-10 08:17:45,035 - INFO -       🎯 Computing scores against original prompt: 'small chisel with black tip...'
2025-08-10 08:19:05,356 - INFO -       📊 Validation score: 0.7581
2025-08-10 08:19:05,357 - INFO -       📈 Improvement detected: aggressive_transformation working better
2025-08-10 08:19:05,357 - INFO - 
   🔄 RL Round 8/18
2025-08-10 08:19:05,357 - INFO -       🎯 Strategy: aggressive_transformation (explore)
2025-08-10 08:19:09,960 - INFO - [TRELLIS] GPU cache cleared: {'status': 'cache_cleared', 'available_memory_gb': 20.277362688}
2025-08-10 08:19:09,962 - INFO -       🔍 Validating...
2025-08-10 08:19:09,962 - INFO -       📝 Using optimized prompt for generation: 'a small, curved chisel with a highly polished black titanium alloy edge, precision-ground for optimal striking, detailed texture on the handle, front view, accurate, complete, white background...'
2025-08-10 08:19:09,963 - INFO -       🎯 Computing scores against original prompt: 'small chisel with black tip...'
2025-08-10 08:20:26,170 - INFO -       📊 Validation score: 0.8819
2025-08-10 08:20:26,171 - INFO -       📈 Improvement detected: aggressive_transformation working better
2025-08-10 08:20:26,171 - INFO - 
   🔄 RL Round 9/18
2025-08-10 08:20:26,172 - INFO -       🎯 Strategy: conservative_enhancement (explore)
2025-08-10 08:20:30,874 - INFO - [TRELLIS] GPU cache cleared: {'status': 'cache_cleared', 'available_memory_gb': 20.277362688}
2025-08-10 08:20:30,875 - INFO -       🔍 Validating...
2025-08-10 08:20:30,876 - INFO -       📝 Using optimized prompt for generation: 'a small, curved chisel with a highly polished black titanium alloy edge and precision-ground for optimal striking, front view, front view, accurate, complete, white background...'
2025-08-10 08:20:30,877 - INFO -       🎯 Computing scores against original prompt: 'small chisel with black tip...'
2025-08-10 08:21:53,544 - INFO -       📊 Validation score: 0.6977
2025-08-10 08:21:53,544 - INFO -       📉 Score declined: Consider different approach
2025-08-10 08:21:53,544 - INFO - 
   🔄 RL Round 10/18
2025-08-10 08:21:53,545 - INFO -       🎯 Strategy: aggressive_transformation (exploit)
2025-08-10 08:22:02,884 - INFO - [TRELLIS] GPU cache cleared: {'status': 'cache_cleared', 'available_memory_gb': 20.277362688}
2025-08-10 08:22:02,888 - INFO -       🔍 Validating...
2025-08-10 08:22:02,891 - INFO -       📝 Using optimized prompt for generation: 'a small, curved chisel with a highly polished black titanium alloy edge, precise angle, detailed texture on the handle, matte black titanium tip...'
2025-08-10 08:22:02,891 - INFO -       🎯 Computing scores against original prompt: 'small chisel with black tip...'
2025-08-10 08:23:22,750 - INFO -       📊 Validation score: 0.8026
2025-08-10 08:23:22,752 - INFO -       📈 Improvement detected: aggressive_transformation working better
2025-08-10 08:23:22,753 - INFO - 
   🔄 RL Round 11/18
2025-08-10 08:23:22,753 - INFO -       🎯 Strategy: aggressive_transformation (exploit)
2025-08-10 08:23:28,088 - INFO - [TRELLIS] GPU cache cleared: {'status': 'cache_cleared', 'available_memory_gb': 20.277362688}
2025-08-10 08:23:28,092 - INFO -       🔍 Validating...
2025-08-10 08:23:28,092 - INFO -       📝 Using optimized prompt for generation: 'a small, curved chisel with a highly polished black titanium alloy edge and a matte black titanium handle, front view, accurate, complete, white background...'
2025-08-10 08:23:28,092 - INFO -       🎯 Computing scores against original prompt: 'small chisel with black tip...'
2025-08-10 08:24:47,447 - INFO -       📊 Validation score: 0.6613
2025-08-10 08:24:47,447 - INFO -       📉 Score declined: Consider different approach
2025-08-10 08:24:47,447 - INFO - 
   🔄 RL Round 12/18
2025-08-10 08:24:47,447 - INFO -       🎯 Strategy: aggressive_transformation (explore)
2025-08-10 08:24:52,169 - INFO - [TRELLIS] GPU cache cleared: {'status': 'cache_cleared', 'available_memory_gb': 20.277362688}
2025-08-10 08:24:52,170 - INFO -       🔍 Validating...
2025-08-10 08:24:52,170 - INFO -       📝 Using optimized prompt for generation: 'a small, curved chisel with a highly polished black titanium alloy edge and precision-ground for optimal striking detail, front view...'
2025-08-10 08:24:52,170 - INFO -       🎯 Computing scores against original prompt: 'small chisel with black tip...'
2025-08-10 08:26:09,165 - INFO -       📊 Validation score: 0.8594
2025-08-10 08:26:09,166 - INFO -       📈 Improvement detected: aggressive_transformation working better
2025-08-10 08:26:09,166 - INFO - 
   🔄 RL Round 13/18
2025-08-10 08:26:09,166 - INFO -       🎯 Strategy: material_focus (explore)
2025-08-10 08:26:13,179 - INFO - [TRELLIS] GPU cache cleared: {'status': 'cache_cleared', 'available_memory_gb': 20.277362688}
2025-08-10 08:26:13,182 - INFO -       🔍 Validating...
2025-08-10 08:26:13,183 - INFO -       📝 Using optimized prompt for generation: 'a small, curved chisel with a highly polished black titanium alloy edge and precision-ground for optimal striking, detailed texture, worn handle, front view, accurate, complete, white background...'
2025-08-10 08:26:13,184 - INFO -       🎯 Computing scores against original prompt: 'small chisel with black tip...'
2025-08-10 08:27:28,844 - INFO -       📊 Validation score: 0.4040
2025-08-10 08:27:28,844 - INFO -       📉 Score declined: Consider different approach
2025-08-10 08:27:28,845 - INFO -       🔍 Increasing exploration to 0.57
2025-08-10 08:27:28,845 - INFO - 
   🔄 RL Round 14/18
2025-08-10 08:27:28,845 - INFO -       🎯 Strategy: material_focus (explore)
2025-08-10 08:27:32,901 - INFO - [TRELLIS] GPU cache cleared: {'status': 'cache_cleared', 'available_memory_gb': 20.277362688}
2025-08-10 08:27:32,902 - INFO -       🔍 Validating...
2025-08-10 08:27:32,902 - INFO -       📝 Using optimized prompt for generation: 'a small, curved chisel with a highly polished black titanium alloy edge and precision-ground for optimal striking, front view, accurate, complete, front view, accurate, complete, white background...'
2025-08-10 08:27:32,903 - INFO -       🎯 Computing scores against original prompt: 'small chisel with black tip...'
2025-08-10 08:28:52,383 - INFO -       📊 Validation score: 0.8926
2025-08-10 08:28:52,384 - INFO -       📈 Improvement detected: material_focus working better
2025-08-10 08:28:52,384 - INFO - 
   🔄 RL Round 15/18
2025-08-10 08:28:52,384 - INFO -       🎯 Strategy: artistic_elaboration (explore)
2025-08-10 08:28:56,877 - INFO - [TRELLIS] GPU cache cleared: {'status': 'cache_cleared', 'available_memory_gb': 20.277362688}
2025-08-10 08:28:56,879 - INFO -       🔍 Validating...
2025-08-10 08:28:56,881 - INFO -       📝 Using optimized prompt for generation: 'a small, curved chisel with a highly polished black titanium alloy edge, precision-ground for optimal striking, front view, accurate, complete, white background...'
2025-08-10 08:28:56,881 - INFO -       🎯 Computing scores against original prompt: 'small chisel with black tip...'
2025-08-10 08:30:17,528 - INFO -       📊 Validation score: 0.9167
2025-08-10 08:30:17,528 - INFO -       📈 Improvement detected: artistic_elaboration working better
2025-08-10 08:30:17,528 - INFO - 
   🔄 RL Round 16/18
2025-08-10 08:30:17,529 - INFO -       🎯 Strategy: artistic_elaboration (exploit)
2025-08-10 08:30:21,760 - INFO - [TRELLIS] GPU cache cleared: {'status': 'cache_cleared', 'available_memory_gb': 20.277362688}
2025-08-10 08:30:21,762 - INFO -       🔍 Validating...
2025-08-10 08:30:21,763 - INFO -       📝 Using optimized prompt for generation: 'a small, curved chisel with a highly polished black titanium alloy edge and precision-ground for optimal striking, detailed texture on the tip, front view, accurate, complete, white background...'
2025-08-10 08:30:21,763 - INFO -       🎯 Computing scores against original prompt: 'small chisel with black tip...'
2025-08-10 08:31:37,256 - INFO -       📊 Validation score: 0.5314
2025-08-10 08:31:37,259 - INFO -       📉 Score declined: Consider different approach
2025-08-10 08:31:37,260 - INFO - 
   🔄 RL Round 17/18
2025-08-10 08:31:37,260 - INFO -       🎯 Strategy: artistic_elaboration (explore)
2025-08-10 08:31:41,413 - INFO - [TRELLIS] GPU cache cleared: {'status': 'cache_cleared', 'available_memory_gb': 20.277362688}
2025-08-10 08:31:41,415 - INFO -       🔍 Validating...
2025-08-10 08:31:41,417 - INFO -       📝 Using optimized prompt for generation: 'a small, curved chisel with a highly polished black titanium alloy edge and precision-ground for optimal striking, detailed texture on the handle, front view, accurate, complete, white background...'
2025-08-10 08:31:41,418 - INFO -       🎯 Computing scores against original prompt: 'small chisel with black tip...'
2025-08-10 08:32:59,035 - INFO -       📊 Validation score: 0.8265
2025-08-10 08:32:59,037 - INFO -       📈 Improvement detected: artistic_elaboration working better
2025-08-10 08:32:59,037 - INFO - 
   🔄 RL Round 18/18
2025-08-10 08:32:59,037 - INFO -       🔍 Explore performing better - increasing epsilon to 0.60
2025-08-10 08:32:59,037 - INFO -       🎯 Strategy: aggressive_transformation (exploit)
2025-08-10 08:33:02,994 - INFO - [TRELLIS] GPU cache cleared: {'status': 'cache_cleared', 'available_memory_gb': 20.277362688}
2025-08-10 08:33:02,994 - INFO -       🔍 Validating...
2025-08-10 08:33:02,995 - INFO -       📝 Using optimized prompt for generation: 'a small, curved chisel with a highly polished black titanium alloy edge and precision-ground for optimal striking, detailed texture on the handle...'
2025-08-10 08:33:02,995 - INFO -       🎯 Computing scores against original prompt: 'small chisel with black tip...'
2025-08-10 08:34:27,196 - INFO -       📊 Validation score: 0.8566
2025-08-10 08:34:27,264 - INFO - 
🎯 RL LOOP COMPLETE:
2025-08-10 08:34:27,266 - INFO -    Best prompt: a slender small chisel with a black titanium tip, angled slightly for optimal striking, detailed finish, white background
2025-08-10 08:34:27,266 - INFO -    Best score: 0.9183
2025-08-10 08:34:27,266 - INFO -    Rounds: 18
2025-08-10 08:34:27,267 - INFO -    Convergence: False
2025-08-10 08:34:27,267 - INFO -    Convergence reason: Not converged
2025-08-10 08:34:27,268 - INFO -    Exploration ratio: 66.7%
2025-08-10 08:34:27,268 - INFO -    Insights learned: 2
2025-08-10 08:34:27,268 - INFO -    Total time: 1519.68s
2025-08-10 08:34:27,268 - INFO - Prompt optimized in 18 rounds: 0.918 → 0.918 (+0.000)
2025-08-10 08:34:27,268 - INFO - ⏰ Max rounds reached
2025-08-10 08:34:27,277 - INFO - 
--- Episode 2, Prompt 3 (Total: 16) ---
2025-08-10 08:34:27,281 - INFO - Optimizing: 'deep navy robot with sophisticated style'
2025-08-10 08:34:27,284 - INFO - 🔍 Checking server availability before optimization...
2025-08-10 08:34:27,300 - INFO - ✅ Server is available (status: completed)
2025-08-10 08:34:27,300 - INFO - 📝 Marked server as used at 1754814867.3003743
2025-08-10 08:34:27,300 - INFO - ✅ Server is available and marked as used
2025-08-10 08:34:27,315 - INFO - 🔄 Reproducibility optimization returned no result
2025-08-10 08:34:27,315 - INFO -       🔧 Overriding endpoint: generate/baolei/
2025-08-10 08:34:27,315 - INFO -       🔧 Using endpoint: generate/baolei/
2025-08-10 08:34:27,319 - INFO - 
🔄 RL LOOP OPTIMIZATION: 'deep navy robot with sophisticated style'
2025-08-10 08:34:27,319 - INFO -    Session: rl_session_1754814867_5307
2025-08-10 08:34:27,319 - INFO -    Max rounds: 18
2025-08-10 08:34:27,319 - INFO -    Min rounds before convergence: 5
2025-08-10 08:34:27,319 - INFO -    Target score: 0.99
2025-08-10 08:34:27,320 - INFO -       🎯 Found previous best attempt: a deep navy robot with streamlined metallic surfaces and angular lines, complemented by subtle LED accents that shift between warm and cool tones to enhance its sophisticated style, front view, accurate, complete, white background (score: 0.9138)
2025-08-10 08:34:27,320 - INFO -       🎯 Strategy used: conservative_enhancement
2025-08-10 08:34:27,323 - INFO -       🎯 Session ID: rl_session_1754800133_4543
2025-08-10 08:34:27,323 - INFO -       🎯 Past final best prompt: a deep navy robot with streamlined metallic surfaces and angular lines, complemented by subtle LED accents that shift between warm and cool tones to enhance its sophisticated style, front view, accurate, complete, white background
2025-08-10 08:34:27,323 - INFO -       🎯 Past final best score: 0.914
2025-08-10 08:34:27,323 - INFO -       🎯 Past session ID: rl_session_1754800133_4543
2025-08-10 08:34:27,323 - INFO -       🎯 Past learned insights: Best performing strategy in session: conservative_enhancement, Explored 4 different strategies
2025-08-10 08:34:27,323 - INFO -       🎯 Past strategy performance updates: {'material_focus': 0.0064944505072761505, 'aggressive_transformation': -0.021624101658070494, 'technical_precision': 0.03605073148591442, 'conservative_enhancement': 0.044784688490226654}
2025-08-10 08:34:27,323 - INFO -       🎯 Past final best prompt: a deep navy robot with streamlined metallic surfaces and angular lines, complemented by subtle LED accents that shift between warm and cool tones to enhance its sophisticated style, front view, accurate, complete, white background
2025-08-10 08:34:27,323 - INFO -       🎯 Past final best score: 0.914
2025-08-10 08:34:27,323 - INFO - 
   🔄 RL Round 1/18
2025-08-10 08:34:27,324 - INFO -       🔍 Explore performing better - increasing epsilon to 0.64
2025-08-10 08:34:27,324 - INFO -       🎯 Strategy: aggressive_transformation (exploit)
2025-08-10 08:34:31,712 - INFO - [TRELLIS] GPU cache cleared: {'status': 'cache_cleared', 'available_memory_gb': 20.277362688}
2025-08-10 08:34:31,712 - INFO -       🔍 Validating...
2025-08-10 08:34:31,713 - INFO -       📝 Using optimized prompt for generation: 'a deep navy robot with refined metallic surfaces and nuanced angular lines that subtly evoke a sense of elegance, complemented by precision-cut LED accents that shift between cool and warm tones to enhance its sophisticated style, front view, accurate, complete, white background...'
2025-08-10 08:34:31,713 - INFO -       🎯 Computing scores against original prompt: 'deep navy robot with sophisticated style...'
2025-08-10 08:35:49,528 - INFO -       📊 Validation score: 0.8219
2025-08-10 08:35:49,528 - INFO - 
   🔄 RL Round 2/18
2025-08-10 08:35:49,528 - INFO -       🎯 Strategy: artistic_elaboration (explore)
2025-08-10 08:35:54,568 - INFO - [TRELLIS] GPU cache cleared: {'status': 'cache_cleared', 'available_memory_gb': 20.277362688}
2025-08-10 08:35:54,568 - INFO -       🔍 Validating...
2025-08-10 08:35:54,568 - INFO -       📝 Using optimized prompt for generation: 'a deep navy robot with refined metallic surfaces and nuanced angular lines that subtly evoke a sense of mystery and depth in its streamlined design, front view, accurate, complete, white background...'
2025-08-10 08:35:54,568 - INFO -       🎯 Computing scores against original prompt: 'deep navy robot with sophisticated style...'
2025-08-10 08:37:15,124 - INFO -       📊 Validation score: 0.8896
2025-08-10 08:37:15,125 - INFO -       📈 Improvement detected: artistic_elaboration working better
2025-08-10 08:37:15,125 - INFO - 
   🔄 RL Round 3/18
2025-08-10 08:37:15,125 - INFO -       🔍 Explore performing better - increasing epsilon to 0.69
2025-08-10 08:37:15,126 - INFO -       🎯 Strategy: aggressive_transformation (explore)
2025-08-10 08:37:20,568 - INFO - [TRELLIS] GPU cache cleared: {'status': 'cache_cleared', 'available_memory_gb': 20.277362688}
2025-08-10 08:37:20,569 - INFO -       🔍 Validating...
2025-08-10 08:37:20,570 - INFO -       📝 Using optimized prompt for generation: 'a deep navy robot with refined metallic surfaces and precision-engineered angular lines that subtly shift between warm and cool tones to enhance its sophisticated style, front view, front view, accurate, complete, white background...'
2025-08-10 08:37:20,571 - INFO -       🎯 Computing scores against original prompt: 'deep navy robot with sophisticated style...'
2025-08-10 08:38:41,383 - INFO -       📊 Validation score: 0.9070
2025-08-10 08:38:41,383 - INFO -       📈 Improvement detected: aggressive_transformation working better
2025-08-10 08:38:41,383 - INFO - 
   🔄 RL Round 4/18
2025-08-10 08:38:41,383 - INFO -       🔍 Explore performing better - increasing epsilon to 0.74
2025-08-10 08:38:41,383 - INFO -       🎯 Strategy: technical_precision (explore)
2025-08-10 08:38:47,402 - INFO - [TRELLIS] GPU cache cleared: {'status': 'cache_cleared', 'available_memory_gb': 20.277362688}
2025-08-10 08:38:47,403 - INFO -       🔍 Validating...
2025-08-10 08:38:47,404 - INFO -       📝 Using optimized prompt for generation: 'a deep navy robot with refined metallic surfaces and nuanced, high-contrast shadows that accentuate the interplay between its surfaces and subtle LED accents shifting between warm and cool tones to enhance its sophisticated style, front view, accurate, complete, white background...'
2025-08-10 08:38:47,404 - INFO -       🎯 Computing scores against original prompt: 'deep navy robot with sophisticated style...'
2025-08-10 08:40:09,045 - INFO -       📊 Validation score: 0.8664
2025-08-10 08:40:09,046 - INFO -       📉 Score declined: Consider different approach
2025-08-10 08:40:09,047 - INFO - 
   🔄 RL Round 5/18
2025-08-10 08:40:09,047 - INFO -       🔍 Explore performing better - increasing epsilon to 0.79
2025-08-10 08:40:09,048 - INFO -       🎯 Strategy: contextual_scene_building (explore)
2025-08-10 08:40:15,084 - INFO - [TRELLIS] GPU cache cleared: {'status': 'cache_cleared', 'available_memory_gb': 20.277362688}
2025-08-10 08:40:15,089 - INFO -       🔍 Validating...
2025-08-10 08:40:15,089 - INFO -       📝 Using optimized prompt for generation: 'a deep navy robot with streamlined metallic surfaces featuring precision-crafted angular lines that subtly morph between gentle curves and sharp edges, complemented by subtle LED accents that shift between warm and cool tones to enhance its sophisticated style, front view, accurate, complete, white background...'
2025-08-10 08:40:15,089 - INFO -       🎯 Computing scores against original prompt: 'deep navy robot with sophisticated style...'
2025-08-10 08:41:39,286 - INFO -       📊 Validation score: 0.8883
2025-08-10 08:41:39,287 - INFO -       📈 Improvement detected: contextual_scene_building working better
2025-08-10 08:41:39,287 - INFO - 
   🔄 RL Round 6/18
2025-08-10 08:41:39,287 - INFO -       🔍 Explore performing better - increasing epsilon to 0.80
2025-08-10 08:41:39,287 - INFO -       🎯 Strategy: artistic_elaboration (exploit)
2025-08-10 08:41:54,693 - WARNING - [TRELLIS] Exception clearing GPU cache: HTTPConnectionPool(host='localhost', port=8096): Read timed out. (read timeout=10)
2025-08-10 08:41:54,693 - INFO -       🔍 Validating...
2025-08-10 08:41:54,694 - INFO -       📝 Using optimized prompt for generation: 'a deep navy robot with refined, precision-engineered metallic surfaces featuring angular lines that subtly evoke a sense of sophistication and elegance, complemented by subtle LED accents that shift between warm and cool tones to enhance its sophisticated style, front view, accurate, complete, white background...'
2025-08-10 08:41:54,694 - INFO -       🎯 Computing scores against original prompt: 'deep navy robot with sophisticated style...'
2025-08-10 08:43:14,544 - INFO -       📊 Validation score: 0.8610
2025-08-10 08:43:14,544 - INFO -       📉 Score declined: Consider different approach
2025-08-10 08:43:14,544 - INFO - 
   🔄 RL Round 7/18
2025-08-10 08:43:14,544 - INFO -       🔍 Explore performing better - increasing epsilon to 0.80
2025-08-10 08:43:14,545 - INFO -       🎯 Strategy: contextual_scene_building (explore)
2025-08-10 08:43:19,668 - INFO - [TRELLIS] GPU cache cleared: {'status': 'cache_cleared', 'available_memory_gb': 20.277362688}
2025-08-10 08:43:19,669 - INFO -       🔍 Validating...
2025-08-10 08:43:19,670 - INFO -       📝 Using optimized prompt for generation: 'a deep navy robot with precision-crafted angular lines and micro-scaled LED accents that subtly shift between warm and cool tones to enhance its sophisticated style, front view, accurate, complete, white background...'
2025-08-10 08:43:19,670 - INFO -       🎯 Computing scores against original prompt: 'deep navy robot with sophisticated style...'
2025-08-10 08:44:40,348 - INFO -       📊 Validation score: 0.9202
2025-08-10 08:44:40,348 - INFO -       🎯 New best score: 0.9202
2025-08-10 08:44:40,348 - INFO -       📈 Improvement detected: contextual_scene_building working better
2025-08-10 08:44:40,348 - INFO - 
   🔄 RL Round 8/18
2025-08-10 08:44:40,348 - INFO -       🔍 Explore performing better - increasing epsilon to 0.80
2025-08-10 08:44:40,349 - INFO -       🎯 Strategy: conservative_enhancement (explore)
2025-08-10 08:44:44,900 - INFO - [TRELLIS] GPU cache cleared: {'status': 'cache_cleared', 'available_memory_gb': 20.277362688}
2025-08-10 08:44:44,902 - INFO -       🔍 Validating...
2025-08-10 08:44:44,904 - INFO -       📝 Using optimized prompt for generation: 'a deep navy robot with refined metallic surfaces featuring precision-engineered angular lines that subtly evoke a sense of sophistication and understated elegance, front view, accurate, complete, white background...'
2025-08-10 08:44:44,905 - INFO -       🎯 Computing scores against original prompt: 'deep navy robot with sophisticated style...'
2025-08-10 08:46:05,594 - INFO -       📊 Validation score: 0.9047
2025-08-10 08:46:05,595 - INFO -       🔍 Explore performing better - stricter convergence threshold: 0.005
2025-08-10 08:46:05,595 - INFO -       📉 Score declined: Consider different approach
2025-08-10 08:46:05,595 - INFO - 
   🔄 RL Round 9/18
2025-08-10 08:46:05,595 - INFO -       🔍 Explore performing better - increasing epsilon to 0.80
2025-08-10 08:46:05,595 - INFO -       🎯 Strategy: technical_precision (explore)
2025-08-10 08:46:11,790 - INFO - [TRELLIS] GPU cache cleared: {'status': 'cache_cleared', 'available_memory_gb': 20.277362688}
2025-08-10 08:46:11,792 - INFO -       🔍 Validating...
2025-08-10 08:46:11,792 - INFO -       📝 Using optimized prompt for generation: 'a deep navy robot with refined, precision-engineered metallic surfaces featuring angular lines that subtly reflect warm and cool tones through its integrated LED accents, sophisticated style, front view, accurate, complete, white background...'
2025-08-10 08:46:11,793 - INFO -       🎯 Computing scores against original prompt: 'deep navy robot with sophisticated style...'
2025-08-10 08:47:28,936 - INFO -       📊 Validation score: 0.8837
2025-08-10 08:47:28,937 - INFO -       🔍 Explore performing better - stricter convergence threshold: 0.005
2025-08-10 08:47:28,937 - INFO -       📉 Score declined: Consider different approach
2025-08-10 08:47:28,937 - INFO - 
   🔄 RL Round 10/18
2025-08-10 08:47:28,937 - INFO -       🔍 Explore performing better - increasing epsilon to 0.80
2025-08-10 08:47:28,937 - INFO -       🎯 Strategy: contextual_scene_building (exploit)
2025-08-10 08:47:33,932 - INFO - [TRELLIS] GPU cache cleared: {'status': 'cache_cleared', 'available_memory_gb': 20.277362688}
2025-08-10 08:47:33,932 - INFO -       🔍 Validating...
2025-08-10 08:47:33,932 - INFO -       📝 Using optimized prompt for generation: 'a deep navy robot with precision-engineered metallic surfaces featuring angular lines and subtle LED accents that subtly shift between warm and cool tones to enhance its sophisticated style, front view, accurate, complete, white background...'
2025-08-10 08:47:33,933 - INFO -       🎯 Computing scores against original prompt: 'deep navy robot with sophisticated style...'
2025-08-10 08:48:54,657 - INFO -       📊 Validation score: 0.9119
2025-08-10 08:48:54,658 - INFO -       🔍 Explore performing better - stricter convergence threshold: 0.005
2025-08-10 08:48:54,659 - INFO -       📈 Improvement detected: contextual_scene_building working better
2025-08-10 08:48:54,659 - INFO - 
   🔄 RL Round 11/18
2025-08-10 08:48:54,659 - INFO -       🔍 Explore performing better - increasing epsilon to 0.80
2025-08-10 08:48:54,659 - INFO -       🎯 Strategy: conservative_enhancement (explore)
2025-08-10 08:48:59,037 - INFO - [TRELLIS] GPU cache cleared: {'status': 'cache_cleared', 'available_memory_gb': 20.277362688}
2025-08-10 08:48:59,037 - INFO -       🔍 Validating...
2025-08-10 08:48:59,038 - INFO -       📝 Using optimized prompt for generation: 'a deep navy robot with refined, precision-engineered metallic surfaces featuring angular lines and subtle LED accents that shift between warm golden tones and cool blue hues to create a nuanced balance of style and functionality, front view, accurate, complete, white background...'
2025-08-10 08:48:59,039 - INFO -       🎯 Computing scores against original prompt: 'deep navy robot with sophisticated style...'
2025-08-10 08:50:18,965 - INFO -       📊 Validation score: 0.8858
2025-08-10 08:50:18,966 - INFO -       🔍 Explore performing better - stricter convergence threshold: 0.005
2025-08-10 08:50:18,968 - INFO -       📉 Score declined: Consider different approach
2025-08-10 08:50:18,968 - INFO - 
   🔄 RL Round 12/18
2025-08-10 08:50:18,968 - INFO -       🔍 Explore performing better - increasing epsilon to 0.80
2025-08-10 08:50:18,968 - INFO -       🎯 Strategy: material_focus (explore)
2025-08-10 08:50:23,681 - INFO - [TRELLIS] GPU cache cleared: {'status': 'cache_cleared', 'available_memory_gb': 20.277362688}
2025-08-10 08:50:23,682 - INFO -       🔍 Validating...
2025-08-10 08:50:23,683 - INFO -       📝 Using optimized prompt for generation: 'a deep navy robot with streamlined metallic surfaces and angular lines, complemented by subtle LED accents that shift between warm and cool tones to enhance its sophisticated style, precise-crafted joints, accurate, complete, white background...'
2025-08-10 08:50:23,683 - INFO -       🎯 Computing scores against original prompt: 'deep navy robot with sophisticated style...'
2025-08-10 08:51:40,944 - INFO -       📊 Validation score: 0.8816
2025-08-10 08:51:40,945 - INFO -       🔍 Explore performing better - stricter convergence threshold: 0.005
2025-08-10 08:51:40,945 - INFO -       ✅ Convergence achieved: Convergence threshold met (improvement: -0.004)
2025-08-10 08:51:41,002 - INFO - 
🎯 RL LOOP COMPLETE:
2025-08-10 08:51:41,002 - INFO -    Best prompt: a deep navy robot with precision-crafted angular lines and micro-scaled LED accents that subtly shift between warm and cool tones to enhance its sophisticated style, front view, accurate, complete, white background
2025-08-10 08:51:41,002 - INFO -    Best score: 0.9202
2025-08-10 08:51:41,002 - INFO -    Rounds: 12
2025-08-10 08:51:41,002 - INFO -    Convergence: True
2025-08-10 08:51:41,002 - INFO -    Convergence reason: Convergence threshold met (improvement: -0.004)
2025-08-10 08:51:41,006 - INFO -    Exploration ratio: 75.0%
2025-08-10 08:51:41,006 - INFO -    Insights learned: 3
2025-08-10 08:51:41,006 - INFO -    Total time: 1033.63s
2025-08-10 08:51:41,006 - INFO - Prompt optimized in 12 rounds: 0.822 → 0.920 (+0.098)
2025-08-10 08:51:41,007 - INFO - ✅ Target score achieved!
2025-08-10 08:51:41,013 - INFO - 
--- Episode 2, Prompt 4 (Total: 16) ---
2025-08-10 08:51:41,013 - INFO - Optimizing: 'glistening yellow citrine prism'
2025-08-10 08:51:41,013 - INFO - 🔍 Checking server availability before optimization...
2025-08-10 08:51:41,028 - INFO - ✅ Server is available (status: completed)
2025-08-10 08:51:41,028 - INFO - 📝 Marked server as used at 1754815901.0284448
2025-08-10 08:51:41,028 - INFO - ✅ Server is available and marked as used
2025-08-10 08:51:41,035 - INFO - 🔄 Reproducibility optimization returned no result
2025-08-10 08:51:41,035 - INFO -       🔧 Overriding endpoint: generate/baolei/
2025-08-10 08:51:41,036 - INFO -       🔧 Using endpoint: generate/baolei/
2025-08-10 08:51:41,040 - INFO - 
🔄 RL LOOP OPTIMIZATION: 'glistening yellow citrine prism'
2025-08-10 08:51:41,040 - INFO -    Session: rl_session_1754815901_6689
2025-08-10 08:51:41,040 - INFO -    Max rounds: 18
2025-08-10 08:51:41,040 - INFO -    Min rounds before convergence: 5
2025-08-10 08:51:41,041 - INFO -    Target score: 0.99
2025-08-10 08:51:41,041 - INFO -       🎯 Found previous best attempt: a slender, intricately carved glistening yellow citrine prism nestled within a delicate velvet-lined box adorned with golden accents and subtle filigree (score: 0.8587)
2025-08-10 08:51:41,041 - INFO -       🎯 Strategy used: artistic_elaboration
2025-08-10 08:51:41,041 - INFO -       🎯 Session ID: rl_session_1754801311_8841
2025-08-10 08:51:41,041 - INFO -       🎯 Past final best prompt: a slender, intricately carved glistening yellow citrine prism nestled within a delicate velvet-lined box adorned with golden accents and subtle filigree
2025-08-10 08:51:41,041 - INFO -       🎯 Past final best score: 0.859
2025-08-10 08:51:41,041 - INFO -       🎯 Past session ID: rl_session_1754801311_8841
2025-08-10 08:51:41,041 - INFO -       🎯 Past learned insights: Iterative improvement successful: 0.290 → 0.538, Best performing strategy in session: conservative_enhancement, Explored 5 different strategies
2025-08-10 08:51:41,041 - INFO -       🎯 Past strategy performance updates: {'aggressive_transformation': -0.1699918878984602, 'conservative_enhancement': -0.1038744645317406, 'artistic_elaboration': -0.03676846647703291, 'technical_precision': -0.21760038538032228, 'material_focus': -0.11426261125924642}
2025-08-10 08:51:41,041 - INFO -       🎯 Past final best prompt: a slender, intricately carved glistening yellow citrine prism nestled within a delicate velvet-lined box adorned with golden accents and subtle filigree
2025-08-10 08:51:41,042 - INFO -       🎯 Past final best score: 0.859
2025-08-10 08:51:41,042 - INFO - 
   🔄 RL Round 1/18
2025-08-10 08:51:41,042 - INFO -       🔍 Explore performing better - increasing epsilon to 0.80
2025-08-10 08:51:41,042 - INFO -       🎯 Strategy: technical_precision (explore)
2025-08-10 08:51:46,207 - INFO - [TRELLIS] GPU cache cleared: {'status': 'cache_cleared', 'available_memory_gb': 20.277362688}
2025-08-10 08:51:46,208 - INFO -       🔍 Validating...
2025-08-10 08:51:46,208 - INFO -       📝 Using optimized prompt for generation: 'a slender, intricately carved glistening yellow citrine prism nestled within a delicate velvet-lined box adorned with golden accents and subtle filigree...'
2025-08-10 08:51:46,209 - INFO -       🎯 Computing scores against original prompt: 'glistening yellow citrine prism...'
2025-08-10 08:53:09,056 - INFO -       📊 Validation score: 0.8584
2025-08-10 08:53:09,056 - INFO - 
   🔄 RL Round 2/18
2025-08-10 08:53:09,057 - INFO -       🔍 Explore performing better - increasing epsilon to 0.80
2025-08-10 08:53:09,057 - INFO -       🎯 Strategy: technical_precision (explore)
2025-08-10 08:53:14,262 - INFO - [TRELLIS] GPU cache cleared: {'status': 'cache_cleared', 'available_memory_gb': 20.277362688}
2025-08-10 08:53:14,262 - INFO -       🔍 Validating...
2025-08-10 08:53:14,262 - INFO -       📝 Using optimized prompt for generation: 'a slender, intricately carved glistening yellow citrine prism with a brilliant, glowing core suspended within a delicate velvet-lined box adorned with golden accents and subtle filigree...'
2025-08-10 08:53:14,262 - INFO -       🎯 Computing scores against original prompt: 'glistening yellow citrine prism...'
2025-08-10 08:54:40,148 - INFO -       📊 Validation score: 0.8030
2025-08-10 08:54:40,148 - INFO -       📉 Score declined: Consider different approach
2025-08-10 08:54:40,149 - INFO - 
   🔄 RL Round 3/18
2025-08-10 08:54:40,149 - INFO -       🔍 Explore performing better - increasing epsilon to 0.80
2025-08-10 08:54:40,149 - INFO -       🎯 Strategy: technical_precision (explore)
2025-08-10 08:54:44,536 - INFO - [TRELLIS] GPU cache cleared: {'status': 'cache_cleared', 'available_memory_gb': 20.277362688}
2025-08-10 08:54:44,537 - INFO -       🔍 Validating...
2025-08-10 08:54:44,537 - INFO -       📝 Using optimized prompt for generation: 'a slender, intricately carved glistening yellow citrine prism with a subtle, golden patina and delicate, swirling patterns etched into its surface, front view, accurate, complete, white background...'
2025-08-10 08:54:44,538 - INFO -       🎯 Computing scores against original prompt: 'glistening yellow citrine prism...'
2025-08-10 08:56:02,159 - INFO -       📊 Validation score: 0.5894
2025-08-10 08:56:02,159 - INFO -       📉 Score declined: Consider different approach
2025-08-10 08:56:02,159 - INFO - 
   🔄 RL Round 4/18
2025-08-10 08:56:02,160 - INFO -       🎯 Strategy: technical_precision (explore)
2025-08-10 08:56:07,025 - INFO - [TRELLIS] GPU cache cleared: {'status': 'cache_cleared', 'available_memory_gb': 20.277362688}
2025-08-10 08:56:07,026 - INFO -       🔍 Validating...
2025-08-10 08:56:07,026 - INFO -       📝 Using optimized prompt for generation: 'a slender, intricately carved glistening yellow citrine prism with a subtle, golden patina and delicate filigree details etched into its surface...'
2025-08-10 08:56:07,026 - INFO -       🎯 Computing scores against original prompt: 'glistening yellow citrine prism...'
2025-08-10 08:57:29,998 - INFO -       📊 Validation score: 0.8536
2025-08-10 08:57:30,000 - INFO -       📈 Improvement detected: technical_precision working better
2025-08-10 08:57:30,000 - INFO - 
   🔄 RL Round 5/18
2025-08-10 08:57:30,000 - INFO -       🎯 Strategy: conservative_enhancement (explore)
2025-08-10 08:57:34,220 - INFO - [TRELLIS] GPU cache cleared: {'status': 'cache_cleared', 'available_memory_gb': 20.277362688}
2025-08-10 08:57:34,223 - INFO -       🔍 Validating...
2025-08-10 08:57:34,224 - INFO -       📝 Using optimized prompt for generation: 'a slender, intricately carved glistening yellow citrine prism nestled within a delicate velvet-lined box with ornate inlays of golden filigree and subtle patina, front view, accurate, complete, white background...'
2025-08-10 08:57:34,226 - INFO -       🎯 Computing scores against original prompt: 'glistening yellow citrine prism...'
2025-08-10 08:58:53,404 - INFO -       📊 Validation score: 0.5750
2025-08-10 08:58:53,405 - INFO -       📉 Score declined: Consider different approach
2025-08-10 08:58:53,405 - INFO - 
   🔄 RL Round 6/18
2025-08-10 08:58:53,405 - INFO -       🎯 Strategy: contextual_scene_building (exploit)
2025-08-10 08:58:59,497 - INFO - [TRELLIS] GPU cache cleared: {'status': 'cache_cleared', 'available_memory_gb': 20.277362688}
2025-08-10 08:58:59,498 - INFO -       🔍 Validating...
2025-08-10 08:58:59,499 - INFO -       📝 Using optimized prompt for generation: 'a slender, intricately carved glistening yellow citrine prism with a subtle, golden sheen that shimmers in the light like a whispered secret, its facets reflecting hues of sunflower and honey....'
2025-08-10 08:58:59,502 - INFO -       🎯 Computing scores against original prompt: 'glistening yellow citrine prism...'
2025-08-10 09:00:22,327 - INFO -       📊 Validation score: 0.8977
2025-08-10 09:00:22,328 - INFO -       🎯 New best score: 0.8977
2025-08-10 09:00:22,328 - INFO -       📈 Improvement detected: contextual_scene_building working better
2025-08-10 09:00:22,328 - INFO - 
   🔄 RL Round 7/18
2025-08-10 09:00:22,332 - INFO -       🎯 Strategy: conservative_enhancement (explore)
2025-08-10 09:00:26,588 - INFO - [TRELLIS] GPU cache cleared: {'status': 'cache_cleared', 'available_memory_gb': 20.277362688}
2025-08-10 09:00:26,588 - INFO -       🔍 Validating...
2025-08-10 09:00:26,589 - INFO -       📝 Using optimized prompt for generation: 'a slender, intricately carved glistening yellow citrine prism resting upon a cushion of plush velvet with delicate gold filigree patterns etched into its surface...'
2025-08-10 09:00:26,589 - INFO -       🎯 Computing scores against original prompt: 'glistening yellow citrine prism...'
2025-08-10 09:01:55,249 - INFO -       📊 Validation score: 0.8460
2025-08-10 09:01:55,250 - INFO -       📉 Score declined: Consider different approach
2025-08-10 09:01:55,250 - INFO - 
   🔄 RL Round 8/18
2025-08-10 09:01:55,250 - INFO -       🎯 Strategy: contextual_scene_building (exploit)
2025-08-10 09:02:08,079 - WARNING - [TRELLIS] Exception clearing GPU cache: HTTPConnectionPool(host='localhost', port=8096): Read timed out. (read timeout=10)
2025-08-10 09:02:08,079 - INFO -       🔍 Validating...
2025-08-10 09:02:08,079 - INFO -       📝 Using optimized prompt for generation: 'a slender, intricately carved glistening yellow citrine prism with a subtle, golden patina and delicate, swirling patterns etched into its surface, front view, accurate, complete, white background...'
2025-08-10 09:02:08,079 - INFO -       🎯 Computing scores against original prompt: 'glistening yellow citrine prism...'
2025-08-10 09:03:27,819 - INFO -       📊 Validation score: 0.5892
2025-08-10 09:03:27,819 - INFO -       🔍 Explore performing better - stricter convergence threshold: 0.005
2025-08-10 09:03:27,820 - INFO -       📉 Score declined: Consider different approach
2025-08-10 09:03:27,820 - INFO - 
   🔄 RL Round 9/18
2025-08-10 09:03:27,820 - INFO -       🎯 Strategy: conservative_enhancement (explore)
2025-08-10 09:03:32,432 - INFO - [TRELLIS] GPU cache cleared: {'status': 'cache_cleared', 'available_memory_gb': 20.277362688}
2025-08-10 09:03:32,433 - INFO -       🔍 Validating...
2025-08-10 09:03:32,434 - INFO -       📝 Using optimized prompt for generation: 'a slender, intricately carved glistening yellow citrine prism with an etched pattern of interlocking leaves and delicate ridges, front view, accurate, complete, white background...'
2025-08-10 09:03:32,434 - INFO -       🎯 Computing scores against original prompt: 'glistening yellow citrine prism...'
2025-08-10 09:04:53,727 - INFO -       📊 Validation score: 0.8905
2025-08-10 09:04:53,728 - INFO -       📈 Improvement detected: conservative_enhancement working better
2025-08-10 09:04:53,728 - INFO - 
   🔄 RL Round 10/18
2025-08-10 09:04:53,728 - INFO -       🎯 Strategy: aggressive_transformation (exploit)
2025-08-10 09:04:57,847 - INFO - [TRELLIS] GPU cache cleared: {'status': 'cache_cleared', 'available_memory_gb': 20.277362688}
2025-08-10 09:04:57,848 - INFO -       🔍 Validating...
2025-08-10 09:04:57,849 - INFO -       📝 Using optimized prompt for generation: 'a slender, intricately carved glistening yellow citrine prism with an etched pattern of interlocking gears that reveal its inner workings, front view, accurate, complete, white background...'
2025-08-10 09:04:57,849 - INFO -       🎯 Computing scores against original prompt: 'glistening yellow citrine prism...'
2025-08-10 09:06:16,246 - INFO -       📊 Validation score: 0.6787
2025-08-10 09:06:16,247 - INFO -       📉 Score declined: Consider different approach
2025-08-10 09:06:16,247 - INFO - 
   🔄 RL Round 11/18
2025-08-10 09:06:16,247 - INFO -       🎯 Strategy: contextual_scene_building (explore)
2025-08-10 09:06:20,525 - INFO - [TRELLIS] GPU cache cleared: {'status': 'cache_cleared', 'available_memory_gb': 20.277362688}
2025-08-10 09:06:20,526 - INFO -       🔍 Validating...
2025-08-10 09:06:20,526 - INFO -       📝 Using optimized prompt for generation: 'a slender, intricately carved glistening yellow citrine prism with an expertly crafted golden filigree and delicate inlays, front view, accurate, complete, white background...'
2025-08-10 09:06:20,526 - INFO -       🎯 Computing scores against original prompt: 'glistening yellow citrine prism...'
2025-08-10 09:07:38,271 - INFO -       📊 Validation score: 0.4529
2025-08-10 09:07:38,271 - INFO -       📉 Score declined: Consider different approach
2025-08-10 09:07:38,271 - INFO -       🔍 Increasing exploration to 0.80
2025-08-10 09:07:38,271 - INFO - 
   🔄 RL Round 12/18
2025-08-10 09:07:38,272 - INFO -       🎯 Strategy: contextual_scene_building (explore)
2025-08-10 09:07:43,406 - INFO - [TRELLIS] GPU cache cleared: {'status': 'cache_cleared', 'available_memory_gb': 20.277362688}
2025-08-10 09:07:43,409 - INFO -       🔍 Validating...
2025-08-10 09:07:43,409 - INFO -       📝 Using optimized prompt for generation: 'a slender, intricately carved glistening yellow citrine prism with a delicate, polished patina and an expertly etched golden filigree...'
2025-08-10 09:07:43,409 - INFO -       🎯 Computing scores against original prompt: 'glistening yellow citrine prism...'
2025-08-10 09:09:04,680 - INFO -       📊 Validation score: 0.8449
2025-08-10 09:09:04,680 - INFO -       📈 Improvement detected: contextual_scene_building working better
2025-08-10 09:09:04,681 - INFO - 
   🔄 RL Round 13/18
2025-08-10 09:09:04,681 - INFO -       🎯 Strategy: conservative_enhancement (exploit)
2025-08-10 09:09:08,961 - INFO - [TRELLIS] GPU cache cleared: {'status': 'cache_cleared', 'available_memory_gb': 20.277362688}
2025-08-10 09:09:08,962 - INFO -       🔍 Validating...
2025-08-10 09:09:08,963 - INFO -       📝 Using optimized prompt for generation: 'a slender, intricately carved glistening yellow citrine prism with a delicate, polished patina and an etched pattern of interlocking geometric shapes suspended within a soft, warm light...'
2025-08-10 09:09:08,965 - INFO -       🎯 Computing scores against original prompt: 'glistening yellow citrine prism...'
2025-08-10 09:10:34,525 - INFO -       📊 Validation score: 0.8569
2025-08-10 09:10:34,525 - INFO -       📈 Improvement detected: conservative_enhancement working better
2025-08-10 09:10:34,526 - INFO - 
   🔄 RL Round 14/18
2025-08-10 09:10:34,526 - INFO -       🎯 Strategy: aggressive_transformation (explore)
2025-08-10 09:10:40,069 - INFO - [TRELLIS] GPU cache cleared: {'status': 'cache_cleared', 'available_memory_gb': 20.277362688}
2025-08-10 09:10:40,070 - INFO -       🔍 Validating...
2025-08-10 09:10:40,071 - INFO -       📝 Using optimized prompt for generation: 'a slender, intricately carved glistening yellow citrine prism with a subtle, golden patina and delicate etchings along its curved surface nestled within a delicate velvet-lined box adorned with golden accents...'
2025-08-10 09:10:40,072 - INFO -       🎯 Computing scores against original prompt: 'glistening yellow citrine prism...'
2025-08-10 09:12:08,171 - WARNING -    🔧 Score 0.0 - clearing CUDA cache
2025-08-10 09:12:08,171 - INFO -       📊 Validation score: 0.0000
2025-08-10 09:12:08,172 - INFO - 
   🔄 RL Round 15/18
2025-08-10 09:12:08,172 - INFO -       🎯 Strategy: aggressive_transformation (explore)
2025-08-10 09:12:13,226 - INFO - [TRELLIS] GPU cache cleared: {'status': 'cache_cleared', 'available_memory_gb': 20.277362688}
2025-08-10 09:12:13,227 - INFO -       🔍 Validating...
2025-08-10 09:12:13,227 - INFO -       📝 Using optimized prompt for generation: 'a slender, intricately carved glistening yellow citrine prism nestled within a delicate velvet-lined box adorned with golden accents and subtle filigree, its facets reflecting the soft glow of candlelight, front view, accurate, complete, white background...'
2025-08-10 09:12:13,228 - INFO -       🎯 Computing scores against original prompt: 'glistening yellow citrine prism...'
2025-08-10 09:14:06,488 - INFO -       📊 Validation score: 0.1681
2025-08-10 09:14:06,491 - INFO -       🔍 Increasing exploration to 0.80
2025-08-10 09:14:06,491 - INFO - 
   🔄 RL Round 16/18
2025-08-10 09:14:06,493 - INFO -       🎯 Strategy: aggressive_transformation (explore)
2025-08-10 09:14:11,619 - INFO - [TRELLIS] GPU cache cleared: {'status': 'cache_cleared', 'available_memory_gb': 20.277362688}
2025-08-10 09:14:11,620 - INFO -       🔍 Validating...
2025-08-10 09:14:11,621 - INFO -       📝 Using optimized prompt for generation: 'a slender, intricately carved glistening yellow citrine prism with subtle, warm undertones and delicate inclusions that refract light into a kaleidoscope of colors...'
2025-08-10 09:14:11,621 - INFO -       🎯 Computing scores against original prompt: 'glistening yellow citrine prism...'
2025-08-10 09:15:36,085 - INFO -       📊 Validation score: 0.9061
2025-08-10 09:15:36,085 - INFO -       🎯 New best score: 0.9061
2025-08-10 09:15:36,086 - INFO -       📈 Improvement detected: aggressive_transformation working better
2025-08-10 09:15:36,086 - INFO - 
   🔄 RL Round 17/18
2025-08-10 09:15:36,086 - INFO -       🎯 Strategy: material_focus (explore)
2025-08-10 09:15:40,380 - INFO - [TRELLIS] GPU cache cleared: {'status': 'cache_cleared', 'available_memory_gb': 20.277362688}
2025-08-10 09:15:40,381 - INFO -       🔍 Validating...
2025-08-10 09:15:40,381 - INFO -       📝 Using optimized prompt for generation: 'a slender, intricately carved glistening yellow citrine prism with a subtle, warm golden patina and delicate inclusions that refract light into tiny rainbows, front view, accurate, complete, white background...'
2025-08-10 09:15:40,382 - INFO -       🎯 Computing scores against original prompt: 'glistening yellow citrine prism...'
2025-08-10 09:16:59,357 - INFO -       📊 Validation score: 0.4998
2025-08-10 09:16:59,357 - INFO -       📉 Score declined: Consider different approach
2025-08-10 09:16:59,357 - INFO -       🔍 Increasing exploration to 0.80
2025-08-10 09:16:59,358 - INFO - 
   🔄 RL Round 18/18
2025-08-10 09:16:59,358 - INFO -       🎯 Strategy: material_focus (explore)
2025-08-10 09:17:05,776 - INFO - [TRELLIS] GPU cache cleared: {'status': 'cache_cleared', 'available_memory_gb': 20.277362688}
2025-08-10 09:17:05,778 - INFO -       🔍 Validating...
2025-08-10 09:17:05,778 - INFO -       📝 Using optimized prompt for generation: 'a slender, intricately carved glistening yellow citrine prism with a subtle, warm golden patina and delicate filigree adorning its surface, nestled within a delicate velvet-lined box adorned with intricate golden accents, front view, accurate, complete, white background...'
2025-08-10 09:17:05,781 - INFO -       🎯 Computing scores against original prompt: 'glistening yellow citrine prism...'
2025-08-10 09:18:27,771 - WARNING -    🔧 Score 0.0 - clearing CUDA cache
2025-08-10 09:18:27,772 - INFO -       📊 Validation score: 0.0000
2025-08-10 09:18:27,839 - INFO - 
🎯 RL LOOP COMPLETE:
2025-08-10 09:18:27,839 - INFO -    Best prompt: a slender, intricately carved glistening yellow citrine prism with subtle, warm undertones and delicate inclusions that refract light into a kaleidoscope of colors
2025-08-10 09:18:27,840 - INFO -    Best score: 0.9061
2025-08-10 09:18:27,841 - INFO -    Rounds: 18
2025-08-10 09:18:27,842 - INFO -    Convergence: False
2025-08-10 09:18:27,842 - INFO -    Convergence reason: Not converged
2025-08-10 09:18:27,843 - INFO -    Exploration ratio: 77.8%
2025-08-10 09:18:27,845 - INFO -    Insights learned: 2
2025-08-10 09:18:27,845 - INFO -    Total time: 1606.73s
2025-08-10 09:18:27,846 - INFO - Prompt optimized in 18 rounds: 0.858 → 0.906 (+0.048)
2025-08-10 09:18:27,847 - INFO - ⏰ Max rounds reached
2025-08-10 09:18:27,854 - INFO - 
--- Episode 2, Prompt 5 (Total: 16) ---
2025-08-10 09:18:27,854 - INFO - Optimizing: 'large blue crystal with irregular shape and sharp edges'
2025-08-10 09:18:27,854 - INFO - 🔍 Checking server availability before optimization...
2025-08-10 09:18:27,867 - INFO - ✅ Server is available (status: completed)
2025-08-10 09:18:27,868 - INFO - 📝 Marked server as used at 1754817507.8682525
2025-08-10 09:18:27,871 - INFO - ✅ Server is available and marked as used
2025-08-10 09:18:27,884 - INFO - 🔄 Reproducibility optimization returned no result
2025-08-10 09:18:27,885 - INFO -       🔧 Overriding endpoint: generate/baolei/
2025-08-10 09:18:27,885 - INFO -       🔧 Using endpoint: generate/baolei/
2025-08-10 09:18:27,891 - INFO - 
🔄 RL LOOP OPTIMIZATION: 'large blue crystal with irregular shape and sharp edges'
2025-08-10 09:18:27,892 - INFO -    Session: rl_session_1754817507_9509
2025-08-10 09:18:27,892 - INFO -    Max rounds: 18
2025-08-10 09:18:27,892 - INFO -    Min rounds before convergence: 5
2025-08-10 09:18:27,893 - INFO -    Target score: 0.99
2025-08-10 09:18:27,894 - INFO -       🎯 Found previous best attempt: a large blue crystal with an irregular shape, sharp edges, and a subtle milky sheen, front view, accurate, complete, white background (score: 0.9079)
2025-08-10 09:18:27,894 - INFO -       🎯 Strategy used: contextual_scene_building
2025-08-10 09:18:27,895 - INFO -       🎯 Session ID: rl_session_1754802477_6133
2025-08-10 09:18:27,898 - INFO -       🎯 Past final best prompt: a large blue crystal with an irregular shape, sharp edges, and a subtle milky sheen, front view, accurate, complete, white background
2025-08-10 09:18:27,898 - INFO -       🎯 Past final best score: 0.908
2025-08-10 09:18:27,898 - INFO -       🎯 Past session ID: rl_session_1754802477_6133
2025-08-10 09:18:27,898 - INFO -       🎯 Past learned insights: Iterative improvement successful: 0.554 → 0.889, Best performing strategy in session: contextual_scene_building, Explored 3 different strategies
2025-08-10 09:18:27,898 - INFO -       🎯 Past strategy performance updates: {'minimalist_refinement': 0.0018420348404639686, 'contextual_scene_building': 0.09148333525889418, 'artistic_elaboration': 0.01895546893720912}
2025-08-10 09:18:27,898 - INFO -       🎯 Past final best prompt: a large blue crystal with an irregular shape, sharp edges, and a subtle milky sheen, front view, accurate, complete, white background
2025-08-10 09:18:27,899 - INFO -       🎯 Past final best score: 0.908
2025-08-10 09:18:27,899 - INFO - 
   🔄 RL Round 1/18
2025-08-10 09:18:27,899 - INFO -       🎯 Strategy: material_focus (explore)
2025-08-10 09:18:32,956 - INFO - [TRELLIS] GPU cache cleared: {'status': 'cache_cleared', 'available_memory_gb': 20.277362688}
2025-08-10 09:18:32,957 - INFO -       🔍 Validating...
2025-08-10 09:18:32,958 - INFO -       📝 Using optimized prompt for generation: 'a large blue crystal with an irregular shape, sharp edges, and a subtle milky sheen on its surface, front view, accurate, complete, white background...'
2025-08-10 09:18:32,959 - INFO -       🎯 Computing scores against original prompt: 'large blue crystal with irregular shape and sharp edges...'
2025-08-10 09:20:00,397 - INFO -       📊 Validation score: 0.8369
2025-08-10 09:20:00,398 - INFO - 
   🔄 RL Round 2/18
2025-08-10 09:20:00,398 - INFO -       🎯 Strategy: hybrid_approach (explore)
2025-08-10 09:20:06,067 - INFO - [TRELLIS] GPU cache cleared: {'status': 'cache_cleared', 'available_memory_gb': 20.277362688}
2025-08-10 09:20:06,068 - INFO -       🔍 Validating...
2025-08-10 09:20:06,068 - INFO -       📝 Using optimized prompt for generation: 'a large blue crystal with an irregular shape and a subtle milky sheen on its surface, front view...'
2025-08-10 09:20:06,069 - INFO -       🎯 Computing scores against original prompt: 'large blue crystal with irregular shape and sharp edges...'
2025-08-10 09:21:33,315 - INFO -       📊 Validation score: 0.8682
2025-08-10 09:21:33,315 - INFO -       📈 Improvement detected: hybrid_approach working better
2025-08-10 09:21:33,315 - INFO - 
   🔄 RL Round 3/18
2025-08-10 09:21:33,316 - INFO -       🎯 Strategy: hybrid_approach (explore)
2025-08-10 09:21:37,701 - INFO - [TRELLIS] GPU cache cleared: {'status': 'cache_cleared', 'available_memory_gb': 20.277362688}
2025-08-10 09:21:37,704 - INFO -       🔍 Validating...
2025-08-10 09:21:37,704 - INFO -       📝 Using optimized prompt for generation: 'a large blue crystal with an irregular shape, sharp edges, and a subtle milky sheen on its surface, highlighted against a soft focus background of a misty forest at dawn, front view, accurate, complete, white background...'
2025-08-10 09:21:37,704 - INFO -       🎯 Computing scores against original prompt: 'large blue crystal with irregular shape and sharp edges...'
2025-08-10 09:23:01,844 - INFO -       📊 Validation score: 0.8571
2025-08-10 09:23:01,845 - INFO -       📉 Score declined: Consider different approach
2025-08-10 09:23:01,845 - INFO - 
   🔄 RL Round 4/18
2025-08-10 09:23:01,845 - INFO -       🎯 Strategy: hybrid_approach (explore)
2025-08-10 09:23:07,348 - INFO - [TRELLIS] GPU cache cleared: {'status': 'cache_cleared', 'available_memory_gb': 20.277362688}
2025-08-10 09:23:07,350 - INFO -       🔍 Validating...
2025-08-10 09:23:07,352 - INFO -       📝 Using optimized prompt for generation: 'a large blue crystal with an intricate network of sharp edges and subtle milky inclusions on its surface, precise front view, front view, accurate, complete, white background...'
2025-08-10 09:23:07,352 - INFO -       🎯 Computing scores against original prompt: 'large blue crystal with irregular shape and sharp edges...'
2025-08-10 09:24:38,062 - INFO -       📊 Validation score: 0.8919
2025-08-10 09:24:38,063 - INFO -       📈 Improvement detected: hybrid_approach working better
2025-08-10 09:24:38,063 - INFO - 
   🔄 RL Round 5/18
2025-08-10 09:24:38,063 - INFO -       🎯 Strategy: artistic_elaboration (explore)
2025-08-10 09:24:48,293 - INFO - [TRELLIS] GPU cache cleared: {'status': 'cache_cleared', 'available_memory_gb': 20.277362688}
2025-08-10 09:24:48,297 - INFO -       🔍 Validating...
2025-08-10 09:24:48,297 - INFO -       📝 Using optimized prompt for generation: 'a large blue crystal with an irregular shape, sharp edges, and a subtle iridescent milky sheen on its surface, front view, accurate, complete, white background...'
2025-08-10 09:24:48,297 - INFO -       🎯 Computing scores against original prompt: 'large blue crystal with irregular shape and sharp edges...'
2025-08-10 09:26:12,809 - INFO -       📊 Validation score: 0.9031
2025-08-10 09:26:12,810 - INFO -       📈 Improvement detected: artistic_elaboration working better
2025-08-10 09:26:12,810 - INFO - 
   🔄 RL Round 6/18
2025-08-10 09:26:12,810 - INFO -       🔍 Explore performing better - increasing epsilon to 0.75
2025-08-10 09:26:12,810 - INFO -       🎯 Strategy: material_focus (explore)
2025-08-10 09:26:17,050 - INFO - [TRELLIS] GPU cache cleared: {'status': 'cache_cleared', 'available_memory_gb': 20.277362688}
2025-08-10 09:26:17,050 - INFO -       🔍 Validating...
2025-08-10 09:26:17,050 - INFO -       📝 Using optimized prompt for generation: 'a large blue crystal with an irregular shape, sharp edges, and a delicate milky sheen that subtly shifts its hue depending on the angle of light...'
2025-08-10 09:26:17,051 - INFO -       🎯 Computing scores against original prompt: 'large blue crystal with irregular shape and sharp edges...'
2025-08-10 09:27:40,334 - INFO -       📊 Validation score: 0.4456
2025-08-10 09:27:40,334 - INFO -       📉 Score declined: Consider different approach
2025-08-10 09:27:40,334 - INFO -       🔍 Increasing exploration to 0.80
2025-08-10 09:27:40,334 - INFO - 
   🔄 RL Round 7/18
2025-08-10 09:27:40,335 - INFO -       🎯 Strategy: artistic_elaboration (explore)
2025-08-10 09:27:44,973 - INFO - [TRELLIS] GPU cache cleared: {'status': 'cache_cleared', 'available_memory_gb': 20.277362688}
2025-08-10 09:27:44,974 - INFO -       🔍 Validating...
2025-08-10 09:27:44,974 - INFO -       📝 Using optimized prompt for generation: 'a large blue crystal with an irregular shape, sharp edges, and a delicate milky sheen that subtly shimmers under soft studio lighting...'
2025-08-10 09:27:44,974 - INFO -       🎯 Computing scores against original prompt: 'large blue crystal with irregular shape and sharp edges...'
2025-08-10 09:29:10,457 - INFO -       📊 Validation score: 0.8812
2025-08-10 09:29:10,458 - INFO -       📈 Improvement detected: artistic_elaboration working better
2025-08-10 09:29:10,458 - INFO - 
   🔄 RL Round 8/18
2025-08-10 09:29:10,458 - INFO -       🎯 Strategy: technical_precision (explore)
2025-08-10 09:29:15,189 - INFO - [TRELLIS] GPU cache cleared: {'status': 'cache_cleared', 'available_memory_gb': 20.277362688}
2025-08-10 09:29:15,189 - INFO -       🔍 Validating...
2025-08-10 09:29:15,189 - INFO -       📝 Using optimized prompt for generation: 'a large blue crystal with an irregular shape featuring prominently defined sharp edges and a subtle milky sheen on its surface, front view, front view, accurate, complete, white background...'
2025-08-10 09:29:15,190 - INFO -       🎯 Computing scores against original prompt: 'large blue crystal with irregular shape and sharp edges...'
2025-08-10 09:30:33,285 - INFO -       📊 Validation score: 0.9127
2025-08-10 09:30:33,285 - INFO -       🎯 New best score: 0.9127
2025-08-10 09:30:33,286 - INFO -       📈 Improvement detected: technical_precision working better
2025-08-10 09:30:33,286 - INFO - 
   🔄 RL Round 9/18
2025-08-10 09:30:33,286 - INFO -       🎯 Strategy: hybrid_approach (explore)
2025-08-10 09:30:37,984 - INFO - [TRELLIS] GPU cache cleared: {'status': 'cache_cleared', 'available_memory_gb': 20.277362688}
2025-08-10 09:30:37,985 - INFO -       🔍 Validating...
2025-08-10 09:30:37,986 - INFO -       📝 Using optimized prompt for generation: 'a large blue crystal with an intricate network of sharp edges and subtle milky inclusions on its surface, front view, accurate, complete, white background...'
2025-08-10 09:30:37,986 - INFO -       🎯 Computing scores against original prompt: 'large blue crystal with irregular shape and sharp edges...'
2025-08-10 09:32:03,819 - INFO -       📊 Validation score: 0.9012
2025-08-10 09:32:03,819 - INFO -       📉 Score declined: Consider different approach
2025-08-10 09:32:03,819 - INFO - 
   🔄 RL Round 10/18
2025-08-10 09:32:03,820 - INFO -       🎯 Strategy: conservative_enhancement (explore)
2025-08-10 09:32:08,442 - INFO - [TRELLIS] GPU cache cleared: {'status': 'cache_cleared', 'available_memory_gb': 20.277362688}
2025-08-10 09:32:08,443 - INFO -       🔍 Validating...
2025-08-10 09:32:08,444 - INFO -       📝 Using optimized prompt for generation: 'a large blue crystal with an irregular shape featuring prominently defined sharp edges and a delicate milky sheen that subtly shimmers in the light, front view, accurate, complete...'
2025-08-10 09:32:08,444 - INFO -       🎯 Computing scores against original prompt: 'large blue crystal with irregular shape and sharp edges...'
2025-08-10 09:33:31,581 - INFO -       📊 Validation score: 0.8321
2025-08-10 09:33:31,582 - INFO -       🔍 Explore performing better - stricter convergence threshold: 0.005
2025-08-10 09:33:31,582 - INFO -       📉 Score declined: Consider different approach
2025-08-10 09:33:31,582 - INFO - 
   🔄 RL Round 11/18
2025-08-10 09:33:31,582 - INFO -       🎯 Strategy: conservative_enhancement (explore)
2025-08-10 09:33:37,913 - INFO - [TRELLIS] GPU cache cleared: {'status': 'cache_cleared', 'available_memory_gb': 20.277362688}
2025-08-10 09:33:37,914 - INFO -       🔍 Validating...
2025-08-10 09:33:37,915 - INFO -       📝 Using optimized prompt for generation: 'a large blue crystal with an intricate network of sharp edges and a delicate milky sheen that subtly shimmers in the light, front view, accurate, complete, white background...'
2025-08-10 09:33:37,915 - INFO -       🎯 Computing scores against original prompt: 'large blue crystal with irregular shape and sharp edges...'
2025-08-10 09:35:04,548 - INFO -       📊 Validation score: 0.8811
2025-08-10 09:35:04,549 - INFO -       🔍 Explore performing better - stricter convergence threshold: 0.005
2025-08-10 09:35:04,550 - INFO -       📈 Improvement detected: conservative_enhancement working better
2025-08-10 09:35:04,550 - INFO - 
   🔄 RL Round 12/18
2025-08-10 09:35:04,550 - INFO -       🔍 Explore performing better - increasing epsilon to 0.80
2025-08-10 09:35:04,550 - INFO -       🎯 Strategy: material_focus (explore)
2025-08-10 09:35:22,764 - WARNING - [TRELLIS] Exception clearing GPU cache: HTTPConnectionPool(host='localhost', port=8096): Read timed out. (read timeout=10)
2025-08-10 09:35:22,765 - INFO -       🔍 Validating...
2025-08-10 09:35:22,765 - INFO -       📝 Using optimized prompt for generation: 'a large blue crystal with an intricate network of sharp edges and subtle milky inclusions on its surface, high-contrast lighting, accurate, complete, front view, accurate, complete, white background...'
2025-08-10 09:35:22,765 - INFO -       🎯 Computing scores against original prompt: 'large blue crystal with irregular shape and sharp edges...'
2025-08-10 09:36:54,469 - INFO -       📊 Validation score: 0.8821
2025-08-10 09:36:54,470 - INFO -       🔍 Explore performing better - stricter convergence threshold: 0.005
2025-08-10 09:36:54,470 - INFO -       ✅ Convergence achieved: Convergence threshold met (improvement: 0.001)
2025-08-10 09:36:54,544 - INFO - 
🎯 RL LOOP COMPLETE:
2025-08-10 09:36:54,544 - INFO -    Best prompt: a large blue crystal with an irregular shape featuring prominently defined sharp edges and a subtle milky sheen on its surface, front view, front view, accurate, complete, white background
2025-08-10 09:36:54,544 - INFO -    Best score: 0.9127
2025-08-10 09:36:54,544 - INFO -    Rounds: 12
2025-08-10 09:36:54,544 - INFO -    Convergence: True
2025-08-10 09:36:54,544 - INFO -    Convergence reason: Convergence threshold met (improvement: 0.001)
2025-08-10 09:36:54,544 - INFO -    Exploration ratio: 100.0%
2025-08-10 09:36:54,544 - INFO -    Insights learned: 3
2025-08-10 09:36:54,544 - INFO -    Total time: 1106.58s
2025-08-10 09:36:54,545 - INFO - Prompt optimized in 12 rounds: 0.837 → 0.913 (+0.076)
2025-08-10 09:36:54,548 - INFO - ✅ Target score achieved!
2025-08-10 09:36:54,554 - INFO - 
--- Episode 2, Prompt 6 (Total: 16) ---
2025-08-10 09:36:54,554 - INFO - Optimizing: 'yellow lamp with bent neck'
2025-08-10 09:36:54,554 - INFO - 🔍 Checking server availability before optimization...
2025-08-10 09:36:54,564 - INFO - ✅ Server is available (status: completed)
2025-08-10 09:36:54,564 - INFO - 📝 Marked server as used at 1754818614.5649111
2025-08-10 09:36:54,565 - INFO - ✅ Server is available and marked as used
2025-08-10 09:36:56,153 - INFO - 🔄 Reproducibility optimization returned no result
2025-08-10 09:36:56,155 - INFO -       🔧 Overriding endpoint: generate/baolei/
2025-08-10 09:36:56,155 - INFO -       🔧 Using endpoint: generate/baolei/
2025-08-10 09:36:56,160 - INFO - 
🔄 RL LOOP OPTIMIZATION: 'yellow lamp with bent neck'
2025-08-10 09:36:56,160 - INFO -    Session: rl_session_1754818616_3976
2025-08-10 09:36:56,160 - INFO -    Max rounds: 18
2025-08-10 09:36:56,160 - INFO -    Min rounds before convergence: 5
2025-08-10 09:36:56,160 - INFO -    Target score: 0.99
2025-08-10 09:36:56,161 - INFO -       🎯 Found previous best attempt: a slender yellow lamp with an intricately bent neck that appears almost artisanally crafted, featuring a delicate copper alloy and subtle scratches on its surface., front view, accurate, complete, white background (score: 0.9283)
2025-08-10 09:36:56,161 - INFO -       🎯 Strategy used: technical_precision
2025-08-10 09:36:56,161 - INFO -       🎯 Session ID: rl_session_1754802830_6907
2025-08-10 09:36:56,161 - INFO -       🎯 Past final best prompt: a slender yellow lamp with an intricately bent neck that appears almost artisanally crafted, featuring a delicate copper alloy and subtle scratches on its surface., front view, accurate, complete, white background
2025-08-10 09:36:56,161 - INFO -       🎯 Past final best score: 0.928
2025-08-10 09:36:56,163 - INFO -       🎯 Past session ID: rl_session_1754802830_6907
2025-08-10 09:36:56,163 - INFO -       🎯 Past learned insights: Iterative improvement successful: 0.900 → 0.920, Best performing strategy in session: technical_precision, Explored 3 different strategies
2025-08-10 09:36:56,163 - INFO -       🎯 Past strategy performance updates: {'technical_precision': 0.041933637669271384, 'artistic_elaboration': 0.09387111177035035, 'aggressive_transformation': 0.11524403267465244}
2025-08-10 09:36:56,163 - INFO -       🎯 Past final best prompt: a slender yellow lamp with an intricately bent neck that appears almost artisanally crafted, featuring a delicate copper alloy and subtle scratches on its surface., front view, accurate, complete, white background
2025-08-10 09:36:56,163 - INFO -       🎯 Past final best score: 0.928
2025-08-10 09:36:56,163 - INFO - 
   🔄 RL Round 1/18
2025-08-10 09:36:56,164 - INFO -       🔍 Explore performing better - increasing epsilon to 0.80
2025-08-10 09:36:56,164 - INFO -       🎯 Strategy: artistic_elaboration (explore)
2025-08-10 09:37:01,959 - INFO - [TRELLIS] GPU cache cleared: {'status': 'cache_cleared', 'available_memory_gb': 20.277362688}
2025-08-10 09:37:01,961 - INFO -       🔍 Validating...
2025-08-10 09:37:01,962 - INFO -       📝 Using optimized prompt for generation: 'a slender yellow lamp with a curved neck and ridged texture, featuring a polished brass alloy and delicate oxidation patterns on its surface., front view, accurate, complete, warm wooden background...'
2025-08-10 09:37:01,962 - INFO -       🎯 Computing scores against original prompt: 'yellow lamp with bent neck...'
2025-08-10 09:38:20,095 - INFO -       📊 Validation score: 0.9202
2025-08-10 09:38:20,096 - INFO - 
   🔄 RL Round 2/18
2025-08-10 09:38:20,096 - INFO -       🔍 Explore performing better - increasing epsilon to 0.80
2025-08-10 09:38:20,096 - INFO -       🎯 Strategy: technical_precision (explore)
2025-08-10 09:38:25,376 - INFO - [TRELLIS] GPU cache cleared: {'status': 'cache_cleared', 'available_memory_gb': 20.277362688}
2025-08-10 09:38:25,376 - INFO -       🔍 Validating...
2025-08-10 09:38:25,376 - INFO -       📝 Using optimized prompt for generation: 'a slender yellow lamp with an intricately bent neck that appears almost handcrafted, featuring a delicate copper alloy and subtle patina on its surface., front view, accurate, complete, minimalist background...'
2025-08-10 09:38:25,377 - INFO -       🎯 Computing scores against original prompt: 'yellow lamp with bent neck...'
2025-08-10 09:39:46,333 - INFO -       📊 Validation score: 0.8881
2025-08-10 09:39:46,333 - INFO -       📉 Score declined: Consider different approach
2025-08-10 09:39:46,333 - INFO - 
   🔄 RL Round 3/18
2025-08-10 09:39:46,333 - INFO -       🔍 Explore performing better - increasing epsilon to 0.80
2025-08-10 09:39:46,334 - INFO -       🎯 Strategy: contextual_scene_building (explore)
2025-08-10 09:39:52,984 - INFO - [TRELLIS] GPU cache cleared: {'status': 'cache_cleared', 'available_memory_gb': 20.277362688}
2025-08-10 09:39:52,985 - INFO -       🔍 Validating...
2025-08-10 09:39:52,986 - INFO -       📝 Using optimized prompt for generation: 'a slender yellow lamp with an intricately bent neck that appears almost artisanally crafted, featuring a delicate copper alloy and subtle scratches on its surface., side view of the lamp's base and neck, emphasizing the texture and material quality, front view, accurate, complete, white background...'
2025-08-10 09:39:52,986 - INFO -       🎯 Computing scores against original prompt: 'yellow lamp with bent neck...'
2025-08-10 09:41:09,460 - INFO -       📊 Validation score: 0.8560
2025-08-10 09:41:09,461 - INFO -       📉 Score declined: Consider different approach
2025-08-10 09:41:09,461 - INFO - 
   🔄 RL Round 4/18
2025-08-10 09:41:09,461 - INFO -       🔍 Explore performing better - increasing epsilon to 0.80
2025-08-10 09:41:09,461 - INFO -       🎯 Strategy: artistic_elaboration (exploit)
2025-08-10 09:41:14,046 - INFO - [TRELLIS] GPU cache cleared: {'status': 'cache_cleared', 'available_memory_gb': 20.277362688}
2025-08-10 09:41:14,046 - INFO -       🔍 Validating...
2025-08-10 09:41:14,047 - INFO -       📝 Using optimized prompt for generation: 'a slender yellow lamp with an intricately bent neck that appears almost artisanally crafted, featuring a brushed copper alloy and subtle wear marks on its surface., front view, accurate, complete, white background...'
2025-08-10 09:41:14,048 - INFO -       🎯 Computing scores against original prompt: 'yellow lamp with bent neck...'
2025-08-10 09:42:30,206 - INFO -       📊 Validation score: 0.9201
2025-08-10 09:42:30,206 - INFO -       📈 Improvement detected: artistic_elaboration working better
2025-08-10 09:42:30,207 - INFO - 
   🔄 RL Round 5/18
2025-08-10 09:42:30,207 - INFO -       🔍 Explore performing better - increasing epsilon to 0.80
2025-08-10 09:42:30,207 - INFO -       🎯 Strategy: hybrid_approach (explore)
2025-08-10 09:42:34,296 - INFO - [TRELLIS] GPU cache cleared: {'status': 'cache_cleared', 'available_memory_gb': 20.277362688}
2025-08-10 09:42:34,300 - INFO -       🔍 Validating...
2025-08-10 09:42:34,300 - INFO -       📝 Using optimized prompt for generation: 'a slender yellow lamp with an almost imperceptibly curved neck and subtly ridged texture, featuring a delicate copper alloy and minute scratches on its surface....'
2025-08-10 09:42:34,300 - INFO -       🎯 Computing scores against original prompt: 'yellow lamp with bent neck...'
2025-08-10 09:43:55,568 - INFO -       📊 Validation score: 0.8865
2025-08-10 09:43:55,568 - INFO -       🔍 Explore performing better - stricter convergence threshold: 0.005
2025-08-10 09:43:55,569 - INFO -       📉 Score declined: Consider different approach
2025-08-10 09:43:55,569 - INFO - 
   🔄 RL Round 6/18
2025-08-10 09:43:55,569 - INFO -       🔍 Explore performing better - increasing epsilon to 0.80
2025-08-10 09:43:55,569 - INFO -       🎯 Strategy: hybrid_approach (explore)
2025-08-10 09:44:01,087 - INFO - [TRELLIS] GPU cache cleared: {'status': 'cache_cleared', 'available_memory_gb': 20.277362688}
2025-08-10 09:44:01,088 - INFO -       🔍 Validating...
2025-08-10 09:44:01,089 - INFO -       📝 Using optimized prompt for generation: 'a slender yellow lamp with an almost imperceptibly curved neck and a slightly ridged texture, featuring a polished brass alloy with delicate copper accents....'
2025-08-10 09:44:01,089 - INFO -       🎯 Computing scores against original prompt: 'yellow lamp with bent neck...'
2025-08-10 09:45:25,683 - INFO -       📊 Validation score: 0.8811
2025-08-10 09:45:25,684 - INFO -       🔍 Explore performing better - stricter convergence threshold: 0.005
2025-08-10 09:45:25,684 - INFO -       📉 Score declined: Consider different approach
2025-08-10 09:45:25,684 - INFO - 
   🔄 RL Round 7/18
2025-08-10 09:45:25,684 - INFO -       🔍 Explore performing better - increasing epsilon to 0.80
2025-08-10 09:45:25,684 - INFO -       🎯 Strategy: artistic_elaboration (exploit)
2025-08-10 09:45:30,452 - INFO - [TRELLIS] GPU cache cleared: {'status': 'cache_cleared', 'available_memory_gb': 20.277362688}
2025-08-10 09:45:30,453 - INFO -       🔍 Validating...
2025-08-10 09:45:30,454 - INFO -       📝 Using optimized prompt for generation: 'a slender yellow lamp with an intricately bent neck that appears almost artisanally crafted, featuring a delicate copper alloy and subtle scratches on its surface., close-up view, accurate, complete...'
2025-08-10 09:45:30,454 - INFO -       🎯 Computing scores against original prompt: 'yellow lamp with bent neck...'
2025-08-10 09:47:21,827 - INFO -       📊 Validation score: 0.8689
2025-08-10 09:47:21,828 - INFO -       🔍 Explore performing better - stricter convergence threshold: 0.005
2025-08-10 09:47:21,828 - INFO -       📉 Score declined: Consider different approach
2025-08-10 09:47:21,828 - INFO - 
   🔄 RL Round 8/18
2025-08-10 09:47:21,828 - INFO -       🔍 Explore performing better - increasing epsilon to 0.80
2025-08-10 09:47:21,828 - INFO -       🎯 Strategy: hybrid_approach (explore)
2025-08-10 09:47:27,123 - INFO - [TRELLIS] GPU cache cleared: {'status': 'cache_cleared', 'available_memory_gb': 20.277362688}
2025-08-10 09:47:27,124 - INFO -       🔍 Validating...
2025-08-10 09:47:27,125 - INFO -       📝 Using optimized prompt for generation: 'a slender yellow lamp with an almost imperceptibly curved neck and subtly ridged texture, featuring a polished brass alloy and a delicate patina on its surface., front view, accurate, complete, white background...'
2025-08-10 09:47:27,127 - INFO -       🎯 Computing scores against original prompt: 'yellow lamp with bent neck...'
2025-08-10 09:48:45,117 - INFO -       📊 Validation score: 0.9305
2025-08-10 09:48:45,118 - INFO -       🎯 New best score: 0.9305
2025-08-10 09:48:45,118 - INFO -       🔍 Explore performing better - stricter convergence threshold: 0.005
2025-08-10 09:48:45,118 - INFO -       📈 Improvement detected: hybrid_approach working better
2025-08-10 09:48:45,118 - INFO - 
   🔄 RL Round 9/18
2025-08-10 09:48:45,118 - INFO -       🔍 Explore performing better - increasing epsilon to 0.80
2025-08-10 09:48:45,118 - INFO -       🎯 Strategy: artistic_elaboration (explore)
2025-08-10 09:48:50,226 - INFO - [TRELLIS] GPU cache cleared: {'status': 'cache_cleared', 'available_memory_gb': 20.277362688}
2025-08-10 09:48:50,228 - INFO -       🔍 Validating...
2025-08-10 09:48:50,229 - INFO -       📝 Using optimized prompt for generation: 'a slender yellow lamp with an intricately bent neck featuring a polished brass alloy and delicate scratches on its surface, partially revealed by a soft cloth draped over its base., front view, accurate, complete, white background...'
2025-08-10 09:48:50,229 - INFO -       🎯 Computing scores against original prompt: 'yellow lamp with bent neck...'
2025-08-10 09:50:08,127 - INFO -       📊 Validation score: 0.7946
2025-08-10 09:50:08,128 - INFO -       📉 Score declined: Consider different approach
2025-08-10 09:50:08,128 - INFO - 
   🔄 RL Round 10/18
2025-08-10 09:50:08,128 - INFO -       🔍 Explore performing better - increasing epsilon to 0.80
2025-08-10 09:50:08,128 - INFO -       🎯 Strategy: artistic_elaboration (exploit)
2025-08-10 09:50:13,030 - INFO - [TRELLIS] GPU cache cleared: {'status': 'cache_cleared', 'available_memory_gb': 20.277362688}
2025-08-10 09:50:13,031 - INFO -       🔍 Validating...
2025-08-10 09:50:13,031 - INFO -       📝 Using optimized prompt for generation: 'a slender yellow lamp with an intricately bent neck that appears almost artisanally crafted, featuring a polished brass alloy with a warm golden patina and subtle scratches on its surface., front view, accurate, complete, white background...'
2025-08-10 09:50:13,031 - INFO -       🎯 Computing scores against original prompt: 'yellow lamp with bent neck...'
2025-08-10 09:51:30,079 - INFO -       📊 Validation score: 0.9228
2025-08-10 09:51:30,080 - INFO -       📈 Improvement detected: artistic_elaboration working better
2025-08-10 09:51:30,080 - INFO - 
   🔄 RL Round 11/18
2025-08-10 09:51:30,080 - INFO -       🎯 Strategy: material_focus (explore)
2025-08-10 09:51:34,573 - INFO - [TRELLIS] GPU cache cleared: {'status': 'cache_cleared', 'available_memory_gb': 20.277362688}
2025-08-10 09:51:34,574 - INFO -       🔍 Validating...
2025-08-10 09:51:34,575 - INFO -       📝 Using optimized prompt for generation: 'a slender glass yellow lamp with an intricately bent copper neck featuring a delicate patina on its surface, resting on a worn wooden base, front view, accurate, complete, white background...'
2025-08-10 09:51:34,575 - INFO -       🎯 Computing scores against original prompt: 'yellow lamp with bent neck...'
2025-08-10 09:52:55,171 - INFO -       📊 Validation score: 0.7249
2025-08-10 09:52:55,171 - INFO -       📉 Score declined: Consider different approach
2025-08-10 09:52:55,171 - INFO - 
   🔄 RL Round 12/18
2025-08-10 09:52:55,172 - INFO -       🎯 Strategy: technical_precision (explore)
2025-08-10 09:53:02,205 - INFO - [TRELLIS] GPU cache cleared: {'status': 'cache_cleared', 'available_memory_gb': 20.277362688}
2025-08-10 09:53:02,206 - INFO -       🔍 Validating...
2025-08-10 09:53:02,206 - INFO -       📝 Using optimized prompt for generation: 'a slender yellow lamp with an intricately bent neck that appears almost artisanally crafted, featuring a delicate copper alloy and subtle scratches on its surface, with a warm, golden glow emanating from within., front view, accurate, complete, white background...'
2025-08-10 09:53:02,207 - INFO -       🎯 Computing scores against original prompt: 'yellow lamp with bent neck...'
2025-08-10 09:54:23,398 - INFO -       📊 Validation score: 0.9147
2025-08-10 09:54:23,398 - INFO -       📈 Improvement detected: technical_precision working better
2025-08-10 09:54:23,398 - INFO - 
   🔄 RL Round 13/18
2025-08-10 09:54:23,399 - INFO -       🎯 Strategy: artistic_elaboration (exploit)
2025-08-10 09:54:28,307 - INFO - [TRELLIS] GPU cache cleared: {'status': 'cache_cleared', 'available_memory_gb': 20.277362688}
2025-08-10 09:54:28,308 - INFO -       🔍 Validating...
2025-08-10 09:54:28,308 - INFO -       📝 Using optimized prompt for generation: 'a slender yellow lamp with an intricately bent neck that appears almost artisanally crafted, featuring a delicate copper alloy and subtle scratches on its surface, with a slight patina and ornate metalwork details...'
2025-08-10 09:54:28,308 - INFO -       🎯 Computing scores against original prompt: 'yellow lamp with bent neck...'
2025-08-10 09:55:48,882 - INFO -       📊 Validation score: 0.7827
2025-08-10 09:55:48,882 - INFO -       📉 Score declined: Consider different approach
2025-08-10 09:55:48,882 - INFO - 
   🔄 RL Round 14/18
2025-08-10 09:55:48,882 - INFO -       🎯 Strategy: artistic_elaboration (explore)
2025-08-10 09:55:55,369 - INFO - [TRELLIS] GPU cache cleared: {'status': 'cache_cleared', 'available_memory_gb': 20.277362688}
2025-08-10 09:55:55,372 - INFO -       🔍 Validating...
2025-08-10 09:55:55,373 - INFO -       📝 Using optimized prompt for generation: 'a slender yellow lamp with an intricately bent neck that appears almost artisanally crafted, featuring a delicate copper alloy and faint scratches on its surface., front view, accurate, complete, white background...'
2025-08-10 09:55:55,373 - INFO -       🎯 Computing scores against original prompt: 'yellow lamp with bent neck...'
2025-08-10 09:57:10,765 - INFO -       📊 Validation score: 0.9269
2025-08-10 09:57:10,766 - INFO -       📈 Improvement detected: artistic_elaboration working better
2025-08-10 09:57:10,766 - INFO - 
   🔄 RL Round 15/18
2025-08-10 09:57:10,766 - INFO -       🎯 Strategy: artistic_elaboration (exploit)
2025-08-10 09:57:16,574 - INFO - [TRELLIS] GPU cache cleared: {'status': 'cache_cleared', 'available_memory_gb': 20.277362688}
2025-08-10 09:57:16,576 - INFO -       🔍 Validating...
2025-08-10 09:57:16,576 - INFO -       📝 Using optimized prompt for generation: 'a slender yellow lamp with an intricately bent neck that appears almost artisanally crafted, featuring a polished brass alloy with a slight warm patina and delicate engravings on its surface., front view, accurate, complete, white background...'
2025-08-10 09:57:16,576 - INFO -       🎯 Computing scores against original prompt: 'yellow lamp with bent neck...'
2025-08-10 09:58:33,617 - INFO -       📊 Validation score: 0.9166
2025-08-10 09:58:33,618 - INFO -       📉 Score declined: Consider different approach
2025-08-10 09:58:33,618 - INFO - 
   🔄 RL Round 16/18
2025-08-10 09:58:33,618 - INFO -       🎯 Strategy: contextual_scene_building (explore)
2025-08-10 09:58:38,628 - INFO - [TRELLIS] GPU cache cleared: {'status': 'cache_cleared', 'available_memory_gb': 20.277362688}
2025-08-10 09:58:38,628 - INFO -       🔍 Validating...
2025-08-10 09:58:38,628 - INFO -       📝 Using optimized prompt for generation: 'a slender yellow lamp with an intricately bent neck that appears almost artisanally crafted, featuring a delicate copper alloy with subtle patina marks and fine scratches on its surface, polished brass accents, and a slight warm glow emanating from within, front view, accurate, complete, white background...'
2025-08-10 09:58:38,629 - INFO -       🎯 Computing scores against original prompt: 'yellow lamp with bent neck...'
2025-08-10 09:59:56,466 - INFO -       📊 Validation score: 0.9013
2025-08-10 09:59:56,467 - INFO -       📉 Score declined: Consider different approach
2025-08-10 09:59:56,467 - INFO - 
   🔄 RL Round 17/18
2025-08-10 09:59:56,467 - INFO -       🎯 Strategy: conservative_enhancement (explore)
2025-08-10 10:00:02,262 - INFO - [TRELLIS] GPU cache cleared: {'status': 'cache_cleared', 'available_memory_gb': 20.277362688}
2025-08-10 10:00:02,262 - INFO -       🔍 Validating...
2025-08-10 10:00:02,262 - INFO -       📝 Using optimized prompt for generation: 'a slender yellow lamp with an intricately bent neck that appears almost artisanally crafted, featuring a delicate copper alloy and subtle scratches on its surface, with a slight patina of age., front view, accurate, complete, white background...'
2025-08-10 10:00:02,262 - INFO -       🎯 Computing scores against original prompt: 'yellow lamp with bent neck...'
2025-08-10 10:01:15,015 - INFO -       📊 Validation score: 0.9265
2025-08-10 10:01:15,016 - INFO -       📈 Improvement detected: conservative_enhancement working better
2025-08-10 10:01:15,016 - INFO - 
   🔄 RL Round 18/18
2025-08-10 10:01:15,016 - INFO -       🎯 Strategy: material_focus (explore)
2025-08-10 10:01:20,133 - INFO - [TRELLIS] GPU cache cleared: {'status': 'cache_cleared', 'available_memory_gb': 20.277362688}
2025-08-10 10:01:20,135 - INFO -       🔍 Validating...
2025-08-10 10:01:20,136 - INFO -       📝 Using optimized prompt for generation: 'a slender yellow lamp with an intricately bent neck that appears almost artisanally crafted, featuring a delicate copper alloy with subtle scratches and patina, slightly curved handle and ornate metalwork details, front view, accurate, complete, white background...'
2025-08-10 10:01:20,136 - INFO -       🎯 Computing scores against original prompt: 'yellow lamp with bent neck...'
2025-08-10 10:02:40,067 - INFO -       📊 Validation score: 0.8958
2025-08-10 10:02:40,150 - INFO - 
🎯 RL LOOP COMPLETE:
2025-08-10 10:02:40,150 - INFO -    Best prompt: a slender yellow lamp with an almost imperceptibly curved neck and subtly ridged texture, featuring a polished brass alloy and a delicate patina on its surface., front view, accurate, complete, white background
2025-08-10 10:02:40,150 - INFO -    Best score: 0.9305
2025-08-10 10:02:40,151 - INFO -    Rounds: 18
2025-08-10 10:02:40,154 - INFO -    Convergence: False
2025-08-10 10:02:40,154 - INFO -    Convergence reason: Not converged
2025-08-10 10:02:40,154 - INFO -    Exploration ratio: 72.2%
2025-08-10 10:02:40,154 - INFO -    Insights learned: 2
2025-08-10 10:02:40,154 - INFO -    Total time: 1543.91s
2025-08-10 10:02:40,154 - INFO - Prompt optimized in 18 rounds: 0.920 → 0.930 (+0.010)
2025-08-10 10:02:40,154 - INFO - ⏰ Max rounds reached
2025-08-10 10:02:40,160 - INFO - 
--- Episode 2, Prompt 7 (Total: 16) ---
2025-08-10 10:02:40,160 - INFO - Optimizing: 'vibrant red vase with elegant swirl'
2025-08-10 10:02:40,160 - INFO - 🔍 Checking server availability before optimization...
2025-08-10 10:02:40,173 - INFO - ✅ Server is available (status: completed)
2025-08-10 10:02:40,173 - INFO - 📝 Marked server as used at 1754820160.173862
2025-08-10 10:02:40,173 - INFO - ✅ Server is available and marked as used
2025-08-10 10:02:43,034 - INFO - 🔄 Reproducibility optimization applied:
2025-08-10 10:02:43,034 - INFO -    Original: vibrant red vase with elegant swirl
2025-08-10 10:02:43,034 - INFO -    Optimized: wbgmsst, a polished and complete red vase with intricate swirling patterns etched into its surface and golden-plated filigree details, is accurately rendered in the front view on a white background, white background.
2025-08-10 10:02:43,034 - INFO -    Similarity: 0.556
2025-08-10 10:02:43,035 - INFO -    Gold score: 0.9242
2025-08-10 10:02:43,035 - INFO -       🔧 Overriding endpoint: generate/baolei/
2025-08-10 10:02:43,035 - INFO -       🔧 Using endpoint: generate/baolei/
2025-08-10 10:02:43,041 - INFO - 
🔄 RL LOOP OPTIMIZATION: 'vibrant red vase with elegant swirl'
2025-08-10 10:02:43,043 - INFO -    Session: rl_session_1754820163_8626
2025-08-10 10:02:43,043 - INFO -    Max rounds: 18
2025-08-10 10:02:43,043 - INFO -    Min rounds before convergence: 5
2025-08-10 10:02:43,043 - INFO -    Target score: 0.99
2025-08-10 10:02:43,043 - INFO -       🎯 Found previous best attempt: a vibrant red vase with elegant swirls that evoke a sense of energy and sophistication, front view, accurate, complete, white background (score: 0.9402)
2025-08-10 10:02:43,043 - INFO -       🎯 Strategy used: artistic_elaboration
2025-08-10 10:02:43,043 - INFO -       🎯 Session ID: rl_session_1754803655_1611
2025-08-10 10:02:43,043 - INFO -       🎯 Past final best prompt: a vibrant red vase with elegant swirls that evoke a sense of energy and sophistication, front view, accurate, complete, white background
2025-08-10 10:02:43,044 - INFO -       🎯 Past final best score: 0.940
2025-08-10 10:02:43,044 - INFO -       🎯 Past session ID: rl_session_1754803655_1611
2025-08-10 10:02:43,044 - INFO -       🎯 Past learned insights: Iterative improvement successful: 0.818 → 0.889, Best performing strategy in session: artistic_elaboration, Explored 4 different strategies
2025-08-10 10:02:43,044 - INFO -       🎯 Past strategy performance updates: {'conservative_enhancement': 0.17513228519757507, 'aggressive_transformation': 0.10056677002399916, 'artistic_elaboration': 0.024401853545902852, 'technical_precision': -0.004106418998326644}
2025-08-10 10:02:43,044 - INFO -       🎯 Past final best prompt: a vibrant red vase with elegant swirls that evoke a sense of energy and sophistication, front view, accurate, complete, white background
2025-08-10 10:02:43,044 - INFO -       🎯 Past final best score: 0.940
2025-08-10 10:02:43,044 - INFO - 
   🔄 RL Round 1/18
2025-08-10 10:02:43,044 - INFO -       🎯 Strategy: artistic_elaboration (exploit)
2025-08-10 10:02:47,146 - INFO - [TRELLIS] GPU cache cleared: {'status': 'cache_cleared', 'available_memory_gb': 20.277362688}
2025-08-10 10:02:47,148 - INFO -       🔍 Validating...
2025-08-10 10:02:47,149 - INFO -       📝 Using optimized prompt for generation: 'a vibrant red vase with elegant swirls that evoke a sense of energy and sophistication, focused on the intricate patterns etched into its surface, front view, accurate, complete, white background...'
2025-08-10 10:02:47,150 - INFO -       🎯 Computing scores against original prompt: 'vibrant red vase with elegant swirl...'
2025-08-10 10:04:06,422 - INFO -       📊 Validation score: 0.5835
2025-08-10 10:04:06,423 - INFO - 
   🔄 RL Round 2/18
2025-08-10 10:04:06,423 - INFO -       🔍 Explore performing better - increasing epsilon to 0.80
2025-08-10 10:04:06,423 - INFO -       🎯 Strategy: artistic_elaboration (explore)
2025-08-10 10:04:12,307 - INFO - [TRELLIS] GPU cache cleared: {'status': 'cache_cleared', 'available_memory_gb': 20.277362688}
2025-08-10 10:04:12,308 - INFO -       🔍 Validating...
2025-08-10 10:04:12,308 - INFO -       📝 Using optimized prompt for generation: 'a vibrant red ceramic vase with dynamic swirling patterns that evoke a sense of kinetic energy and sophistication, front view, accurate, complete, white background...'
2025-08-10 10:04:12,308 - INFO -       🎯 Computing scores against original prompt: 'vibrant red vase with elegant swirl...'
