2025-08-09 02:28:28,313 - INFO - 📄 Starting fresh RL loop memory
2025-08-09 02:28:28,313 - INFO - 🔄 RL LOOP AGENT INITIALIZED (IMPROVED)
2025-08-09 02:28:28,314 - INFO -    Strategy tracking: 8 strategies
2025-08-09 02:28:28,314 - INFO -    Past sessions: 0
2025-08-09 02:28:28,314 - INFO -    Exploration rate: 0.60
2025-08-09 02:28:28,314 - INFO -    Max rounds per optimization: 15
2025-08-09 02:28:28,314 - INFO -    Min rounds before convergence: 5
2025-08-09 02:28:28,314 - INFO -    Adaptive convergence: ENABLED
2025-08-09 02:28:28,346 - INFO - 🔄 Initialized reproducibility system for pre-optimization
2025-08-09 02:28:28,346 - INFO - Starting episodic optimization: 2 episodes, 63 prompts per episode
2025-08-09 02:28:28,346 - INFO - Target score: 0.99, Max rounds per prompt: 18
2025-08-09 02:28:28,346 - INFO - 
============================================================
2025-08-09 02:28:28,346 - INFO - STARTING EPISODE 1/2
2025-08-09 02:28:28,347 - INFO - ============================================================
2025-08-09 02:28:28,347 - INFO - 🔍 Checking server health at episode start...
2025-08-09 02:28:28,353 - INFO - ✅ Server health check passed
2025-08-09 02:28:28,353 - INFO - 
--- Episode 1, Prompt 1 (Total: 63) ---
2025-08-09 02:28:28,354 - INFO - Optimizing: 'white wooden golf club head'
2025-08-09 02:28:28,354 - INFO - 🔍 Checking server availability before optimization...
2025-08-09 02:28:28,359 - INFO - ✅ Server is available (status: idle)
2025-08-09 02:28:28,359 - INFO - 📝 Marked server as used at 1754706508.3593414
2025-08-09 02:28:28,359 - INFO - ✅ Server is available and marked as used
2025-08-09 02:28:28,359 - INFO - 🔄 Reproducibility optimization returned no result
2025-08-09 02:28:28,359 - INFO -       🔧 Overriding endpoint: generate/
2025-08-09 02:28:28,359 - INFO -       🔧 Using endpoint: generate/baolei/
2025-08-09 02:28:28,362 - INFO - 
🔄 RL LOOP OPTIMIZATION: 'white wooden golf club head'
2025-08-09 02:28:28,362 - INFO -    Session: rl_session_1754706508_3661
2025-08-09 02:28:28,362 - INFO -    Max rounds: 18
2025-08-09 02:28:28,362 - INFO -    Min rounds before convergence: 5
2025-08-09 02:28:28,362 - INFO -    Target score: 0.99
2025-08-09 02:28:28,362 - INFO - 
   🔄 RL Round 1/18
2025-08-09 02:28:28,362 - INFO -       🎯 Strategy: conservative_enhancement (exploit)
2025-08-09 02:28:34,540 - INFO - [TRELLIS] GPU cache cleared: {'status': 'cache_cleared', 'available_memory_gb': 24.124260352}
2025-08-09 02:28:34,540 - INFO -       🔍 Validating...
2025-08-09 02:28:34,541 - INFO -       📝 Using optimized prompt for generation: 'a white wooden golf club head with subtle grain patterns and a slightly worn texture, front view, accurate, complete, white background...'
2025-08-09 02:28:34,541 - INFO -       🎯 Computing scores against original prompt: 'white wooden golf club head...'
2025-08-09 02:30:28,792 - INFO -       📊 Validation score: 0.9217
2025-08-09 02:30:28,792 - INFO -       🎯 New best score: 0.9217
2025-08-09 02:30:28,792 - INFO - 
   🔄 RL Round 2/18
2025-08-09 02:30:28,792 - INFO -       🎯 Strategy: aggressive_transformation (explore)
2025-08-09 02:30:32,401 - INFO - [TRELLIS] GPU cache cleared: {'status': 'cache_cleared', 'available_memory_gb': 18.407424}
2025-08-09 02:30:32,401 - INFO -       🔍 Validating...
2025-08-09 02:30:32,401 - INFO -       📝 Using optimized prompt for generation: 'a white wooden golf club head with intricate grain patterns and a subtle sheen, front view, slight wear on the edges, front view, accurate, complete, white background...'
2025-08-09 02:30:32,401 - INFO -       🎯 Computing scores against original prompt: 'white wooden golf club head...'
2025-08-09 02:31:29,763 - INFO -       📊 Validation score: 0.7711
2025-08-09 02:31:29,763 - INFO -       📉 Score declined: Consider different approach
2025-08-09 02:31:29,763 - INFO - 
   🔄 RL Round 3/18
2025-08-09 02:31:29,764 - INFO -       🎯 Strategy: conservative_enhancement (exploit)
2025-08-09 02:31:32,942 - INFO - [TRELLIS] GPU cache cleared: {'status': 'cache_cleared', 'available_memory_gb': 18.403229696}
2025-08-09 02:31:32,942 - INFO -       🔍 Validating...
2025-08-09 02:31:32,942 - INFO -       📝 Using optimized prompt for generation: 'a white wooden golf club head with subtle grain patterns and a worn texture on the face, front view, slight curve, front view, accurate, complete, white background...'
2025-08-09 02:31:32,942 - INFO -       🎯 Computing scores against original prompt: 'white wooden golf club head...'
2025-08-09 02:32:31,390 - INFO -       📊 Validation score: 0.9300
2025-08-09 02:32:31,391 - INFO -       🎯 New best score: 0.9300
2025-08-09 02:32:31,391 - INFO -       📈 Improvement detected: conservative_enhancement working better
2025-08-09 02:32:31,391 - INFO - 
   🔄 RL Round 4/18
2025-08-09 02:32:31,391 - INFO -       🎯 Strategy: conservative_enhancement (exploit)
2025-08-09 02:32:34,847 - INFO - [TRELLIS] GPU cache cleared: {'status': 'cache_cleared', 'available_memory_gb': 18.403229696}
2025-08-09 02:32:34,847 - INFO -       🔍 Validating...
2025-08-09 02:32:34,847 - INFO -       📝 Using optimized prompt for generation: 'a white wooden golf club head with subtle texture and prominent grain patterns, worn on the face and edges...'
2025-08-09 02:32:34,847 - INFO -       🎯 Computing scores against original prompt: 'white wooden golf club head...'
2025-08-09 02:33:41,117 - INFO -       📊 Validation score: 0.8053
2025-08-09 02:33:41,118 - INFO -       📉 Score declined: Consider different approach
2025-08-09 02:33:41,118 - INFO - 
   🔄 RL Round 5/18
2025-08-09 02:33:41,118 - INFO -       🎯 Strategy: material_focus (explore)
2025-08-09 02:33:56,589 - WARNING - [TRELLIS] Exception clearing GPU cache: HTTPConnectionPool(host='localhost', port=8096): Read timed out. (read timeout=10)
2025-08-09 02:33:56,589 - INFO -       🔍 Validating...
2025-08-09 02:33:56,589 - INFO -       📝 Using optimized prompt for generation: 'a white wooden golf club head with intricate grain patterns and a subtle sheen, front view, slight wear on the face, front view, accurate, complete, white background...'
2025-08-09 02:33:56,589 - INFO -       🎯 Computing scores against original prompt: 'white wooden golf club head...'
2025-08-09 02:34:51,362 - WARNING -    ❌ Validation failed (return code 1)
2025-08-09 02:34:51,363 - INFO -       📊 Validation score: 0.0000
2025-08-09 02:34:51,363 - INFO - 
   🔄 RL Round 6/18
2025-08-09 02:34:51,364 - INFO -       🎯 Strategy: conservative_enhancement (exploit)
2025-08-09 02:34:56,543 - INFO - [TRELLIS] GPU cache cleared: {'status': 'cache_cleared', 'available_memory_gb': 9.832890368}
2025-08-09 02:34:56,544 - INFO -       🔍 Validating...
2025-08-09 02:34:56,544 - INFO -       📝 Using optimized prompt for generation: 'a white wooden golf club head with subtle grain patterns and a slightly worn texture on the surface, front view, slight curvature to the club face, front view, accurate, complete, white background...'
2025-08-09 02:34:56,544 - INFO -       🎯 Computing scores against original prompt: 'white wooden golf club head...'
2025-08-09 02:36:06,206 - INFO -       📊 Validation score: 0.8167
2025-08-09 02:36:06,207 - INFO - 
   🔄 RL Round 7/18
2025-08-09 02:36:06,207 - INFO -       🎯 Strategy: artistic_elaboration (explore)
2025-08-09 02:36:09,704 - INFO - [TRELLIS] GPU cache cleared: {'status': 'cache_cleared', 'available_memory_gb': 15.556018176}
2025-08-09 02:36:09,704 - INFO -       🔍 Validating...
2025-08-09 02:36:09,704 - INFO -       📝 Using optimized prompt for generation: 'a white wooden golf club head with intricate grain patterns that have a slightly worn appearance on the surface, featuring a faint patina effect and a slight curve to the face, front view, accurate, complete, white background...'
2025-08-09 02:36:09,704 - INFO -       🎯 Computing scores against original prompt: 'white wooden golf club head...'
2025-08-09 02:37:08,766 - INFO -       📊 Validation score: 0.9236
2025-08-09 02:37:08,767 - INFO -       📈 Improvement detected: artistic_elaboration working better
2025-08-09 02:37:08,767 - INFO - 
   🔄 RL Round 8/18
2025-08-09 02:37:08,767 - INFO -       🎯 Strategy: technical_precision (explore)
2025-08-09 02:37:12,034 - INFO - [TRELLIS] GPU cache cleared: {'status': 'cache_cleared', 'available_memory_gb': 15.556018176}
2025-08-09 02:37:12,034 - INFO -       🔍 Validating...
2025-08-09 02:37:12,035 - INFO -       📝 Using optimized prompt for generation: 'a white wooden golf club head with intricate grain patterns that have a slightly worn appearance on the surface, front view, slight sheen, front view, accurate, complete, white background...'
2025-08-09 02:37:12,035 - INFO -       🎯 Computing scores against original prompt: 'white wooden golf club head...'
2025-08-09 02:38:11,040 - INFO -       📊 Validation score: 0.8747
2025-08-09 02:38:11,040 - INFO -       📉 Score declined: Consider different approach
2025-08-09 02:38:11,040 - INFO - 
   🔄 RL Round 9/18
2025-08-09 02:38:11,040 - INFO -       🎯 Strategy: conservative_enhancement (exploit)
2025-08-09 02:38:14,403 - INFO - [TRELLIS] GPU cache cleared: {'status': 'cache_cleared', 'available_memory_gb': 15.556018176}
2025-08-09 02:38:14,404 - INFO -       🔍 Validating...
2025-08-09 02:38:14,404 - INFO -       📝 Using optimized prompt for generation: 'a white wooden golf club head with a worn texture on the face and subtle grain patterns that have been distressed to reveal a hint of its natural wood color, front view, front view, accurate, complete, white background...'
2025-08-09 02:38:14,404 - INFO -       🎯 Computing scores against original prompt: 'white wooden golf club head...'
2025-08-09 02:39:12,069 - INFO -       📊 Validation score: 0.3605
2025-08-09 02:39:12,070 - INFO -       📉 Score declined: Consider different approach
2025-08-09 02:39:12,070 - INFO -       🔍 Increasing exploration to 0.70
2025-08-09 02:39:12,070 - INFO - 
   🔄 RL Round 10/18
2025-08-09 02:39:12,070 - INFO -       🎯 Strategy: contextual_scene_building (explore)
2025-08-09 02:39:15,878 - INFO - [TRELLIS] GPU cache cleared: {'status': 'cache_cleared', 'available_memory_gb': 15.556018176}
2025-08-09 02:39:15,879 - INFO -       🔍 Validating...
2025-08-09 02:39:15,879 - INFO -       📝 Using optimized prompt for generation: 'a white wooden golf club head with intricate grain patterns and a subtle sheen, worn on the face and slightly weathered, front view, accurate, complete, white background...'
2025-08-09 02:39:15,879 - INFO -       🎯 Computing scores against original prompt: 'white wooden golf club head...'
2025-08-09 02:40:14,455 - INFO -       📊 Validation score: 0.3878
2025-08-09 02:40:14,456 - INFO -       📈 Improvement detected: contextual_scene_building working better
2025-08-09 02:40:14,456 - INFO -       🔍 Increasing exploration to 0.78
2025-08-09 02:40:14,456 - INFO - 
   🔄 RL Round 11/18
2025-08-09 02:40:14,456 - INFO -       🎯 Strategy: conservative_enhancement (exploit)
2025-08-09 02:40:18,001 - INFO - [TRELLIS] GPU cache cleared: {'status': 'cache_cleared', 'available_memory_gb': 15.551823872}
2025-08-09 02:40:18,002 - INFO -       🔍 Validating...
2025-08-09 02:40:18,002 - INFO -       📝 Using optimized prompt for generation: 'a white wooden golf club head with a worn texture on the face and subtle grain patterns that have a slight sheen, front view, front view, accurate, complete, white background...'
2025-08-09 02:40:18,002 - INFO -       🎯 Computing scores against original prompt: 'white wooden golf club head...'
2025-08-09 02:41:17,652 - INFO -       📊 Validation score: 0.8164
2025-08-09 02:41:17,653 - INFO -       📈 Improvement detected: conservative_enhancement working better
2025-08-09 02:41:17,653 - INFO - 
   🔄 RL Round 12/18
2025-08-09 02:41:17,653 - INFO -       🎯 Strategy: minimalist_refinement (explore)
2025-08-09 02:41:21,344 - INFO - [TRELLIS] GPU cache cleared: {'status': 'cache_cleared', 'available_memory_gb': 15.551823872}
2025-08-09 02:41:21,344 - INFO -       🔍 Validating...
2025-08-09 02:41:21,344 - INFO -       📝 Using optimized prompt for generation: 'a white wooden golf club head with fine grain patterns and a smooth, matte finish, front view, accurate, complete, white background...'
2025-08-09 02:41:21,345 - INFO -       🎯 Computing scores against original prompt: 'white wooden golf club head...'
2025-08-09 02:42:21,349 - INFO -       📊 Validation score: 0.6434
2025-08-09 02:42:21,350 - INFO -       📉 Score declined: Consider different approach
2025-08-09 02:42:21,350 - INFO - 
   🔄 RL Round 13/18
2025-08-09 02:42:21,350 - INFO -       🎯 Strategy: conservative_enhancement (exploit)
2025-08-09 02:42:25,224 - INFO - [TRELLIS] GPU cache cleared: {'status': 'cache_cleared', 'available_memory_gb': 15.545532416}
2025-08-09 02:42:25,224 - INFO -       🔍 Validating...
2025-08-09 02:42:25,224 - INFO -       📝 Using optimized prompt for generation: 'a white wooden golf club head with fine, slightly worn grain patterns on the face and a gentle sheen, front view, accurate, complete, white background...'
2025-08-09 02:42:25,224 - INFO -       🎯 Computing scores against original prompt: 'white wooden golf club head...'
2025-08-09 02:43:23,448 - INFO -       📊 Validation score: 0.5751
2025-08-09 02:43:23,449 - INFO -       📉 Score declined: Consider different approach
2025-08-09 02:43:23,449 - INFO - 
   🔄 RL Round 14/18
2025-08-09 02:43:23,449 - INFO -       🎯 Strategy: hybrid_approach (explore)
2025-08-09 02:43:28,322 - INFO - [TRELLIS] GPU cache cleared: {'status': 'cache_cleared', 'available_memory_gb': 15.541338112}
2025-08-09 02:43:28,322 - INFO -       🔍 Validating...
2025-08-09 02:43:28,323 - INFO -       📝 Using optimized prompt for generation: 'a white wooden golf club head with fine, slightly worn grain patterns on the face and a subtle sheen, slight wear marks on the handle, front view, accurate, complete, white background...'
2025-08-09 02:43:28,323 - INFO -       🎯 Computing scores against original prompt: 'white wooden golf club head...'
2025-08-09 02:44:24,634 - INFO -       📊 Validation score: 0.8111
2025-08-09 02:44:24,635 - INFO -       📈 Improvement detected: hybrid_approach working better
2025-08-09 02:44:24,635 - INFO - 
   🔄 RL Round 15/18
2025-08-09 02:44:24,635 - INFO -       🔍 Explore performing better - increasing epsilon to 0.79
2025-08-09 02:44:24,635 - INFO -       🎯 Strategy: aggressive_transformation (explore)
2025-08-09 02:44:28,805 - INFO - [TRELLIS] GPU cache cleared: {'status': 'cache_cleared', 'available_memory_gb': 15.53924096}
2025-08-09 02:44:28,806 - INFO -       🔍 Validating...
2025-08-09 02:44:28,806 - INFO -       📝 Using optimized prompt for generation: 'a white wooden golf club head with fine, slightly worn grain patterns on the face and a gentle sheen...'
2025-08-09 02:44:28,806 - INFO -       🎯 Computing scores against original prompt: 'white wooden golf club head...'
2025-08-09 02:45:26,800 - INFO -       📊 Validation score: 0.9234
2025-08-09 02:45:26,801 - INFO -       📈 Improvement detected: aggressive_transformation working better
2025-08-09 02:45:26,801 - INFO - 
   🔄 RL Round 16/18
2025-08-09 02:45:26,801 - INFO -       🔍 Explore performing better - increasing epsilon to 0.80
2025-08-09 02:45:26,801 - INFO -       🎯 Strategy: material_focus (explore)
2025-08-09 02:45:30,360 - INFO - [TRELLIS] GPU cache cleared: {'status': 'cache_cleared', 'available_memory_gb': 18.38645248}
2025-08-09 02:45:30,361 - INFO -       🔍 Validating...
2025-08-09 02:45:30,361 - INFO -       📝 Using optimized prompt for generation: 'a white wooden golf club head with intricate grain patterns that have a slightly worn appearance on the face, bearing subtle hints of oxidation and a gentle sheen, front view, accurate, complete, white background...'
2025-08-09 02:45:30,361 - INFO -       🎯 Computing scores against original prompt: 'white wooden golf club head...'
2025-08-09 02:46:27,978 - INFO -       📊 Validation score: 0.2679
2025-08-09 02:46:27,979 - INFO -       📉 Score declined: Consider different approach
2025-08-09 02:46:27,979 - INFO -       🔍 Increasing exploration to 0.80
2025-08-09 02:46:27,979 - INFO - 
   🔄 RL Round 17/18
2025-08-09 02:46:27,979 - INFO -       🎯 Strategy: artistic_elaboration (explore)
2025-08-09 02:46:31,518 - INFO - [TRELLIS] GPU cache cleared: {'status': 'cache_cleared', 'available_memory_gb': 18.38645248}
2025-08-09 02:46:31,519 - INFO -       🔍 Validating...
2025-08-09 02:46:31,519 - INFO -       📝 Using optimized prompt for generation: 'a white wooden golf club head with fine, slightly worn grain patterns on the face and a subtle sheen that hints at years of faithful use, front view, accurate, complete, white background...'
2025-08-09 02:46:31,519 - INFO -       🎯 Computing scores against original prompt: 'white wooden golf club head...'
2025-08-09 02:47:29,569 - INFO -       📊 Validation score: 0.1585
2025-08-09 02:47:29,569 - INFO -       📉 Score declined: Consider different approach
2025-08-09 02:47:29,570 - INFO -       🔍 Increasing exploration to 0.80
2025-08-09 02:47:29,570 - INFO - 
   🔄 RL Round 18/18
2025-08-09 02:47:29,570 - INFO -       🎯 Strategy: technical_precision (explore)
2025-08-09 02:47:33,003 - INFO - [TRELLIS] GPU cache cleared: {'status': 'cache_cleared', 'available_memory_gb': 18.38645248}
2025-08-09 02:47:33,003 - INFO -       🔍 Validating...
2025-08-09 02:47:33,003 - INFO -       📝 Using optimized prompt for generation: 'a white wooden golf club head with fine, slightly worn grain patterns and a gentle sheen, front view, accurate, complete, white background...'
2025-08-09 02:47:33,004 - INFO -       🎯 Computing scores against original prompt: 'white wooden golf club head...'
2025-08-09 02:48:30,441 - INFO -       📊 Validation score: 0.8080
2025-08-09 02:48:30,441 - INFO -       🔍 Explore performing better - stricter convergence threshold: 0.005
2025-08-09 02:48:30,443 - INFO - 
🎯 RL LOOP COMPLETE:
2025-08-09 02:48:30,444 - INFO -    Best prompt: a white wooden golf club head with subtle grain patterns and a worn texture on the face, front view, slight curve, front view, accurate, complete, white background
2025-08-09 02:48:30,444 - INFO -    Best score: 0.9300
2025-08-09 02:48:30,444 - INFO -    Rounds: 18
2025-08-09 02:48:30,444 - INFO -    Convergence: False
2025-08-09 02:48:30,444 - INFO -    Convergence reason: Not converged
2025-08-09 02:48:30,444 - INFO -    Exploration ratio: 61.1%
2025-08-09 02:48:30,444 - INFO -    Insights learned: 2
2025-08-09 02:48:30,444 - INFO -    Total time: 1202.08s
2025-08-09 02:48:30,444 - INFO - Prompt optimized in 18 rounds: 0.922 → 0.930 (+0.008)
2025-08-09 02:48:30,444 - INFO - ⏰ Max rounds reached
2025-08-09 02:48:30,444 - INFO - 
--- Episode 1, Prompt 2 (Total: 63) ---
2025-08-09 02:48:30,445 - INFO - Optimizing: 'enormous black robot with round body'
2025-08-09 02:48:30,445 - INFO - 🔍 Checking server availability before optimization...
2025-08-09 02:48:30,452 - INFO - ✅ Server is available (status: completed)
2025-08-09 02:48:30,452 - INFO - 📝 Marked server as used at 1754707710.4524279
2025-08-09 02:48:30,452 - INFO - ✅ Server is available and marked as used
2025-08-09 02:48:30,452 - INFO - 🔄 Reproducibility optimization returned no result
2025-08-09 02:48:30,452 - INFO -       🔧 Overriding endpoint: generate/baolei/
2025-08-09 02:48:30,452 - INFO -       🔧 Using endpoint: generate/baolei/
2025-08-09 02:48:30,455 - INFO - 
🔄 RL LOOP OPTIMIZATION: 'enormous black robot with round body'
2025-08-09 02:48:30,455 - INFO -    Session: rl_session_1754707710_7018
2025-08-09 02:48:30,455 - INFO -    Max rounds: 18
2025-08-09 02:48:30,455 - INFO -    Min rounds before convergence: 5
2025-08-09 02:48:30,455 - INFO -    Target score: 0.99
2025-08-09 02:48:30,455 - INFO - 
   🔄 RL Round 1/18
2025-08-09 02:48:30,456 - INFO -       🎯 Strategy: conservative_enhancement (exploit)
2025-08-09 02:48:34,653 - INFO - [TRELLIS] GPU cache cleared: {'status': 'cache_cleared', 'available_memory_gb': 18.38645248}
2025-08-09 02:48:34,654 - INFO -       🔍 Validating...
2025-08-09 02:48:34,654 - INFO -       📝 Using optimized prompt for generation: 'enormous black robot with sleek, aerodynamic body and glowing blue accents, front view, accurate, complete, white background...'
2025-08-09 02:48:34,654 - INFO -       🎯 Computing scores against original prompt: 'enormous black robot with round body...'
2025-08-09 02:49:33,463 - INFO -       📊 Validation score: 0.8146
2025-08-09 02:49:33,463 - INFO -       🎯 New best score: 0.8146
2025-08-09 02:49:33,464 - INFO - 
   🔄 RL Round 2/18
2025-08-09 02:49:33,464 - INFO -       🎯 Strategy: conservative_enhancement (explore)
2025-08-09 02:49:36,290 - INFO - [TRELLIS] GPU cache cleared: {'status': 'cache_cleared', 'available_memory_gb': 18.38645248}
2025-08-09 02:49:36,291 - INFO -       🔍 Validating...
2025-08-09 02:49:36,291 - INFO -       📝 Using optimized prompt for generation: 'enormous black robot with round body and metallic sheen, front view, front view, accurate, complete, white background...'
2025-08-09 02:49:36,291 - INFO -       🎯 Computing scores against original prompt: 'enormous black robot with round body...'
2025-08-09 02:50:35,419 - INFO -       📊 Validation score: 0.8908
2025-08-09 02:50:35,419 - INFO -       🎯 New best score: 0.8908
2025-08-09 02:50:35,419 - INFO -       📈 Improvement detected: conservative_enhancement working better
2025-08-09 02:50:35,420 - INFO - 
   🔄 RL Round 3/18
2025-08-09 02:50:35,420 - INFO -       🎯 Strategy: conservative_enhancement (exploit)
2025-08-09 02:50:39,659 - INFO - [TRELLIS] GPU cache cleared: {'status': 'cache_cleared', 'available_memory_gb': 18.38645248}
2025-08-09 02:50:39,659 - INFO -       🔍 Validating...
2025-08-09 02:50:39,659 - INFO -       📝 Using optimized prompt for generation: 'enormous black robot with sleek, aerodynamic body and metallic sheen that reflects light in a mesmerizing pattern, front view, accurate, complete., front view, accurate, complete, white background...'
2025-08-09 02:50:39,659 - INFO -       🎯 Computing scores against original prompt: 'enormous black robot with round body...'
2025-08-09 02:51:40,190 - INFO -       📊 Validation score: 0.8614
2025-08-09 02:51:40,190 - INFO -       📉 Score declined: Consider different approach
2025-08-09 02:51:40,190 - INFO - 
   🔄 RL Round 4/18
2025-08-09 02:51:40,190 - INFO -       🎯 Strategy: contextual_scene_building (explore)
2025-08-09 02:51:43,630 - INFO - [TRELLIS] GPU cache cleared: {'status': 'cache_cleared', 'available_memory_gb': 18.38645248}
2025-08-09 02:51:43,630 - INFO -       🔍 Validating...
2025-08-09 02:51:43,630 - INFO -       📝 Using optimized prompt for generation: 'enormous black robot with aerodynamic body, metallic sheen, and glowing blue accents on the sides, front view, accurate, complete...'
2025-08-09 02:51:43,630 - INFO -       🎯 Computing scores against original prompt: 'enormous black robot with round body...'
2025-08-09 02:52:47,435 - INFO -       📊 Validation score: 0.9166
2025-08-09 02:52:47,435 - INFO -       🎯 New best score: 0.9166
2025-08-09 02:52:47,435 - INFO -       📈 Improvement detected: contextual_scene_building working better
2025-08-09 02:52:47,435 - INFO - 
   🔄 RL Round 5/18
2025-08-09 02:52:47,435 - INFO -       🎯 Strategy: minimalist_refinement (explore)
2025-08-09 02:52:51,098 - INFO - [TRELLIS] GPU cache cleared: {'status': 'cache_cleared', 'available_memory_gb': 18.38645248}
2025-08-09 02:52:51,098 - INFO -       🔍 Validating...
2025-08-09 02:52:51,098 - INFO -       📝 Using optimized prompt for generation: 'an enormous black robot with a rounded, aerodynamic body and metallic sheen that reflects light in a mesmerizing pattern of raised panels and rivets...'
2025-08-09 02:52:51,098 - INFO -       🎯 Computing scores against original prompt: 'enormous black robot with round body...'
2025-08-09 02:53:55,832 - INFO -       📊 Validation score: 0.8998
2025-08-09 02:53:55,832 - INFO -       🔍 Explore performing better - stricter convergence threshold: 0.005
2025-08-09 02:53:55,832 - INFO -       📉 Score declined: Consider different approach
2025-08-09 02:53:55,832 - INFO - 
   🔄 RL Round 6/18
2025-08-09 02:53:55,833 - INFO -       🎯 Strategy: hybrid_approach (explore)
2025-08-09 02:54:11,293 - WARNING - [TRELLIS] Exception clearing GPU cache: HTTPConnectionPool(host='localhost', port=8096): Read timed out. (read timeout=10)
2025-08-09 02:54:11,294 - INFO -       🔍 Validating...
2025-08-09 02:54:11,294 - INFO -       📝 Using optimized prompt for generation: 'an enormous black robot with a sleek, aerodynamic body featuring integrated gull-wing doors, metallic sheen that reflects light in a mesmerizing pattern, and subtle ridges on its surface for enhanced grip and maneuverability, front view, accurate, complete, white background...'
2025-08-09 02:54:11,294 - INFO -       🎯 Computing scores against original prompt: 'enormous black robot with round body...'
2025-08-09 02:56:00,265 - INFO -       📊 Validation score: 0.8317
2025-08-09 02:56:00,266 - INFO -       🔍 Explore performing better - stricter convergence threshold: 0.005
2025-08-09 02:56:00,266 - INFO -       📉 Score declined: Consider different approach
2025-08-09 02:56:00,266 - INFO - 
   🔄 RL Round 7/18
2025-08-09 02:56:00,266 - INFO -       🔍 Explore performing better - increasing epsilon to 0.71
2025-08-09 02:56:00,266 - INFO -       🎯 Strategy: aggressive_transformation (explore)
2025-08-09 02:56:14,952 - WARNING - [TRELLIS] Exception clearing GPU cache: HTTPConnectionPool(host='localhost', port=8096): Read timed out. (read timeout=10)
2025-08-09 02:56:14,953 - INFO -       🔍 Validating...
2025-08-09 02:56:14,953 - INFO -       📝 Using optimized prompt for generation: 'enormous black robot with a rounded, aerodynamic body featuring integrated gull-wing doors, metallic sheen that reflects light in a mesmerizing pattern, and a series of glowing blue accents along its edges, front view, accurate, complete, white background...'
2025-08-09 02:56:14,953 - INFO -       🎯 Computing scores against original prompt: 'enormous black robot with round body...'
2025-08-09 02:57:47,994 - WARNING -    ❌ Validation failed (return code 1)
2025-08-09 02:57:47,995 - INFO -       📊 Validation score: 0.0000
2025-08-09 02:57:47,995 - INFO -       🔍 Explore performing better - stricter convergence threshold: 0.005
2025-08-09 02:57:47,995 - INFO - 
   🔄 RL Round 8/18
2025-08-09 02:57:47,995 - INFO -       🔍 Explore performing better - increasing epsilon to 0.76
2025-08-09 02:57:47,996 - INFO -       🎯 Strategy: aggressive_transformation (explore)
2025-08-09 02:57:53,766 - INFO - [TRELLIS] GPU cache cleared: {'status': 'cache_cleared', 'available_memory_gb': 10.71579136}
2025-08-09 02:57:53,766 - INFO -       🔍 Validating...
2025-08-09 02:57:53,766 - INFO -       📝 Using optimized prompt for generation: 'enormous black robot with a streamlined, aerodynamic body featuring a metallic sheen that reflects light in a subtle gradient, with integrated gull-wing doors and a prominent air intake system, front view, accurate, complete, white background...'
2025-08-09 02:57:53,766 - INFO -       🎯 Computing scores against original prompt: 'enormous black robot with round body...'
2025-08-09 02:59:59,586 - INFO -       📊 Validation score: 0.7119
2025-08-09 02:59:59,586 - INFO -       🔍 Explore performing better - stricter convergence threshold: 0.005
2025-08-09 02:59:59,587 - INFO - 
   🔄 RL Round 9/18
2025-08-09 02:59:59,587 - INFO -       🔍 Explore performing better - increasing epsilon to 0.80
2025-08-09 02:59:59,587 - INFO -       🎯 Strategy: aggressive_transformation (explore)
2025-08-09 03:00:13,730 - WARNING - [TRELLIS] Exception clearing GPU cache: HTTPConnectionPool(host='localhost', port=8096): Read timed out. (read timeout=10)
2025-08-09 03:00:13,730 - INFO -       🔍 Validating...
2025-08-09 03:00:13,730 - INFO -       📝 Using optimized prompt for generation: 'enormous black robot with sleek, aerodynamic body featuring a metallic sheen that reflects light in a mesmerizing pattern of swirling silver lines, round edges, and precision-crafted copper accents, front view, accurate, complete, white background...'
2025-08-09 03:00:13,731 - INFO -       🎯 Computing scores against original prompt: 'enormous black robot with round body...'
2025-08-09 03:02:26,636 - INFO -       📊 Validation score: 0.9446
2025-08-09 03:02:26,637 - INFO -       🎯 New best score: 0.9446
2025-08-09 03:02:26,637 - INFO -       🔍 Explore performing better - stricter convergence threshold: 0.005
2025-08-09 03:02:26,637 - INFO -       📈 Improvement detected: aggressive_transformation working better
2025-08-09 03:02:26,637 - INFO - 
   🔄 RL Round 10/18
2025-08-09 03:02:26,637 - INFO -       🔍 Explore performing better - increasing epsilon to 0.80
2025-08-09 03:02:26,637 - INFO -       🎯 Strategy: material_focus (explore)
2025-08-09 03:02:40,679 - INFO - [TRELLIS] GPU cache cleared: {'status': 'cache_cleared', 'available_memory_gb': 15.765733376}
2025-08-09 03:02:40,679 - INFO -       🔍 Validating...
2025-08-09 03:02:40,680 - INFO -       📝 Using optimized prompt for generation: 'an enormous black robot with a rounded body featuring a matte-finish metallic sheen that reflects light in a way that creates a sense of depth...'
2025-08-09 03:02:40,680 - INFO -       🎯 Computing scores against original prompt: 'enormous black robot with round body...'
2025-08-09 03:04:30,174 - INFO -       📊 Validation score: 0.8998
2025-08-09 03:04:30,174 - INFO -       🔍 Explore performing better - stricter convergence threshold: 0.005
2025-08-09 03:04:30,175 - INFO -       📉 Score declined: Consider different approach
2025-08-09 03:04:30,175 - INFO - 
   🔄 RL Round 11/18
2025-08-09 03:04:30,175 - INFO -       🔍 Explore performing better - increasing epsilon to 0.80
2025-08-09 03:04:30,175 - INFO -       🎯 Strategy: artistic_elaboration (explore)
2025-08-09 03:04:44,639 - WARNING - [TRELLIS] Exception clearing GPU cache: HTTPConnectionPool(host='localhost', port=8096): Read timed out. (read timeout=10)
2025-08-09 03:04:44,639 - INFO -       🔍 Validating...
2025-08-09 03:04:44,639 - INFO -       📝 Using optimized prompt for generation: 'an enormous black robot with a rounded body featuring a matte-finish metallic sheen that reflects light in a subtle, holographic pattern, front view, accurate, complete, white background...'
2025-08-09 03:04:44,639 - INFO -       🎯 Computing scores against original prompt: 'enormous black robot with round body...'
2025-08-09 03:06:22,441 - INFO -       📊 Validation score: 0.9074
2025-08-09 03:06:22,442 - INFO -       🔍 Explore performing better - stricter convergence threshold: 0.005
2025-08-09 03:06:22,442 - INFO -       📈 Improvement detected: artistic_elaboration working better
2025-08-09 03:06:22,442 - INFO - 
   🔄 RL Round 12/18
2025-08-09 03:06:22,442 - INFO -       🔍 Explore performing better - increasing epsilon to 0.80
2025-08-09 03:06:22,442 - INFO -       🎯 Strategy: artistic_elaboration (explore)
2025-08-09 03:06:37,766 - INFO - [TRELLIS] GPU cache cleared: {'status': 'cache_cleared', 'available_memory_gb': 15.765733376}
2025-08-09 03:06:37,766 - INFO -       🔍 Validating...
2025-08-09 03:06:37,767 - INFO -       📝 Using optimized prompt for generation: 'enormous black robot with round body featuring a metallic sheen that subtly reflects light in a mesmerizing pattern of tiny rivets, front view, accurate, complete, white background...'
2025-08-09 03:06:37,767 - INFO -       🎯 Computing scores against original prompt: 'enormous black robot with round body...'
2025-08-09 03:08:06,732 - INFO -       📊 Validation score: 0.8607
2025-08-09 03:08:06,733 - INFO -       🔍 Explore performing better - stricter convergence threshold: 0.005
2025-08-09 03:08:06,733 - INFO -       📉 Score declined: Consider different approach
2025-08-09 03:08:06,733 - INFO - 
   🔄 RL Round 13/18
2025-08-09 03:08:06,734 - INFO -       🔍 Explore performing better - increasing epsilon to 0.80
2025-08-09 03:08:06,734 - INFO -       🎯 Strategy: technical_precision (explore)
2025-08-09 03:08:18,497 - INFO - [TRELLIS] GPU cache cleared: {'status': 'cache_cleared', 'available_memory_gb': 15.765733376}
2025-08-09 03:08:18,498 - INFO -       🔍 Validating...
2025-08-09 03:08:18,499 - INFO -       📝 Using optimized prompt for generation: 'enormous black robot with sleek, aerodynamic body and a metallic sheen that subtly reflects light, front view, accurate, complete, white background...'
2025-08-09 03:08:18,499 - INFO -       🎯 Computing scores against original prompt: 'enormous black robot with round body...'
2025-08-09 03:09:33,923 - INFO -       📊 Validation score: 0.9217
2025-08-09 03:09:33,924 - INFO -       🔍 Explore performing better - stricter convergence threshold: 0.005
2025-08-09 03:09:33,924 - INFO -       📈 Improvement detected: technical_precision working better
2025-08-09 03:09:33,924 - INFO - 
   🔄 RL Round 14/18
2025-08-09 03:09:33,924 - INFO -       🔍 Explore performing better - increasing epsilon to 0.80
2025-08-09 03:09:33,924 - INFO -       🎯 Strategy: contextual_scene_building (explore)
2025-08-09 03:09:46,771 - INFO - [TRELLIS] GPU cache cleared: {'status': 'cache_cleared', 'available_memory_gb': 15.765733376}
2025-08-09 03:09:46,771 - INFO -       🔍 Validating...
2025-08-09 03:09:46,773 - INFO -       📝 Using optimized prompt for generation: 'enormous black robot with sleek, aerodynamic body featuring integrated gull-wing doors, metallic sheen that subtly reflects light in a mesmerizing pattern of microscopic ridges...'
2025-08-09 03:09:46,773 - INFO -       🎯 Computing scores against original prompt: 'enormous black robot with round body...'
2025-08-09 03:12:02,326 - INFO -       📊 Validation score: 0.9078
2025-08-09 03:12:02,327 - INFO -       🔍 Explore performing better - stricter convergence threshold: 0.005
2025-08-09 03:12:02,327 - INFO -       📉 Score declined: Consider different approach
2025-08-09 03:12:02,327 - INFO - 
   🔄 RL Round 15/18
2025-08-09 03:12:02,327 - INFO -       🔍 Explore performing better - increasing epsilon to 0.80
2025-08-09 03:12:02,327 - INFO -       🎯 Strategy: minimalist_refinement (explore)
2025-08-09 03:12:16,858 - INFO - [TRELLIS] GPU cache cleared: {'status': 'cache_cleared', 'available_memory_gb': 15.765733376}
2025-08-09 03:12:16,858 - INFO -       🔍 Validating...
2025-08-09 03:12:16,858 - INFO -       📝 Using optimized prompt for generation: 'an enormous black robot with a sleek, aerodynamic body featuring a matte-finish metallic sheen that subtly reflects light in a mesmerizing pattern, front view, accurate, complete, white background...'
2025-08-09 03:12:16,858 - INFO -       🎯 Computing scores against original prompt: 'enormous black robot with round body...'
2025-08-09 03:14:08,511 - WARNING -    ❌ Validation failed (return code 1)
2025-08-09 03:14:08,511 - INFO -       📊 Validation score: 0.0000
2025-08-09 03:14:08,511 - INFO -       🔍 Explore performing better - stricter convergence threshold: 0.005
2025-08-09 03:14:08,512 - INFO - 
   🔄 RL Round 16/18
2025-08-09 03:14:08,512 - INFO -       🔍 Explore performing better - increasing epsilon to 0.80
2025-08-09 03:14:08,512 - INFO -       🎯 Strategy: minimalist_refinement (explore)
2025-08-09 03:14:14,514 - INFO - [TRELLIS] GPU cache cleared: {'status': 'cache_cleared', 'available_memory_gb': 9.92935936}
2025-08-09 03:14:14,514 - INFO -       🔍 Validating...
2025-08-09 03:14:14,514 - INFO -       📝 Using optimized prompt for generation: 'enormous black robot with aerodynamic body, metallic sheen that subtly reflects light in a mesmerizing pattern of tiny circuits and glowing blue accents on the sides, front view, accurate, complete, white background...'
2025-08-09 03:14:14,514 - INFO -       🎯 Computing scores against original prompt: 'enormous black robot with round body...'
2025-08-09 03:15:18,377 - INFO -       📊 Validation score: 0.8822
2025-08-09 03:15:18,377 - INFO -       🔍 Explore performing better - stricter convergence threshold: 0.005
2025-08-09 03:15:18,378 - INFO - 
   🔄 RL Round 17/18
2025-08-09 03:15:18,378 - INFO -       🔍 Explore performing better - increasing epsilon to 0.80
2025-08-09 03:15:18,378 - INFO -       🎯 Strategy: minimalist_refinement (explore)
2025-08-09 03:15:32,782 - INFO - [TRELLIS] GPU cache cleared: {'status': 'cache_cleared', 'available_memory_gb': 15.765733376}
2025-08-09 03:15:32,782 - INFO -       🔍 Validating...
2025-08-09 03:15:32,782 - INFO -       📝 Using optimized prompt for generation: 'an enormous black robot with a slightly rounded, aerodynamic body and metallic sheen that reflects light in a subtle manner, front view, accurate, complete, white background...'
2025-08-09 03:15:32,782 - INFO -       🎯 Computing scores against original prompt: 'enormous black robot with round body...'
2025-08-09 03:17:46,501 - INFO -       📊 Validation score: 0.8968
2025-08-09 03:17:46,502 - INFO -       🔍 Explore performing better - stricter convergence threshold: 0.005
2025-08-09 03:17:46,502 - INFO -       📈 Improvement detected: minimalist_refinement working better
2025-08-09 03:17:46,502 - INFO - 
   🔄 RL Round 18/18
2025-08-09 03:17:46,502 - INFO -       🔍 Explore performing better - increasing epsilon to 0.80
2025-08-09 03:17:46,502 - INFO -       🎯 Strategy: conservative_enhancement (exploit)
2025-08-09 03:18:00,389 - INFO - [TRELLIS] GPU cache cleared: {'status': 'cache_cleared', 'available_memory_gb': 17.671323648}
2025-08-09 03:18:00,390 - INFO -       🔍 Validating...
2025-08-09 03:18:00,390 - INFO -       📝 Using optimized prompt for generation: 'an enormous black robot with a sleek, aerodynamic body featuring a metallic sheen that subtly reflects light in a mesmerizing pattern, front view, accurate, complete, white background...'
2025-08-09 03:18:00,390 - INFO -       🎯 Computing scores against original prompt: 'enormous black robot with round body...'
2025-08-09 03:19:52,990 - WARNING -    ❌ Validation failed (return code 1)
2025-08-09 03:19:52,990 - INFO -       📊 Validation score: 0.0000
2025-08-09 03:19:52,991 - INFO -       🔍 Explore performing better - stricter convergence threshold: 0.005
2025-08-09 03:19:53,001 - INFO - 
🎯 RL LOOP COMPLETE:
2025-08-09 03:19:53,002 - INFO -    Best prompt: enormous black robot with sleek, aerodynamic body featuring a metallic sheen that reflects light in a mesmerizing pattern of swirling silver lines, round edges, and precision-crafted copper accents, front view, accurate, complete, white background
2025-08-09 03:19:53,002 - INFO -    Best score: 0.9446
2025-08-09 03:19:53,002 - INFO -    Rounds: 18
2025-08-09 03:19:53,003 - INFO -    Convergence: False
2025-08-09 03:19:53,003 - INFO -    Convergence reason: Not converged
2025-08-09 03:19:53,003 - INFO -    Exploration ratio: 83.3%
2025-08-09 03:19:53,004 - INFO -    Insights learned: 3
2025-08-09 03:19:53,004 - INFO -    Total time: 1882.54s
2025-08-09 03:19:53,004 - INFO - Prompt optimized in 18 rounds: 0.815 → 0.945 (+0.130)
2025-08-09 03:19:53,004 - INFO - ⏰ Max rounds reached
2025-08-09 03:19:53,004 - INFO - 
--- Episode 1, Prompt 3 (Total: 63) ---
2025-08-09 03:19:53,004 - INFO - Optimizing: 'bow with green handle and yellow bow'
2025-08-09 03:19:53,005 - INFO - 🔍 Checking server availability before optimization...
2025-08-09 03:19:53,013 - INFO - ✅ Server is available (status: completed)
2025-08-09 03:19:53,014 - INFO - 📝 Marked server as used at 1754709593.014045
2025-08-09 03:19:53,014 - INFO - ✅ Server is available and marked as used
2025-08-09 03:19:53,014 - INFO - 🔄 Reproducibility optimization returned no result
2025-08-09 03:19:53,014 - INFO -       🔧 Overriding endpoint: generate/baolei/
2025-08-09 03:19:53,014 - INFO -       🔧 Using endpoint: generate/baolei/
2025-08-09 03:19:53,018 - INFO - 
🔄 RL LOOP OPTIMIZATION: 'bow with green handle and yellow bow'
2025-08-09 03:19:53,019 - INFO -    Session: rl_session_1754709593_1100
2025-08-09 03:19:53,019 - INFO -    Max rounds: 18
2025-08-09 03:19:53,019 - INFO -    Min rounds before convergence: 5
2025-08-09 03:19:53,020 - INFO -    Target score: 0.99
2025-08-09 03:19:53,020 - INFO - 
   🔄 RL Round 1/18
2025-08-09 03:19:53,021 - INFO -       🔍 Explore performing better - increasing epsilon to 0.80
2025-08-09 03:19:53,021 - INFO -       🎯 Strategy: conservative_enhancement (explore)
2025-08-09 03:19:56,907 - INFO - [TRELLIS] GPU cache cleared: {'status': 'cache_cleared', 'available_memory_gb': 11.834949632}
2025-08-09 03:19:56,907 - INFO -       🔍 Validating...
2025-08-09 03:19:56,907 - INFO -       📝 Using optimized prompt for generation: 'a sleek green bow with a yellow, hand-woven handle and intricate knotwork adorning its surface, front view, accurate, complete, white background...'
2025-08-09 03:19:56,907 - INFO -       🎯 Computing scores against original prompt: 'bow with green handle and yellow bow...'
2025-08-09 03:21:25,616 - INFO -       📊 Validation score: 0.8561
2025-08-09 03:21:25,617 - INFO -       🎯 New best score: 0.8561
2025-08-09 03:21:25,617 - INFO - 
   🔄 RL Round 2/18
2025-08-09 03:21:25,617 - INFO -       🔍 Explore performing better - increasing epsilon to 0.80
2025-08-09 03:21:25,617 - INFO -       🎯 Strategy: conservative_enhancement (explore)
2025-08-09 03:21:42,741 - WARNING - [TRELLIS] Exception clearing GPU cache: HTTPConnectionPool(host='localhost', port=8096): Read timed out. (read timeout=10)
2025-08-09 03:21:42,741 - INFO -       🔍 Validating...
2025-08-09 03:21:42,741 - INFO -       📝 Using optimized prompt for generation: 'a slender bow with a green, hand-carved handle and subtle yellow undertones in the wood grain, front view, accurate, complete, white background...'
2025-08-09 03:21:42,741 - INFO -       🎯 Computing scores against original prompt: 'bow with green handle and yellow bow...'
2025-08-09 03:23:03,064 - INFO -       📊 Validation score: 0.8967
2025-08-09 03:23:03,065 - INFO -       🎯 New best score: 0.8967
2025-08-09 03:23:03,065 - INFO -       📈 Improvement detected: conservative_enhancement working better
2025-08-09 03:23:03,065 - INFO - 
   🔄 RL Round 3/18
2025-08-09 03:23:03,065 - INFO -       🔍 Explore performing better - increasing epsilon to 0.80
2025-08-09 03:23:03,065 - INFO -       🎯 Strategy: hybrid_approach (explore)
2025-08-09 03:23:17,777 - INFO - [TRELLIS] GPU cache cleared: {'status': 'cache_cleared', 'available_memory_gb': 16.03764224}
2025-08-09 03:23:17,777 - INFO -       🔍 Validating...
2025-08-09 03:23:17,778 - INFO -       📝 Using optimized prompt for generation: 'a sleek green bow with a yellow, hand-woven handle featuring a delicate pattern of interlocking leaves and subtle texture variations in the wood grain, front view, accurate, complete, white background...'
2025-08-09 03:23:17,778 - INFO -       🎯 Computing scores against original prompt: 'bow with green handle and yellow bow...'
2025-08-09 03:25:18,100 - INFO -       📊 Validation score: 0.9321
2025-08-09 03:25:18,101 - INFO -       🎯 New best score: 0.9321
2025-08-09 03:25:18,101 - INFO -       📈 Improvement detected: hybrid_approach working better
2025-08-09 03:25:18,101 - INFO - 
   🔄 RL Round 4/18
2025-08-09 03:25:18,102 - INFO -       🔍 Explore performing better - increasing epsilon to 0.80
2025-08-09 03:25:18,102 - INFO -       🎯 Strategy: material_focus (explore)
2025-08-09 03:25:32,692 - WARNING - [TRELLIS] Exception clearing GPU cache: HTTPConnectionPool(host='localhost', port=8096): Read timed out. (read timeout=10)
2025-08-09 03:25:32,692 - INFO -       🔍 Validating...
2025-08-09 03:25:32,692 - INFO -       📝 Using optimized prompt for generation: 'a slender green bow with a yellow, hand-carved handle featuring delicate, swirling patterns in the wood grain that evoke a sense of organic elegance and understated sophistication...'
2025-08-09 03:25:32,692 - INFO -       🎯 Computing scores against original prompt: 'bow with green handle and yellow bow...'
2025-08-09 03:26:58,123 - INFO -       📊 Validation score: 0.8257
2025-08-09 03:26:58,123 - INFO -       📉 Score declined: Consider different approach
2025-08-09 03:26:58,123 - INFO - 
   🔄 RL Round 5/18
2025-08-09 03:26:58,123 - INFO -       🔍 Explore performing better - increasing epsilon to 0.80
2025-08-09 03:26:58,124 - INFO -       🎯 Strategy: technical_precision (explore)
2025-08-09 03:27:12,690 - INFO - [TRELLIS] GPU cache cleared: {'status': 'cache_cleared', 'available_memory_gb': 16.03764224}
2025-08-09 03:27:12,690 - INFO -       🔍 Validating...
2025-08-09 03:27:12,690 - INFO -       📝 Using optimized prompt for generation: 'a sleek green bow with a yellow, hand-woven handle featuring a delicate pattern of interlocking leaves, front view, accurate, complete, white background...'
2025-08-09 03:27:12,690 - INFO -       🎯 Computing scores against original prompt: 'bow with green handle and yellow bow...'
2025-08-09 03:29:11,954 - INFO -       📊 Validation score: 0.9401
2025-08-09 03:29:11,955 - INFO -       🎯 New best score: 0.9401
2025-08-09 03:29:11,955 - INFO -       🔍 Explore performing better - stricter convergence threshold: 0.005
2025-08-09 03:29:11,955 - INFO -       📈 Improvement detected: technical_precision working better
2025-08-09 03:29:11,955 - INFO - 
   🔄 RL Round 6/18
2025-08-09 03:29:11,955 - INFO -       🔍 Explore performing better - increasing epsilon to 0.80
2025-08-09 03:29:11,955 - INFO -       🎯 Strategy: contextual_scene_building (explore)
2025-08-09 03:29:27,626 - INFO - [TRELLIS] GPU cache cleared: {'status': 'cache_cleared', 'available_memory_gb': 16.03764224}
2025-08-09 03:29:27,627 - INFO -       🔍 Validating...
2025-08-09 03:29:27,627 - INFO -       📝 Using optimized prompt for generation: 'a sleek green bow with a yellow, hand-woven handle featuring intricate knotwork and subtle texture variations in the wood grain, front view, accurate, complete, white background...'
2025-08-09 03:29:27,627 - INFO -       🎯 Computing scores against original prompt: 'bow with green handle and yellow bow...'
2025-08-09 03:30:50,392 - INFO -       📊 Validation score: 0.9190
2025-08-09 03:30:50,392 - INFO -       🔍 Explore performing better - stricter convergence threshold: 0.005
2025-08-09 03:30:50,392 - INFO -       📉 Score declined: Consider different approach
2025-08-09 03:30:50,393 - INFO - 
   🔄 RL Round 7/18
2025-08-09 03:30:50,393 - INFO -       🔍 Explore performing better - increasing epsilon to 0.80
2025-08-09 03:30:50,393 - INFO -       🎯 Strategy: hybrid_approach (explore)
2025-08-09 03:31:05,017 - INFO - [TRELLIS] GPU cache cleared: {'status': 'cache_cleared', 'available_memory_gb': 16.03764224}
2025-08-09 03:31:05,018 - INFO -       🔍 Validating...
2025-08-09 03:31:05,018 - INFO -       📝 Using optimized prompt for generation: 'a sleek green bow with a yellow, hand-woven handle featuring delicate, swirling patterns in the wood grain and subtle texture variations along its length, front view, accurate, complete, white background...'
2025-08-09 03:31:05,018 - INFO -       🎯 Computing scores against original prompt: 'bow with green handle and yellow bow...'
2025-08-09 03:32:28,535 - INFO -       📊 Validation score: 0.9112
2025-08-09 03:32:28,536 - INFO -       🔍 Explore performing better - stricter convergence threshold: 0.005
2025-08-09 03:32:28,536 - INFO -       📉 Score declined: Consider different approach
2025-08-09 03:32:28,536 - INFO - 
   🔄 RL Round 8/18
2025-08-09 03:32:28,536 - INFO -       🔍 Explore performing better - increasing epsilon to 0.80
2025-08-09 03:32:28,537 - INFO -       🎯 Strategy: material_focus (explore)
2025-08-09 03:32:41,467 - INFO - [TRELLIS] GPU cache cleared: {'status': 'cache_cleared', 'available_memory_gb': 16.03764224}
2025-08-09 03:32:41,467 - INFO -       🔍 Validating...
2025-08-09 03:32:41,467 - INFO -       📝 Using optimized prompt for generation: 'a slender green bow with a yellow, hand-carved handle featuring intricate, swirling patterns in the wood grain and subtle ridges that invite gentle touch, front view, accurate, complete, white background...'
2025-08-09 03:32:41,467 - INFO -       🎯 Computing scores against original prompt: 'bow with green handle and yellow bow...'
2025-08-09 03:34:05,653 - INFO -       📊 Validation score: 0.7966
2025-08-09 03:34:05,654 - INFO -       🔍 Explore performing better - stricter convergence threshold: 0.005
2025-08-09 03:34:05,654 - INFO -       📉 Score declined: Consider different approach
2025-08-09 03:34:05,655 - INFO - 
   🔄 RL Round 9/18
2025-08-09 03:34:05,655 - INFO -       🔍 Explore performing better - increasing epsilon to 0.80
2025-08-09 03:34:05,655 - INFO -       🎯 Strategy: material_focus (explore)
2025-08-09 03:34:18,940 - INFO - [TRELLIS] GPU cache cleared: {'status': 'cache_cleared', 'available_memory_gb': 17.671323648}
2025-08-09 03:34:18,940 - INFO -       🔍 Validating...
2025-08-09 03:34:18,940 - INFO -       📝 Using optimized prompt for generation: 'a sleek green bow with a yellow, hand-woven handle featuring delicate, swirling patterns of golden thread woven throughout the wood grain, front view, accurate, complete, white background...'
2025-08-09 03:34:18,941 - INFO -       🎯 Computing scores against original prompt: 'bow with green handle and yellow bow...'
2025-08-09 03:36:32,914 - INFO -       📊 Validation score: 0.6958
2025-08-09 03:36:32,915 - INFO -       🔍 Explore performing better - stricter convergence threshold: 0.005
2025-08-09 03:36:32,915 - INFO -       📉 Score declined: Consider different approach
2025-08-09 03:36:32,915 - INFO - 
   🔄 RL Round 10/18
2025-08-09 03:36:32,915 - INFO -       🔍 Explore performing better - increasing epsilon to 0.80
2025-08-09 03:36:32,915 - INFO -       🎯 Strategy: conservative_enhancement (exploit)
2025-08-09 03:36:47,405 - WARNING - [TRELLIS] Exception clearing GPU cache: HTTPConnectionPool(host='localhost', port=8096): Read timed out. (read timeout=10)
2025-08-09 03:36:47,406 - INFO -       🔍 Validating...
2025-08-09 03:36:47,406 - INFO -       📝 Using optimized prompt for generation: 'a sleek green bow with a yellow, hand-woven handle featuring delicate, swirling patterns of golden thread, front view, accurate, complete, white background...'
2025-08-09 03:36:47,406 - INFO -       🎯 Computing scores against original prompt: 'bow with green handle and yellow bow...'
2025-08-09 03:38:55,210 - INFO -       📊 Validation score: 0.8513
2025-08-09 03:38:55,210 - INFO -       🔍 Explore performing better - stricter convergence threshold: 0.005
2025-08-09 03:38:55,211 - INFO -       📈 Improvement detected: conservative_enhancement working better
2025-08-09 03:38:55,211 - INFO - 
   🔄 RL Round 11/18
2025-08-09 03:38:55,211 - INFO -       🔍 Explore performing better - increasing epsilon to 0.80
2025-08-09 03:38:55,211 - INFO -       🎯 Strategy: technical_precision (exploit)
2025-08-09 03:39:08,372 - INFO - [TRELLIS] GPU cache cleared: {'status': 'cache_cleared', 'available_memory_gb': 16.03764224}
2025-08-09 03:39:08,372 - INFO -       🔍 Validating...
2025-08-09 03:39:08,387 - INFO -       📝 Using optimized prompt for generation: 'a slender bow with a green, hand-carved handle featuring delicate, swirling patterns in the wood grain, front view, accurate, complete, white background...'
2025-08-09 03:39:08,387 - INFO -       🎯 Computing scores against original prompt: 'bow with green handle and yellow bow...'
2025-08-09 03:40:31,050 - INFO -       📊 Validation score: 0.9073
2025-08-09 03:40:31,051 - INFO -       🔍 Explore performing better - stricter convergence threshold: 0.005
2025-08-09 03:40:31,051 - INFO -       📈 Improvement detected: technical_precision working better
2025-08-09 03:40:31,051 - INFO - 
   🔄 RL Round 12/18
2025-08-09 03:40:31,051 - INFO -       🔍 Explore performing better - increasing epsilon to 0.80
2025-08-09 03:40:31,051 - INFO -       🎯 Strategy: technical_precision (explore)
2025-08-09 03:40:43,340 - INFO - [TRELLIS] GPU cache cleared: {'status': 'cache_cleared', 'available_memory_gb': 16.03764224}
2025-08-09 03:40:43,340 - INFO -       🔍 Validating...
2025-08-09 03:40:43,341 - INFO -       📝 Using optimized prompt for generation: 'a slender green bow with a yellow, hand-carved handle featuring delicate, swirling patterns in the wood grain that evoke the warmth and richness of aged honey, front view, accurate, complete, white background...'
2025-08-09 03:40:43,341 - INFO -       🎯 Computing scores against original prompt: 'bow with green handle and yellow bow...'
2025-08-09 03:42:41,243 - INFO -       📊 Validation score: 0.8875
2025-08-09 03:42:41,244 - INFO -       🔍 Explore performing better - stricter convergence threshold: 0.005
2025-08-09 03:42:41,244 - INFO -       📉 Score declined: Consider different approach
2025-08-09 03:42:41,244 - INFO - 
   🔄 RL Round 13/18
2025-08-09 03:42:41,244 - INFO -       🎯 Strategy: material_focus (explore)
2025-08-09 03:42:55,390 - INFO - [TRELLIS] GPU cache cleared: {'status': 'cache_cleared', 'available_memory_gb': 17.671323648}
2025-08-09 03:42:55,390 - INFO -       🔍 Validating...
2025-08-09 03:42:55,391 - INFO -       📝 Using optimized prompt for generation: 'a sleek green bow with a yellow handle featuring a subtle gradient of texture and a delicate pattern of woven fibers, front view, accurate, complete, white background...'
2025-08-09 03:42:55,391 - INFO -       🎯 Computing scores against original prompt: 'bow with green handle and yellow bow...'
2025-08-09 03:45:09,046 - INFO -       📊 Validation score: 0.9249
2025-08-09 03:45:09,047 - INFO -       🔍 Explore performing better - stricter convergence threshold: 0.005
2025-08-09 03:45:09,047 - INFO -       📈 Improvement detected: material_focus working better
2025-08-09 03:45:09,047 - INFO - 
   🔄 RL Round 14/18
2025-08-09 03:45:09,047 - INFO -       🎯 Strategy: technical_precision (exploit)
2025-08-09 03:45:22,061 - INFO - [TRELLIS] GPU cache cleared: {'status': 'cache_cleared', 'available_memory_gb': 16.03764224}
2025-08-09 03:45:22,062 - INFO -       🔍 Validating...
2025-08-09 03:45:22,062 - INFO -       📝 Using optimized prompt for generation: 'a sleek green bow with a yellow, hand-woven handle featuring intricate knotwork and subtle texture variations in the woven pattern, front view, accurate, complete, white background...'
2025-08-09 03:45:22,062 - INFO -       🎯 Computing scores against original prompt: 'bow with green handle and yellow bow...'
2025-08-09 03:47:20,684 - INFO -       📊 Validation score: 0.8718
2025-08-09 03:47:20,685 - INFO -       🔍 Explore performing better - stricter convergence threshold: 0.005
2025-08-09 03:47:20,685 - INFO -       📉 Score declined: Consider different approach
2025-08-09 03:47:20,685 - INFO - 
   🔄 RL Round 15/18
2025-08-09 03:47:20,685 - INFO -       🎯 Strategy: technical_precision (explore)
2025-08-09 03:47:34,369 - INFO - [TRELLIS] GPU cache cleared: {'status': 'cache_cleared', 'available_memory_gb': 18.38645248}
2025-08-09 03:47:34,370 - INFO -       🔍 Validating...
2025-08-09 03:47:34,370 - INFO -       📝 Using optimized prompt for generation: 'a slender green bow with a yellow, hand-carved handle featuring delicate, swirling patterns in the wood grain that shift subtly as the light catches them, front view, accurate, complete, white background...'
2025-08-09 03:47:34,370 - INFO -       🎯 Computing scores against original prompt: 'bow with green handle and yellow bow...'
2025-08-09 03:48:59,181 - INFO -       📊 Validation score: 0.9185
2025-08-09 03:48:59,181 - INFO -       🔍 Explore performing better - stricter convergence threshold: 0.005
2025-08-09 03:48:59,181 - INFO -       📈 Improvement detected: technical_precision working better
2025-08-09 03:48:59,181 - INFO - 
   🔄 RL Round 16/18
2025-08-09 03:48:59,182 - INFO -       🎯 Strategy: conservative_enhancement (explore)
2025-08-09 03:49:11,503 - INFO - [TRELLIS] GPU cache cleared: {'status': 'cache_cleared', 'available_memory_gb': 16.03764224}
2025-08-09 03:49:11,503 - INFO -       🔍 Validating...
2025-08-09 03:49:11,503 - INFO -       📝 Using optimized prompt for generation: 'a sleek green bow with a yellow, hand-woven handle featuring intricate knotwork and subtle texture variations in the woven threads, front view, accurate, complete, white background...'
2025-08-09 03:49:11,504 - INFO -       🎯 Computing scores against original prompt: 'bow with green handle and yellow bow...'
2025-08-09 03:50:34,872 - INFO -       📊 Validation score: 0.8646
2025-08-09 03:50:34,873 - INFO -       🔍 Explore performing better - stricter convergence threshold: 0.005
2025-08-09 03:50:34,873 - INFO -       📉 Score declined: Consider different approach
2025-08-09 03:50:34,873 - INFO - 
   🔄 RL Round 17/18
2025-08-09 03:50:34,873 - INFO -       🎯 Strategy: conservative_enhancement (explore)
2025-08-09 03:50:47,927 - INFO - [TRELLIS] GPU cache cleared: {'status': 'cache_cleared', 'available_memory_gb': 16.03764224}
2025-08-09 03:50:47,928 - INFO -       🔍 Validating...
2025-08-09 03:50:47,928 - INFO -       📝 Using optimized prompt for generation: 'a sleek green bow with a yellow handle featuring intricate knotwork and subtle texture variations, front view, accurate, complete, white background...'
2025-08-09 03:50:47,928 - INFO -       🎯 Computing scores against original prompt: 'bow with green handle and yellow bow...'
2025-08-09 03:52:11,319 - INFO -       📊 Validation score: 0.9160
2025-08-09 03:52:11,319 - INFO -       🔍 Explore performing better - stricter convergence threshold: 0.005
2025-08-09 03:52:11,319 - INFO -       📈 Improvement detected: conservative_enhancement working better
2025-08-09 03:52:11,319 - INFO - 
   🔄 RL Round 18/18
2025-08-09 03:52:11,320 - INFO -       🎯 Strategy: artistic_elaboration (explore)
2025-08-09 03:52:23,660 - INFO - [TRELLIS] GPU cache cleared: {'status': 'cache_cleared', 'available_memory_gb': 16.03764224}
2025-08-09 03:52:23,661 - INFO -       🔍 Validating...
2025-08-09 03:52:23,661 - INFO -       📝 Using optimized prompt for generation: 'a slender green bow with a yellow, hand-carved handle featuring delicate, swirling patterns in the wood grain and subtle texture variations along its length, front view, accurate, complete, white background...'
2025-08-09 03:52:23,661 - INFO -       🎯 Computing scores against original prompt: 'bow with green handle and yellow bow...'
2025-08-09 03:53:46,262 - WARNING -    🔧 Score 0.0 - clearing CUDA cache
2025-08-09 03:53:46,263 - INFO -       📊 Validation score: 0.0000
2025-08-09 03:53:46,263 - INFO -       🔍 Explore performing better - stricter convergence threshold: 0.005
2025-08-09 03:53:46,269 - INFO - 
🎯 RL LOOP COMPLETE:
2025-08-09 03:53:46,269 - INFO -    Best prompt: a sleek green bow with a yellow, hand-woven handle featuring a delicate pattern of interlocking leaves, front view, accurate, complete, white background
2025-08-09 03:53:46,269 - INFO -    Best score: 0.9401
2025-08-09 03:53:46,269 - INFO -    Rounds: 18
2025-08-09 03:53:46,270 - INFO -    Convergence: False
2025-08-09 03:53:46,270 - INFO -    Convergence reason: Not converged
2025-08-09 03:53:46,270 - INFO -    Exploration ratio: 83.3%
2025-08-09 03:53:46,270 - INFO -    Insights learned: 3
2025-08-09 03:53:46,270 - INFO -    Total time: 2033.25s
2025-08-09 03:53:46,270 - INFO - Prompt optimized in 18 rounds: 0.856 → 0.940 (+0.084)
2025-08-09 03:53:46,270 - INFO - ⏰ Max rounds reached
2025-08-09 03:53:46,270 - INFO - 
--- Episode 1, Prompt 4 (Total: 63) ---
2025-08-09 03:53:46,270 - INFO - Optimizing: 'wooden flute adorned with colorful beads'
2025-08-09 03:53:46,270 - INFO - 🔍 Checking server availability before optimization...
2025-08-09 03:53:51,278 - INFO - ⏳ Server unavailable: timeout - Server status check timed out
2025-08-09 03:53:56,780 - INFO - ✅ Server is available (status: completed)
2025-08-09 03:53:56,780 - INFO - 📝 Marked server as used at 1754711636.7806537
2025-08-09 03:53:56,780 - INFO - ✅ Server is available and marked as used
2025-08-09 03:53:56,780 - INFO - 🔄 Reproducibility optimization returned no result
2025-08-09 03:53:56,780 - INFO -       🔧 Overriding endpoint: generate/baolei/
2025-08-09 03:53:56,781 - INFO -       🔧 Using endpoint: generate/baolei/
2025-08-09 03:53:56,783 - INFO - 
🔄 RL LOOP OPTIMIZATION: 'wooden flute adorned with colorful beads'
2025-08-09 03:53:56,784 - INFO -    Session: rl_session_1754711636_1580
2025-08-09 03:53:56,784 - INFO -    Max rounds: 18
2025-08-09 03:53:56,784 - INFO -    Min rounds before convergence: 5
2025-08-09 03:53:56,784 - INFO -    Target score: 0.99
2025-08-09 03:53:56,784 - INFO - 
   🔄 RL Round 1/18
2025-08-09 03:53:56,784 - INFO -       🎯 Strategy: technical_precision (exploit)
2025-08-09 03:54:08,491 - WARNING - [TRELLIS] Exception clearing GPU cache: HTTPConnectionPool(host='localhost', port=8096): Read timed out. (read timeout=10)
2025-08-09 03:54:08,492 - INFO -       🔍 Validating...
2025-08-09 03:54:08,492 - INFO -       📝 Using optimized prompt for generation: 'a intricately carved wooden flute with vibrant turquoise and crimson glass beads, front view, accurate, complete, white background...'
2025-08-09 03:54:08,492 - INFO -       🎯 Computing scores against original prompt: 'wooden flute adorned with colorful beads...'
2025-08-09 03:55:21,126 - WARNING -    🔧 Score 0.0 - clearing CUDA cache
2025-08-09 03:55:21,126 - INFO -       📊 Validation score: 0.0000
2025-08-09 03:55:21,127 - INFO - 
   🔄 RL Round 2/18
2025-08-09 03:55:21,127 - INFO -       🎯 Strategy: conservative_enhancement (exploit)
2025-08-09 03:55:34,547 - INFO - [TRELLIS] GPU cache cleared: {'status': 'cache_cleared', 'available_memory_gb': 16.03764224}
2025-08-09 03:55:34,548 - INFO -       🔍 Validating...
2025-08-09 03:55:34,548 - INFO -       📝 Using optimized prompt for generation: 'a beautifully crafted wooden flute adorned with delicate silver filigree and rich, burnished copper beads, front view, accurate, complete, white background...'
2025-08-09 03:55:34,548 - INFO -       🎯 Computing scores against original prompt: 'wooden flute adorned with colorful beads...'
2025-08-09 03:56:56,176 - WARNING -    🔧 Score 0.0 - clearing CUDA cache
2025-08-09 03:56:56,176 - INFO -       📊 Validation score: 0.0000
2025-08-09 03:56:56,177 - INFO - 
   🔄 RL Round 3/18
2025-08-09 03:56:56,177 - INFO -       🎯 Strategy: artistic_elaboration (explore)
2025-08-09 03:57:10,491 - INFO - [TRELLIS] GPU cache cleared: {'status': 'cache_cleared', 'available_memory_gb': 16.03764224}
2025-08-09 03:57:10,491 - INFO -       🔍 Validating...
2025-08-09 03:57:10,492 - INFO -       📝 Using optimized prompt for generation: 'a beautifully crafted wooden flute adorned with intricate, swirling patterns of bright blue and green glass beads that complement the natural grain of the wood, front view, accurate, complete, white background...'
2025-08-09 03:57:10,492 - INFO -       🎯 Computing scores against original prompt: 'wooden flute adorned with colorful beads...'
2025-08-09 03:58:34,490 - WARNING -    🔧 Score 0.0 - clearing CUDA cache
2025-08-09 03:58:34,490 - INFO -       📊 Validation score: 0.0000
2025-08-09 03:58:34,491 - INFO - 
   🔄 RL Round 4/18
2025-08-09 03:58:34,491 - INFO -       🎯 Strategy: artistic_elaboration (explore)
2025-08-09 03:58:47,281 - INFO - [TRELLIS] GPU cache cleared: {'status': 'cache_cleared', 'available_memory_gb': 16.03764224}
2025-08-09 03:58:47,281 - INFO -       🔍 Validating...
2025-08-09 03:58:47,282 - INFO -       📝 Using optimized prompt for generation: 'a beautifully crafted wooden flute with delicate silver filigree and rich, burnished copper accents, showcasing intricate patterns of fine grain wood, front view, accurate, complete, white background...'
2025-08-09 03:58:47,282 - INFO -       🎯 Computing scores against original prompt: 'wooden flute adorned with colorful beads...'
2025-08-09 04:00:11,019 - WARNING -    🔧 Score 0.0 - clearing CUDA cache
2025-08-09 04:00:11,019 - INFO -       📊 Validation score: 0.0000
2025-08-09 04:00:11,019 - INFO - 
   🔄 RL Round 5/18
2025-08-09 04:00:11,020 - INFO -       🎯 Strategy: hybrid_approach (exploit)
2025-08-09 04:00:23,989 - INFO - [TRELLIS] GPU cache cleared: {'status': 'cache_cleared', 'available_memory_gb': 16.03764224}
2025-08-09 04:00:23,990 - INFO -       🔍 Validating...
2025-08-09 04:00:23,990 - INFO -       📝 Using optimized prompt for generation: 'a intricately carved wooden flute adorned with vibrant turquoise and crimson glass beads, polished to a warm sheen, front view, accurate, complete, white background...'
2025-08-09 04:00:23,990 - INFO -       🎯 Computing scores against original prompt: 'wooden flute adorned with colorful beads...'
2025-08-09 04:01:42,316 - WARNING -    🔧 Score 0.0 - clearing CUDA cache
2025-08-09 04:01:42,316 - INFO -       📊 Validation score: 0.0000
2025-08-09 04:01:42,317 - INFO -       🔍 Explore performing better - stricter convergence threshold: 0.005
2025-08-09 04:01:42,317 - INFO -       ✅ Convergence achieved: Convergence threshold met (improvement: 0.000)
2025-08-09 04:01:42,321 - INFO - 
🎯 RL LOOP COMPLETE:
2025-08-09 04:01:42,321 - INFO -    Best prompt: wooden flute adorned with colorful beads, white background
2025-08-09 04:01:42,321 - INFO -    Best score: 0.0000
2025-08-09 04:01:42,321 - INFO -    Rounds: 5
2025-08-09 04:01:42,321 - INFO -    Convergence: True
2025-08-09 04:01:42,321 - INFO -    Convergence reason: Convergence threshold met (improvement: 0.000)
2025-08-09 04:01:42,321 - INFO -    Exploration ratio: 40.0%
2025-08-09 04:01:42,322 - INFO -    Insights learned: 1
2025-08-09 04:01:42,322 - INFO -    Total time: 465.53s
2025-08-09 04:01:42,322 - WARNING - Validation score 0.0 detected (likely CUDA OOM or failure). Clearing server cache and retrying (1/3)...
2025-08-09 04:01:43,637 - INFO - 🧹 GPU cache cleared successfully
2025-08-09 04:01:43,638 - INFO - Server GPU cache cleared successfully.
2025-08-09 04:01:43,638 - INFO - Local CUDA cache cleared.
2025-08-09 04:01:48,643 - INFO -       🔧 Overriding endpoint: generate/baolei/
2025-08-09 04:01:48,643 - INFO -       🔧 Using endpoint: generate/baolei/
2025-08-09 04:01:48,647 - INFO - 
🔄 RL LOOP OPTIMIZATION: 'wooden flute adorned with colorful beads'
2025-08-09 04:01:48,648 - INFO -    Session: rl_session_1754712108_8293
2025-08-09 04:01:48,648 - INFO -    Max rounds: 18
2025-08-09 04:01:48,648 - INFO -    Min rounds before convergence: 5
2025-08-09 04:01:48,648 - INFO -    Target score: 0.99
2025-08-09 04:01:48,648 - INFO -       🎯 Found previous best attempt: a intricately carved wooden flute with vibrant turquoise and crimson glass beads, front view, accurate, complete, white background (score: 0.0000)
2025-08-09 04:01:48,648 - INFO -       🎯 Strategy used: technical_precision
2025-08-09 04:01:48,649 - INFO -       🎯 Session ID: rl_session_1754711636_1580
2025-08-09 04:01:48,649 - INFO -       🎯 Past final best prompt: wooden flute adorned with colorful beads, white background
2025-08-09 04:01:48,649 - INFO -       🎯 Past final best score: 0.000
2025-08-09 04:01:48,649 - INFO -       🎯 Past session ID: rl_session_1754711636_1580
2025-08-09 04:01:48,649 - INFO -       🎯 Past learned insights: Explored 4 different strategies
2025-08-09 04:01:48,649 - INFO -       🎯 Past strategy performance updates: {}
2025-08-09 04:01:48,650 - INFO -       🎯 Past final best prompt: wooden flute adorned with colorful beads, white background
2025-08-09 04:01:48,650 - INFO -       🎯 Past final best score: 0.000
2025-08-09 04:01:48,650 - INFO - 
   🔄 RL Round 1/18
2025-08-09 04:01:48,650 - INFO -       🎯 Strategy: aggressive_transformation (exploit)
2025-08-09 04:01:51,765 - INFO - [TRELLIS] GPU cache cleared: {'status': 'cache_cleared', 'available_memory_gb': 20.292042752}
2025-08-09 04:01:51,765 - INFO -       🔍 Validating...
2025-08-09 04:01:51,765 - INFO -       📝 Using optimized prompt for generation: 'a beautifully crafted wooden flute adorned with intricate, swirling patterns of colorful beads that seem to shimmer in the light...'
2025-08-09 04:01:51,765 - INFO -       🎯 Computing scores against original prompt: 'wooden flute adorned with colorful beads...'
2025-08-09 04:02:50,095 - INFO -       📊 Validation score: 0.8003
2025-08-09 04:02:50,095 - INFO -       🎯 New best score: 0.8003
2025-08-09 04:02:50,096 - INFO - 
   🔄 RL Round 2/18
2025-08-09 04:02:50,096 - INFO -       🎯 Strategy: hybrid_approach (explore)
2025-08-09 04:02:53,090 - INFO - [TRELLIS] GPU cache cleared: {'status': 'cache_cleared', 'available_memory_gb': 20.292042752}
2025-08-09 04:02:53,090 - INFO -       🔍 Validating...
2025-08-09 04:02:53,090 - INFO -       📝 Using optimized prompt for generation: 'a beautifully crafted wooden flute adorned with vibrant, multicolored beads in intricate patterns that reflect a warm sunset on a summer evening, front view, accurate, complete, white background...'
2025-08-09 04:02:53,090 - INFO -       🎯 Computing scores against original prompt: 'wooden flute adorned with colorful beads...'
2025-08-09 04:03:48,310 - INFO -       📊 Validation score: 0.8466
2025-08-09 04:03:48,310 - INFO -       🎯 New best score: 0.8466
2025-08-09 04:03:48,311 - INFO -       📈 Improvement detected: hybrid_approach working better
2025-08-09 04:03:48,311 - INFO - 
   🔄 RL Round 3/18
2025-08-09 04:03:48,311 - INFO -       🎯 Strategy: hybrid_approach (explore)
2025-08-09 04:03:52,950 - INFO - [TRELLIS] GPU cache cleared: {'status': 'cache_cleared', 'available_memory_gb': 20.292042752}
2025-08-09 04:03:52,950 - INFO -       🔍 Validating...
2025-08-09 04:03:52,951 - INFO -       📝 Using optimized prompt for generation: 'a beautifully crafted wooden flute adorned with intricately woven, multi-colored beads that reflect a soft, warm light, front view, accurate, complete, white background...'
2025-08-09 04:03:52,951 - INFO -       🎯 Computing scores against original prompt: 'wooden flute adorned with colorful beads...'
2025-08-09 04:04:49,342 - WARNING -    🔧 Score 0.0 - clearing CUDA cache
2025-08-09 04:04:49,342 - INFO -       📊 Validation score: 0.0000
2025-08-09 04:04:49,342 - INFO - 
   🔄 RL Round 4/18
2025-08-09 04:04:49,342 - INFO -       🎯 Strategy: technical_precision (explore)
2025-08-09 04:04:52,476 - INFO - [TRELLIS] GPU cache cleared: {'status': 'cache_cleared', 'available_memory_gb': 19.904790528}
2025-08-09 04:04:52,476 - INFO -       🔍 Validating...
2025-08-09 04:04:52,477 - INFO -       📝 Using optimized prompt for generation: 'a beautifully crafted wooden flute adorned with delicate, swirling patterns of colorful beads that shine like tiny jewels in the soft morning light, front view, accurate, complete, white background...'
2025-08-09 04:04:52,477 - INFO -       🎯 Computing scores against original prompt: 'wooden flute adorned with colorful beads...'
2025-08-09 04:06:22,432 - WARNING -    🔧 Score 0.0 - clearing CUDA cache
2025-08-09 04:06:22,433 - INFO -       📊 Validation score: 0.0000
2025-08-09 04:06:22,433 - INFO - 
   🔄 RL Round 5/18
2025-08-09 04:06:22,433 - INFO -       🎯 Strategy: minimalist_refinement (exploit)
2025-08-09 04:06:37,086 - INFO - [TRELLIS] GPU cache cleared: {'status': 'cache_cleared', 'available_memory_gb': 16.03764224}
2025-08-09 04:06:37,086 - INFO -       🔍 Validating...
2025-08-09 04:06:37,087 - INFO -       📝 Using optimized prompt for generation: 'a slender wooden flute adorned with delicate, swirling patterns of colorful beads, front view, accurate, complete, white background...'
2025-08-09 04:06:37,087 - INFO -       🎯 Computing scores against original prompt: 'wooden flute adorned with colorful beads...'
2025-08-09 04:07:58,717 - WARNING -    🔧 Score 0.0 - clearing CUDA cache
2025-08-09 04:07:58,718 - INFO -       📊 Validation score: 0.0000
2025-08-09 04:07:58,718 - INFO -       🔍 Explore performing better - stricter convergence threshold: 0.005
2025-08-09 04:07:58,718 - INFO -       ✅ Convergence achieved: Convergence threshold met (improvement: 0.000)
2025-08-09 04:07:58,723 - INFO - 
🎯 RL LOOP COMPLETE:
2025-08-09 04:07:58,723 - INFO -    Best prompt: a beautifully crafted wooden flute adorned with vibrant, multicolored beads in intricate patterns that reflect a warm sunset on a summer evening, front view, accurate, complete, white background
2025-08-09 04:07:58,723 - INFO -    Best score: 0.8466
2025-08-09 04:07:58,723 - INFO -    Rounds: 5
2025-08-09 04:07:58,723 - INFO -    Convergence: True
2025-08-09 04:07:58,723 - INFO -    Convergence reason: Convergence threshold met (improvement: 0.000)
2025-08-09 04:07:58,723 - INFO -    Exploration ratio: 60.0%
2025-08-09 04:07:58,723 - INFO -    Insights learned: 3
2025-08-09 04:07:58,723 - INFO -    Total time: 370.07s
2025-08-09 04:07:58,724 - INFO - Prompt optimized in 5 rounds: 0.800 → 0.847 (+0.046)
2025-08-09 04:07:58,724 - INFO - ✅ Target score achieved!
2025-08-09 04:07:58,724 - INFO - 
--- Episode 1, Prompt 5 (Total: 63) ---
2025-08-09 04:07:58,724 - INFO - Optimizing: 'glowing staff topped with radiant sapphire stone'
2025-08-09 04:07:58,724 - INFO - 🔍 Checking server availability before optimization...
2025-08-09 04:08:03,731 - INFO - ⏳ Server unavailable: timeout - Server status check timed out
2025-08-09 04:08:10,276 - INFO - ✅ Server is available (status: completed)
2025-08-09 04:08:10,277 - INFO - 📝 Marked server as used at 1754712490.277162
2025-08-09 04:08:10,277 - INFO - ✅ Server is available and marked as used
2025-08-09 04:08:10,277 - INFO - 🔄 Reproducibility optimization returned no result
2025-08-09 04:08:10,277 - INFO -       🔧 Overriding endpoint: generate/baolei/
2025-08-09 04:08:10,277 - INFO -       🔧 Using endpoint: generate/baolei/
2025-08-09 04:08:10,279 - INFO - 
🔄 RL LOOP OPTIMIZATION: 'glowing staff topped with radiant sapphire stone'
2025-08-09 04:08:10,280 - INFO -    Session: rl_session_1754712490_4735
2025-08-09 04:08:10,280 - INFO -    Max rounds: 18
2025-08-09 04:08:10,280 - INFO -    Min rounds before convergence: 5
2025-08-09 04:08:10,280 - INFO -    Target score: 0.99
2025-08-09 04:08:10,280 - INFO - 
   🔄 RL Round 1/18
2025-08-09 04:08:10,280 - INFO -       🎯 Strategy: material_focus (exploit)
2025-08-09 04:08:23,064 - WARNING - [TRELLIS] Exception clearing GPU cache: HTTPConnectionPool(host='localhost', port=8096): Read timed out. (read timeout=10)
2025-08-09 04:08:23,064 - INFO -       🔍 Validating...
2025-08-09 04:08:23,064 - INFO -       📝 Using optimized prompt for generation: 'glowing staff topped with radiant sapphire stone, adorned with intricate filigree and a delicate silver band at its base, front view, accurate, complete, white background...'
2025-08-09 04:08:23,064 - INFO -       🎯 Computing scores against original prompt: 'glowing staff topped with radiant sapphire stone...'
2025-08-09 04:09:33,529 - INFO -       📊 Validation score: 0.9447
2025-08-09 04:09:33,529 - INFO -       🎯 New best score: 0.9447
2025-08-09 04:09:33,530 - INFO - 
   🔄 RL Round 2/18
2025-08-09 04:09:33,530 - INFO -       🎯 Strategy: minimalist_refinement (explore)
2025-08-09 04:09:47,500 - INFO - [TRELLIS] GPU cache cleared: {'status': 'cache_cleared', 'available_memory_gb': 16.03764224}
2025-08-09 04:09:47,501 - INFO -       🔍 Validating...
2025-08-09 04:09:47,501 - INFO -       📝 Using optimized prompt for generation: 'a slender, crystal-tipped glowing staff adorned with intricate filigree patterns and a delicate silver band at its base, front view, accurate, complete, white background...'
2025-08-09 04:09:47,501 - INFO -       🎯 Computing scores against original prompt: 'glowing staff topped with radiant sapphire stone...'
2025-08-09 04:11:07,633 - INFO -       📊 Validation score: 0.8658
2025-08-09 04:11:07,634 - INFO -       📉 Score declined: Consider different approach
2025-08-09 04:11:07,634 - INFO - 
   🔄 RL Round 3/18
2025-08-09 04:11:07,634 - INFO -       🎯 Strategy: minimalist_refinement (explore)
2025-08-09 04:11:23,045 - WARNING - [TRELLIS] Exception clearing GPU cache: HTTPConnectionPool(host='localhost', port=8096): Read timed out. (read timeout=10)
2025-08-09 04:11:23,045 - INFO -       🔍 Validating...
2025-08-09 04:11:23,046 - INFO -       📝 Using optimized prompt for generation: 'a slender, crystal-tipped glowing staff with delicate etchings on its handle and an ethereal glow emanating from its tip, front view, accurate, complete, white background...'
2025-08-09 04:11:23,046 - INFO -       🎯 Computing scores against original prompt: 'glowing staff topped with radiant sapphire stone...'
2025-08-09 04:12:42,500 - INFO -       📊 Validation score: 0.8840
2025-08-09 04:12:42,500 - INFO -       📈 Improvement detected: minimalist_refinement working better
2025-08-09 04:12:42,501 - INFO - 
   🔄 RL Round 4/18
2025-08-09 04:12:42,501 - INFO -       🎯 Strategy: technical_precision (explore)
2025-08-09 04:12:46,886 - INFO - [TRELLIS] GPU cache cleared: {'status': 'cache_cleared', 'available_memory_gb': 20.292042752}
2025-08-09 04:12:46,887 - INFO -       🔍 Validating...
2025-08-09 04:12:46,887 - INFO -       📝 Using optimized prompt for generation: 'a slender, glowing staff topped with radiant sapphire stone, adorned with delicate filigree patterns and an intricate silver band, front view, accurate, complete, white background...'
2025-08-09 04:12:46,887 - INFO -       🎯 Computing scores against original prompt: 'glowing staff topped with radiant sapphire stone...'
2025-08-09 04:13:43,442 - INFO -       📊 Validation score: 0.9413
2025-08-09 04:13:43,443 - INFO -       📈 Improvement detected: technical_precision working better
2025-08-09 04:13:43,443 - INFO - 
   🔄 RL Round 5/18
2025-08-09 04:13:43,443 - INFO -       🎯 Strategy: material_focus (exploit)
2025-08-09 04:13:47,313 - INFO - [TRELLIS] GPU cache cleared: {'status': 'cache_cleared', 'available_memory_gb': 20.292042752}
2025-08-09 04:13:47,313 - INFO -       🔍 Validating...
2025-08-09 04:13:47,314 - INFO -       📝 Using optimized prompt for generation: 'a slender, glowing staff topped with radiant sapphire stone and adorned with delicate filigree patterns that subtly shimmer in the light, front view, accurate, complete, white background...'
2025-08-09 04:13:47,314 - INFO -       🎯 Computing scores against original prompt: 'glowing staff topped with radiant sapphire stone...'
2025-08-09 04:14:43,481 - INFO -       📊 Validation score: 0.9416
2025-08-09 04:14:43,482 - INFO -       ✅ Convergence achieved: Convergence threshold met (improvement: 0.000)
2025-08-09 04:14:43,486 - INFO - 
🎯 RL LOOP COMPLETE:
2025-08-09 04:14:43,487 - INFO -    Best prompt: glowing staff topped with radiant sapphire stone, adorned with intricate filigree and a delicate silver band at its base, front view, accurate, complete, white background
2025-08-09 04:14:43,487 - INFO -    Best score: 0.9447
2025-08-09 04:14:43,487 - INFO -    Rounds: 5
2025-08-09 04:14:43,487 - INFO -    Convergence: True
2025-08-09 04:14:43,487 - INFO -    Convergence reason: Convergence threshold met (improvement: 0.000)
2025-08-09 04:14:43,487 - INFO -    Exploration ratio: 60.0%
2025-08-09 04:14:43,487 - INFO -    Insights learned: 2
2025-08-09 04:14:43,487 - INFO -    Total time: 393.20s
2025-08-09 04:14:43,487 - INFO - Prompt optimized in 5 rounds: 0.945 → 0.945 (+0.000)
2025-08-09 04:14:43,488 - INFO - ✅ Target score achieved!
2025-08-09 04:14:43,488 - INFO - 
--- Episode 1, Prompt 6 (Total: 63) ---
2025-08-09 04:14:43,488 - INFO - Optimizing: 'glossy blue clarinet straight body'
2025-08-09 04:14:43,488 - INFO - 🔍 Checking server availability before optimization...
2025-08-09 04:14:43,497 - INFO - ✅ Server is available (status: completed)
2025-08-09 04:14:43,498 - INFO - 📝 Marked server as used at 1754712883.498236
2025-08-09 04:14:43,498 - INFO - ✅ Server is available and marked as used
2025-08-09 04:14:43,498 - INFO - 🔄 Reproducibility optimization returned no result
2025-08-09 04:14:43,498 - INFO -       🔧 Overriding endpoint: generate/baolei/
2025-08-09 04:14:43,498 - INFO -       🔧 Using endpoint: generate/baolei/
2025-08-09 04:14:43,501 - INFO - 
🔄 RL LOOP OPTIMIZATION: 'glossy blue clarinet straight body'
2025-08-09 04:14:43,501 - INFO -    Session: rl_session_1754712883_7329
2025-08-09 04:14:43,501 - INFO -    Max rounds: 18
2025-08-09 04:14:43,501 - INFO -    Min rounds before convergence: 5
2025-08-09 04:14:43,501 - INFO -    Target score: 0.99
2025-08-09 04:14:43,502 - INFO - 
   🔄 RL Round 1/18
2025-08-09 04:14:43,502 - INFO -       🎯 Strategy: conservative_enhancement (explore)
2025-08-09 04:14:46,756 - INFO - [TRELLIS] GPU cache cleared: {'status': 'cache_cleared', 'available_memory_gb': 20.292042752}
2025-08-09 04:14:46,757 - INFO -       🔍 Validating...
2025-08-09 04:14:46,757 - INFO -       📝 Using optimized prompt for generation: 'a luxurious glossy blue clarinet with intricate engravings of musical notes on its body, straight and symmetrical with subtle resonant curves...'
2025-08-09 04:14:46,757 - INFO -       🎯 Computing scores against original prompt: 'glossy blue clarinet straight body...'
2025-08-09 04:15:43,089 - INFO -       📊 Validation score: 0.8746
2025-08-09 04:15:43,089 - INFO -       🎯 New best score: 0.8746
2025-08-09 04:15:43,089 - INFO - 
   🔄 RL Round 2/18
2025-08-09 04:15:43,090 - INFO -       🎯 Strategy: conservative_enhancement (explore)
2025-08-09 04:15:46,539 - INFO - [TRELLIS] GPU cache cleared: {'status': 'cache_cleared', 'available_memory_gb': 20.292042752}
2025-08-09 04:15:46,539 - INFO -       🔍 Validating...
2025-08-09 04:15:46,539 - INFO -       📝 Using optimized prompt for generation: 'a high-gloss, blue-green clarinet with a straight body and ornate, swirling patterns etched into its surface, front view, accurate, complete, white background...'
2025-08-09 04:15:46,539 - INFO -       🎯 Computing scores against original prompt: 'glossy blue clarinet straight body...'
2025-08-09 04:16:41,473 - INFO -       📊 Validation score: 0.9231
2025-08-09 04:16:41,473 - INFO -       🎯 New best score: 0.9231
2025-08-09 04:16:41,473 - INFO -       📈 Improvement detected: conservative_enhancement working better
2025-08-09 04:16:41,473 - INFO - 
   🔄 RL Round 3/18
2025-08-09 04:16:41,473 - INFO -       🎯 Strategy: contextual_scene_building (explore)
2025-08-09 04:16:44,369 - INFO - [TRELLIS] GPU cache cleared: {'status': 'cache_cleared', 'available_memory_gb': 20.292042752}
2025-08-09 04:16:44,369 - INFO -       🔍 Validating...
2025-08-09 04:16:44,370 - INFO -       📝 Using optimized prompt for generation: 'a high-gloss, blue-green clarinet with a straight body and ornate, swirling patterns etched into its silver-plated keys, adorned with delicate filigree and subtle gemstone accents, front view, accurate, complete, white background...'
2025-08-09 04:16:44,370 - INFO -       🎯 Computing scores against original prompt: 'glossy blue clarinet straight body...'
2025-08-09 04:17:45,283 - INFO -       📊 Validation score: 0.8868
2025-08-09 04:17:45,284 - INFO -       📉 Score declined: Consider different approach
2025-08-09 04:17:45,284 - INFO - 
   🔄 RL Round 4/18
2025-08-09 04:17:45,284 - INFO -       🎯 Strategy: conservative_enhancement (exploit)
2025-08-09 04:17:58,711 - INFO - [TRELLIS] GPU cache cleared: {'status': 'cache_cleared', 'available_memory_gb': 17.671323648}
2025-08-09 04:17:58,712 - INFO -       🔍 Validating...
2025-08-09 04:17:58,712 - INFO -       📝 Using optimized prompt for generation: 'a high-gloss, blue-green clarinet with a straight body and fine, etched engravings of musical notes along its neck and barrel, front view, accurate, complete, white background...'
2025-08-09 04:17:58,712 - INFO -       🎯 Computing scores against original prompt: 'glossy blue clarinet straight body...'
2025-08-09 04:20:09,052 - INFO -       📊 Validation score: 0.8821
2025-08-09 04:20:09,052 - INFO -       📉 Score declined: Consider different approach
2025-08-09 04:20:09,052 - INFO - 
   🔄 RL Round 5/18
2025-08-09 04:20:09,053 - INFO -       🎯 Strategy: contextual_scene_building (explore)
2025-08-09 04:20:22,591 - INFO - [TRELLIS] GPU cache cleared: {'status': 'cache_cleared', 'available_memory_gb': 16.03764224}
2025-08-09 04:20:22,591 - INFO -       🔍 Validating...
2025-08-09 04:20:22,591 - INFO -       📝 Using optimized prompt for generation: 'a high-gloss, blue-green clarinet with an intricately carved, floral pattern etched into its body and a subtle, curved shape along its straight neck...'
2025-08-09 04:20:22,591 - INFO -       🎯 Computing scores against original prompt: 'glossy blue clarinet straight body...'
2025-08-09 04:21:47,637 - INFO -       📊 Validation score: 0.9107
2025-08-09 04:21:47,638 - INFO -       📈 Improvement detected: contextual_scene_building working better
2025-08-09 04:21:47,638 - INFO - 
   🔄 RL Round 6/18
2025-08-09 04:21:47,638 - INFO -       🎯 Strategy: contextual_scene_building (explore)
2025-08-09 04:22:00,384 - INFO - [TRELLIS] GPU cache cleared: {'status': 'cache_cleared', 'available_memory_gb': 16.03764224}
2025-08-09 04:22:00,385 - INFO -       🔍 Validating...
2025-08-09 04:22:00,385 - INFO -       📝 Using optimized prompt for generation: 'a high-gloss, blue-green clarinet with an intricately carved, spiraling pattern etched into its body and adorned with delicate, golden filigree details on its neck and scrollwork on its keys...'
2025-08-09 04:22:00,385 - INFO -       🎯 Computing scores against original prompt: 'glossy blue clarinet straight body...'
2025-08-09 04:23:57,684 - INFO -       📊 Validation score: 0.9041
2025-08-09 04:23:57,684 - INFO -       🔍 Explore performing better - stricter convergence threshold: 0.005
2025-08-09 04:23:57,685 - INFO -       📉 Score declined: Consider different approach
2025-08-09 04:23:57,685 - INFO - 
   🔄 RL Round 7/18
2025-08-09 04:23:57,685 - INFO -       🎯 Strategy: aggressive_transformation (explore)
2025-08-09 04:24:12,454 - INFO - [TRELLIS] GPU cache cleared: {'status': 'cache_cleared', 'available_memory_gb': 16.03764224}
2025-08-09 04:24:12,454 - INFO -       🔍 Validating...
2025-08-09 04:24:12,455 - INFO -       📝 Using optimized prompt for generation: 'a high-gloss, cobalt blue clarinet with delicate etchings of musical notes along its body, straight as a rod, front view, accurate, complete, white background...'
2025-08-09 04:24:12,455 - INFO -       🎯 Computing scores against original prompt: 'glossy blue clarinet straight body...'
2025-08-09 04:25:34,990 - INFO -       📊 Validation score: 0.7779
2025-08-09 04:25:34,990 - INFO -       📉 Score declined: Consider different approach
2025-08-09 04:25:34,990 - INFO - 
   🔄 RL Round 8/18
2025-08-09 04:25:34,990 - INFO -       🎯 Strategy: aggressive_transformation (explore)
2025-08-09 04:25:48,197 - INFO - [TRELLIS] GPU cache cleared: {'status': 'cache_cleared', 'available_memory_gb': 16.03764224}
2025-08-09 04:25:48,197 - INFO -       🔍 Validating...
2025-08-09 04:25:48,197 - INFO -       📝 Using optimized prompt for generation: 'a high-gloss, cobalt blue clarinet with delicate etchings of musical notes along its body, straight, front view, accurate, complete, white background...'
2025-08-09 04:25:48,197 - INFO -       🎯 Computing scores against original prompt: 'glossy blue clarinet straight body...'
2025-08-09 04:27:11,814 - INFO -       📊 Validation score: 0.7903
2025-08-09 04:27:11,814 - INFO -       📈 Improvement detected: aggressive_transformation working better
2025-08-09 04:27:11,814 - INFO - 
   🔄 RL Round 9/18
2025-08-09 04:27:11,815 - INFO -       🎯 Strategy: aggressive_transformation (explore)
2025-08-09 04:27:26,873 - INFO - [TRELLIS] GPU cache cleared: {'status': 'cache_cleared', 'available_memory_gb': 16.03764224}
2025-08-09 04:27:26,874 - INFO -       🔍 Validating...
2025-08-09 04:27:26,874 - INFO -       📝 Using optimized prompt for generation: 'high-gloss, cobalt blue clarinet with an intricately etched floral pattern along its body, straight and slender, front view, accurate, complete, white background...'
2025-08-09 04:27:26,874 - INFO -       🎯 Computing scores against original prompt: 'glossy blue clarinet straight body...'
2025-08-09 04:28:49,671 - INFO -       📊 Validation score: 0.2500
2025-08-09 04:28:49,672 - INFO -       📉 Score declined: Consider different approach
2025-08-09 04:28:49,672 - INFO -       🔍 Increasing exploration to 0.80
2025-08-09 04:28:49,672 - INFO - 
   🔄 RL Round 10/18
2025-08-09 04:28:49,672 - INFO -       🎯 Strategy: aggressive_transformation (explore)
2025-08-09 04:29:02,666 - INFO - [TRELLIS] GPU cache cleared: {'status': 'cache_cleared', 'available_memory_gb': 16.03764224}
2025-08-09 04:29:02,667 - INFO -       🔍 Validating...
2025-08-09 04:29:02,667 - INFO -       📝 Using optimized prompt for generation: 'a glossy blue clarinet with an intricately carved, swirling pattern etched into its body and a straight, slender neck, front view, accurate, complete, white background...'
2025-08-09 04:29:02,667 - INFO -       🎯 Computing scores against original prompt: 'glossy blue clarinet straight body...'
2025-08-09 04:30:23,887 - INFO -       📊 Validation score: 0.8975
2025-08-09 04:30:23,887 - INFO -       📈 Improvement detected: aggressive_transformation working better
2025-08-09 04:30:23,887 - INFO - 
   🔄 RL Round 11/18
2025-08-09 04:30:23,888 - INFO -       🎯 Strategy: contextual_scene_building (exploit)
2025-08-09 04:30:38,330 - INFO - [TRELLIS] GPU cache cleared: {'status': 'cache_cleared', 'available_memory_gb': 20.292042752}
2025-08-09 04:30:38,331 - INFO -       🔍 Validating...
2025-08-09 04:30:38,331 - INFO -       📝 Using optimized prompt for generation: 'a high-gloss, blue-green clarinet with an intricately carved, spiral pattern etched into its body and a slender straight neck, front view, accurate, complete, white background...'
2025-08-09 04:30:38,331 - INFO -       🎯 Computing scores against original prompt: 'glossy blue clarinet straight body...'
2025-08-09 04:31:35,644 - INFO -       📊 Validation score: 0.8229
2025-08-09 04:31:35,645 - INFO -       📉 Score declined: Consider different approach
2025-08-09 04:31:35,645 - INFO - 
   🔄 RL Round 12/18
2025-08-09 04:31:35,645 - INFO -       🎯 Strategy: contextual_scene_building (explore)
2025-08-09 04:31:39,018 - INFO - [TRELLIS] GPU cache cleared: {'status': 'cache_cleared', 'available_memory_gb': 20.292042752}
2025-08-09 04:31:39,018 - INFO -       🔍 Validating...
2025-08-09 04:31:39,018 - INFO -       📝 Using optimized prompt for generation: 'a high-gloss, cobalt blue clarinet with intricate engravings of musical notes along its body, straight and slender, front view, accurate, complete, white background...'
2025-08-09 04:31:39,018 - INFO -       🎯 Computing scores against original prompt: 'glossy blue clarinet straight body...'
2025-08-09 04:32:36,854 - INFO -       📊 Validation score: 0.8380
2025-08-09 04:32:36,854 - INFO -       📈 Improvement detected: contextual_scene_building working better
2025-08-09 04:32:36,854 - INFO - 
   🔄 RL Round 13/18
2025-08-09 04:32:36,855 - INFO -       🎯 Strategy: contextual_scene_building (explore)
2025-08-09 04:32:40,507 - INFO - [TRELLIS] GPU cache cleared: {'status': 'cache_cleared', 'available_memory_gb': 20.292042752}
2025-08-09 04:32:40,507 - INFO -       🔍 Validating...
2025-08-09 04:32:40,507 - INFO -       📝 Using optimized prompt for generation: 'a glossy blue clarinet with an intricate, etched floral pattern along its body, straight and slender, front view, accurate, complete, white background...'
2025-08-09 04:32:40,507 - INFO -       🎯 Computing scores against original prompt: 'glossy blue clarinet straight body...'
2025-08-09 04:33:39,008 - INFO -       📊 Validation score: 0.8273
2025-08-09 04:33:39,009 - INFO -       📉 Score declined: Consider different approach
2025-08-09 04:33:39,009 - INFO - 
   🔄 RL Round 14/18
2025-08-09 04:33:39,009 - INFO -       🎯 Strategy: artistic_elaboration (explore)
2025-08-09 04:33:42,481 - INFO - [TRELLIS] GPU cache cleared: {'status': 'cache_cleared', 'available_memory_gb': 20.292042752}
2025-08-09 04:33:42,481 - INFO -       🔍 Validating...
2025-08-09 04:33:42,481 - INFO -       📝 Using optimized prompt for generation: 'a high-gloss, cobalt blue clarinet with delicate etchings of musical notes along its body, straight and slender, featuring a subtle, satin-like finish, front view, accurate, complete, white background...'
2025-08-09 04:33:42,482 - INFO -       🎯 Computing scores against original prompt: 'glossy blue clarinet straight body...'
2025-08-09 04:34:38,131 - INFO -       📊 Validation score: 0.9436
2025-08-09 04:34:38,131 - INFO -       🎯 New best score: 0.9436
2025-08-09 04:34:38,137 - INFO -       📈 Improvement detected: artistic_elaboration working better
2025-08-09 04:34:38,137 - INFO - 
   🔄 RL Round 15/18
2025-08-09 04:34:38,138 - INFO -       🎯 Strategy: hybrid_approach (explore)
2025-08-09 04:34:41,995 - INFO - [TRELLIS] GPU cache cleared: {'status': 'cache_cleared', 'available_memory_gb': 20.292042752}
2025-08-09 04:34:41,995 - INFO -       🔍 Validating...
2025-08-09 04:34:41,995 - INFO -       📝 Using optimized prompt for generation: 'a high-gloss, cobalt blue clarinet with intricate engravings of musical notes along its body, straight and slender with subtle curves and ornate metalwork, front view, accurate, complete, white background...'
2025-08-09 04:34:41,996 - INFO -       🎯 Computing scores against original prompt: 'glossy blue clarinet straight body...'
2025-08-09 04:35:38,694 - INFO -       📊 Validation score: 0.8852
2025-08-09 04:35:38,694 - INFO -       📉 Score declined: Consider different approach
2025-08-09 04:35:38,695 - INFO - 
   🔄 RL Round 16/18
2025-08-09 04:35:38,695 - INFO -       🎯 Strategy: contextual_scene_building (exploit)
2025-08-09 04:35:41,911 - INFO - [TRELLIS] GPU cache cleared: {'status': 'cache_cleared', 'available_memory_gb': 20.292042752}
2025-08-09 04:35:41,912 - INFO -       🔍 Validating...
2025-08-09 04:35:41,912 - INFO -       📝 Using optimized prompt for generation: 'a glossy blue clarinet with intricate engravings of musical notes along its body and an ornate, curved metal strap suspended from its neck, front view, accurate, complete, white background...'
2025-08-09 04:35:41,912 - INFO -       🎯 Computing scores against original prompt: 'glossy blue clarinet straight body...'
2025-08-09 04:36:37,117 - INFO -       📊 Validation score: 0.8578
2025-08-09 04:36:37,118 - INFO -       📉 Score declined: Consider different approach
2025-08-09 04:36:37,118 - INFO - 
   🔄 RL Round 17/18
2025-08-09 04:36:37,118 - INFO -       🎯 Strategy: contextual_scene_building (exploit)
2025-08-09 04:36:40,742 - INFO - [TRELLIS] GPU cache cleared: {'status': 'cache_cleared', 'available_memory_gb': 20.292042752}
2025-08-09 04:36:40,743 - INFO -       🔍 Validating...
2025-08-09 04:36:40,743 - INFO -       📝 Using optimized prompt for generation: 'a high-gloss, cobalt blue clarinet with intricate engravings of musical notes along its body, straight and slender in design, front view, accurate, complete, white background...'
2025-08-09 04:36:40,743 - INFO -       🎯 Computing scores against original prompt: 'glossy blue clarinet straight body...'
2025-08-09 04:37:36,878 - INFO -       📊 Validation score: 0.6962
2025-08-09 04:37:36,878 - INFO -       📉 Score declined: Consider different approach
2025-08-09 04:37:36,878 - INFO - 
   🔄 RL Round 18/18
2025-08-09 04:37:36,878 - INFO -       🎯 Strategy: contextual_scene_building (exploit)
2025-08-09 04:37:40,422 - INFO - [TRELLIS] GPU cache cleared: {'status': 'cache_cleared', 'available_memory_gb': 20.292042752}
2025-08-09 04:37:40,422 - INFO -       🔍 Validating...
2025-08-09 04:37:40,423 - INFO -       📝 Using optimized prompt for generation: 'a glossy blue clarinet with an intricately etched floral pattern along its body, straight and slender with a delicate rose-gold mouthpiece, front view, accurate, complete, white background...'
2025-08-09 04:37:40,423 - INFO -       🎯 Computing scores against original prompt: 'glossy blue clarinet straight body...'
2025-08-09 04:38:38,091 - INFO -       📊 Validation score: 0.9456
2025-08-09 04:38:38,091 - INFO -       🎯 New best score: 0.9456
2025-08-09 04:38:38,098 - INFO - 
🎯 RL LOOP COMPLETE:
2025-08-09 04:38:38,098 - INFO -    Best prompt: a glossy blue clarinet with an intricately etched floral pattern along its body, straight and slender with a delicate rose-gold mouthpiece, front view, accurate, complete, white background
2025-08-09 04:38:38,098 - INFO -    Best score: 0.9456
2025-08-09 04:38:38,098 - INFO -    Rounds: 18
2025-08-09 04:38:38,098 - INFO -    Convergence: False
2025-08-09 04:38:38,098 - INFO -    Convergence reason: Not converged
2025-08-09 04:38:38,098 - INFO -    Exploration ratio: 72.2%
2025-08-09 04:38:38,098 - INFO -    Insights learned: 3
2025-08-09 04:38:38,098 - INFO -    Total time: 1434.59s
2025-08-09 04:38:38,099 - INFO - Prompt optimized in 18 rounds: 0.875 → 0.946 (+0.071)
2025-08-09 04:38:38,099 - INFO - ⏰ Max rounds reached
2025-08-09 04:38:38,099 - INFO - 
--- Episode 1, Prompt 7 (Total: 63) ---
2025-08-09 04:38:38,099 - INFO - Optimizing: 'lustrous black hockey stick slashing'
2025-08-09 04:38:38,099 - INFO - 🔍 Checking server availability before optimization...
2025-08-09 04:38:38,106 - INFO - ✅ Server is available (status: completed)
2025-08-09 04:38:38,106 - INFO - 📝 Marked server as used at 1754714318.1067078
2025-08-09 04:38:38,106 - INFO - ✅ Server is available and marked as used
2025-08-09 04:38:38,106 - INFO - 🔄 Reproducibility optimization returned no result
2025-08-09 04:38:38,107 - INFO -       🔧 Overriding endpoint: generate/baolei/
2025-08-09 04:38:38,107 - INFO -       🔧 Using endpoint: generate/baolei/
2025-08-09 04:38:38,109 - INFO - 
🔄 RL LOOP OPTIMIZATION: 'lustrous black hockey stick slashing'
2025-08-09 04:38:38,109 - INFO -    Session: rl_session_1754714318_8540
2025-08-09 04:38:38,109 - INFO -    Max rounds: 18
2025-08-09 04:38:38,109 - INFO -    Min rounds before convergence: 5
2025-08-09 04:38:38,109 - INFO -    Target score: 0.99
2025-08-09 04:38:38,110 - INFO - 
   🔄 RL Round 1/18
2025-08-09 04:38:38,110 - INFO -       🎯 Strategy: artistic_elaboration (explore)
2025-08-09 04:38:41,887 - INFO - [TRELLIS] GPU cache cleared: {'status': 'cache_cleared', 'available_memory_gb': 20.292042752}
2025-08-09 04:38:41,887 - INFO -       🔍 Validating...
2025-08-09 04:38:41,887 - INFO -       📝 Using optimized prompt for generation: 'lustrous black hockey stick with a silver ferrule and a subtle curve to its blade, set against the warm glow of an ice rink's floodlights, front view, accurate, complete, white background...'
2025-08-09 04:38:41,887 - INFO -       🎯 Computing scores against original prompt: 'lustrous black hockey stick slashing...'
2025-08-09 04:39:43,141 - INFO -       📊 Validation score: 0.7350
2025-08-09 04:39:43,141 - INFO -       🎯 New best score: 0.7350
2025-08-09 04:39:43,142 - INFO - 
   🔄 RL Round 2/18
2025-08-09 04:39:43,142 - INFO -       🎯 Strategy: minimalist_refinement (explore)
2025-08-09 04:39:46,871 - INFO - [TRELLIS] GPU cache cleared: {'status': 'cache_cleared', 'available_memory_gb': 20.292042752}
2025-08-09 04:39:46,871 - INFO -       🔍 Validating...
2025-08-09 04:39:46,872 - INFO -       📝 Using optimized prompt for generation: 'lustrous black hockey stick with a silver ferrule and a subtle curve to its blade, set against the dark background of an icy rink, front view, accurate, complete, white background...'
2025-08-09 04:39:46,872 - INFO -       🎯 Computing scores against original prompt: 'lustrous black hockey stick slashing...'
2025-08-09 04:40:46,112 - INFO -       📊 Validation score: 0.5638
2025-08-09 04:40:46,113 - INFO -       📉 Score declined: Consider different approach
2025-08-09 04:40:46,113 - INFO - 
   🔄 RL Round 3/18
2025-08-09 04:40:46,113 - INFO -       🎯 Strategy: contextual_scene_building (exploit)
2025-08-09 04:40:49,612 - INFO - [TRELLIS] GPU cache cleared: {'status': 'cache_cleared', 'available_memory_gb': 20.292042752}
2025-08-09 04:40:49,612 - INFO -       🔍 Validating...
2025-08-09 04:40:49,613 - INFO -       📝 Using optimized prompt for generation: 'a slender lustrous black hockey stick with a silver ferrule and an intricate pattern etched into its blade, front view, accurate, complete, white background...'
2025-08-09 04:40:49,613 - INFO -       🎯 Computing scores against original prompt: 'lustrous black hockey stick slashing...'
2025-08-09 04:41:46,995 - INFO -       📊 Validation score: 0.8641
2025-08-09 04:41:46,996 - INFO -       🎯 New best score: 0.8641
2025-08-09 04:41:46,996 - INFO -       📈 Improvement detected: contextual_scene_building working better
2025-08-09 04:41:46,996 - INFO - 
   🔄 RL Round 4/18
2025-08-09 04:41:46,996 - INFO -       🎯 Strategy: contextual_scene_building (exploit)
2025-08-09 04:41:50,105 - INFO - [TRELLIS] GPU cache cleared: {'status': 'cache_cleared', 'available_memory_gb': 20.292042752}
2025-08-09 04:41:50,106 - INFO -       🔍 Validating...
2025-08-09 04:41:50,106 - INFO -       📝 Using optimized prompt for generation: 'a slender lustrous black hockey stick with a silver ferrule and a subtle curve to its blade, adorned with tiny engravings of leaves along its length, front view, accurate, complete, white background...'
2025-08-09 04:41:50,106 - INFO -       🎯 Computing scores against original prompt: 'lustrous black hockey stick slashing...'
2025-08-09 04:42:48,025 - INFO -       📊 Validation score: 0.8329
2025-08-09 04:42:48,026 - INFO -       📉 Score declined: Consider different approach
2025-08-09 04:42:48,026 - INFO - 
   🔄 RL Round 5/18
2025-08-09 04:42:48,026 - INFO -       🎯 Strategy: minimalist_refinement (explore)
2025-08-09 04:42:51,997 - INFO - [TRELLIS] GPU cache cleared: {'status': 'cache_cleared', 'available_memory_gb': 20.292042752}
2025-08-09 04:42:51,997 - INFO -       🔍 Validating...
2025-08-09 04:42:51,997 - INFO -       📝 Using optimized prompt for generation: 'a lustrous black hockey stick with a silver ferrule and an intricate network of fine lines etched into its blade...'
2025-08-09 04:42:51,997 - INFO -       🎯 Computing scores against original prompt: 'lustrous black hockey stick slashing...'
2025-08-09 04:43:51,235 - INFO -       📊 Validation score: 0.7511
2025-08-09 04:43:51,236 - INFO -       📉 Score declined: Consider different approach
2025-08-09 04:43:51,236 - INFO - 
   🔄 RL Round 6/18
2025-08-09 04:43:51,236 - INFO -       🎯 Strategy: minimalist_refinement (explore)
2025-08-09 04:43:55,531 - INFO - [TRELLIS] GPU cache cleared: {'status': 'cache_cleared', 'available_memory_gb': 20.292042752}
2025-08-09 04:43:55,531 - INFO -       🔍 Validating...
2025-08-09 04:43:55,532 - INFO -       📝 Using optimized prompt for generation: 'a sleek lustrous black hockey stick with an intricate network of fine lines etched into its blade and a silver ferrule that adds subtle shine, front view, accurate, complete, white background...'
2025-08-09 04:43:55,532 - INFO -       🎯 Computing scores against original prompt: 'lustrous black hockey stick slashing...'
2025-08-09 04:44:53,727 - INFO -       📊 Validation score: 0.9156
2025-08-09 04:44:53,728 - INFO -       🎯 New best score: 0.9156
2025-08-09 04:44:53,728 - INFO -       📈 Improvement detected: minimalist_refinement working better
2025-08-09 04:44:53,728 - INFO - 
   🔄 RL Round 7/18
2025-08-09 04:44:53,728 - INFO -       🎯 Strategy: contextual_scene_building (exploit)
2025-08-09 04:44:58,644 - INFO - [TRELLIS] GPU cache cleared: {'status': 'cache_cleared', 'available_memory_gb': 20.292042752}
2025-08-09 04:44:58,644 - INFO -       🔍 Validating...
2025-08-09 04:44:58,645 - INFO -       📝 Using optimized prompt for generation: 'a slender lustrous black hockey stick with a silver ferrule and an intricate pattern etched into its blade, set against the subtle curves of a worn wooden handle, front view, accurate, complete, white background...'
2025-08-09 04:44:58,645 - INFO -       🎯 Computing scores against original prompt: 'lustrous black hockey stick slashing...'
2025-08-09 04:45:56,275 - INFO -       📊 Validation score: 0.8616
2025-08-09 04:45:56,276 - INFO -       📉 Score declined: Consider different approach
2025-08-09 04:45:56,276 - INFO - 
   🔄 RL Round 8/18
2025-08-09 04:45:56,276 - INFO -       🎯 Strategy: contextual_scene_building (explore)
2025-08-09 04:46:00,373 - INFO - [TRELLIS] GPU cache cleared: {'status': 'cache_cleared', 'available_memory_gb': 20.292042752}
2025-08-09 04:46:00,374 - INFO -       🔍 Validating...
2025-08-09 04:46:00,374 - INFO -       📝 Using optimized prompt for generation: 'a slender lustrous black hockey stick with a subtle silver ferrule and a delicate, woven pattern etched into its blade, front view, accurate, complete, white background...'
2025-08-09 04:46:00,374 - INFO -       🎯 Computing scores against original prompt: 'lustrous black hockey stick slashing...'
2025-08-09 04:46:56,456 - INFO -       📊 Validation score: 0.8286
2025-08-09 04:46:56,457 - INFO -       📉 Score declined: Consider different approach
2025-08-09 04:46:56,457 - INFO - 
   🔄 RL Round 9/18
2025-08-09 04:46:56,457 - INFO -       🎯 Strategy: contextual_scene_building (exploit)
2025-08-09 04:47:00,496 - INFO - [TRELLIS] GPU cache cleared: {'status': 'cache_cleared', 'available_memory_gb': 20.292042752}
2025-08-09 04:47:00,496 - INFO -       🔍 Validating...
2025-08-09 04:47:00,496 - INFO -       📝 Using optimized prompt for generation: 'a slender, lustrous black hockey stick with a silver ferrule and an intricate network of fine lines etched into its blade, front view, accurate, complete, white background...'
2025-08-09 04:47:00,496 - INFO -       🎯 Computing scores against original prompt: 'lustrous black hockey stick slashing...'
2025-08-09 04:47:58,401 - INFO -       📊 Validation score: 0.9050
2025-08-09 04:47:58,402 - INFO -       📈 Improvement detected: contextual_scene_building working better
2025-08-09 04:47:58,402 - INFO - 
   🔄 RL Round 10/18
2025-08-09 04:47:58,402 - INFO -       🎯 Strategy: hybrid_approach (explore)
2025-08-09 04:48:01,767 - INFO - [TRELLIS] GPU cache cleared: {'status': 'cache_cleared', 'available_memory_gb': 20.292042752}
2025-08-09 04:48:01,767 - INFO -       🔍 Validating...
2025-08-09 04:48:01,768 - INFO -       📝 Using optimized prompt for generation: 'a slender lustrous black hockey stick with a silver ferrule and an intricate network of fine lines etched into its blade, featuring a subtle curve and delicate texture to its handle, front view, accurate, complete, white background...'
2025-08-09 04:48:01,768 - INFO -       🎯 Computing scores against original prompt: 'lustrous black hockey stick slashing...'
2025-08-09 04:48:59,026 - INFO -       📊 Validation score: 0.8046
2025-08-09 04:48:59,027 - INFO -       📉 Score declined: Consider different approach
2025-08-09 04:48:59,027 - INFO - 
   🔄 RL Round 11/18
2025-08-09 04:48:59,027 - INFO -       🎯 Strategy: contextual_scene_building (exploit)
2025-08-09 04:49:03,195 - INFO - [TRELLIS] GPU cache cleared: {'status': 'cache_cleared', 'available_memory_gb': 20.292042752}
2025-08-09 04:49:03,195 - INFO -       🔍 Validating...
2025-08-09 04:49:03,195 - INFO -       📝 Using optimized prompt for generation: 'a slender, lustrous black hockey stick with an intricately machined silver ferrule and a delicate, curved blade, front view, accurate, complete, white background...'
2025-08-09 04:49:03,195 - INFO -       🎯 Computing scores against original prompt: 'lustrous black hockey stick slashing...'
2025-08-09 04:49:59,939 - INFO -       📊 Validation score: 0.7622
2025-08-09 04:49:59,940 - INFO -       📉 Score declined: Consider different approach
2025-08-09 04:49:59,940 - INFO - 
   🔄 RL Round 12/18
2025-08-09 04:49:59,940 - INFO -       🎯 Strategy: contextual_scene_building (exploit)
2025-08-09 04:50:03,800 - INFO - [TRELLIS] GPU cache cleared: {'status': 'cache_cleared', 'available_memory_gb': 20.292042752}
2025-08-09 04:50:03,800 - INFO -       🔍 Validating...
2025-08-09 04:50:03,800 - INFO -       📝 Using optimized prompt for generation: 'a slender lustrous black hockey stick with an intricately machined silver ferrule and delicate, woven patterns along its length, suspended in mid-air, front view, accurate, complete, white background...'
2025-08-09 04:50:03,800 - INFO -       🎯 Computing scores against original prompt: 'lustrous black hockey stick slashing...'
2025-08-09 04:51:01,472 - INFO -       📊 Validation score: 0.8253
2025-08-09 04:51:01,472 - INFO -       📈 Improvement detected: contextual_scene_building working better
2025-08-09 04:51:01,472 - INFO - 
   🔄 RL Round 13/18
2025-08-09 04:51:01,472 - INFO -       🎯 Strategy: contextual_scene_building (exploit)
2025-08-09 04:51:05,103 - INFO - [TRELLIS] GPU cache cleared: {'status': 'cache_cleared', 'available_memory_gb': 20.292042752}
2025-08-09 04:51:05,104 - INFO -       🔍 Validating...
2025-08-09 04:51:05,104 - INFO -       📝 Using optimized prompt for generation: 'a slender, lustrous black hockey stick with an intricately machined silver ferrule and a delicate, woven pattern etched into its blade, front view, accurate, complete, white background...'
2025-08-09 04:51:05,104 - INFO -       🎯 Computing scores against original prompt: 'lustrous black hockey stick slashing...'
2025-08-09 04:52:02,720 - INFO -       📊 Validation score: 0.9058
2025-08-09 04:52:02,720 - INFO -       📈 Improvement detected: contextual_scene_building working better
2025-08-09 04:52:02,721 - INFO - 
   🔄 RL Round 14/18
2025-08-09 04:52:02,721 - INFO -       🎯 Strategy: contextual_scene_building (exploit)
2025-08-09 04:52:06,685 - INFO - [TRELLIS] GPU cache cleared: {'status': 'cache_cleared', 'available_memory_gb': 20.292042752}
2025-08-09 04:52:06,686 - INFO -       🔍 Validating...
2025-08-09 04:52:06,686 - INFO -       📝 Using optimized prompt for generation: 'a slender lustrous black hockey stick with an intricately machined silver ferrule and a delicate, woven pattern etched into its blade, set against the gentle ripples on a serene lake at dawn, front view, accurate, complete, white background...'
2025-08-09 04:52:06,686 - INFO -       🎯 Computing scores against original prompt: 'lustrous black hockey stick slashing...'
2025-08-09 04:53:11,096 - INFO -       📊 Validation score: 0.8374
2025-08-09 04:53:11,097 - INFO -       📉 Score declined: Consider different approach
2025-08-09 04:53:11,097 - INFO - 
   🔄 RL Round 15/18
2025-08-09 04:53:11,097 - INFO -       🎯 Strategy: contextual_scene_building (exploit)
2025-08-09 04:53:14,948 - INFO - [TRELLIS] GPU cache cleared: {'status': 'cache_cleared', 'available_memory_gb': 20.292042752}
2025-08-09 04:53:14,949 - INFO -       🔍 Validating...
2025-08-09 04:53:14,949 - INFO -       📝 Using optimized prompt for generation: 'a slender lustrous black hockey stick with an intricately machined silver ferrule and a delicate, woven pattern etched into its blade, front view, accurate, complete, white background...'
2025-08-09 04:53:14,949 - INFO -       🎯 Computing scores against original prompt: 'lustrous black hockey stick slashing...'
2025-08-09 04:54:12,363 - INFO -       📊 Validation score: 0.8942
2025-08-09 04:54:12,364 - INFO -       📈 Improvement detected: contextual_scene_building working better
2025-08-09 04:54:12,364 - INFO - 
   🔄 RL Round 16/18
2025-08-09 04:54:12,364 - INFO -       🎯 Strategy: contextual_scene_building (exploit)
2025-08-09 04:54:16,907 - INFO - [TRELLIS] GPU cache cleared: {'status': 'cache_cleared', 'available_memory_gb': 20.292042752}
2025-08-09 04:54:16,908 - INFO -       🔍 Validating...
2025-08-09 04:54:16,908 - INFO -       📝 Using optimized prompt for generation: 'a slender lustrous black hockey stick with a silver ferrule and a slightly curved blade, suspended in mid-air as if about to be swung...'
2025-08-09 04:54:16,908 - INFO -       🎯 Computing scores against original prompt: 'lustrous black hockey stick slashing...'
2025-08-09 04:55:13,638 - INFO -       📊 Validation score: 0.9194
2025-08-09 04:55:13,638 - INFO -       🎯 New best score: 0.9194
2025-08-09 04:55:13,638 - INFO -       📈 Improvement detected: contextual_scene_building working better
2025-08-09 04:55:13,639 - INFO - 
   🔄 RL Round 17/18
2025-08-09 04:55:13,639 - INFO -       🎯 Strategy: contextual_scene_building (exploit)
2025-08-09 04:55:17,054 - INFO - [TRELLIS] GPU cache cleared: {'status': 'cache_cleared', 'available_memory_gb': 20.292042752}
2025-08-09 04:55:17,055 - INFO -       🔍 Validating...
2025-08-09 04:55:17,055 - INFO -       📝 Using optimized prompt for generation: 'a slender lustrous black hockey stick with an intricately machined silver ferrule and delicate, woven patterns etched into its blade, front view, accurate, complete, white background...'
2025-08-09 04:55:17,055 - INFO -       🎯 Computing scores against original prompt: 'lustrous black hockey stick slashing...'
2025-08-09 04:56:13,690 - INFO -       📊 Validation score: 0.8832
2025-08-09 04:56:13,691 - INFO -       📉 Score declined: Consider different approach
2025-08-09 04:56:13,691 - INFO - 
   🔄 RL Round 18/18
2025-08-09 04:56:13,691 - INFO -       🎯 Strategy: contextual_scene_building (explore)
2025-08-09 04:56:18,001 - INFO - [TRELLIS] GPU cache cleared: {'status': 'cache_cleared', 'available_memory_gb': 20.292042752}
2025-08-09 04:56:18,002 - INFO -       🔍 Validating...
2025-08-09 04:56:18,002 - INFO -       📝 Using optimized prompt for generation: 'a slender, elegant lustrous black hockey stick with a precision-crafted silver ferrule featuring an intricate network of fine lines etched into its blade, front view, accurate, complete, white background...'
2025-08-09 04:56:18,002 - INFO -       🎯 Computing scores against original prompt: 'lustrous black hockey stick slashing...'
2025-08-09 04:57:13,455 - INFO -       📊 Validation score: 0.8732
2025-08-09 04:57:13,463 - INFO - 
🎯 RL LOOP COMPLETE:
2025-08-09 04:57:13,463 - INFO -    Best prompt: a slender lustrous black hockey stick with a silver ferrule and a slightly curved blade, suspended in mid-air as if about to be swung
2025-08-09 04:57:13,463 - INFO -    Best score: 0.9194
2025-08-09 04:57:13,463 - INFO -    Rounds: 18
2025-08-09 04:57:13,463 - INFO -    Convergence: False
2025-08-09 04:57:13,463 - INFO -    Convergence reason: Not converged
2025-08-09 04:57:13,463 - INFO -    Exploration ratio: 38.9%
2025-08-09 04:57:13,463 - INFO -    Insights learned: 3
2025-08-09 04:57:13,463 - INFO -    Total time: 1115.35s
2025-08-09 04:57:13,464 - INFO - Prompt optimized in 18 rounds: 0.735 → 0.919 (+0.184)
2025-08-09 04:57:13,464 - INFO - ⏰ Max rounds reached
2025-08-09 04:57:13,464 - INFO - 
--- Episode 1, Prompt 8 (Total: 63) ---
2025-08-09 04:57:13,464 - INFO - Optimizing: 'intricately carved wooden totem pole'
2025-08-09 04:57:13,464 - INFO - 🔍 Checking server availability before optimization...
2025-08-09 04:57:13,471 - INFO - ✅ Server is available (status: completed)
2025-08-09 04:57:13,472 - INFO - 📝 Marked server as used at 1754715433.472006
2025-08-09 04:57:13,472 - INFO - ✅ Server is available and marked as used
2025-08-09 04:57:13,472 - INFO - 🔄 Reproducibility optimization returned no result
2025-08-09 04:57:13,472 - INFO -       🔧 Overriding endpoint: generate/baolei/
2025-08-09 04:57:13,472 - INFO -       🔧 Using endpoint: generate/baolei/
2025-08-09 04:57:13,476 - INFO - 
🔄 RL LOOP OPTIMIZATION: 'intricately carved wooden totem pole'
2025-08-09 04:57:13,476 - INFO -    Session: rl_session_1754715433_1501
2025-08-09 04:57:13,476 - INFO -    Max rounds: 18
2025-08-09 04:57:13,476 - INFO -    Min rounds before convergence: 5
2025-08-09 04:57:13,476 - INFO -    Target score: 0.99
2025-08-09 04:57:13,476 - INFO - 
   🔄 RL Round 1/18
2025-08-09 04:57:13,477 - INFO -       🎯 Strategy: contextual_scene_building (exploit)
2025-08-09 04:57:17,361 - INFO - [TRELLIS] GPU cache cleared: {'status': 'cache_cleared', 'available_memory_gb': 20.292042752}
2025-08-09 04:57:17,361 - INFO -       🔍 Validating...
2025-08-09 04:57:17,361 - INFO -       📝 Using optimized prompt for generation: 'an intricately carved wooden totem pole standing tall amidst a lush rainforest with vibrant greenery and sunlight filtering through the canopy above, front view, accurate, complete, white background...'
2025-08-09 04:57:17,361 - INFO -       🎯 Computing scores against original prompt: 'intricately carved wooden totem pole...'
2025-08-09 04:58:22,074 - INFO -       📊 Validation score: 0.8048
2025-08-09 04:58:22,075 - INFO -       🎯 New best score: 0.8048
2025-08-09 04:58:22,075 - INFO - 
   🔄 RL Round 2/18
2025-08-09 04:58:22,075 - INFO -       🎯 Strategy: contextual_scene_building (explore)
2025-08-09 04:58:25,452 - INFO - [TRELLIS] GPU cache cleared: {'status': 'cache_cleared', 'available_memory_gb': 20.292042752}
2025-08-09 04:58:25,453 - INFO -       🔍 Validating...
2025-08-09 04:58:25,453 - INFO -       📝 Using optimized prompt for generation: 'an intricately carved wooden totem pole adorned with vibrant, colorful patterns of tribal artistry, its surface weathered from years of exposure to the elements...'
2025-08-09 04:58:25,453 - INFO -       🎯 Computing scores against original prompt: 'intricately carved wooden totem pole...'
2025-08-09 04:59:25,074 - INFO -       📊 Validation score: 0.8756
2025-08-09 04:59:25,075 - INFO -       🎯 New best score: 0.8756
2025-08-09 04:59:25,075 - INFO -       📈 Improvement detected: contextual_scene_building working better
2025-08-09 04:59:25,075 - INFO - 
   🔄 RL Round 3/18
2025-08-09 04:59:25,075 - INFO -       🎯 Strategy: material_focus (explore)
2025-08-09 04:59:28,006 - INFO - [TRELLIS] GPU cache cleared: {'status': 'cache_cleared', 'available_memory_gb': 20.292042752}
2025-08-09 04:59:28,007 - INFO -       🔍 Validating...
2025-08-09 04:59:28,007 - INFO -       📝 Using optimized prompt for generation: 'an intricately carved wooden totem pole adorned with vibrant, swirling patterns reminiscent of ancient tribal motifs, placed atop a moss-covered log amidst a cluster of gnarled trees and misty forest fog...'
2025-08-09 04:59:28,007 - INFO -       🎯 Computing scores against original prompt: 'intricately carved wooden totem pole...'
2025-08-09 05:00:32,233 - INFO -       📊 Validation score: 0.8339
2025-08-09 05:00:32,233 - INFO -       📉 Score declined: Consider different approach
2025-08-09 05:00:32,233 - INFO - 
   🔄 RL Round 4/18
2025-08-09 05:00:32,234 - INFO -       🎯 Strategy: contextual_scene_building (exploit)
2025-08-09 05:00:36,146 - INFO - [TRELLIS] GPU cache cleared: {'status': 'cache_cleared', 'available_memory_gb': 20.292042752}
2025-08-09 05:00:36,146 - INFO -       🔍 Validating...
2025-08-09 05:00:36,147 - INFO -       📝 Using optimized prompt for generation: 'an intricately carved wooden totem pole adorned with vibrant, swirling patterns reminiscent of ancient tribal motifs, front view, accurate, complete, white background...'
2025-08-09 05:00:36,147 - INFO -       🎯 Computing scores against original prompt: 'intricately carved wooden totem pole...'
2025-08-09 05:01:34,422 - INFO -       📊 Validation score: 0.9120
2025-08-09 05:01:34,422 - INFO -       🎯 New best score: 0.9120
2025-08-09 05:01:34,423 - INFO -       📈 Improvement detected: contextual_scene_building working better
2025-08-09 05:01:34,423 - INFO - 
   🔄 RL Round 5/18
2025-08-09 05:01:34,423 - INFO -       🎯 Strategy: material_focus (explore)
2025-08-09 05:01:38,796 - INFO - [TRELLIS] GPU cache cleared: {'status': 'cache_cleared', 'available_memory_gb': 20.292042752}
2025-08-09 05:01:38,797 - INFO -       🔍 Validating...
2025-08-09 05:01:38,797 - INFO -       📝 Using optimized prompt for generation: 'an intricately carved wooden totem pole with a rich patina and textured, swirling patterns reminiscent of ancient tribal artistry, front view, accurate, complete, white background...'
2025-08-09 05:01:38,797 - INFO -       🎯 Computing scores against original prompt: 'intricately carved wooden totem pole...'
2025-08-09 05:02:36,685 - INFO -       📊 Validation score: 0.8447
2025-08-09 05:02:36,685 - INFO -       📉 Score declined: Consider different approach
2025-08-09 05:02:36,685 - INFO - 
   🔄 RL Round 6/18
2025-08-09 05:02:36,686 - INFO -       🎯 Strategy: contextual_scene_building (exploit)
2025-08-09 05:02:40,441 - INFO - [TRELLIS] GPU cache cleared: {'status': 'cache_cleared', 'available_memory_gb': 20.292042752}
2025-08-09 05:02:40,441 - INFO -       🔍 Validating...
2025-08-09 05:02:40,441 - INFO -       📝 Using optimized prompt for generation: 'an intricately carved wooden totem pole adorned with vibrant, swirling patterns reminiscent of ancient tribal artistry, its rich textures and organic shapes evoking a sense of weathered elegance...'
2025-08-09 05:02:40,441 - INFO -       🎯 Computing scores against original prompt: 'intricately carved wooden totem pole...'
2025-08-09 05:03:40,652 - INFO -       📊 Validation score: 0.8436
2025-08-09 05:03:40,652 - INFO -       ✅ Convergence achieved: Convergence threshold met (improvement: -0.001)
2025-08-09 05:03:40,659 - INFO - 
🎯 RL LOOP COMPLETE:
2025-08-09 05:03:40,660 - INFO -    Best prompt: an intricately carved wooden totem pole adorned with vibrant, swirling patterns reminiscent of ancient tribal motifs, front view, accurate, complete, white background
2025-08-09 05:03:40,660 - INFO -    Best score: 0.9120
2025-08-09 05:03:40,660 - INFO -    Rounds: 6
2025-08-09 05:03:40,660 - INFO -    Convergence: True
2025-08-09 05:03:40,660 - INFO -    Convergence reason: Convergence threshold met (improvement: -0.001)
2025-08-09 05:03:40,660 - INFO -    Exploration ratio: 50.0%
2025-08-09 05:03:40,660 - INFO -    Insights learned: 3
2025-08-09 05:03:40,660 - INFO -    Total time: 387.18s
2025-08-09 05:03:40,660 - INFO - Prompt optimized in 6 rounds: 0.805 → 0.912 (+0.107)
2025-08-09 05:03:40,661 - INFO - ✅ Target score achieved!
2025-08-09 05:03:40,661 - INFO - 
--- Episode 1, Prompt 9 (Total: 63) ---
2025-08-09 05:03:40,661 - INFO - Optimizing: 'little black chain'
2025-08-09 05:03:40,661 - INFO - 🔍 Checking server availability before optimization...
2025-08-09 05:03:40,674 - INFO - ✅ Server is available (status: completed)
2025-08-09 05:03:40,674 - INFO - 📝 Marked server as used at 1754715820.67423
2025-08-09 05:03:40,674 - INFO - ✅ Server is available and marked as used
2025-08-09 05:03:40,674 - INFO - 🔄 Reproducibility optimization returned no result
2025-08-09 05:03:40,674 - INFO -       🔧 Overriding endpoint: generate/baolei/
2025-08-09 05:03:40,674 - INFO -       🔧 Using endpoint: generate/baolei/
2025-08-09 05:03:40,677 - INFO - 
🔄 RL LOOP OPTIMIZATION: 'little black chain'
2025-08-09 05:03:40,677 - INFO -    Session: rl_session_1754715820_7755
2025-08-09 05:03:40,677 - INFO -    Max rounds: 18
2025-08-09 05:03:40,677 - INFO -    Min rounds before convergence: 5
2025-08-09 05:03:40,677 - INFO -    Target score: 0.99
2025-08-09 05:03:40,677 - INFO - 
   🔄 RL Round 1/18
2025-08-09 05:03:40,677 - INFO -       🎯 Strategy: contextual_scene_building (exploit)
2025-08-09 05:03:44,745 - INFO - [TRELLIS] GPU cache cleared: {'status': 'cache_cleared', 'available_memory_gb': 20.292042752}
2025-08-09 05:03:44,745 - INFO -       🔍 Validating...
2025-08-09 05:03:44,746 - INFO -       📝 Using optimized prompt for generation: 'a delicate little black chain dangling from a minimalist silver pendant, front view, accurate, complete, white background...'
2025-08-09 05:03:44,746 - INFO -       🎯 Computing scores against original prompt: 'little black chain...'
2025-08-09 05:04:40,176 - INFO -       📊 Validation score: 0.6909
2025-08-09 05:04:40,177 - INFO -       🎯 New best score: 0.6909
2025-08-09 05:04:40,177 - INFO - 
   🔄 RL Round 2/18
2025-08-09 05:04:40,177 - INFO -       🎯 Strategy: contextual_scene_building (exploit)
2025-08-09 05:04:43,789 - INFO - [TRELLIS] GPU cache cleared: {'status': 'cache_cleared', 'available_memory_gb': 20.292042752}
2025-08-09 05:04:43,789 - INFO -       🔍 Validating...
2025-08-09 05:04:43,789 - INFO -       📝 Using optimized prompt for generation: 'a delicate little black chain dangling from a minimalist silver pendant, front view, accurate, compl..., front view, accurate, complete, white background...'
2025-08-09 05:04:43,789 - INFO -       🎯 Computing scores against original prompt: 'little black chain...'
2025-08-09 05:05:39,600 - INFO -       📊 Validation score: 0.8297
2025-08-09 05:05:39,600 - INFO -       🎯 New best score: 0.8297
2025-08-09 05:05:39,600 - INFO -       📈 Improvement detected: contextual_scene_building working better
2025-08-09 05:05:39,600 - INFO - 
   🔄 RL Round 3/18
2025-08-09 05:05:39,600 - INFO -       🎯 Strategy: contextual_scene_building (exploit)
2025-08-09 05:05:43,554 - INFO - [TRELLIS] GPU cache cleared: {'status': 'cache_cleared', 'available_memory_gb': 20.292042752}
2025-08-09 05:05:43,554 - INFO -       🔍 Validating...
2025-08-09 05:05:43,554 - INFO -       📝 Using optimized prompt for generation: 'a delicate little black chain with intricate engravings of tiny stars and a minimalist silver pendant, front view, accurate, compl., front view, accurate, complete, white background...'
2025-08-09 05:05:43,555 - INFO -       🎯 Computing scores against original prompt: 'little black chain...'
2025-08-09 05:06:40,192 - INFO -       📊 Validation score: 0.5627
2025-08-09 05:06:40,193 - INFO -       📉 Score declined: Consider different approach
2025-08-09 05:06:40,193 - INFO - 
   🔄 RL Round 4/18
2025-08-09 05:06:40,193 - INFO -       🔍 Explore performing better - increasing epsilon to 0.42
2025-08-09 05:06:40,193 - INFO -       🎯 Strategy: material_focus (exploit)
2025-08-09 05:06:44,143 - INFO - [TRELLIS] GPU cache cleared: {'status': 'cache_cleared', 'available_memory_gb': 20.292042752}
2025-08-09 05:06:44,144 - INFO -       🔍 Validating...
2025-08-09 05:06:44,144 - INFO -       📝 Using optimized prompt for generation: 'a delicate little black chain with a slender silver clasp and subtle texture variations, front view, accurate, compliant, front view, accurate, complete, white background...'
2025-08-09 05:06:44,144 - INFO -       🎯 Computing scores against original prompt: 'little black chain...'
2025-08-09 05:07:41,290 - INFO -       📊 Validation score: 0.8293
2025-08-09 05:07:41,292 - INFO -       📈 Improvement detected: material_focus working better
2025-08-09 05:07:41,292 - INFO - 
   🔄 RL Round 5/18
2025-08-09 05:07:41,292 - INFO -       🔍 Explore performing better - increasing epsilon to 0.47
2025-08-09 05:07:41,292 - INFO -       🎯 Strategy: material_focus (explore)
2025-08-09 05:07:45,114 - INFO - [TRELLIS] GPU cache cleared: {'status': 'cache_cleared', 'available_memory_gb': 20.292042752}
2025-08-09 05:07:45,114 - INFO -       🔍 Validating...
2025-08-09 05:07:45,114 - INFO -       📝 Using optimized prompt for generation: 'a delicate little black chain with a slender silver clasp and intricate engravings of tiny stars, suspended in mid-air, front view, accurate, complete, white background...'
2025-08-09 05:07:45,115 - INFO -       🎯 Computing scores against original prompt: 'little black chain...'
2025-08-09 05:08:42,195 - INFO -       📊 Validation score: 0.8680
2025-08-09 05:08:42,196 - INFO -       🎯 New best score: 0.8680
2025-08-09 05:08:42,196 - INFO -       📈 Improvement detected: material_focus working better
2025-08-09 05:08:42,196 - INFO - 
   🔄 RL Round 6/18
2025-08-09 05:08:42,196 - INFO -       🔍 Explore performing better - increasing epsilon to 0.52
2025-08-09 05:08:42,196 - INFO -       🎯 Strategy: material_focus (exploit)
2025-08-09 05:08:45,428 - INFO - [TRELLIS] GPU cache cleared: {'status': 'cache_cleared', 'available_memory_gb': 20.292042752}
2025-08-09 05:08:45,428 - INFO -       🔍 Validating...
2025-08-09 05:08:45,428 - INFO -       📝 Using optimized prompt for generation: 'a slender little black chain with delicate silver-toned links and subtle texture variations, front view...'
2025-08-09 05:08:45,428 - INFO -       🎯 Computing scores against original prompt: 'little black chain...'
2025-08-09 05:09:51,232 - INFO -       📊 Validation score: 0.8506
2025-08-09 05:09:51,233 - INFO -       📉 Score declined: Consider different approach
2025-08-09 05:09:51,233 - INFO - 
   🔄 RL Round 7/18
2025-08-09 05:09:51,233 - INFO -       🔍 Explore performing better - increasing epsilon to 0.57
2025-08-09 05:09:51,233 - INFO -       🎯 Strategy: contextual_scene_building (explore)
2025-08-09 05:09:55,282 - INFO - [TRELLIS] GPU cache cleared: {'status': 'cache_cleared', 'available_memory_gb': 20.292042752}
2025-08-09 05:09:55,283 - INFO -       🔍 Validating...
2025-08-09 05:09:55,283 - INFO -       📝 Using optimized prompt for generation: 'a slender little black chain with delicate silver-toned links and intricate engravings of tiny stars, front view, front view, accurate, complete, white background...'
2025-08-09 05:09:55,283 - INFO -       🎯 Computing scores against original prompt: 'little black chain...'
2025-08-09 05:10:53,641 - INFO -       📊 Validation score: 0.8609
2025-08-09 05:10:53,642 - INFO -       📈 Improvement detected: contextual_scene_building working better
2025-08-09 05:10:53,642 - INFO - 
   🔄 RL Round 8/18
2025-08-09 05:10:53,642 - INFO -       🔍 Explore performing better - increasing epsilon to 0.62
2025-08-09 05:10:53,642 - INFO -       🎯 Strategy: artistic_elaboration (explore)
2025-08-09 05:10:56,883 - INFO - [TRELLIS] GPU cache cleared: {'status': 'cache_cleared', 'available_memory_gb': 20.292042752}
2025-08-09 05:10:56,884 - INFO -       🔍 Validating...
2025-08-09 05:10:56,884 - INFO -       📝 Using optimized prompt for generation: 'a slender little black chain with delicate silver-toned links and subtle texture variations, front view, accurate, compl..., front view, accurate, complete, white background...'
2025-08-09 05:10:56,884 - INFO -       🎯 Computing scores against original prompt: 'little black chain...'
2025-08-09 05:11:53,441 - INFO -       📊 Validation score: 0.8689
2025-08-09 05:11:53,441 - INFO -       🎯 New best score: 0.8689
2025-08-09 05:11:53,442 - INFO -       ✅ Convergence achieved: Convergence threshold met (improvement: 0.008)
2025-08-09 05:11:53,449 - INFO - 
🎯 RL LOOP COMPLETE:
2025-08-09 05:11:53,449 - INFO -    Best prompt: a slender little black chain with delicate silver-toned links and subtle texture variations, front view, accurate, compl..., front view, accurate, complete, white background
2025-08-09 05:11:53,449 - INFO -    Best score: 0.8689
2025-08-09 05:11:53,449 - INFO -    Rounds: 8
2025-08-09 05:11:53,449 - INFO -    Convergence: True
2025-08-09 05:11:53,449 - INFO -    Convergence reason: Convergence threshold met (improvement: 0.008)
2025-08-09 05:11:53,449 - INFO -    Exploration ratio: 37.5%
2025-08-09 05:11:53,450 - INFO -    Insights learned: 3
2025-08-09 05:11:53,450 - INFO -    Total time: 492.77s
2025-08-09 05:11:53,450 - INFO - Prompt optimized in 8 rounds: 0.691 → 0.869 (+0.178)
2025-08-09 05:11:53,450 - INFO - ✅ Target score achieved!
2025-08-09 05:11:53,450 - INFO - 
--- Episode 1, Prompt 10 (Total: 63) ---
2025-08-09 05:11:53,450 - INFO - Optimizing: 'sturdy metallic blue pliers'
2025-08-09 05:11:53,450 - INFO - 🔍 Checking server availability before optimization...
2025-08-09 05:11:53,458 - INFO - ✅ Server is available (status: completed)
2025-08-09 05:11:53,459 - INFO - 📝 Marked server as used at 1754716313.4589868
2025-08-09 05:11:53,459 - INFO - ✅ Server is available and marked as used
2025-08-09 05:11:53,459 - INFO - 🔄 Reproducibility optimization returned no result
2025-08-09 05:11:53,459 - INFO -       🔧 Overriding endpoint: generate/baolei/
2025-08-09 05:11:53,459 - INFO -       🔧 Using endpoint: generate/baolei/
2025-08-09 05:11:53,461 - INFO - 
🔄 RL LOOP OPTIMIZATION: 'sturdy metallic blue pliers'
2025-08-09 05:11:53,461 - INFO -    Session: rl_session_1754716313_8072
2025-08-09 05:11:53,461 - INFO -    Max rounds: 18
2025-08-09 05:11:53,462 - INFO -    Min rounds before convergence: 5
2025-08-09 05:11:53,462 - INFO -    Target score: 0.99
2025-08-09 05:11:53,462 - INFO - 
   🔄 RL Round 1/18
2025-08-09 05:11:53,462 - INFO -       🔍 Explore performing better - increasing epsilon to 0.66
2025-08-09 05:11:53,462 - INFO -       🎯 Strategy: material_focus (exploit)
2025-08-09 05:11:57,728 - INFO - [TRELLIS] GPU cache cleared: {'status': 'cache_cleared', 'available_memory_gb': 20.292042752}
2025-08-09 05:11:57,729 - INFO -       🔍 Validating...
2025-08-09 05:11:57,729 - INFO -       📝 Using optimized prompt for generation: 'sturdy metallic blue pliers with a precision-ground jaw and a comfortable grip for secure control, front view, accurate, complete, white background...'
2025-08-09 05:11:57,729 - INFO -       🎯 Computing scores against original prompt: 'sturdy metallic blue pliers...'
2025-08-09 05:12:56,435 - INFO -       📊 Validation score: 0.8564
2025-08-09 05:12:56,436 - INFO -       🎯 New best score: 0.8564
2025-08-09 05:12:56,436 - INFO - 
   🔄 RL Round 2/18
2025-08-09 05:12:56,436 - INFO -       🔍 Explore performing better - increasing epsilon to 0.71
2025-08-09 05:12:56,436 - INFO -       🎯 Strategy: material_focus (exploit)
2025-08-09 05:13:00,621 - INFO - [TRELLIS] GPU cache cleared: {'status': 'cache_cleared', 'available_memory_gb': 20.292042752}
2025-08-09 05:13:00,621 - INFO -       🔍 Validating...
2025-08-09 05:13:00,621 - INFO -       📝 Using optimized prompt for generation: 'sturdy metallic blue pliers with a precision-ground jaw, ergonomic grip for secure control, and heat-resistant tips, front view, accurate, complete, white background...'
2025-08-09 05:13:00,621 - INFO -       🎯 Computing scores against original prompt: 'sturdy metallic blue pliers...'
2025-08-09 05:13:58,950 - INFO -       📊 Validation score: 0.8628
2025-08-09 05:13:58,951 - INFO -       🎯 New best score: 0.8628
2025-08-09 05:13:58,951 - INFO -       📈 Improvement detected: material_focus working better
2025-08-09 05:13:58,951 - INFO - 
   🔄 RL Round 3/18
2025-08-09 05:13:58,951 - INFO -       🔍 Explore performing better - increasing epsilon to 0.76
2025-08-09 05:13:58,951 - INFO -       🎯 Strategy: material_focus (exploit)
2025-08-09 05:14:02,204 - INFO - [TRELLIS] GPU cache cleared: {'status': 'cache_cleared', 'available_memory_gb': 20.292042752}
2025-08-09 05:14:02,204 - INFO -       🔍 Validating...
2025-08-09 05:14:02,204 - INFO -       📝 Using optimized prompt for generation: 'sturdy metallic blue pliers with a precision-ground jaw, textured grip for secure control, and heat-resistant coating, front view, accurate, complete, white background...'
2025-08-09 05:14:02,204 - INFO -       🎯 Computing scores against original prompt: 'sturdy metallic blue pliers...'
2025-08-09 05:14:59,111 - INFO -       📊 Validation score: 0.8729
2025-08-09 05:14:59,111 - INFO -       🎯 New best score: 0.8729
2025-08-09 05:14:59,112 - INFO -       📈 Improvement detected: material_focus working better
2025-08-09 05:14:59,112 - INFO - 
   🔄 RL Round 4/18
2025-08-09 05:14:59,112 - INFO -       🎯 Strategy: artistic_elaboration (explore)
2025-08-09 05:15:02,297 - INFO - [TRELLIS] GPU cache cleared: {'status': 'cache_cleared', 'available_memory_gb': 20.292042752}
2025-08-09 05:15:02,297 - INFO -       🔍 Validating...
2025-08-09 05:15:02,297 - INFO -       📝 Using optimized prompt for generation: 'sturdy metallic blue pliers with a precision-ground jaw, textured grip for secure control, and heat-resistant polymer handles, front view, accurate, complete, white background...'
2025-08-09 05:15:02,297 - INFO -       🎯 Computing scores against original prompt: 'sturdy metallic blue pliers...'
2025-08-09 05:16:00,374 - INFO -       📊 Validation score: 0.8760
2025-08-09 05:16:00,374 - INFO -       🎯 New best score: 0.8760
2025-08-09 05:16:00,374 - INFO -       📈 Improvement detected: artistic_elaboration working better
2025-08-09 05:16:00,375 - INFO - 
   🔄 RL Round 5/18
2025-08-09 05:16:00,375 - INFO -       🎯 Strategy: hybrid_approach (explore)
2025-08-09 05:16:04,097 - INFO - [TRELLIS] GPU cache cleared: {'status': 'cache_cleared', 'available_memory_gb': 20.292042752}
2025-08-09 05:16:04,097 - INFO -       🔍 Validating...
2025-08-09 05:16:04,097 - INFO -       📝 Using optimized prompt for generation: 'sturdy metallic blue pliers with a precision-ground jaw and a contoured grip for secure control, front view, accurate, complete, white background...'
2025-08-09 05:16:04,097 - INFO -       🎯 Computing scores against original prompt: 'sturdy metallic blue pliers...'
2025-08-09 05:16:58,702 - INFO -       📊 Validation score: 0.9308
2025-08-09 05:16:58,702 - INFO -       🎯 New best score: 0.9308
2025-08-09 05:16:58,702 - INFO -       🔍 Explore performing better - stricter convergence threshold: 0.005
2025-08-09 05:16:58,702 - INFO -       📈 Improvement detected: hybrid_approach working better
2025-08-09 05:16:58,703 - INFO - 
   🔄 RL Round 6/18
2025-08-09 05:16:58,703 - INFO -       🎯 Strategy: aggressive_transformation (explore)
2025-08-09 05:17:01,852 - INFO - [TRELLIS] GPU cache cleared: {'status': 'cache_cleared', 'available_memory_gb': 20.292042752}
2025-08-09 05:17:01,853 - INFO -       🔍 Validating...
2025-08-09 05:17:01,853 - INFO -       📝 Using optimized prompt for generation: 'sturdy metallic blue pliers with a precision-ground jaw featuring intricate engravings and a textured grip for secure control, front view, accurate, complete, white background...'
2025-08-09 05:17:01,853 - INFO -       🎯 Computing scores against original prompt: 'sturdy metallic blue pliers...'
2025-08-09 05:18:00,949 - WARNING -    🔧 Score 0.0 - clearing CUDA cache
2025-08-09 05:18:00,950 - INFO -       📊 Validation score: 0.0000
2025-08-09 05:18:00,950 - INFO -       🔍 Explore performing better - stricter convergence threshold: 0.005
2025-08-09 05:18:00,950 - INFO - 
   🔄 RL Round 7/18
2025-08-09 05:18:00,950 - INFO -       🎯 Strategy: aggressive_transformation (explore)
2025-08-09 05:18:04,323 - INFO - [TRELLIS] GPU cache cleared: {'status': 'cache_cleared', 'available_memory_gb': 20.292042752}
2025-08-09 05:18:04,324 - INFO -       🔍 Validating...
2025-08-09 05:18:04,324 - INFO -       📝 Using optimized prompt for generation: 'sturdy metallic blue pliers with a precision-ground jaw and ergonomic grip for secure control, front view, accurate, complete, white background...'
2025-08-09 05:18:04,324 - INFO -       🎯 Computing scores against original prompt: 'sturdy metallic blue pliers...'
2025-08-09 05:19:05,929 - INFO -       📊 Validation score: 0.8657
2025-08-09 05:19:05,929 - INFO -       🔍 Explore performing better - stricter convergence threshold: 0.005
2025-08-09 05:19:05,929 - INFO - 
   🔄 RL Round 8/18
2025-08-09 05:19:05,930 - INFO -       🎯 Strategy: aggressive_transformation (explore)
2025-08-09 05:19:10,244 - INFO - [TRELLIS] GPU cache cleared: {'status': 'cache_cleared', 'available_memory_gb': 20.292042752}
2025-08-09 05:19:10,244 - INFO -       🔍 Validating...
2025-08-09 05:19:10,244 - INFO -       📝 Using optimized prompt for generation: 'sturdy metallic blue pliers with precision-ground jaws and a contoured grip for secure control, front view, accurate, complete, white background...'
2025-08-09 05:19:10,244 - INFO -       🎯 Computing scores against original prompt: 'sturdy metallic blue pliers...'
2025-08-09 05:20:07,965 - INFO -       📊 Validation score: 0.8486
2025-08-09 05:20:07,966 - INFO -       🔍 Explore performing better - stricter convergence threshold: 0.005
2025-08-09 05:20:07,966 - INFO -       📉 Score declined: Consider different approach
2025-08-09 05:20:07,966 - INFO - 
   🔄 RL Round 9/18
2025-08-09 05:20:07,966 - INFO -       🎯 Strategy: hybrid_approach (explore)
2025-08-09 05:20:11,630 - INFO - [TRELLIS] GPU cache cleared: {'status': 'cache_cleared', 'available_memory_gb': 20.292042752}
2025-08-09 05:20:11,630 - INFO -       🔍 Validating...
2025-08-09 05:20:11,630 - INFO -       📝 Using optimized prompt for generation: 'sturdy metallic blue pliers with precision-ground jaws and a contoured grip made from durable fiberglass-reinforced polymer for secure control...'
2025-08-09 05:20:11,630 - INFO -       🎯 Computing scores against original prompt: 'sturdy metallic blue pliers...'
2025-08-09 05:21:10,408 - INFO -       📊 Validation score: 0.9263
2025-08-09 05:21:10,409 - INFO -       🔍 Explore performing better - stricter convergence threshold: 0.005
2025-08-09 05:21:10,409 - INFO -       📈 Improvement detected: hybrid_approach working better
2025-08-09 05:21:10,409 - INFO - 
   🔄 RL Round 10/18
2025-08-09 05:21:10,410 - INFO -       🎯 Strategy: artistic_elaboration (explore)
2025-08-09 05:21:14,101 - INFO - [TRELLIS] GPU cache cleared: {'status': 'cache_cleared', 'available_memory_gb': 20.292042752}
2025-08-09 05:21:14,101 - INFO -       🔍 Validating...
2025-08-09 05:21:14,101 - INFO -       📝 Using optimized prompt for generation: 'sturdy metallic blue pliers with precision-ground jaws, textured grip for secure control, and a durable finish, front view, accurate, complete, white background...'
2025-08-09 05:21:14,101 - INFO -       🎯 Computing scores against original prompt: 'sturdy metallic blue pliers...'
2025-08-09 05:22:16,861 - INFO -       📊 Validation score: 0.8279
2025-08-09 05:22:16,862 - INFO -       🔍 Explore performing better - stricter convergence threshold: 0.005
2025-08-09 05:22:16,862 - INFO -       📉 Score declined: Consider different approach
2025-08-09 05:22:16,862 - INFO - 
   🔄 RL Round 11/18
2025-08-09 05:22:16,862 - INFO -       🎯 Strategy: artistic_elaboration (explore)
2025-08-09 05:22:19,947 - INFO - [TRELLIS] GPU cache cleared: {'status': 'cache_cleared', 'available_memory_gb': 20.292042752}
2025-08-09 05:22:19,948 - INFO -       🔍 Validating...
2025-08-09 05:22:19,948 - INFO -       📝 Using optimized prompt for generation: 'sturdy metallic blue pliers with precision-ground jaws and an ergonomic grip for secure control, front view, accurate, complete, white background...'
2025-08-09 05:22:19,948 - INFO -       🎯 Computing scores against original prompt: 'sturdy metallic blue pliers...'
2025-08-09 05:23:18,060 - INFO -       📊 Validation score: 0.9377
2025-08-09 05:23:18,061 - INFO -       🎯 New best score: 0.9377
2025-08-09 05:23:18,061 - INFO -       🔍 Explore performing better - stricter convergence threshold: 0.005
2025-08-09 05:23:18,061 - INFO -       📈 Improvement detected: artistic_elaboration working better
2025-08-09 05:23:18,061 - INFO - 
   🔄 RL Round 12/18
2025-08-09 05:23:18,061 - INFO -       🎯 Strategy: material_focus (exploit)
2025-08-09 05:23:21,586 - INFO - [TRELLIS] GPU cache cleared: {'status': 'cache_cleared', 'available_memory_gb': 20.292042752}
2025-08-09 05:23:21,587 - INFO -       🔍 Validating...
2025-08-09 05:23:21,587 - INFO -       📝 Using optimized prompt for generation: 'sturdy metallic blue pliers with precision-ground jaws and a contoured grip for secure control, featuring subtle engravings along the handle, front view, accurate, complete, white background...'
2025-08-09 05:23:21,587 - INFO -       🎯 Computing scores against original prompt: 'sturdy metallic blue pliers...'
2025-08-09 05:24:20,575 - INFO -       📊 Validation score: 0.8988
2025-08-09 05:24:20,576 - INFO -       🔍 Explore performing better - stricter convergence threshold: 0.005
2025-08-09 05:24:20,576 - INFO -       📉 Score declined: Consider different approach
2025-08-09 05:24:20,576 - INFO - 
   🔄 RL Round 13/18
2025-08-09 05:24:20,576 - INFO -       🎯 Strategy: material_focus (exploit)
2025-08-09 05:24:24,130 - INFO - [TRELLIS] GPU cache cleared: {'status': 'cache_cleared', 'available_memory_gb': 20.292042752}
2025-08-09 05:24:24,130 - INFO -       🔍 Validating...
2025-08-09 05:24:24,130 - INFO -       📝 Using optimized prompt for generation: 'sturdy metallic blue pliers with precision-ground jaws and a contoured grip for secure control, featuring a textured surface for improved grip, front view, accurate, complete, white background...'
2025-08-09 05:24:24,130 - INFO -       🎯 Computing scores against original prompt: 'sturdy metallic blue pliers...'
2025-08-09 05:25:22,574 - INFO -       📊 Validation score: 0.9229
2025-08-09 05:25:22,575 - INFO -       🔍 Explore performing better - stricter convergence threshold: 0.005
2025-08-09 05:25:22,575 - INFO -       📈 Improvement detected: material_focus working better
2025-08-09 05:25:22,575 - INFO - 
   🔄 RL Round 14/18
2025-08-09 05:25:22,575 - INFO -       🎯 Strategy: technical_precision (explore)
2025-08-09 05:25:25,907 - INFO - [TRELLIS] GPU cache cleared: {'status': 'cache_cleared', 'available_memory_gb': 20.292042752}
2025-08-09 05:25:25,907 - INFO -       🔍 Validating...
2025-08-09 05:25:25,907 - INFO -       📝 Using optimized prompt for generation: 'sturdy metallic blue pliers with a precision-ground jaw featuring micro-machined edges and a contoured grip for secure control, front view, accurate, complete, white background...'
2025-08-09 05:25:25,908 - INFO -       🎯 Computing scores against original prompt: 'sturdy metallic blue pliers...'
2025-08-09 05:26:22,736 - INFO -       📊 Validation score: 0.8391
2025-08-09 05:26:22,736 - INFO -       🔍 Explore performing better - stricter convergence threshold: 0.005
2025-08-09 05:26:22,736 - INFO -       📉 Score declined: Consider different approach
2025-08-09 05:26:22,736 - INFO - 
   🔄 RL Round 15/18
2025-08-09 05:26:22,737 - INFO -       🎯 Strategy: minimalist_refinement (explore)
2025-08-09 05:26:26,613 - INFO - [TRELLIS] GPU cache cleared: {'status': 'cache_cleared', 'available_memory_gb': 20.292042752}
2025-08-09 05:26:26,614 - INFO -       🔍 Validating...
2025-08-09 05:26:26,614 - INFO -       📝 Using optimized prompt for generation: 'sturdy metallic blue pliers with precision-ground jaws and a contoured grip designed for secure control in various applications, front view, accurate, complete, white background...'
2025-08-09 05:26:26,614 - INFO -       🎯 Computing scores against original prompt: 'sturdy metallic blue pliers...'
2025-08-09 05:27:24,016 - INFO -       📊 Validation score: 0.9353
2025-08-09 05:27:24,017 - INFO -       🔍 Explore performing better - stricter convergence threshold: 0.005
2025-08-09 05:27:24,017 - INFO -       📈 Improvement detected: minimalist_refinement working better
2025-08-09 05:27:24,017 - INFO - 
   🔄 RL Round 16/18
2025-08-09 05:27:24,017 - INFO -       🎯 Strategy: hybrid_approach (explore)
2025-08-09 05:27:27,863 - INFO - [TRELLIS] GPU cache cleared: {'status': 'cache_cleared', 'available_memory_gb': 20.292042752}
2025-08-09 05:27:27,863 - INFO -       🔍 Validating...
2025-08-09 05:27:27,863 - INFO -       📝 Using optimized prompt for generation: 'sturdy metallic blue pliers with precision-ground jaws featuring micro-machined edges, textured grip for secure control, and heat-resistant coatings, front view, accurate, complete, white background...'
2025-08-09 05:27:27,864 - INFO -       🎯 Computing scores against original prompt: 'sturdy metallic blue pliers...'
2025-08-09 05:28:23,743 - INFO -       📊 Validation score: 0.7865
2025-08-09 05:28:23,744 - INFO -       🔍 Explore performing better - stricter convergence threshold: 0.005
2025-08-09 05:28:23,744 - INFO -       📉 Score declined: Consider different approach
2025-08-09 05:28:23,744 - INFO - 
   🔄 RL Round 17/18
2025-08-09 05:28:23,744 - INFO -       🎯 Strategy: hybrid_approach (explore)
2025-08-09 05:28:27,281 - INFO - [TRELLIS] GPU cache cleared: {'status': 'cache_cleared', 'available_memory_gb': 20.292042752}
2025-08-09 05:28:27,281 - INFO -       🔍 Validating...
2025-08-09 05:28:27,281 - INFO -       📝 Using optimized prompt for generation: 'sturdy metallic blue pliers with precision-ground jaws featuring micro-machined edges and a contoured grip for secure control, showcasing a subtle blend of industrial elegance and ergonomic design....'
2025-08-09 05:28:27,282 - INFO -       🎯 Computing scores against original prompt: 'sturdy metallic blue pliers...'
2025-08-09 05:29:24,138 - INFO -       📊 Validation score: 0.7998
2025-08-09 05:29:24,138 - INFO -       🔍 Explore performing better - stricter convergence threshold: 0.005
2025-08-09 05:29:24,138 - INFO -       📈 Improvement detected: hybrid_approach working better
2025-08-09 05:29:24,139 - INFO - 
   🔄 RL Round 18/18
2025-08-09 05:29:24,139 - INFO -       🎯 Strategy: material_focus (exploit)
2025-08-09 05:29:27,914 - INFO - [TRELLIS] GPU cache cleared: {'status': 'cache_cleared', 'available_memory_gb': 20.292042752}
2025-08-09 05:29:27,915 - INFO -       🔍 Validating...
2025-08-09 05:29:27,915 - INFO -       📝 Using optimized prompt for generation: 'sturdy metallic blue pliers with precision-ground jaws featuring micro-machined edges and a contoured grip designed for secure control...'
2025-08-09 05:29:27,915 - INFO -       🎯 Computing scores against original prompt: 'sturdy metallic blue pliers...'
2025-08-09 05:30:25,380 - INFO -       📊 Validation score: 0.8664
2025-08-09 05:30:25,389 - INFO - 
🎯 RL LOOP COMPLETE:
2025-08-09 05:30:25,389 - INFO -    Best prompt: sturdy metallic blue pliers with precision-ground jaws and an ergonomic grip for secure control, front view, accurate, complete, white background
2025-08-09 05:30:25,389 - INFO -    Best score: 0.9377
2025-08-09 05:30:25,389 - INFO -    Rounds: 18
2025-08-09 05:30:25,390 - INFO -    Convergence: False
2025-08-09 05:30:25,390 - INFO -    Convergence reason: Not converged
2025-08-09 05:30:25,390 - INFO -    Exploration ratio: 66.7%
2025-08-09 05:30:25,390 - INFO -    Insights learned: 3
2025-08-09 05:30:25,390 - INFO -    Total time: 1111.92s
2025-08-09 05:30:25,390 - INFO - Prompt optimized in 18 rounds: 0.856 → 0.938 (+0.081)
2025-08-09 05:30:25,390 - INFO - ⏰ Max rounds reached
2025-08-09 05:30:25,390 - INFO - 
--- Episode 1, Prompt 11 (Total: 63) ---
2025-08-09 05:30:25,390 - INFO - Optimizing: 'orange glass filled with orange juice above'
2025-08-09 05:30:25,390 - INFO - 🔍 Checking server availability before optimization...
2025-08-09 05:30:25,399 - INFO - ✅ Server is available (status: completed)
2025-08-09 05:30:25,399 - INFO - 📝 Marked server as used at 1754717425.3993285
2025-08-09 05:30:25,399 - INFO - ✅ Server is available and marked as used
2025-08-09 05:30:25,399 - INFO - 🔄 Reproducibility optimization returned no result
2025-08-09 05:30:25,399 - INFO -       🔧 Overriding endpoint: generate/baolei/
2025-08-09 05:30:25,399 - INFO -       🔧 Using endpoint: generate/baolei/
2025-08-09 05:30:25,402 - INFO - 
🔄 RL LOOP OPTIMIZATION: 'orange glass filled with orange juice above'
2025-08-09 05:30:25,402 - INFO -    Session: rl_session_1754717425_9301
2025-08-09 05:30:25,402 - INFO -    Max rounds: 18
2025-08-09 05:30:25,402 - INFO -    Min rounds before convergence: 5
2025-08-09 05:30:25,402 - INFO -    Target score: 0.99
2025-08-09 05:30:25,402 - INFO - 
   🔄 RL Round 1/18
2025-08-09 05:30:25,402 - INFO -       🎯 Strategy: material_focus (exploit)
2025-08-09 05:30:28,504 - INFO - [TRELLIS] GPU cache cleared: {'status': 'cache_cleared', 'available_memory_gb': 20.292042752}
2025-08-09 05:30:28,504 - INFO -       🔍 Validating...
2025-08-09 05:30:28,504 - INFO -       📝 Using optimized prompt for generation: 'a slender, transparent orange glass filled with a vibrant orange juice and left slightly ajar above, front view, accurate, complete, white background...'
2025-08-09 05:30:28,504 - INFO -       🎯 Computing scores against original prompt: 'orange glass filled with orange juice above...'
2025-08-09 05:31:24,734 - INFO -       📊 Validation score: 0.1318
2025-08-09 05:31:24,735 - INFO -       🎯 New best score: 0.1318
2025-08-09 05:31:24,735 - INFO - 
   🔄 RL Round 2/18
2025-08-09 05:31:24,735 - INFO -       🔍 Explore performing better - increasing epsilon to 0.79
2025-08-09 05:31:24,735 - INFO -       🎯 Strategy: hybrid_approach (explore)
2025-08-09 05:31:27,744 - INFO - [TRELLIS] GPU cache cleared: {'status': 'cache_cleared', 'available_memory_gb': 20.292042752}
2025-08-09 05:31:27,745 - INFO -       🔍 Validating...
2025-08-09 05:31:27,745 - INFO -       📝 Using optimized prompt for generation: 'a slender glass filled with a richly colored orange juice that's slightly cloudy and topped with a thin layer of foam, front view, accurate, complete, white background...'
2025-08-09 05:31:27,745 - INFO -       🎯 Computing scores against original prompt: 'orange glass filled with orange juice above...'
2025-08-09 05:32:24,934 - INFO -       📊 Validation score: 0.6095
2025-08-09 05:32:24,934 - INFO -       🎯 New best score: 0.6095
2025-08-09 05:32:24,935 - INFO -       📈 Improvement detected: hybrid_approach working better
2025-08-09 05:32:24,935 - INFO - 
   🔄 RL Round 3/18
2025-08-09 05:32:24,935 - INFO -       🔍 Explore performing better - increasing epsilon to 0.80
2025-08-09 05:32:24,935 - INFO -       🎯 Strategy: hybrid_approach (explore)
2025-08-09 05:32:28,640 - INFO - [TRELLIS] GPU cache cleared: {'status': 'cache_cleared', 'available_memory_gb': 20.292042752}
2025-08-09 05:32:28,640 - INFO -       🔍 Validating...
2025-08-09 05:32:28,641 - INFO -       📝 Using optimized prompt for generation: 'a slender glass filled with a richly colored orange juice that's slightly cloudy and topped with a thin layer of foam, suspended above a soft, warm light...'
2025-08-09 05:32:28,641 - INFO -       🎯 Computing scores against original prompt: 'orange glass filled with orange juice above...'
2025-08-09 05:33:27,133 - INFO -       📊 Validation score: 0.7975
2025-08-09 05:33:27,133 - INFO -       🎯 New best score: 0.7975
2025-08-09 05:33:27,134 - INFO -       📈 Improvement detected: hybrid_approach working better
2025-08-09 05:33:27,134 - INFO - 
   🔄 RL Round 4/18
2025-08-09 05:33:27,134 - INFO -       🎯 Strategy: hybrid_approach (explore)
2025-08-09 05:33:30,348 - INFO - [TRELLIS] GPU cache cleared: {'status': 'cache_cleared', 'available_memory_gb': 20.292042752}
2025-08-09 05:33:30,348 - INFO -       🔍 Validating...
2025-08-09 05:33:30,348 - INFO -       📝 Using optimized prompt for generation: 'a slender glass filled with a vibrant orange juice that's slightly cloudy and topped with an elegant, translucent ice cube suspended above the edge of a sleek wooden table., front view, accurate, complete, white background...'
2025-08-09 05:33:30,348 - INFO -       🎯 Computing scores against original prompt: 'orange glass filled with orange juice above...'
2025-08-09 05:34:30,357 - INFO -       📊 Validation score: 0.8531
2025-08-09 05:34:30,358 - INFO -       🎯 New best score: 0.8531
2025-08-09 05:34:30,358 - INFO -       📈 Improvement detected: hybrid_approach working better
2025-08-09 05:34:30,358 - INFO - 
   🔄 RL Round 5/18
2025-08-09 05:34:30,358 - INFO -       🎯 Strategy: material_focus (explore)
2025-08-09 05:34:34,047 - INFO - [TRELLIS] GPU cache cleared: {'status': 'cache_cleared', 'available_memory_gb': 20.292042752}
2025-08-09 05:34:34,047 - INFO -       🔍 Validating...
2025-08-09 05:34:34,047 - INFO -       📝 Using optimized prompt for generation: 'a slender, translucent orange glass filled with a vibrant, almost neon-orange juice that's slightly frothy at the surface above, front view, accurate, complete, white background...'
2025-08-09 05:34:34,048 - INFO -       🎯 Computing scores against original prompt: 'orange glass filled with orange juice above...'
2025-08-09 05:35:30,188 - INFO -       📊 Validation score: 0.9092
2025-08-09 05:35:30,188 - INFO -       🎯 New best score: 0.9092
2025-08-09 05:35:30,188 - INFO -       🔍 Explore performing better - stricter convergence threshold: 0.005
2025-08-09 05:35:30,189 - INFO -       📈 Improvement detected: material_focus working better
2025-08-09 05:35:30,189 - INFO - 
   🔄 RL Round 6/18
2025-08-09 05:35:30,189 - INFO -       🔍 Explore performing better - increasing epsilon to 0.80
2025-08-09 05:35:30,189 - INFO -       🎯 Strategy: technical_precision (explore)
2025-08-09 05:35:33,366 - INFO - [TRELLIS] GPU cache cleared: {'status': 'cache_cleared', 'available_memory_gb': 20.292042752}
2025-08-09 05:35:33,366 - INFO -       🔍 Validating...
2025-08-09 05:35:33,367 - INFO -       📝 Using optimized prompt for generation: 'a slender, transparent orange glass filled with a vibrant, almost neon-orange juice that's slightly cloudy and topped with a thin layer of foam, front view, accurate, complete, white background...'
2025-08-09 05:35:33,367 - INFO -       🎯 Computing scores against original prompt: 'orange glass filled with orange juice above...'
2025-08-09 05:36:31,653 - INFO -       📊 Validation score: 0.9074
2025-08-09 05:36:31,654 - INFO -       🔍 Explore performing better - stricter convergence threshold: 0.005
2025-08-09 05:36:31,654 - INFO -       ✅ Convergence achieved: Convergence threshold met (improvement: -0.002)
2025-08-09 05:36:31,662 - INFO - 
🎯 RL LOOP COMPLETE:
2025-08-09 05:36:31,662 - INFO -    Best prompt: a slender, translucent orange glass filled with a vibrant, almost neon-orange juice that's slightly frothy at the surface above, front view, accurate, complete, white background
2025-08-09 05:36:31,662 - INFO -    Best score: 0.9092
2025-08-09 05:36:31,662 - INFO -    Rounds: 6
2025-08-09 05:36:31,663 - INFO -    Convergence: True
2025-08-09 05:36:31,663 - INFO -    Convergence reason: Convergence threshold met (improvement: -0.002)
2025-08-09 05:36:31,663 - INFO -    Exploration ratio: 83.3%
2025-08-09 05:36:31,663 - INFO -    Insights learned: 3
2025-08-09 05:36:31,663 - INFO -    Total time: 366.25s
2025-08-09 05:36:31,663 - INFO - Prompt optimized in 6 rounds: 0.132 → 0.909 (+0.777)
2025-08-09 05:36:31,663 - INFO - ✅ Target score achieved!
2025-08-09 05:36:31,663 - INFO - 
--- Episode 1, Prompt 12 (Total: 63) ---
2025-08-09 05:36:31,663 - INFO - Optimizing: 'burgundy pliers insulated handles'
2025-08-09 05:36:31,663 - INFO - 🔍 Checking server availability before optimization...
2025-08-09 05:36:31,670 - INFO - ✅ Server is available (status: completed)
2025-08-09 05:36:31,670 - INFO - 📝 Marked server as used at 1754717791.6706796
2025-08-09 05:36:31,670 - INFO - ✅ Server is available and marked as used
2025-08-09 05:36:31,670 - INFO - 🔄 Reproducibility optimization returned no result
2025-08-09 05:36:31,670 - INFO -       🔧 Overriding endpoint: generate/baolei/
2025-08-09 05:36:31,671 - INFO -       🔧 Using endpoint: generate/baolei/
2025-08-09 05:36:31,673 - INFO - 
🔄 RL LOOP OPTIMIZATION: 'burgundy pliers insulated handles'
2025-08-09 05:36:31,673 - INFO -    Session: rl_session_1754717791_4460
2025-08-09 05:36:31,673 - INFO -    Max rounds: 18
2025-08-09 05:36:31,673 - INFO -    Min rounds before convergence: 5
2025-08-09 05:36:31,674 - INFO -    Target score: 0.99
2025-08-09 05:36:31,674 - INFO - 
   🔄 RL Round 1/18
2025-08-09 05:36:31,674 - INFO -       🔍 Explore performing better - increasing epsilon to 0.80
2025-08-09 05:36:31,674 - INFO -       🎯 Strategy: technical_precision (explore)
2025-08-09 05:36:35,025 - INFO - [TRELLIS] GPU cache cleared: {'status': 'cache_cleared', 'available_memory_gb': 20.292042752}
2025-08-09 05:36:35,026 - INFO -       🔍 Validating...
2025-08-09 05:36:35,026 - INFO -       📝 Using optimized prompt for generation: 'high-carbon steel burgundy pliers with ergonomic insulated handles and a durable coating for corrosion resistance, front view, accurate, complete, white background...'
2025-08-09 05:36:35,026 - INFO -       🎯 Computing scores against original prompt: 'burgundy pliers insulated handles...'
2025-08-09 05:37:31,065 - INFO -       📊 Validation score: 0.9225
2025-08-09 05:37:31,065 - INFO -       🎯 New best score: 0.9225
2025-08-09 05:37:31,066 - INFO - 
   🔄 RL Round 2/18
2025-08-09 05:37:31,066 - INFO -       🔍 Explore performing better - increasing epsilon to 0.80
2025-08-09 05:37:31,066 - INFO -       🎯 Strategy: minimalist_refinement (explore)
2025-08-09 05:37:35,095 - INFO - [TRELLIS] GPU cache cleared: {'status': 'cache_cleared', 'available_memory_gb': 20.292042752}
2025-08-09 05:37:35,095 - INFO -       🔍 Validating...
2025-08-09 05:37:35,095 - INFO -       📝 Using optimized prompt for generation: 'burgundy pliers with ergonomic insulated handles and a durable coating for corrosion resistance, front view, accurate, complete, white background...'
2025-08-09 05:37:35,095 - INFO -       🎯 Computing scores against original prompt: 'burgundy pliers insulated handles...'
2025-08-09 05:38:31,523 - INFO -       📊 Validation score: 0.6725
2025-08-09 05:38:31,523 - INFO -       📉 Score declined: Consider different approach
2025-08-09 05:38:31,523 - INFO - 
   🔄 RL Round 3/18
2025-08-09 05:38:31,523 - INFO -       🔍 Explore performing better - increasing epsilon to 0.80
2025-08-09 05:38:31,523 - INFO -       🎯 Strategy: minimalist_refinement (explore)
2025-08-09 05:38:34,343 - INFO - [TRELLIS] GPU cache cleared: {'status': 'cache_cleared', 'available_memory_gb': 20.292042752}
2025-08-09 05:38:34,343 - INFO -       🔍 Validating...
2025-08-09 05:38:34,343 - INFO -       📝 Using optimized prompt for generation: 'burgundy pliers with ergonomic insulated handles made from high-carbon steel and featuring a durable coating for corrosion resistance, front view, accurate, complete, white background...'
2025-08-09 05:38:34,343 - INFO -       🎯 Computing scores against original prompt: 'burgundy pliers insulated handles...'
2025-08-09 05:39:31,923 - INFO -       📊 Validation score: 0.8913
2025-08-09 05:39:31,923 - INFO -       📈 Improvement detected: minimalist_refinement working better
2025-08-09 05:39:31,923 - INFO - 
   🔄 RL Round 4/18
2025-08-09 05:39:31,923 - INFO -       🔍 Explore performing better - increasing epsilon to 0.80
2025-08-09 05:39:31,923 - INFO -       🎯 Strategy: hybrid_approach (exploit)
2025-08-09 05:39:34,765 - INFO - [TRELLIS] GPU cache cleared: {'status': 'cache_cleared', 'available_memory_gb': 20.292042752}
2025-08-09 05:39:34,766 - INFO -       🔍 Validating...
2025-08-09 05:39:34,766 - INFO -       📝 Using optimized prompt for generation: 'burgundy pliers with ergonomic insulated handles made from high-carbon steel and featuring a durable, rust-resistant coating...'
2025-08-09 05:39:34,766 - INFO -       🎯 Computing scores against original prompt: 'burgundy pliers insulated handles...'
2025-08-09 05:40:33,094 - INFO -       📊 Validation score: 0.7824
2025-08-09 05:40:33,095 - INFO -       📉 Score declined: Consider different approach
2025-08-09 05:40:33,095 - INFO - 
   🔄 RL Round 5/18
2025-08-09 05:40:33,095 - INFO -       🔍 Explore performing better - increasing epsilon to 0.80
2025-08-09 05:40:33,095 - INFO -       🎯 Strategy: minimalist_refinement (explore)
2025-08-09 05:40:36,474 - INFO - [TRELLIS] GPU cache cleared: {'status': 'cache_cleared', 'available_memory_gb': 20.292042752}
2025-08-09 05:40:36,475 - INFO -       🔍 Validating...
2025-08-09 05:40:36,475 - INFO -       📝 Using optimized prompt for generation: 'high-carbon steel burgundy pliers with a durable, non-slip coating on the ergonomic insulated handles, front view, accurate, complete, white background...'
2025-08-09 05:40:36,475 - INFO -       🎯 Computing scores against original prompt: 'burgundy pliers insulated handles...'
2025-08-09 05:41:32,346 - INFO -       📊 Validation score: 0.9052
2025-08-09 05:41:32,347 - INFO -       📈 Improvement detected: minimalist_refinement working better
2025-08-09 05:41:32,347 - INFO - 
   🔄 RL Round 6/18
2025-08-09 05:41:32,347 - INFO -       🔍 Explore performing better - increasing epsilon to 0.80
2025-08-09 05:41:32,347 - INFO -       🎯 Strategy: hybrid_approach (explore)
2025-08-09 05:41:36,090 - INFO - [TRELLIS] GPU cache cleared: {'status': 'cache_cleared', 'available_memory_gb': 20.292042752}
2025-08-09 05:41:36,090 - INFO -       🔍 Validating...
2025-08-09 05:41:36,090 - INFO -       📝 Using optimized prompt for generation: 'high-carbon steel burgundy pliers with ergonomic insulated handles featuring a durable, non-slip coating for enhanced grip and comfort...'
2025-08-09 05:41:36,090 - INFO -       🎯 Computing scores against original prompt: 'burgundy pliers insulated handles...'
2025-08-09 05:42:34,297 - INFO -       📊 Validation score: 0.8692
2025-08-09 05:42:34,297 - INFO -       📉 Score declined: Consider different approach
2025-08-09 05:42:34,298 - INFO - 
   🔄 RL Round 7/18
2025-08-09 05:42:34,298 - INFO -       🔍 Explore performing better - increasing epsilon to 0.80
2025-08-09 05:42:34,298 - INFO -       🎯 Strategy: aggressive_transformation (explore)
2025-08-09 05:42:37,532 - INFO - [TRELLIS] GPU cache cleared: {'status': 'cache_cleared', 'available_memory_gb': 20.292042752}
2025-08-09 05:42:37,532 - INFO -       🔍 Validating...
2025-08-09 05:42:37,532 - INFO -       📝 Using optimized prompt for generation: 'high-carbon steel burgundy pliers with ergonomic insulated handles featuring micro-grooves for improved grip and a scratch-resistant coating for durability, front view, accurate, complete, white background...'
2025-08-09 05:42:37,532 - INFO -       🎯 Computing scores against original prompt: 'burgundy pliers insulated handles...'
2025-08-09 05:43:34,932 - INFO -       📊 Validation score: 0.9103
2025-08-09 05:43:34,933 - INFO -       🔍 Explore performing better - stricter convergence threshold: 0.005
2025-08-09 05:43:34,933 - INFO -       📈 Improvement detected: aggressive_transformation working better
2025-08-09 05:43:34,933 - INFO - 
   🔄 RL Round 8/18
2025-08-09 05:43:34,933 - INFO -       🔍 Explore performing better - increasing epsilon to 0.80
2025-08-09 05:43:34,933 - INFO -       🎯 Strategy: artistic_elaboration (explore)
2025-08-09 05:43:38,946 - INFO - [TRELLIS] GPU cache cleared: {'status': 'cache_cleared', 'available_memory_gb': 20.292042752}
2025-08-09 05:43:38,946 - INFO -       🔍 Validating...
2025-08-09 05:43:38,946 - INFO -       📝 Using optimized prompt for generation: 'high-carbon steel burgundy pliers with ergonomic insulated handles featuring a durable, non-slip coating and subtle finger grips for improved grip and control, front view, accurate, complete, white background...'
2025-08-09 05:43:38,946 - INFO -       🎯 Computing scores against original prompt: 'burgundy pliers insulated handles...'
2025-08-09 05:44:37,598 - INFO -       📊 Validation score: 0.8798
2025-08-09 05:44:37,599 - INFO -       🔍 Explore performing better - stricter convergence threshold: 0.005
2025-08-09 05:44:37,599 - INFO -       📉 Score declined: Consider different approach
2025-08-09 05:44:37,599 - INFO - 
   🔄 RL Round 9/18
2025-08-09 05:44:37,599 - INFO -       🔍 Explore performing better - increasing epsilon to 0.80
2025-08-09 05:44:37,600 - INFO -       🎯 Strategy: minimalist_refinement (exploit)
2025-08-09 05:44:40,937 - INFO - [TRELLIS] GPU cache cleared: {'status': 'cache_cleared', 'available_memory_gb': 20.292042752}
2025-08-09 05:44:40,937 - INFO -       🔍 Validating...
2025-08-09 05:44:40,937 - INFO -       📝 Using optimized prompt for generation: 'high-carbon steel burgundy pliers with ergonomic insulated handles featuring micro-grooves for improved grip and a durable non-slip coating, front view, accurate, complete, white background...'
2025-08-09 05:44:40,937 - INFO -       🎯 Computing scores against original prompt: 'burgundy pliers insulated handles...'
2025-08-09 05:45:38,304 - INFO -       📊 Validation score: 0.8501
2025-08-09 05:45:38,305 - INFO -       🔍 Explore performing better - stricter convergence threshold: 0.005
2025-08-09 05:45:38,305 - INFO -       📉 Score declined: Consider different approach
2025-08-09 05:45:38,305 - INFO - 
   🔄 RL Round 10/18
2025-08-09 05:45:38,306 - INFO -       🔍 Explore performing better - increasing epsilon to 0.80
2025-08-09 05:45:38,306 - INFO -       🎯 Strategy: minimalist_refinement (explore)
2025-08-09 05:45:41,927 - INFO - [TRELLIS] GPU cache cleared: {'status': 'cache_cleared', 'available_memory_gb': 20.292042752}
2025-08-09 05:45:41,927 - INFO -       🔍 Validating...
2025-08-09 05:45:41,927 - INFO -       📝 Using optimized prompt for generation: 'burgundy pliers with ergonomic insulated handles made from high-carbon steel and featuring a durable, non-slip coating on the handle's surface, front view, accurate, complete, white background...'
2025-08-09 05:45:41,927 - INFO -       🎯 Computing scores against original prompt: 'burgundy pliers insulated handles...'
2025-08-09 05:46:38,228 - INFO -       📊 Validation score: 0.5429
2025-08-09 05:46:38,229 - INFO -       🔍 Explore performing better - stricter convergence threshold: 0.005
2025-08-09 05:46:38,229 - INFO -       📉 Score declined: Consider different approach
2025-08-09 05:46:38,230 - INFO - 
   🔄 RL Round 11/18
2025-08-09 05:46:38,230 - INFO -       🔍 Explore performing better - increasing epsilon to 0.80
2025-08-09 05:46:38,230 - INFO -       🎯 Strategy: minimalist_refinement (explore)
2025-08-09 05:46:42,386 - INFO - [TRELLIS] GPU cache cleared: {'status': 'cache_cleared', 'available_memory_gb': 20.292042752}
2025-08-09 05:46:42,386 - INFO -       🔍 Validating...
2025-08-09 05:46:42,387 - INFO -       📝 Using optimized prompt for generation: 'high-carbon steel burgundy pliers featuring a durable, non-slip coating on the ergonomic insulated handle with precision-crafted serrations for secure grip, front view, accurate, complete, white background...'
2025-08-09 05:46:42,387 - INFO -       🎯 Computing scores against original prompt: 'burgundy pliers insulated handles...'
2025-08-09 05:47:38,476 - INFO -       📊 Validation score: 0.9291
2025-08-09 05:47:38,476 - INFO -       🎯 New best score: 0.9291
2025-08-09 05:47:38,476 - INFO -       🔍 Explore performing better - stricter convergence threshold: 0.005
2025-08-09 05:47:38,476 - INFO -       📈 Improvement detected: minimalist_refinement working better
2025-08-09 05:47:38,476 - INFO - 
   🔄 RL Round 12/18
2025-08-09 05:47:38,477 - INFO -       🔍 Explore performing better - increasing epsilon to 0.80
2025-08-09 05:47:38,477 - INFO -       🎯 Strategy: aggressive_transformation (explore)
2025-08-09 05:47:41,173 - INFO - [TRELLIS] GPU cache cleared: {'status': 'cache_cleared', 'available_memory_gb': 20.292042752}
2025-08-09 05:47:41,174 - INFO -       🔍 Validating...
2025-08-09 05:47:41,174 - INFO -       📝 Using optimized prompt for generation: 'high-carbon steel burgundy pliers with ergonomic insulation, precision-ground for optimal grip and comfort, front view, accurate, complete, white background...'
2025-08-09 05:47:41,174 - INFO -       🎯 Computing scores against original prompt: 'burgundy pliers insulated handles...'
2025-08-09 05:48:37,218 - INFO -       📊 Validation score: 0.8555
2025-08-09 05:48:37,219 - INFO -       📉 Score declined: Consider different approach
2025-08-09 05:48:37,219 - INFO - 
   🔄 RL Round 13/18
2025-08-09 05:48:37,219 - INFO -       🔍 Explore performing better - increasing epsilon to 0.80
2025-08-09 05:48:37,220 - INFO -       🎯 Strategy: artistic_elaboration (explore)
2025-08-09 05:48:41,450 - INFO - [TRELLIS] GPU cache cleared: {'status': 'cache_cleared', 'available_memory_gb': 20.292042752}
2025-08-09 05:48:41,451 - INFO -       🔍 Validating...
2025-08-09 05:48:41,451 - INFO -       📝 Using optimized prompt for generation: 'high-carbon steel burgundy pliers with ergonomic insulated handles featuring textured grip patterns for secure grasp and a durable coating for corrosion resistance, front view, accurate, complete, white background...'
2025-08-09 05:48:41,451 - INFO -       🎯 Computing scores against original prompt: 'burgundy pliers insulated handles...'
2025-08-09 05:49:37,790 - WARNING -    🔧 Score 0.0 - clearing CUDA cache
2025-08-09 05:49:37,790 - INFO -       📊 Validation score: 0.0000
2025-08-09 05:49:37,791 - INFO - 
   🔄 RL Round 14/18
2025-08-09 05:49:37,791 - INFO -       🔍 Explore performing better - increasing epsilon to 0.80
2025-08-09 05:49:37,791 - INFO -       🎯 Strategy: artistic_elaboration (explore)
2025-08-09 05:49:41,062 - INFO - [TRELLIS] GPU cache cleared: {'status': 'cache_cleared', 'available_memory_gb': 20.292042752}
2025-08-09 05:49:41,062 - INFO -       🔍 Validating...
2025-08-09 05:49:41,062 - INFO -       📝 Using optimized prompt for generation: 'high-carbon steel burgundy pliers featuring textured grip patterns on ergonomic insulated handles...'
2025-08-09 05:49:41,063 - INFO -       🎯 Computing scores against original prompt: 'burgundy pliers insulated handles...'
2025-08-09 05:50:38,119 - INFO -       📊 Validation score: 0.8823
2025-08-09 05:50:38,120 - INFO - 
   🔄 RL Round 15/18
2025-08-09 05:50:38,120 - INFO -       🔍 Explore performing better - increasing epsilon to 0.80
2025-08-09 05:50:38,120 - INFO -       🎯 Strategy: technical_precision (explore)
2025-08-09 05:50:41,300 - INFO - [TRELLIS] GPU cache cleared: {'status': 'cache_cleared', 'available_memory_gb': 20.292042752}
2025-08-09 05:50:41,301 - INFO -       🔍 Validating...
2025-08-09 05:50:41,301 - INFO -       📝 Using optimized prompt for generation: 'high-carbon steel burgundy pliers with ergonomic insulated handles featuring precision-ground edges for optimal grip, front view, accurate, complete, white background...'
2025-08-09 05:50:41,301 - INFO -       🎯 Computing scores against original prompt: 'burgundy pliers insulated handles...'
2025-08-09 05:51:36,557 - INFO -       📊 Validation score: 0.9053
2025-08-09 05:51:36,557 - INFO -       🔍 Explore performing better - stricter convergence threshold: 0.005
2025-08-09 05:51:36,557 - INFO -       📈 Improvement detected: technical_precision working better
2025-08-09 05:51:36,558 - INFO - 
   🔄 RL Round 16/18
2025-08-09 05:51:36,558 - INFO -       🔍 Explore performing better - increasing epsilon to 0.80
2025-08-09 05:51:36,558 - INFO -       🎯 Strategy: technical_precision (explore)
2025-08-09 05:51:41,208 - INFO - [TRELLIS] GPU cache cleared: {'status': 'cache_cleared', 'available_memory_gb': 20.292042752}
2025-08-09 05:51:41,208 - INFO -       🔍 Validating...
2025-08-09 05:51:41,209 - INFO -       📝 Using optimized prompt for generation: 'high-carbon steel burgundy pliers with ergonomic insulated handles featuring precision-ground edges and a textured grip pattern for improved control and comfort, front view, accurate, complete, white background...'
2025-08-09 05:51:41,209 - INFO -       🎯 Computing scores against original prompt: 'burgundy pliers insulated handles...'
2025-08-09 05:52:36,788 - INFO -       📊 Validation score: 0.8645
2025-08-09 05:52:36,789 - INFO -       🔍 Explore performing better - stricter convergence threshold: 0.005
2025-08-09 05:52:36,789 - INFO -       📉 Score declined: Consider different approach
2025-08-09 05:52:36,789 - INFO - 
   🔄 RL Round 17/18
2025-08-09 05:52:36,789 - INFO -       🔍 Explore performing better - increasing epsilon to 0.80
2025-08-09 05:52:36,789 - INFO -       🎯 Strategy: technical_precision (explore)
2025-08-09 05:52:40,816 - INFO - [TRELLIS] GPU cache cleared: {'status': 'cache_cleared', 'available_memory_gb': 20.292042752}
2025-08-09 05:52:40,817 - INFO -       🔍 Validating...
2025-08-09 05:52:40,817 - INFO -       📝 Using optimized prompt for generation: 'high-carbon steel burgundy pliers featuring precision-ground edges, ergonomic insulated handles with textured grip patterns, and a durable coating for corrosion resistance, front view, accurate, complete, white background...'
2025-08-09 05:52:40,817 - INFO -       🎯 Computing scores against original prompt: 'burgundy pliers insulated handles...'
2025-08-09 05:53:38,828 - INFO -       📊 Validation score: 0.6815
2025-08-09 05:53:38,829 - INFO -       📉 Score declined: Consider different approach
2025-08-09 05:53:38,829 - INFO - 
   🔄 RL Round 18/18
2025-08-09 05:53:38,829 - INFO -       🔍 Explore performing better - increasing epsilon to 0.80
2025-08-09 05:53:38,829 - INFO -       🎯 Strategy: technical_precision (explore)
2025-08-09 05:53:42,498 - INFO - [TRELLIS] GPU cache cleared: {'status': 'cache_cleared', 'available_memory_gb': 20.292042752}
2025-08-09 05:53:42,499 - INFO -       🔍 Validating...
2025-08-09 05:53:42,499 - INFO -       📝 Using optimized prompt for generation: 'high-carbon steel burgundy pliers with ergonomic insulated handles made from a unique blend of stainless steel and titanium alloys for enhanced corrosion resistance and durability, front view, accurate, complete, white background...'
2025-08-09 05:53:42,499 - INFO -       🎯 Computing scores against original prompt: 'burgundy pliers insulated handles...'
2025-08-09 05:54:40,559 - INFO -       📊 Validation score: 0.9079
2025-08-09 05:54:40,570 - INFO - 
🎯 RL LOOP COMPLETE:
2025-08-09 05:54:40,570 - INFO -    Best prompt: high-carbon steel burgundy pliers featuring a durable, non-slip coating on the ergonomic insulated handle with precision-crafted serrations for secure grip, front view, accurate, complete, white background
2025-08-09 05:54:40,570 - INFO -    Best score: 0.9291
2025-08-09 05:54:40,570 - INFO -    Rounds: 18
2025-08-09 05:54:40,570 - INFO -    Convergence: False
2025-08-09 05:54:40,570 - INFO -    Convergence reason: Not converged
2025-08-09 05:54:40,570 - INFO -    Exploration ratio: 88.9%
2025-08-09 05:54:40,570 - INFO -    Insights learned: 2
2025-08-09 05:54:40,570 - INFO -    Total time: 1088.89s
2025-08-09 05:54:40,571 - INFO - Prompt optimized in 18 rounds: 0.923 → 0.929 (+0.007)
2025-08-09 05:54:40,571 - INFO - ⏰ Max rounds reached
2025-08-09 05:54:40,571 - INFO - 
--- Episode 1, Prompt 13 (Total: 63) ---
2025-08-09 05:54:40,571 - INFO - Optimizing: 'dark gray cylindrical body'
2025-08-09 05:54:40,571 - INFO - 🔍 Checking server availability before optimization...
2025-08-09 05:54:40,579 - INFO - ✅ Server is available (status: completed)
2025-08-09 05:54:40,579 - INFO - 📝 Marked server as used at 1754718880.579493
2025-08-09 05:54:40,579 - INFO - ✅ Server is available and marked as used
2025-08-09 05:54:40,579 - INFO - 🔄 Reproducibility optimization returned no result
2025-08-09 05:54:40,579 - INFO -       🔧 Overriding endpoint: generate/baolei/
2025-08-09 05:54:40,579 - INFO -       🔧 Using endpoint: generate/baolei/
2025-08-09 05:54:40,582 - INFO - 
🔄 RL LOOP OPTIMIZATION: 'dark gray cylindrical body'
2025-08-09 05:54:40,582 - INFO -    Session: rl_session_1754718880_1646
2025-08-09 05:54:40,582 - INFO -    Max rounds: 18
2025-08-09 05:54:40,582 - INFO -    Min rounds before convergence: 5
2025-08-09 05:54:40,582 - INFO -    Target score: 0.99
2025-08-09 05:54:40,582 - INFO - 
   🔄 RL Round 1/18
2025-08-09 05:54:40,583 - INFO -       🔍 Explore performing better - increasing epsilon to 0.80
2025-08-09 05:54:40,583 - INFO -       🎯 Strategy: aggressive_transformation (explore)
2025-08-09 05:54:44,111 - INFO - [TRELLIS] GPU cache cleared: {'status': 'cache_cleared', 'available_memory_gb': 20.292042752}
2025-08-09 05:54:44,112 - INFO -       🔍 Validating...
2025-08-09 05:54:44,112 - INFO -       📝 Using optimized prompt for generation: 'a dark gray cylindrical body with a metallic sheen and intricate engravings on its surface, front view, accurate, complete, white background...'
2025-08-09 05:54:44,112 - INFO -       🎯 Computing scores against original prompt: 'dark gray cylindrical body...'
2025-08-09 05:55:42,923 - INFO -       📊 Validation score: 0.3925
2025-08-09 05:55:42,923 - INFO -       🎯 New best score: 0.3925
2025-08-09 05:55:42,923 - INFO - 
   🔄 RL Round 2/18
2025-08-09 05:55:42,924 - INFO -       🎯 Strategy: aggressive_transformation (explore)
2025-08-09 05:55:46,479 - INFO - [TRELLIS] GPU cache cleared: {'status': 'cache_cleared', 'available_memory_gb': 20.292042752}
2025-08-09 05:55:46,479 - INFO -       🔍 Validating...
2025-08-09 05:55:46,480 - INFO -       📝 Using optimized prompt for generation: 'a dark gray cylindrical body with a metallic sheen, subtle engravings of interlocking gears, and a slight curvature near its midpoint, front view, accurate, complete, white background...'
2025-08-09 05:55:46,480 - INFO -       🎯 Computing scores against original prompt: 'dark gray cylindrical body...'
2025-08-09 05:56:46,381 - INFO -       📊 Validation score: 0.4348
2025-08-09 05:56:46,381 - INFO -       🎯 New best score: 0.4348
2025-08-09 05:56:46,381 - INFO -       📈 Improvement detected: aggressive_transformation working better
2025-08-09 05:56:46,381 - INFO -       🔍 Increasing exploration to 0.80
2025-08-09 05:56:46,381 - INFO - 
   🔄 RL Round 3/18
2025-08-09 05:56:46,382 - INFO -       🎯 Strategy: technical_precision (exploit)
2025-08-09 05:56:50,713 - INFO - [TRELLIS] GPU cache cleared: {'status': 'cache_cleared', 'available_memory_gb': 20.292042752}
2025-08-09 05:56:50,713 - INFO -       🔍 Validating...
2025-08-09 05:56:50,713 - INFO -       📝 Using optimized prompt for generation: 'a dark gray cylindrical body with a smooth, metallic finish and subtle engravings of interconnected gears, front view, accurate, complete, white background...'
2025-08-09 05:56:50,713 - INFO -       🎯 Computing scores against original prompt: 'dark gray cylindrical body...'
2025-08-09 05:57:51,061 - INFO -       📊 Validation score: 0.4279
2025-08-09 05:57:51,062 - INFO -       📉 Score declined: Consider different approach
2025-08-09 05:57:51,062 - INFO -       🔍 Increasing exploration to 0.80
2025-08-09 05:57:51,062 - INFO - 
   🔄 RL Round 4/18
2025-08-09 05:57:51,062 - INFO -       🎯 Strategy: aggressive_transformation (explore)
2025-08-09 05:57:55,426 - INFO - [TRELLIS] GPU cache cleared: {'status': 'cache_cleared', 'available_memory_gb': 20.292042752}
2025-08-09 05:57:55,426 - INFO -       🔍 Validating...
2025-08-09 05:57:55,426 - INFO -       📝 Using optimized prompt for generation: 'a dark gray cylindrical body with a matte metallic finish, subtle ridges along its length, and a slight curvature to its surface...'
2025-08-09 05:57:55,427 - INFO -       🎯 Computing scores against original prompt: 'dark gray cylindrical body...'
2025-08-09 05:58:55,910 - INFO -       📊 Validation score: 0.8594
2025-08-09 05:58:55,910 - INFO -       🎯 New best score: 0.8594
2025-08-09 05:58:55,911 - INFO -       📈 Improvement detected: aggressive_transformation working better
2025-08-09 05:58:55,911 - INFO - 
   🔄 RL Round 5/18
2025-08-09 05:58:55,911 - INFO -       🎯 Strategy: technical_precision (explore)
2025-08-09 05:58:59,454 - INFO - [TRELLIS] GPU cache cleared: {'status': 'cache_cleared', 'available_memory_gb': 20.292042752}
2025-08-09 05:58:59,454 - INFO -       🔍 Validating...
2025-08-09 05:58:59,455 - INFO -       📝 Using optimized prompt for generation: 'a dark gray cylindrical body with a matte finish and microscopic cracks on its surface, subtly etched with a repeating pattern of interlocking gears...'
2025-08-09 05:58:59,455 - INFO -       🎯 Computing scores against original prompt: 'dark gray cylindrical body...'
2025-08-09 06:00:03,658 - INFO -       📊 Validation score: 0.5875
2025-08-09 06:00:03,659 - INFO -       📉 Score declined: Consider different approach
2025-08-09 06:00:03,659 - INFO - 
   🔄 RL Round 6/18
2025-08-09 06:00:03,659 - INFO -       🎯 Strategy: technical_precision (explore)
2025-08-09 06:00:07,556 - INFO - [TRELLIS] GPU cache cleared: {'status': 'cache_cleared', 'available_memory_gb': 20.292042752}
2025-08-09 06:00:07,556 - INFO -       🔍 Validating...
2025-08-09 06:00:07,556 - INFO -       📝 Using optimized prompt for generation: 'a dark gray cylindrical body with a matte finish, featuring subtle ridges and microscopic imperfections on its surface...'
2025-08-09 06:00:07,556 - INFO -       🎯 Computing scores against original prompt: 'dark gray cylindrical body...'
2025-08-09 06:01:11,546 - INFO -       📊 Validation score: 0.4187
2025-08-09 06:01:11,546 - INFO -       📉 Score declined: Consider different approach
2025-08-09 06:01:11,547 - INFO -       🔍 Increasing exploration to 0.80
2025-08-09 06:01:11,547 - INFO - 
   🔄 RL Round 7/18
2025-08-09 06:01:11,547 - INFO -       🎯 Strategy: contextual_scene_building (exploit)
2025-08-09 06:01:15,591 - INFO - [TRELLIS] GPU cache cleared: {'status': 'cache_cleared', 'available_memory_gb': 20.292042752}
2025-08-09 06:01:15,592 - INFO -       🔍 Validating...
2025-08-09 06:01:15,592 - INFO -       📝 Using optimized prompt for generation: 'a dark gray cylindrical body with a subtle matte finish and intricate engravings on its surface, featuring a series of interconnected gears...'
2025-08-09 06:01:15,592 - INFO -       🎯 Computing scores against original prompt: 'dark gray cylindrical body...'
2025-08-09 06:02:18,287 - INFO -       📊 Validation score: 0.8277
2025-08-09 06:02:18,288 - INFO -       📈 Improvement detected: contextual_scene_building working better
2025-08-09 06:02:18,288 - INFO - 
   🔄 RL Round 8/18
2025-08-09 06:02:18,288 - INFO -       🎯 Strategy: technical_precision (explore)
2025-08-09 06:02:22,150 - INFO - [TRELLIS] GPU cache cleared: {'status': 'cache_cleared', 'available_memory_gb': 20.292042752}
2025-08-09 06:02:22,151 - INFO -       🔍 Validating...
2025-08-09 06:02:22,151 - INFO -       📝 Using optimized prompt for generation: 'a dark gray cylindrical body with a matte finish featuring a series of fine, machined grooves along its length, subtle imperfections in the surface material, and a slight curvature towards one end, front view, accurate, complete, white background...'
2025-08-09 06:02:22,151 - INFO -       🎯 Computing scores against original prompt: 'dark gray cylindrical body...'
2025-08-09 06:03:21,664 - INFO -       📊 Validation score: 0.8779
2025-08-09 06:03:21,664 - INFO -       🎯 New best score: 0.8779
2025-08-09 06:03:21,664 - INFO -       📈 Improvement detected: technical_precision working better
2025-08-09 06:03:21,664 - INFO - 
   🔄 RL Round 9/18
2025-08-09 06:03:21,664 - INFO -       🎯 Strategy: artistic_elaboration (explore)
2025-08-09 06:03:24,781 - INFO - [TRELLIS] GPU cache cleared: {'status': 'cache_cleared', 'available_memory_gb': 20.292042752}
2025-08-09 06:03:24,782 - INFO -       🔍 Validating...
2025-08-09 06:03:24,782 - INFO -       📝 Using optimized prompt for generation: 'a dark gray cylindrical body with a high-gloss metallic finish, etched patterns of interconnected gears on its surface, and subtle ridges along its length...'
2025-08-09 06:03:24,782 - INFO -       🎯 Computing scores against original prompt: 'dark gray cylindrical body...'
2025-08-09 06:04:26,937 - INFO -       📊 Validation score: 0.8676
2025-08-09 06:04:26,938 - INFO -       📉 Score declined: Consider different approach
2025-08-09 06:04:26,938 - INFO - 
   🔄 RL Round 10/18
2025-08-09 06:04:26,938 - INFO -       🔍 Explore performing better - increasing epsilon to 0.80
2025-08-09 06:04:26,938 - INFO -       🎯 Strategy: artistic_elaboration (explore)
2025-08-09 06:04:30,235 - INFO - [TRELLIS] GPU cache cleared: {'status': 'cache_cleared', 'available_memory_gb': 20.292042752}
2025-08-09 06:04:30,235 - INFO -       🔍 Validating...
2025-08-09 06:04:30,235 - INFO -       📝 Using optimized prompt for generation: 'a dark gray cylindrical body with a subtle matte finish and fine etched lines along its length, front view, accurate, complete, white background...'
2025-08-09 06:04:30,235 - INFO -       🎯 Computing scores against original prompt: 'dark gray cylindrical body...'
2025-08-09 06:05:27,554 - INFO -       📊 Validation score: 0.7895
2025-08-09 06:05:27,555 - INFO -       📉 Score declined: Consider different approach
2025-08-09 06:05:27,555 - INFO - 
   🔄 RL Round 11/18
2025-08-09 06:05:27,555 - INFO -       🔍 Explore performing better - increasing epsilon to 0.80
2025-08-09 06:05:27,555 - INFO -       🎯 Strategy: artistic_elaboration (explore)
2025-08-09 06:05:31,102 - INFO - [TRELLIS] GPU cache cleared: {'status': 'cache_cleared', 'available_memory_gb': 20.292042752}
2025-08-09 06:05:31,102 - INFO -       🔍 Validating...
2025-08-09 06:05:31,102 - INFO -       📝 Using optimized prompt for generation: 'a dark gray cylindrical body with a high-gloss metallic finish and subtle engravings of interconnected gears, front view, accurate, complete, white background...'
2025-08-09 06:05:31,103 - INFO -       🎯 Computing scores against original prompt: 'dark gray cylindrical body...'
2025-08-09 06:06:32,955 - INFO -       📊 Validation score: 0.8927
2025-08-09 06:06:32,956 - INFO -       🎯 New best score: 0.8927
2025-08-09 06:06:32,956 - INFO -       📈 Improvement detected: artistic_elaboration working better
2025-08-09 06:06:32,956 - INFO - 
   🔄 RL Round 12/18
2025-08-09 06:06:32,956 - INFO -       🔍 Explore performing better - increasing epsilon to 0.80
2025-08-09 06:06:32,956 - INFO -       🎯 Strategy: aggressive_transformation (explore)
2025-08-09 06:06:37,532 - INFO - [TRELLIS] GPU cache cleared: {'status': 'cache_cleared', 'available_memory_gb': 20.292042752}
2025-08-09 06:06:37,533 - INFO -       🔍 Validating...
2025-08-09 06:06:37,533 - INFO -       📝 Using optimized prompt for generation: 'a dark gray cylindrical body with a matte metallic finish, featuring intricate engravings of interconnected gears that gradually decrease in size towards the top, and subtle ridges along its length, front view, accurate, complete, white background...'
2025-08-09 06:06:37,534 - INFO -       🎯 Computing scores against original prompt: 'dark gray cylindrical body...'
2025-08-09 06:07:36,101 - INFO -       📊 Validation score: 0.4954
2025-08-09 06:07:36,101 - INFO -       📉 Score declined: Consider different approach
2025-08-09 06:07:36,102 - INFO -       🔍 Increasing exploration to 0.80
2025-08-09 06:07:36,102 - INFO - 
   🔄 RL Round 13/18
2025-08-09 06:07:36,102 - INFO -       🔍 Explore performing better - increasing epsilon to 0.80
2025-08-09 06:07:36,102 - INFO -       🎯 Strategy: minimalist_refinement (explore)
2025-08-09 06:07:39,666 - INFO - [TRELLIS] GPU cache cleared: {'status': 'cache_cleared', 'available_memory_gb': 20.292042752}
2025-08-09 06:07:39,666 - INFO -       🔍 Validating...
2025-08-09 06:07:39,666 - INFO -       📝 Using optimized prompt for generation: 'a dark gray cylindrical body with a subtle, machined texture and fine, parallel grooves along its length, front view, accurate, complete, white background...'
2025-08-09 06:07:39,666 - INFO -       🎯 Computing scores against original prompt: 'dark gray cylindrical body...'
2025-08-09 06:08:36,713 - INFO -       📊 Validation score: 0.5020
2025-08-09 06:08:36,714 - INFO -       ✅ Convergence achieved: Convergence threshold met (improvement: 0.007)
2025-08-09 06:08:36,727 - INFO - 
🎯 RL LOOP COMPLETE:
2025-08-09 06:08:36,727 - INFO -    Best prompt: a dark gray cylindrical body with a high-gloss metallic finish and subtle engravings of interconnected gears, front view, accurate, complete, white background
2025-08-09 06:08:36,727 - INFO -    Best score: 0.8927
2025-08-09 06:08:36,728 - INFO -    Rounds: 13
2025-08-09 06:08:36,728 - INFO -    Convergence: True
2025-08-09 06:08:36,728 - INFO -    Convergence reason: Convergence threshold met (improvement: 0.007)
2025-08-09 06:08:36,728 - INFO -    Exploration ratio: 84.6%
2025-08-09 06:08:36,728 - INFO -    Insights learned: 3
2025-08-09 06:08:36,728 - INFO -    Total time: 836.13s
2025-08-09 06:08:36,728 - INFO - Prompt optimized in 13 rounds: 0.393 → 0.893 (+0.500)
2025-08-09 06:08:36,728 - INFO - ✅ Target score achieved!
2025-08-09 06:08:36,729 - INFO - 
--- Episode 1, Prompt 14 (Total: 63) ---
2025-08-09 06:08:36,729 - INFO - Optimizing: 'small white alien with blue eyes'
2025-08-09 06:08:36,729 - INFO - 🔍 Checking server availability before optimization...
2025-08-09 06:08:36,736 - INFO - ✅ Server is available (status: completed)
2025-08-09 06:08:36,736 - INFO - 📝 Marked server as used at 1754719716.736465
2025-08-09 06:08:36,736 - INFO - ✅ Server is available and marked as used
2025-08-09 06:08:36,736 - INFO - 🔄 Reproducibility optimization returned no result
2025-08-09 06:08:36,736 - INFO -       🔧 Overriding endpoint: generate/baolei/
2025-08-09 06:08:36,736 - INFO -       🔧 Using endpoint: generate/baolei/
2025-08-09 06:08:36,739 - INFO - 
🔄 RL LOOP OPTIMIZATION: 'small white alien with blue eyes'
2025-08-09 06:08:36,739 - INFO -    Session: rl_session_1754719716_4464
2025-08-09 06:08:36,739 - INFO -    Max rounds: 18
2025-08-09 06:08:36,739 - INFO -    Min rounds before convergence: 5
2025-08-09 06:08:36,739 - INFO -    Target score: 0.99
2025-08-09 06:08:36,739 - INFO - 
   🔄 RL Round 1/18
2025-08-09 06:08:36,739 - INFO -       🔍 Explore performing better - increasing epsilon to 0.80
2025-08-09 06:08:36,739 - INFO -       🎯 Strategy: minimalist_refinement (explore)
2025-08-09 06:08:40,725 - INFO - [TRELLIS] GPU cache cleared: {'status': 'cache_cleared', 'available_memory_gb': 20.292042752}
2025-08-09 06:08:40,725 - INFO -       🔍 Validating...
2025-08-09 06:08:40,726 - INFO -       📝 Using optimized prompt for generation: 'small white alien with iridescent blue eyes and delicate, almost translucent skin that appears almost luminescent under the light, front view, accurate, complete, white background...'
2025-08-09 06:08:40,726 - INFO -       🎯 Computing scores against original prompt: 'small white alien with blue eyes...'
2025-08-09 06:09:39,414 - INFO -       📊 Validation score: 0.8445
2025-08-09 06:09:39,414 - INFO -       🎯 New best score: 0.8445
2025-08-09 06:09:39,415 - INFO - 
   🔄 RL Round 2/18
2025-08-09 06:09:39,415 - INFO -       🔍 Explore performing better - increasing epsilon to 0.80
2025-08-09 06:09:39,415 - INFO -       🎯 Strategy: minimalist_refinement (explore)
2025-08-09 06:09:42,433 - INFO - [TRELLIS] GPU cache cleared: {'status': 'cache_cleared', 'available_memory_gb': 20.292042752}
2025-08-09 06:09:42,433 - INFO -       🔍 Validating...
2025-08-09 06:09:42,433 - INFO -       📝 Using optimized prompt for generation: 'small white alien with iridescent blue eyes and delicate, almost translucent skin that appears slightly paler at the edges, front view, accurate, complete, white background...'
2025-08-09 06:09:42,433 - INFO -       🎯 Computing scores against original prompt: 'small white alien with blue eyes...'
2025-08-09 06:10:41,093 - INFO -       📊 Validation score: 0.8837
2025-08-09 06:10:41,093 - INFO -       🎯 New best score: 0.8837
2025-08-09 06:10:41,093 - INFO -       📈 Improvement detected: minimalist_refinement working better
2025-08-09 06:10:41,093 - INFO - 
   🔄 RL Round 3/18
2025-08-09 06:10:41,093 - INFO -       🔍 Explore performing better - increasing epsilon to 0.80
2025-08-09 06:10:41,094 - INFO -       🎯 Strategy: hybrid_approach (explore)
2025-08-09 06:10:43,921 - INFO - [TRELLIS] GPU cache cleared: {'status': 'cache_cleared', 'available_memory_gb': 20.292042752}
2025-08-09 06:10:43,922 - INFO -       🔍 Validating...
2025-08-09 06:10:43,922 - INFO -       📝 Using optimized prompt for generation: 'small white alien with iridescent blue eyes and delicate, almost translucent skin that appears slightly luminous in certain lighting conditions, accompanied by intricate network-like markings on its arms and torso...'
2025-08-09 06:10:43,922 - INFO -       🎯 Computing scores against original prompt: 'small white alien with blue eyes...'
2025-08-09 06:11:46,921 - INFO -       📊 Validation score: 0.6523
2025-08-09 06:11:46,922 - INFO -       📉 Score declined: Consider different approach
2025-08-09 06:11:46,922 - INFO - 
   🔄 RL Round 4/18
2025-08-09 06:11:46,922 - INFO -       🔍 Explore performing better - increasing epsilon to 0.80
2025-08-09 06:11:46,922 - INFO -       🎯 Strategy: hybrid_approach (explore)
2025-08-09 06:11:50,539 - INFO - [TRELLIS] GPU cache cleared: {'status': 'cache_cleared', 'available_memory_gb': 20.292042752}
2025-08-09 06:11:50,539 - INFO -       🔍 Validating...
2025-08-09 06:11:50,539 - INFO -       📝 Using optimized prompt for generation: 'small white alien with iridescent blue eyes, delicate, almost translucent skin that appears to shift and shimmer in the light like polished opals, front view, accurate, complete, white background...'
2025-08-09 06:11:50,539 - INFO -       🎯 Computing scores against original prompt: 'small white alien with blue eyes...'
2025-08-09 06:12:49,415 - INFO -       📊 Validation score: 0.7176
2025-08-09 06:12:49,416 - INFO -       📈 Improvement detected: hybrid_approach working better
2025-08-09 06:12:49,416 - INFO - 
   🔄 RL Round 5/18
2025-08-09 06:12:49,416 - INFO -       🔍 Explore performing better - increasing epsilon to 0.80
2025-08-09 06:12:49,416 - INFO -       🎯 Strategy: hybrid_approach (explore)
2025-08-09 06:12:54,060 - INFO - [TRELLIS] GPU cache cleared: {'status': 'cache_cleared', 'available_memory_gb': 20.292042752}
2025-08-09 06:12:54,060 - INFO -       🔍 Validating...
2025-08-09 06:12:54,061 - INFO -       📝 Using optimized prompt for generation: 'small white alien with iridescent blue eyes, delicate, almost translucent skin that appears to shift and subtly change color depending on the surrounding environment, with a slender build and intricate patterns etched into its scaly skin, front view, accurate, complete, white background...'
2025-08-09 06:12:54,061 - INFO -       🎯 Computing scores against original prompt: 'small white alien with blue eyes...'
2025-08-09 06:13:52,260 - INFO -       📊 Validation score: 0.8803
2025-08-09 06:13:52,261 - INFO -       📈 Improvement detected: hybrid_approach working better
2025-08-09 06:13:52,261 - INFO - 
   🔄 RL Round 6/18
2025-08-09 06:13:52,261 - INFO -       🔍 Explore performing better - increasing epsilon to 0.80
2025-08-09 06:13:52,261 - INFO -       🎯 Strategy: aggressive_transformation (explore)
2025-08-09 06:13:55,298 - INFO - [TRELLIS] GPU cache cleared: {'status': 'cache_cleared', 'available_memory_gb': 20.292042752}
2025-08-09 06:13:55,299 - INFO -       🔍 Validating...
2025-08-09 06:13:55,299 - INFO -       📝 Using optimized prompt for generation: 'small white alien with iridescent blue eyes, delicate, almost translucent skin that appears to shimmer slightly, front view, accurate, complete, white background...'
2025-08-09 06:13:55,299 - INFO -       🎯 Computing scores against original prompt: 'small white alien with blue eyes...'
2025-08-09 06:14:53,435 - INFO -       📊 Validation score: 0.8998
2025-08-09 06:14:53,435 - INFO -       🎯 New best score: 0.8998
2025-08-09 06:14:53,436 - INFO -       📈 Improvement detected: aggressive_transformation working better
2025-08-09 06:14:53,436 - INFO - 
   🔄 RL Round 7/18
2025-08-09 06:14:53,436 - INFO -       🔍 Explore performing better - increasing epsilon to 0.80
2025-08-09 06:14:53,436 - INFO -       🎯 Strategy: contextual_scene_building (exploit)
2025-08-09 06:14:56,903 - INFO - [TRELLIS] GPU cache cleared: {'status': 'cache_cleared', 'available_memory_gb': 20.292042752}
2025-08-09 06:14:56,903 - INFO -       🔍 Validating...
2025-08-09 06:14:56,903 - INFO -       📝 Using optimized prompt for generation: 'small white alien with iridescent blue eyes and delicate, almost translucent skin that appears to shimmer in the soft, lunar light of a serene, misty night sky filled with constellations and the gentle hum of distant stars, front view, accurate, complete, white background...'
2025-08-09 06:14:56,903 - INFO -       🎯 Computing scores against original prompt: 'small white alien with blue eyes...'
2025-08-09 06:16:01,156 - INFO -       📊 Validation score: 0.8821
2025-08-09 06:16:01,156 - INFO -       📉 Score declined: Consider different approach
2025-08-09 06:16:01,157 - INFO - 
   🔄 RL Round 8/18
2025-08-09 06:16:01,157 - INFO -       🔍 Explore performing better - increasing epsilon to 0.80
2025-08-09 06:16:01,157 - INFO -       🎯 Strategy: artistic_elaboration (explore)
2025-08-09 06:16:05,064 - INFO - [TRELLIS] GPU cache cleared: {'status': 'cache_cleared', 'available_memory_gb': 20.292042752}
2025-08-09 06:16:05,065 - INFO -       🔍 Validating...
2025-08-09 06:16:05,065 - INFO -       📝 Using optimized prompt for generation: 'small white alien with iridescent blue-green eyes that shift between hues like opals in sunlight, delicate, almost translucent skin that appears to subtly shimmer, front view, accurate, complete, white background...'
2025-08-09 06:16:05,065 - INFO -       🎯 Computing scores against original prompt: 'small white alien with blue eyes...'
2025-08-09 06:17:06,048 - INFO -       📊 Validation score: 0.8780
2025-08-09 06:17:06,049 - INFO -       ✅ Convergence achieved: Convergence threshold met (improvement: -0.004)
2025-08-09 06:17:06,067 - INFO - 
🎯 RL LOOP COMPLETE:
2025-08-09 06:17:06,067 - INFO -    Best prompt: small white alien with iridescent blue eyes, delicate, almost translucent skin that appears to shimmer slightly, front view, accurate, complete, white background
2025-08-09 06:17:06,067 - INFO -    Best score: 0.8998
2025-08-09 06:17:06,068 - INFO -    Rounds: 8
2025-08-09 06:17:06,068 - INFO -    Convergence: True
2025-08-09 06:17:06,068 - INFO -    Convergence reason: Convergence threshold met (improvement: -0.004)
2025-08-09 06:17:06,068 - INFO -    Exploration ratio: 87.5%
2025-08-09 06:17:06,068 - INFO -    Insights learned: 3
2025-08-09 06:17:06,068 - INFO -    Total time: 509.31s
2025-08-09 06:17:06,068 - INFO - Prompt optimized in 8 rounds: 0.845 → 0.900 (+0.055)
2025-08-09 06:17:06,069 - INFO - ✅ Target score achieved!
2025-08-09 06:17:06,069 - INFO - 
--- Episode 1, Prompt 15 (Total: 63) ---
2025-08-09 06:17:06,069 - INFO - Optimizing: 'translucent blue-tinted jagged crystal'
2025-08-09 06:17:06,069 - INFO - 🔍 Checking server availability before optimization...
2025-08-09 06:17:06,078 - INFO - ✅ Server is available (status: completed)
2025-08-09 06:17:06,079 - INFO - 📝 Marked server as used at 1754720226.0791523
2025-08-09 06:17:06,079 - INFO - ✅ Server is available and marked as used
2025-08-09 06:17:06,079 - INFO - 🔄 Reproducibility optimization returned no result
2025-08-09 06:17:06,079 - INFO -       🔧 Overriding endpoint: generate/baolei/
2025-08-09 06:17:06,079 - INFO -       🔧 Using endpoint: generate/baolei/
2025-08-09 06:17:06,082 - INFO - 
🔄 RL LOOP OPTIMIZATION: 'translucent blue-tinted jagged crystal'
2025-08-09 06:17:06,082 - INFO -    Session: rl_session_1754720226_5326
2025-08-09 06:17:06,082 - INFO -    Max rounds: 18
2025-08-09 06:17:06,082 - INFO -    Min rounds before convergence: 5
2025-08-09 06:17:06,082 - INFO -    Target score: 0.99
2025-08-09 06:17:06,082 - INFO - 
   🔄 RL Round 1/18
2025-08-09 06:17:06,082 - INFO -       🔍 Explore performing better - increasing epsilon to 0.80
2025-08-09 06:17:06,082 - INFO -       🎯 Strategy: conservative_enhancement (explore)
2025-08-09 06:17:10,290 - INFO - [TRELLIS] GPU cache cleared: {'status': 'cache_cleared', 'available_memory_gb': 20.292042752}
2025-08-09 06:17:10,291 - INFO -       🔍 Validating...
2025-08-09 06:17:10,291 - INFO -       📝 Using optimized prompt for generation: 'a translucent blue-tinted jagged crystal suspended in a clear glass container with subtle air bubbles and faint dust particles, front view, accurate, complete, white background...'
2025-08-09 06:17:10,291 - INFO -       🎯 Computing scores against original prompt: 'translucent blue-tinted jagged crystal...'
2025-08-09 06:18:07,834 - INFO -       📊 Validation score: 0.9007
2025-08-09 06:18:07,835 - INFO -       🎯 New best score: 0.9007
2025-08-09 06:18:07,835 - INFO - 
   🔄 RL Round 2/18
2025-08-09 06:18:07,835 - INFO -       🔍 Explore performing better - increasing epsilon to 0.80
2025-08-09 06:18:07,835 - INFO -       🎯 Strategy: conservative_enhancement (explore)
2025-08-09 06:18:12,551 - INFO - [TRELLIS] GPU cache cleared: {'status': 'cache_cleared', 'available_memory_gb': 20.292042752}
2025-08-09 06:18:12,551 - INFO -       🔍 Validating...
2025-08-09 06:18:12,552 - INFO -       📝 Using optimized prompt for generation: 'a translucent blue-tinted jagged crystal with intricate facades and delicate inclusions suspended in mid-air, front view, accurate, complete, white background...'
2025-08-09 06:18:12,552 - INFO -       🎯 Computing scores against original prompt: 'translucent blue-tinted jagged crystal...'
2025-08-09 06:19:11,388 - INFO -       📊 Validation score: 0.9093
2025-08-09 06:19:11,388 - INFO -       🎯 New best score: 0.9093
2025-08-09 06:19:11,389 - INFO -       📈 Improvement detected: conservative_enhancement working better
2025-08-09 06:19:11,389 - INFO - 
   🔄 RL Round 3/18
2025-08-09 06:19:11,389 - INFO -       🔍 Explore performing better - increasing epsilon to 0.80
2025-08-09 06:19:11,389 - INFO -       🎯 Strategy: conservative_enhancement (exploit)
2025-08-09 06:19:15,148 - INFO - [TRELLIS] GPU cache cleared: {'status': 'cache_cleared', 'available_memory_gb': 20.292042752}
2025-08-09 06:19:15,148 - INFO -       🔍 Validating...
2025-08-09 06:19:15,149 - INFO -       📝 Using optimized prompt for generation: 'a translucent blue-tinted jagged crystal suspended in a clear glass container with subtle air bubbles and delicate inclusions, refracting soft light through its facets, front view, accurate, complete, white background...'
2025-08-09 06:19:15,149 - INFO -       🎯 Computing scores against original prompt: 'translucent blue-tinted jagged crystal...'
2025-08-09 06:20:12,369 - INFO -       📊 Validation score: 0.8747
2025-08-09 06:20:12,370 - INFO -       📉 Score declined: Consider different approach
2025-08-09 06:20:12,370 - INFO - 
   🔄 RL Round 4/18
2025-08-09 06:20:12,370 - INFO -       🔍 Explore performing better - increasing epsilon to 0.80
2025-08-09 06:20:12,370 - INFO -       🎯 Strategy: conservative_enhancement (explore)
2025-08-09 06:20:16,566 - INFO - [TRELLIS] GPU cache cleared: {'status': 'cache_cleared', 'available_memory_gb': 20.292042752}
2025-08-09 06:20:16,567 - INFO -       🔍 Validating...
2025-08-09 06:20:16,567 - INFO -       📝 Using optimized prompt for generation: 'a translucent blue-tinted jagged crystal suspended in a slender glass container with delicate etchings on the crystal's surface, front view, accurate, complete, white background...'
2025-08-09 06:20:16,567 - INFO -       🎯 Computing scores against original prompt: 'translucent blue-tinted jagged crystal...'
2025-08-09 06:21:15,081 - INFO -       📊 Validation score: 0.8699
2025-08-09 06:21:15,081 - INFO -       📉 Score declined: Consider different approach
2025-08-09 06:21:15,081 - INFO - 
   🔄 RL Round 5/18
2025-08-09 06:21:15,081 - INFO -       🔍 Explore performing better - increasing epsilon to 0.80
2025-08-09 06:21:15,082 - INFO -       🎯 Strategy: conservative_enhancement (explore)
2025-08-09 06:21:18,788 - INFO - [TRELLIS] GPU cache cleared: {'status': 'cache_cleared', 'available_memory_gb': 20.292042752}
2025-08-09 06:21:18,789 - INFO -       🔍 Validating...
2025-08-09 06:21:18,789 - INFO -       📝 Using optimized prompt for generation: 'a translucent blue-tinted jagged crystal with delicate inclusions and micro-cracks suspended in a slender glass container, front view, accurate, complete, white background...'
2025-08-09 06:21:18,789 - INFO -       🎯 Computing scores against original prompt: 'translucent blue-tinted jagged crystal...'
2025-08-09 06:22:16,743 - INFO -       📊 Validation score: 0.6072
2025-08-09 06:22:16,744 - INFO -       🔍 Explore performing better - stricter convergence threshold: 0.005
2025-08-09 06:22:16,744 - INFO -       📉 Score declined: Consider different approach
2025-08-09 06:22:16,744 - INFO - 
   🔄 RL Round 6/18
2025-08-09 06:22:16,745 - INFO -       🔍 Explore performing better - increasing epsilon to 0.80
2025-08-09 06:22:16,745 - INFO -       🎯 Strategy: conservative_enhancement (explore)
2025-08-09 06:22:20,223 - INFO - [TRELLIS] GPU cache cleared: {'status': 'cache_cleared', 'available_memory_gb': 20.292042752}
2025-08-09 06:22:20,224 - INFO -       🔍 Validating...
2025-08-09 06:22:20,224 - INFO -       📝 Using optimized prompt for generation: 'a translucent blue-tinted jagged crystal suspended in a slender glass container with subtle air bubble, front view, accurate, complete, white background...'
2025-08-09 06:22:20,224 - INFO -       🎯 Computing scores against original prompt: 'translucent blue-tinted jagged crystal...'
2025-08-09 06:23:17,214 - INFO -       📊 Validation score: 0.7800
2025-08-09 06:23:17,215 - INFO -       🔍 Explore performing better - stricter convergence threshold: 0.005
2025-08-09 06:23:17,215 - INFO -       📈 Improvement detected: conservative_enhancement working better
2025-08-09 06:23:17,215 - INFO - 
   🔄 RL Round 7/18
2025-08-09 06:23:17,215 - INFO -       🎯 Strategy: minimalist_refinement (exploit)
2025-08-09 06:23:20,315 - INFO - [TRELLIS] GPU cache cleared: {'status': 'cache_cleared', 'available_memory_gb': 20.292042752}
2025-08-09 06:23:20,315 - INFO -       🔍 Validating...
2025-08-09 06:23:20,315 - INFO -       📝 Using optimized prompt for generation: 'a translucent blue-tinted jagged crystal suspended in a delicate silver filigree framework with subtle etch marks and micro-cracks, front view, accurate, complete, white background...'
2025-08-09 06:23:20,315 - INFO -       🎯 Computing scores against original prompt: 'translucent blue-tinted jagged crystal...'
2025-08-09 06:24:18,975 - INFO -       📊 Validation score: 0.3594
2025-08-09 06:24:18,975 - INFO -       🔍 Explore performing better - stricter convergence threshold: 0.005
2025-08-09 06:24:18,976 - INFO -       📉 Score declined: Consider different approach
2025-08-09 06:24:18,976 - INFO -       🔍 Increasing exploration to 0.80
2025-08-09 06:24:18,976 - INFO - 
   🔄 RL Round 8/18
2025-08-09 06:24:18,976 - INFO -       🔍 Explore performing better - increasing epsilon to 0.80
2025-08-09 06:24:18,976 - INFO -       🎯 Strategy: minimalist_refinement (explore)
2025-08-09 06:24:22,405 - INFO - [TRELLIS] GPU cache cleared: {'status': 'cache_cleared', 'available_memory_gb': 20.292042752}
2025-08-09 06:24:22,406 - INFO -       🔍 Validating...
2025-08-09 06:24:22,406 - INFO -       📝 Using optimized prompt for generation: 'a translucent blue-tinted jagged crystal with subtle inclusions and delicate facades suspended in a thin layer of transparent resin, front view, accurate, complete, white background...'
2025-08-09 06:24:22,406 - INFO -       🎯 Computing scores against original prompt: 'translucent blue-tinted jagged crystal...'
2025-08-09 06:25:23,259 - INFO -       📊 Validation score: 0.9110
2025-08-09 06:25:23,259 - INFO -       🎯 New best score: 0.9110
2025-08-09 06:25:23,259 - INFO -       🔍 Explore performing better - stricter convergence threshold: 0.005
2025-08-09 06:25:23,259 - INFO -       📈 Improvement detected: minimalist_refinement working better
2025-08-09 06:25:23,260 - INFO - 
   🔄 RL Round 9/18
2025-08-09 06:25:23,260 - INFO -       🔍 Explore performing better - increasing epsilon to 0.80
2025-08-09 06:25:23,260 - INFO -       🎯 Strategy: conservative_enhancement (explore)
2025-08-09 06:25:26,920 - INFO - [TRELLIS] GPU cache cleared: {'status': 'cache_cleared', 'available_memory_gb': 20.292042752}
2025-08-09 06:25:26,921 - INFO -       🔍 Validating...
2025-08-09 06:25:26,921 - INFO -       📝 Using optimized prompt for generation: 'a translucent blue-tinted jagged crystal suspended in a delicate glass beaker with intricate etchings and microscopic air bubbles, front view, accurate, complete, white background...'
2025-08-09 06:25:26,921 - INFO -       🎯 Computing scores against original prompt: 'translucent blue-tinted jagged crystal...'
2025-08-09 06:26:25,573 - INFO -       📊 Validation score: 0.6730
2025-08-09 06:26:25,574 - INFO -       🔍 Explore performing better - stricter convergence threshold: 0.005
2025-08-09 06:26:25,574 - INFO -       📉 Score declined: Consider different approach
2025-08-09 06:26:25,574 - INFO - 
   🔄 RL Round 10/18
2025-08-09 06:26:25,574 - INFO -       🔍 Explore performing better - increasing epsilon to 0.80
2025-08-09 06:26:25,574 - INFO -       🎯 Strategy: aggressive_transformation (explore)
2025-08-09 06:26:29,262 - INFO - [TRELLIS] GPU cache cleared: {'status': 'cache_cleared', 'available_memory_gb': 20.292042752}
2025-08-09 06:26:29,263 - INFO -       🔍 Validating...
2025-08-09 06:26:29,263 - INFO -       📝 Using optimized prompt for generation: 'a translucent blue-tinted jagged crystal suspended in a delicate glass container with intricate facets and minute air bubbles within its depths...'
2025-08-09 06:26:29,263 - INFO -       🎯 Computing scores against original prompt: 'translucent blue-tinted jagged crystal...'
2025-08-09 06:27:31,588 - INFO -       📊 Validation score: 0.3547
2025-08-09 06:27:31,588 - INFO -       🔍 Explore performing better - stricter convergence threshold: 0.005
2025-08-09 06:27:31,588 - INFO -       📉 Score declined: Consider different approach
2025-08-09 06:27:31,588 - INFO -       🔍 Increasing exploration to 0.80
2025-08-09 06:27:31,589 - INFO - 
   🔄 RL Round 11/18
2025-08-09 06:27:31,589 - INFO -       🎯 Strategy: aggressive_transformation (explore)
2025-08-09 06:27:35,540 - INFO - [TRELLIS] GPU cache cleared: {'status': 'cache_cleared', 'available_memory_gb': 20.292042752}
2025-08-09 06:27:35,540 - INFO -       🔍 Validating...
2025-08-09 06:27:35,540 - INFO -       📝 Using optimized prompt for generation: 'a translucent blue-tinted jagged crystal suspended in a slender glass container with subtle air bubbles and delicate etchings on the crystal's surface, front view, accurate, complete, white background...'
2025-08-09 06:27:35,541 - INFO -       🎯 Computing scores against original prompt: 'translucent blue-tinted jagged crystal...'
2025-08-09 06:28:34,619 - INFO -       📊 Validation score: 0.8535
2025-08-09 06:28:34,620 - INFO -       🔍 Explore performing better - stricter convergence threshold: 0.005
2025-08-09 06:28:34,620 - INFO -       📈 Improvement detected: aggressive_transformation working better
2025-08-09 06:28:34,620 - INFO - 
   🔄 RL Round 12/18
2025-08-09 06:28:34,620 - INFO -       🎯 Strategy: aggressive_transformation (explore)
2025-08-09 06:28:38,052 - INFO - [TRELLIS] GPU cache cleared: {'status': 'cache_cleared', 'available_memory_gb': 20.292042752}
2025-08-09 06:28:38,053 - INFO -       🔍 Validating...
2025-08-09 06:28:38,053 - INFO -       📝 Using optimized prompt for generation: 'a translucent blue-tinted jagged crystal suspended in a slender glass container with delicate etchings of lotus flowers and subtle air bubbles, front view, accurate, complete, white background...'
2025-08-09 06:28:38,053 - INFO -       🎯 Computing scores against original prompt: 'translucent blue-tinted jagged crystal...'
2025-08-09 06:29:37,087 - INFO -       📊 Validation score: 0.6745
2025-08-09 06:29:37,088 - INFO -       🔍 Explore performing better - stricter convergence threshold: 0.005
2025-08-09 06:29:37,088 - INFO -       📉 Score declined: Consider different approach
2025-08-09 06:29:37,088 - INFO - 
   🔄 RL Round 13/18
2025-08-09 06:29:37,089 - INFO -       🎯 Strategy: artistic_elaboration (explore)
2025-08-09 06:29:41,161 - INFO - [TRELLIS] GPU cache cleared: {'status': 'cache_cleared', 'available_memory_gb': 20.292042752}
2025-08-09 06:29:41,162 - INFO -       🔍 Validating...
2025-08-09 06:29:41,162 - INFO -       📝 Using optimized prompt for generation: 'a translucent blue-tinted jagged crystal suspended in a slender glass container with delicate air bubbles and subtle etchings on its facets...'
2025-08-09 06:29:41,162 - INFO -       🎯 Computing scores against original prompt: 'translucent blue-tinted jagged crystal...'
2025-08-09 06:30:43,213 - INFO -       📊 Validation score: 0.2725
2025-08-09 06:30:43,214 - INFO -       📉 Score declined: Consider different approach
2025-08-09 06:30:43,214 - INFO -       🔍 Increasing exploration to 0.80
2025-08-09 06:30:43,214 - INFO - 
   🔄 RL Round 14/18
2025-08-09 06:30:43,214 - INFO -       🎯 Strategy: artistic_elaboration (explore)
2025-08-09 06:30:47,030 - INFO - [TRELLIS] GPU cache cleared: {'status': 'cache_cleared', 'available_memory_gb': 20.292042752}
2025-08-09 06:30:47,031 - INFO -       🔍 Validating...
2025-08-09 06:30:47,031 - INFO -       📝 Using optimized prompt for generation: 'a translucent blue-tinted jagged crystal suspended in a clear glass container with intricate facades and delicate inclusions...'
2025-08-09 06:30:47,031 - INFO -       🎯 Computing scores against original prompt: 'translucent blue-tinted jagged crystal...'
2025-08-09 06:31:48,288 - INFO -       📊 Validation score: 0.4905
2025-08-09 06:31:48,288 - INFO -       📈 Improvement detected: artistic_elaboration working better
2025-08-09 06:31:48,289 - INFO -       🔍 Increasing exploration to 0.80
2025-08-09 06:31:48,289 - INFO - 
   🔄 RL Round 15/18
2025-08-09 06:31:48,289 - INFO -       🎯 Strategy: hybrid_approach (exploit)
2025-08-09 06:31:52,076 - INFO - [TRELLIS] GPU cache cleared: {'status': 'cache_cleared', 'available_memory_gb': 20.292042752}
2025-08-09 06:31:52,076 - INFO -       🔍 Validating...
2025-08-09 06:31:52,076 - INFO -       📝 Using optimized prompt for generation: 'a translucent blue-tinted jagged crystal suspended in a slender glass container with delicate etchings and microscopic air bubbles, front view, accurate, complete, white background...'
2025-08-09 06:31:52,076 - INFO -       🎯 Computing scores against original prompt: 'translucent blue-tinted jagged crystal...'
2025-08-09 06:32:51,001 - INFO -       📊 Validation score: 0.8077
2025-08-09 06:32:51,001 - INFO -       📈 Improvement detected: hybrid_approach working better
2025-08-09 06:32:51,002 - INFO - 
   🔄 RL Round 16/18
2025-08-09 06:32:51,002 - INFO -       🎯 Strategy: contextual_scene_building (exploit)
2025-08-09 06:32:54,468 - INFO - [TRELLIS] GPU cache cleared: {'status': 'cache_cleared', 'available_memory_gb': 20.292042752}
2025-08-09 06:32:54,469 - INFO -       🔍 Validating...
2025-08-09 06:32:54,469 - INFO -       📝 Using optimized prompt for generation: 'a translucent blue-tinted jagged crystal suspended in a delicate glass container with intricate etchings and subtle air bubbles, front view, accurate, complete, white background...'
2025-08-09 06:32:54,469 - INFO -       🎯 Computing scores against original prompt: 'translucent blue-tinted jagged crystal...'
2025-08-09 06:33:53,494 - INFO -       📊 Validation score: 0.8967
2025-08-09 06:33:53,495 - INFO -       📈 Improvement detected: contextual_scene_building working better
2025-08-09 06:33:53,495 - INFO - 
   🔄 RL Round 17/18
2025-08-09 06:33:53,495 - INFO -       🎯 Strategy: artistic_elaboration (explore)
2025-08-09 06:33:56,828 - INFO - [TRELLIS] GPU cache cleared: {'status': 'cache_cleared', 'available_memory_gb': 20.292042752}
2025-08-09 06:33:56,828 - INFO -       🔍 Validating...
2025-08-09 06:33:56,828 - INFO -       📝 Using optimized prompt for generation: 'a translucent blue-tinted jagged crystal suspended in a delicate silver filigree framework with subtle facets and micro-cracks, emitting a soft luminescence, front view, accurate, complete, white background...'
2025-08-09 06:33:56,828 - INFO -       🎯 Computing scores against original prompt: 'translucent blue-tinted jagged crystal...'
2025-08-09 06:34:57,082 - INFO -       📊 Validation score: 0.5987
2025-08-09 06:34:57,082 - INFO -       📉 Score declined: Consider different approach
2025-08-09 06:34:57,083 - INFO - 
   🔄 RL Round 18/18
2025-08-09 06:34:57,083 - INFO -       🎯 Strategy: material_focus (explore)
2025-08-09 06:35:01,975 - INFO - [TRELLIS] GPU cache cleared: {'status': 'cache_cleared', 'available_memory_gb': 20.292042752}
2025-08-09 06:35:01,976 - INFO -       🔍 Validating...
2025-08-09 06:35:01,976 - INFO -       📝 Using optimized prompt for generation: 'a slender glass of layered lemonade suspended in mid-air over a serene lake with lotus flowers and gentle ripples on the surface, front view, accurate, complete, white background...'
2025-08-09 06:35:01,976 - INFO -       🎯 Computing scores against original prompt: 'translucent blue-tinted jagged crystal...'
2025-08-09 06:36:00,516 - WARNING -    🔧 Score 0.0 - clearing CUDA cache
2025-08-09 06:36:00,516 - INFO -       📊 Validation score: 0.0000
2025-08-09 06:36:00,528 - INFO - 
🎯 RL LOOP COMPLETE:
2025-08-09 06:36:00,528 - INFO -    Best prompt: a translucent blue-tinted jagged crystal with subtle inclusions and delicate facades suspended in a thin layer of transparent resin, front view, accurate, complete, white background
2025-08-09 06:36:00,528 - INFO -    Best score: 0.9110
2025-08-09 06:36:00,528 - INFO -    Rounds: 18
2025-08-09 06:36:00,528 - INFO -    Convergence: False
2025-08-09 06:36:00,528 - INFO -    Convergence reason: Not converged
2025-08-09 06:36:00,528 - INFO -    Exploration ratio: 77.8%
2025-08-09 06:36:00,528 - INFO -    Insights learned: 2
2025-08-09 06:36:00,528 - INFO -    Total time: 1134.43s
2025-08-09 06:36:00,529 - INFO - Prompt optimized in 18 rounds: 0.901 → 0.911 (+0.010)
2025-08-09 06:36:00,529 - INFO - ⏰ Max rounds reached
2025-08-09 06:36:00,529 - INFO - 
--- Episode 1, Prompt 16 (Total: 63) ---
2025-08-09 06:36:00,529 - INFO - Optimizing: 'small metal chisel with green handle'
2025-08-09 06:36:00,529 - INFO - 🔍 Checking server availability before optimization...
2025-08-09 06:36:00,536 - INFO - ✅ Server is available (status: completed)
2025-08-09 06:36:00,536 - INFO - 📝 Marked server as used at 1754721360.5364509
2025-08-09 06:36:00,536 - INFO - ✅ Server is available and marked as used
2025-08-09 06:36:00,536 - INFO - 🔄 Reproducibility optimization returned no result
2025-08-09 06:36:00,536 - INFO -       🔧 Overriding endpoint: generate/baolei/
2025-08-09 06:36:00,536 - INFO -       🔧 Using endpoint: generate/baolei/
2025-08-09 06:36:00,539 - INFO - 
🔄 RL LOOP OPTIMIZATION: 'small metal chisel with green handle'
2025-08-09 06:36:00,539 - INFO -    Session: rl_session_1754721360_8825
2025-08-09 06:36:00,539 - INFO -    Max rounds: 18
2025-08-09 06:36:00,539 - INFO -    Min rounds before convergence: 5
2025-08-09 06:36:00,539 - INFO -    Target score: 0.99
2025-08-09 06:36:00,539 - INFO - 
   🔄 RL Round 1/18
2025-08-09 06:36:00,539 - INFO -       🎯 Strategy: contextual_scene_building (exploit)
2025-08-09 06:36:04,299 - INFO - [TRELLIS] GPU cache cleared: {'status': 'cache_cleared', 'available_memory_gb': 20.292042752}
2025-08-09 06:36:04,299 - INFO -       🔍 Validating...
2025-08-09 06:36:04,299 - INFO -       📝 Using optimized prompt for generation: 'small metal chisel with green handle and a worn, smooth edge, front view, accurate, complete, white background...'
2025-08-09 06:36:04,299 - INFO -       🎯 Computing scores against original prompt: 'small metal chisel with green handle...'
2025-08-09 06:37:01,609 - WARNING -    🔧 Score 0.0 - clearing CUDA cache
2025-08-09 06:37:01,609 - INFO -       📊 Validation score: 0.0000
2025-08-09 06:37:01,610 - INFO - 
   🔄 RL Round 2/18
2025-08-09 06:37:01,610 - INFO -       🎯 Strategy: material_focus (explore)
2025-08-09 06:37:05,127 - INFO - [TRELLIS] GPU cache cleared: {'status': 'cache_cleared', 'available_memory_gb': 20.292042752}
2025-08-09 06:37:05,127 - INFO -       🔍 Validating...
2025-08-09 06:37:05,128 - INFO -       📝 Using optimized prompt for generation: 'a small metal chisel with a worn, rough edge, brown handle, front view, accurate, complete, white background...'
2025-08-09 06:37:05,128 - INFO -       🎯 Computing scores against original prompt: 'small metal chisel with green handle...'
2025-08-09 06:38:02,691 - WARNING -    🔧 Score 0.0 - clearing CUDA cache
2025-08-09 06:38:02,691 - INFO -       📊 Validation score: 0.0000
2025-08-09 06:38:02,692 - INFO - 
   🔄 RL Round 3/18
2025-08-09 06:38:02,692 - INFO -       🎯 Strategy: material_focus (explore)
2025-08-09 06:38:06,084 - INFO - [TRELLIS] GPU cache cleared: {'status': 'cache_cleared', 'available_memory_gb': 20.292042752}
2025-08-09 06:38:06,085 - INFO -       🔍 Validating...
2025-08-09 06:38:06,085 - INFO -       📝 Using optimized prompt for generation: 'a small metal chisel with a slightly worn, smooth edge and a predominantly green handle with hints of yellow undertones, front view, accurate, complete, white background...'
2025-08-09 06:38:06,085 - INFO -       🎯 Computing scores against original prompt: 'small metal chisel with green handle...'
2025-08-09 06:39:03,636 - INFO -       📊 Validation score: 0.9123
2025-08-09 06:39:03,636 - INFO -       🎯 New best score: 0.9123
2025-08-09 06:39:03,637 - INFO - 
   🔄 RL Round 4/18
2025-08-09 06:39:03,637 - INFO -       🎯 Strategy: contextual_scene_building (explore)
2025-08-09 06:39:06,891 - INFO - [TRELLIS] GPU cache cleared: {'status': 'cache_cleared', 'available_memory_gb': 20.292042752}
2025-08-09 06:39:06,892 - INFO -       🔍 Validating...
2025-08-09 06:39:06,892 - INFO -       📝 Using optimized prompt for generation: 'a small metal chisel with a worn, smooth edge and a predominantly green handle with hints of faded wood grain...'
2025-08-09 06:39:06,892 - INFO -       🎯 Computing scores against original prompt: 'small metal chisel with green handle...'
2025-08-09 06:40:06,261 - INFO -       📊 Validation score: 0.8270
2025-08-09 06:40:06,262 - INFO -       📉 Score declined: Consider different approach
2025-08-09 06:40:06,262 - INFO - 
   🔄 RL Round 5/18
2025-08-09 06:40:06,262 - INFO -       🎯 Strategy: contextual_scene_building (explore)
2025-08-09 06:40:10,841 - INFO - [TRELLIS] GPU cache cleared: {'status': 'cache_cleared', 'available_memory_gb': 20.292042752}
2025-08-09 06:40:10,841 - INFO -       🔍 Validating...
2025-08-09 06:40:10,841 - INFO -       📝 Using optimized prompt for generation: 'a small metal chisel with a worn, smooth edge and a predominantly green handle with hints of slight fading around the edges, front view, accurate, complete, white background...'
2025-08-09 06:40:10,841 - INFO -       🎯 Computing scores against original prompt: 'small metal chisel with green handle...'
2025-08-09 06:41:08,275 - INFO -       📊 Validation score: 0.9280
2025-08-09 06:41:08,275 - INFO -       🎯 New best score: 0.9280
2025-08-09 06:41:08,276 - INFO -       📈 Improvement detected: contextual_scene_building working better
2025-08-09 06:41:08,276 - INFO - 
   🔄 RL Round 6/18
2025-08-09 06:41:08,276 - INFO -       🎯 Strategy: technical_precision (explore)
2025-08-09 06:41:12,920 - INFO - [TRELLIS] GPU cache cleared: {'status': 'cache_cleared', 'available_memory_gb': 20.292042752}
2025-08-09 06:41:12,921 - INFO -       🔍 Validating...
2025-08-09 06:41:12,921 - INFO -       📝 Using optimized prompt for generation: 'a small metal chisel with a slightly worn, smooth edge and an emerald green handle with minor scratches and faint patina...'
2025-08-09 06:41:12,921 - INFO -       🎯 Computing scores against original prompt: 'small metal chisel with green handle...'
2025-08-09 06:42:11,602 - INFO -       📊 Validation score: 0.8446
2025-08-09 06:42:11,603 - INFO -       📉 Score declined: Consider different approach
2025-08-09 06:42:11,603 - INFO - 
   🔄 RL Round 7/18
2025-08-09 06:42:11,603 - INFO -       🔍 Explore performing better - increasing epsilon to 0.66
2025-08-09 06:42:11,603 - INFO -       🎯 Strategy: contextual_scene_building (exploit)
2025-08-09 06:42:15,131 - INFO - [TRELLIS] GPU cache cleared: {'status': 'cache_cleared', 'available_memory_gb': 20.292042752}
2025-08-09 06:42:15,131 - INFO -       🔍 Validating...
2025-08-09 06:42:15,131 - INFO -       📝 Using optimized prompt for generation: 'a small metal chisel with a slightly worn, polished green handle featuring subtle flecks of turquoise, front view, accurate, complete, white background...'
2025-08-09 06:42:15,132 - INFO -       🎯 Computing scores against original prompt: 'small metal chisel with green handle...'
2025-08-09 06:43:12,752 - INFO -       📊 Validation score: 0.8670
2025-08-09 06:43:12,753 - INFO -       📈 Improvement detected: contextual_scene_building working better
2025-08-09 06:43:12,753 - INFO - 
   🔄 RL Round 8/18
2025-08-09 06:43:12,753 - INFO -       🔍 Explore performing better - increasing epsilon to 0.71
2025-08-09 06:43:12,753 - INFO -       🎯 Strategy: hybrid_approach (exploit)
2025-08-09 06:43:16,856 - INFO - [TRELLIS] GPU cache cleared: {'status': 'cache_cleared', 'available_memory_gb': 20.292042752}
2025-08-09 06:43:16,857 - INFO -       🔍 Validating...
2025-08-09 06:43:16,857 - INFO -       📝 Using optimized prompt for generation: 'a small metal chisel with a worn, slightly polished green handle featuring subtle flecks of turquoise and hints of oxidation, front view, accurate, complete, white background...'
2025-08-09 06:43:16,857 - INFO -       🎯 Computing scores against original prompt: 'small metal chisel with green handle...'
